chirp_mass,mass_ratio,dec,ra,time_jitter,a_1,a_2,tilt_1,tilt_2,phi_12,phi_jl,theta_jn,psi,phase,geocent_time,luminosity_distance,log_likelihood,log_prior,reference_frequency,waveform_approximant,minimum_frequency,total_mass,mass_1,mass_2,H1_log_likelihood,L1_log_likelihood,H1_matched_filter_snr,H1_optimal_snr,L1_matched_filter_snr,L1_optimal_snr,symmetric_mass_ratio,iota,spin_1x,spin_1y,spin_1z,spin_2x,spin_2y,spin_2z,phi_1,phi_2,chi_eff,chi_1_in_plane,chi_2_in_plane,chi_p,cos_tilt_1,cos_tilt_2,redshift,comoving_distance,mass_1_source,mass_2_source,chirp_mass_source,total_mass_source
30.059385662078675,0.6583201272288515,-1.1155037573381694,1.252195019028235,0.00016446865526584058,0.0,0.0,0.0,0.0,0.0,0.0,0.0,0.0,5.758259756128611,1126259462.4144094,448.366692794816,256.3188158519602,2.4001870393623843,100.0,IMRPhenomXP,20.0,70.87937293679865,42.74167078659424,28.137702150204404,171.22412277753455,75.06535644850631,(19.349167349785922-1.8291615923387807j),18.974448675145993,(13.34195893973339+1.9067867811931833j),13.906017609928062,0.2393869048370679,0.0,0,0,0.0,0,0,0.0,0.0,0.0,0.0,0.0,0.0,0.0,1.0,1.0,0.09466222750616063,409.5936450564774,39.04553360169148,25.704460648383932,27.459964276432025,64.74999425007542
29.871098708917458,0.5351777079584877,-0.39813073562031526,2.7231553025168735,-5.149000975020673e-05,0.0,0.0,0.0,0.0,0.0,0.0,0.0,0.0,0.6437465292259511,1126259462.407771,521.7045806046083,256.8567259166467,3.1403517972289814,100.0,IMRPhenomXP,20.0,72.70140005040291,47.35699305266932,25.344406997733593,171.87102112286738,74.58181211797866,(19.440384175049694+1.2764394178160812j),20.49693684524248,(13.018559704655345+3.308113339951511j),10.939594337742127,0.22708095098055536,0.0,0,0,0.0,0,0,0.0,0.0,0.0,0.0,0.0,0.0,0.0,1.0,1.0,0.10909798792891995,470.38637418901544,42.698655635559895,22.85136865594771,26.93278595221096,65.5500242915076
30.680091587883652,0.5494378735429586,-1.0903561921002594,2.236231629215923,0.00014612195981129417,0.0,0.0,0.0,0.0,0.0,0.0,0.0,0.0,4.3253033973636965,1126259462.407377,552.6329568643083,257.40279578458563,2.449969050891883,100.0,IMRPhenomXP,20.0,74.3215052675542,47.96675396710807,26.35475130044613,171.5759446006749,74.817369764738,(19.43114793329182+0.1406960062583543j),20.32640014185619,(13.18541299170785+0.3549549529460656j),12.464324994146986,0.22886019195412105,0.0,0,0,0.0,0,0,0.0,0.0,0.0,0.0,0.0,0.0,0.0,1.0,1.0,0.1151129399968716,495.58474267721556,43.01515321599859,23.634154313122817,27.512990377431837,66.64930752912142
31.083218012646583,0.9770229188844979,-0.018789115167846954,2.607935761596476,-1.749738160338054e-05,0.0,0.0,0.0,0.0,0.0,0.0,0.0,0.0,3.8880450802362763,1126259462.4141588,483.789635267421,257.74221450470577,3.2216160364772453,100.0,IMRPhenomXP,20.0,71.4162707707759,36.12313751581157,35.29313325496433,174.73743457322573,76.46285380210523,(19.21215717007568-3.2109647601033884j),18.842368588307785,(13.325127140170254+0.05167480278965732j),12.829372805819085,0.249966231924076,0.0,0,0,0.0,0,0,0.0,0.0,0.0,0.0,0.0,0.0,0.0,1.0,1.0,0.10166588286695873,439.1437048606731,32.7895581388118,32.03614980171485,28.214741416659,64.82570794052664
31.015450439922194,0.6107916701373689,-0.8451747016498998,2.6134831035942994,0.00011533204522681161,0.0,0.0,0.0,0.0,0.0,0.0,0.0,0.0,3.900503257476459,1126259462.4055238,610.342601112908,258.0331852238306,2.8117177466424845,100.0,IMRPhenomXP,20.0,73.87363675059169,45.86169528942977,28.01194146116191,172.92412640518432,75.1568601397,(19.405776993623334+1.8956627355336193j),20.346694690500357,(13.256617777867492+2.2509515408665335j),10.94729475465666,0.23540428039972525,0.0,0,0,0.0,0,0,0.0,0.0,0.0,0.0,0.0,0.0,0.0,1.0,1.0,0.12622614325469364,541.9360971932114,40.721568722329195,24.87239497052509,27.539274084235245,65.59396369285429
31.400889666855136,0.6982946375512855,-1.1367575369115641,1.4477806580253632,9.713167702051173e-05,0.0,0.0,0.0,0.0,0.0,0.0,0.0,0.0,5.218182872795901,1126259462.4124007,509.791483033657,258.30498497914334,2.3555733498829454,100.0,IMRPhenomXP,20.0,73.54182020155042,43.303334165612114,30.23848603593831,172.94494080039274,75.07910008713831,(19.433892883205942+1.0975612164586834j),18.749590655970177,(13.175973301293707+2.202520924328537j),13.308503295406293,0.2421099457252642,0.0,0,0,0.0,0,0,0.0,0.0,0.0,0.0,0.0,0.0,0.0,1.0,1.0,0.10676979986012958,460.612031747691,39.12587258080647,27.321387012692036,28.37165386227876,66.44725959349852
31.123796114675528,0.6401397336243628,-0.5509990151812336,2.7214198149602717,-6.957367659015247e-05,0.0,0.0,0.0,0.0,0.0,0.0,0.0,0.0,0.7381807020030849,1126259462.4062872,549.0973796588501,258.72693523233863,3.061626068638506,100.0,IMRPhenomXP,20.0,73.6520281756875,44.905947137157675,28.746081038529834,173.17860681265995,75.1071479524621,(19.199904433431538-3.5317765117146j),21.942146409181884,(13.560937009452841-0.3593152827648342j),11.32503660761661,0.23796499976315683,0.0,0,0,0.0,0,0,0.0,0.0,0.0,0.0,0.0,0.0,0.0,1.0,1.0,0.11442746497103763,492.71702187540546,40.29508294496736,25.794483662763014,27.928059109243495,66.08956660773038
31.93013897537986,0.8590545374249551,-0.3471139413441544,2.6826890699826658,-0.00018733378749062103,0.0,0.0,0.0,0.0,0.0,0.0,0.0,0.0,0.5670981707043232,1126259462.4085557,552.3922737220571,258.77776302369614,3.1602983864116814,100.0,IMRPhenomXP,20.0,73.61035695256692,39.59558768756044,34.01476926500648,172.54970247706095,73.849511825665,(19.49358984852865+0.4556057252429517j),20.50233861549283,(13.482837661841963+0.04062845403685821j),10.78819524724643,0.24856299610161373,0.0,0,0,0.0,0,0,0.0,0.0,0.0,0.0,0.0,0.0,0.0,1.0,1.0,0.11506629367291436,495.3896274159352,35.509626568602144,30.504705826023407,28.635193402004152,66.01433239462555
30.319163542377332,0.6614592832813345,-0.602528798391846,2.7322053079786266,0.00017991233339113854,0.0,0.0,0.0,0.0,0.0,0.0,0.0,0.0,0.9758058358029899,1126259462.406452,584.8136504334692,258.88823713855993,3.0280926494455995,100.0,IMRPhenomXP,20.0,71.45012439721808,43.00443899901424,28.445685398203832,173.8597156587316,75.75562673154725,(19.326521559959875-2.910768486786048j),20.730148908098293,(13.582034205795157+1.0060344603704643j),10.868075149960063,0.23962035687044123,0.0,0,0,0.0,0,0,0.0,0.0,0.0,0.0,0.0,0.0,0.0,1.0,1.0,0.1213273707409323,521.5369455612989,38.351368316817656,25.36786859970069,27.03863682765857,63.71923691651835
30.164105800051647,0.5615237434745178,-0.8444212879368282,2.5852569126299882,-0.00019851300186799872,0.0,0.0,0.0,0.0,0.0,0.0,0.0,0.0,4.118083671037892,1126259462.406115,585.9026978220245,259.1735367477966,2.8125664372504664,100.0,IMRPhenomXP,20.0,72.79941530065888,46.620754634620056,26.17866066603883,173.27703751697263,75.48786499601866,(19.493035254683747+0.2738555010533696j),20.23406201179607,(13.473682973523484+0.1407219645333244j),10.751386681441,0.23028780499197343,0.0,0,0,0.0,0,0,0.0,0.0,0.0,0.0,0.0,0.0,0.0,1.0,1.0,0.12153690529132684,522.4105358385615,41.568631771872006,23.341773723655347,26.89533055732688,64.91040549552734
31.980398245097298,0.9462690094123539,-1.1142038573275206,2.301955335789221,0.00020970202352397918,0.0,0.0,0.0,0.0,0.0,0.0,0.0,0.0,4.50277938892219,1126259462.4074118,610.0449150625761,259.26000113745806,2.4028377053696257,100.0,IMRPhenomXP,20.0,73.50528033915049,37.767276765787,35.73800357336348,172.67500480098292,74.53126234064896,(19.259559375383915-2.6966203213738855j),20.468013211426275,(13.41999408404121+0.3802304363055749j),12.712984991879397,0.24980946096186205,0.0,0,0,0.0,0,0,0.0,0.0,0.0,0.0,0.0,0.0,0.0,1.0,1.0,0.12616917624410573,541.699176534587,33.53605973459946,31.734134024652967,28.39750804737467,65.27019375925244
31.02131832625862,0.7822367371621555,-1.1527403931837628,1.3202048515124492,-0.0001437302219353436,0.0,0.0,0.0,0.0,0.0,0.0,0.0,0.0,5.651016728671833,1126259462.4132638,496.37013482424624,259.29651300269325,2.3203524572490135,100.0,IMRPhenomXP,20.0,71.91438901583572,40.350637777978115,31.56375123785761,173.87115779001024,76.51023458703119,(19.103567356290426-4.358676732276317j),18.58328909631228,(13.574228898101738+0.9494302661311596j),13.36545503363645,0.2462676835762275,0.0,0,0,0.0,0,0,0.0,0.0,0.0,0.0,0.0,0.0,0.0,1.0,1.0,0.10413917304703495,449.55395611153546,36.544883799951215,28.58675066364395,28.09547843561307,65.13163446359516
30.61366219062734,0.7957454665542261,-1.0695470979661585,2.2999130119067708,-0.00017699198483628423,0.0,0.0,0.0,0.0,0.0,0.0,0.0,0.0,4.706139299253007,1126259462.4082828,618.5992626523355,259.36553934034924,2.488909184321023,100.0,IMRPhenomXP,20.0,70.88339599156774,39.47296390929091,31.410432082276824,174.42174890057808,76.21557632016088,(19.488457013866043+0.5219486788522402j),19.18781709451466,(13.391107330585536+0.38032546760992597j),11.630516568917182,0.246765599017288,0.0,0,0,0.0,0,0,0.0,0.0,0.0,0.0,0.0,0.0,0.0,1.0,1.0,0.127804738854081,548.4985460673676,34.99982093478155,27.850948839062116,27.144470257974536,62.85076977384367
30.488561389920037,0.6995595700244953,-0.4775560113648816,2.712035805558322,0.0001832043953016706,0.0,0.0,0.0,0.0,0.0,0.0,0.0,0.0,0.998404573665207,1126259462.4077086,531.23191076477,259.36672546234956,3.103145115763213,100.0,IMRPhenomXP,20.0,71.39138063813148,42.00581250417867,29.3855681339528,173.32022599417624,75.82429749412587,(19.235663209733815-3.608128347103918j),21.780829410527993,(13.559288570654623-1.1204358606347053j),11.226261636327488,0.2421876089156895,0.0,0,0,0.0,0,0,0.0,0.0,0.0,0.0,0.0,0.0,0.0,1.0,1.0,0.11095535943528938,478.1757473528959,37.81053140202742,26.45071908999998,27.44355219224803,64.26125049202741
30.610776862842414,0.7693448093434013,-0.5337158254827427,2.68056254281044,0.00023335585392418666,0.0,0.0,0.0,0.0,0.0,0.0,0.0,0.0,4.085363574610624,1126259462.4076416,542.5950401513298,259.4306452589329,3.0720419400617933,100.0,IMRPhenomXP,20.0,71.05206531658807,40.15727456931093,30.894790747277135,173.91270425265472,75.64003612778839,(19.51264665217582+1.6248134891163555j),21.65680848320674,(13.644044362145447+0.5410946620818737j),10.728467025271145,0.24575144229991275,0.0,0,0,0.0,0,0,0.0,0.0,0.0,0.0,0.0,0.0,0.0,1.0,1.0,0.11316537412611466,487.4343521815285,36.07485060414874,27.753999060140497,27.498858277794763,63.828849664289244
30.75392510506522,0.9602728125611975,-0.8069178565296352,2.6009406840860625,-2.1468078084521913e-05,0.0,0.0,0.0,0.0,0.0,0.0,0.0,0.0,4.311336149130564,1126259462.406889,604.4005122508614,259.45211171249434,2.853229391755817,100.0,IMRPhenomXP,20.0,70.67138334681331,36.05181018374555,34.61957316306776,174.7931955713033,76.25270109238465,(19.46739176454308+1.8888637065121043j),20.775534601145587,(13.49369656675718+0.7539963916855887j),10.867077431142244,0.24989732076737703,0.0,0,0,0.0,0,0,0.0,0.0,0.0,0.0,0.0,0.0,0.0,1.0,1.0,0.12508833364024977,537.202722012665,32.04353747683,30.770537857285678,27.334676029890183,62.81407533411567
30.66458357823128,0.8399102519789703,-0.4357181098024282,2.667314254733279,9.81568295195086e-05,0.0,0.0,0.0,0.0,0.0,0.0,0.0,0.0,0.9410446185511192,1126259462.4086647,565.6847439361495,259.66936285965556,3.123702430508719,100.0,IMRPhenomXP,20.0,70.77067032457231,38.46419696202725,32.306473362545056,174.17779158666332,75.69477685420655,(19.555344110411514+0.8575013489616481j),19.91311507032309,(13.594575341370705-1.2233666360496587j),9.865754726352375,0.24810733490791667,0.0,0,0,0.0,0,0,0.0,0.0,0.0,0.0,0.0,0.0,0.0,1.0,1.0,0.11763872375845028,506.142756267304,34.41559078471974,28.90600752799909,27.43693729142716,63.321598312718834
30.74928930639392,0.9864560863395873,-0.47809609425563543,2.7089361779716885,-4.8312292636294436e-05,0.0,0.0,0.0,0.0,0.0,0.0,0.0,0.0,4.1421727418775065,1126259462.407966,588.641991747092,259.67854072526256,3.102865433397965,100.0,IMRPhenomXP,20.0,70.64528655293546,35.5634776115854,35.08180894135006,173.67123720253153,75.90713796886672,(19.57718517744982-0.5469407772741204j),20.109732848634486,(13.602893045788813+0.7903230788073883j),10.345529138157593,0.24998837827955933,0.0,0,0,0.0,0,0,0.0,0.0,0.0,0.0,0.0,0.0,0.0,1.0,1.0,0.12206373086708808,524.6065556877656,31.694703815177505,31.265433483212384,27.404227104490797,62.96013729838989
30.481187954607513,0.6521909343915898,-0.9743511247680107,1.08050525607316,-1.9877746240026437e-05,0.0,0.0,0.0,0.0,0.0,0.0,0.0,0.0,5.700913888136247,1126259462.417358,453.947814091832,259.90117887042186,2.645014103277693,100.0,IMRPhenomXP,20.0,71.95803844696431,43.553100885075644,28.404937561888662,172.17932887730473,75.74992813037724,(19.528436247468637-0.09577345618870027j),16.6255201596476,(13.354782282538812+1.844244216357338j),13.287442396348807,0.23892098030816297,0.0,0,0,0.0,0,0,0.0,0.0,0.0,0.0,0.0,0.0,0.0,1.0,1.0,0.0957696310099571,414.2730365272135,39.7465850964799,25.922362472948066,27.81714978404118,65.66894756942797
31.769350929898675,0.8916289654519705,-1.148282931816853,2.053290819420383,-0.0001570138902825675,0.0,0.0,0.0,0.0,0.0,0.0,0.0,0.0,4.671772406547502,1126259462.4088674,579.0636701450013,260.04738743751295,2.3303264241929353,100.0,IMRPhenomXP,20.0,73.13091166535784,38.66028328017516,34.470628385182685,173.75144332181517,75.31990456803214,(19.46689833290227+1.2990449031755749j),20.136149365505318,(13.19025572657173+1.8459228614984051j),12.972838094959185,0.24917946986385323,0.0,0,0,0.0,0,0,0.0,0.0,0.0,0.0,0.0,0.0,0.0,1.0,1.0,0.12022023035124428,516.9194900309968,34.51132396355068,30.771296081998486,28.359915371227867,65.28262004554917
31.699973127616083,0.9124573095306971,-0.19446599132277476,2.620249819127587,8.168816826372642e-05,0.0,0.0,0.0,0.0,0.0,0.0,0.0,0.0,3.8229350042807697,1126259462.411511,497.9616643134838,260.1140811319358,3.202763658320065,100.0,IMRPhenomXP,20.0,72.91912701917308,38.12849921186836,34.79062780730471,173.36750385185363,74.90004740351625,(19.533550864041114+1.1432117629016632j),20.22762532835364,(13.312450724409112-1.7537487341851574j),11.44929620231478,0.2494761628568538,0.0,0,0,0.0,0,0,0.0,0.0,0.0,0.0,0.0,0.0,0.0,1.0,1.0,0.10445154628038741,450.8678227594046,34.522564018565525,31.50036588248155,28.702004387948406,66.02292990104708
30.524825502624,0.6185275447879268,-0.2144362094503736,2.6228239085988343,-5.817531262334574e-05,0.0,0.0,0.0,0.0,0.0,0.0,0.0,0.0,3.8741826293546024,1126259462.4110582,526.0386799524488,260.1492092785399,3.1986227249356407,100.0,IMRPhenomXP,20.0,72.57413643989595,44.83960540159063,27.734531038305313,173.5977111542089,75.27630904055749,(19.47005792601702-1.8948514392132265j),18.198789312945614,(12.953266887556014-4.194400763997689j),10.085708087225301,0.2361124323301558,0.0,0,0,0.0,0,0,0.0,0.0,0.0,0.0,0.0,0.0,0.0,1.0,1.0,0.10994342977502826,473.9328757380721,40.398099757821946,24.987337457303347,27.501244373157828,65.3854372151253
31.738760224743814,0.9639846699503908,-1.0009696911445767,2.431972980022911,-0.00016679464345493056,0.0,0.0,0.0,0.0,0.0,0.0,0.0,0.0,4.372822292700796,1126259462.406967,630.7913288096747,260.15058491855893,2.604654275290609,100.0,IMRPhenomXP,20.0,72.93123941750373,37.13432214282301,35.79691727468073,174.072960446974,75.54475140322762,(19.464751202270573-1.3684122471387197j),20.086076862006554,(13.334824655358501-0.9815895157677199j),11.635650945451854,0.24991593046994753,0.0,0,0,0.0,0,0,0.0,0.0,0.0,0.0,0.0,0.0,0.0,1.0,1.0,0.13013064870642121,558.1578790461571,32.85843294784367,31.675025640314125,28.084151386455073,64.53345858815779
31.67131256427202,0.8143790899781748,-0.8170786389503985,2.616228344887647,-0.0002326295186182006,0.0,0.0,0.0,0.0,0.0,0.0,0.0,0.0,4.045265163256577,1126259462.4059112,615.4855371460167,260.20213141672735,2.8425129528995425,100.0,IMRPhenomXP,20.0,73.22236170299159,40.35670500582785,32.865656697163736,173.65499924697414,75.03444039684572,(19.548840473009797-0.4085761914303944j),20.985715738930736,(13.43907508142105+0.01885034810987496j),11.116807736777789,0.24738339757618236,0.0,0,0,0.0,0,0,0.0,0.0,0.0,0.0,0.0,0.0,0.0,1.0,1.0,0.12720975330036416,546.0257375367297,35.8023028878762,29.1566468449516,28.097088826229008,64.9589497328278
30.507605728006432,0.6621946177085862,-0.4920615151320562,2.6793561920674716,8.104296901135171e-05,0.0,0.0,0.0,0.0,0.0,0.0,0.0,0.0,0.843050172936906,1126259462.407636,569.6376462603284,260.2338133972602,3.095504339624715,100.0,IMRPhenomXP,20.0,71.88445479425194,43.246713729194994,28.637741065056947,174.10968119970929,75.74435176415362,(19.572608303906016-0.14684058558252375j),19.937942228293405,(13.608356980209328-0.9986713185721502j),9.872740116663929,0.23967454031951604,0.0,0,0,0.0,0,0,0.0,0.0,0.0,0.0,0.0,0.0,0.0,1.0,1.0,0.11840224409735624,509.33163733856964,38.6683002090171,25.605940274350925,27.27784738363844,64.27424048336802
30.177254460058577,0.6762174111153352,-0.9931285260952107,2.518804761096403,0.00011012063746752268,0.0,0.0,0.0,0.0,0.0,0.0,0.0,0.0,4.519213429733684,1126259462.4067712,590.8023152144923,260.26395334584873,2.6167874785752296,100.0,IMRPhenomXP,20.0,70.92908095344623,42.31496492227155,28.61411603117469,172.48305377788142,75.50847781297166,(19.191441378609486-3.3971292413428364j),20.700835518415936,(13.461859326169291-0.432038069173548j),12.041215900310021,0.24067204813501422,0.0,0,0,0.0,0,0,0.0,0.0,0.0,0.0,0.0,0.0,0.0,1.0,1.0,0.1224789866706399,526.3370861086183,37.6977791341832,25.491894610915065,26.884471618989203,63.189673745098254
31.05460983745794,0.6990091911485297,0.09024444341111779,2.4898449396274884,3.983322878401411e-05,0.0,0.0,0.0,0.0,0.0,0.0,0.0,0.0,0.46674251437653336,1126259462.4169858,425.6228337686228,260.2685922585751,3.217714993329718,100.0,IMRPhenomXP,20.0,72.72290508140654,42.80312635168611,29.919778729720424,172.99026480814754,75.9025582801233,(19.349592200568857+2.662728152661613j),18.763822550189815,(13.38979134547455+0.4347346703596761j),14.260335001377364,0.24215387865995816,0.0,0,0,0.0,0,0,0.0,0.0,0.0,0.0,0.0,0.0,0.0,1.0,1.0,0.09013391295798352,390.4316990934449,39.264099431182316,27.445966384566194,28.48696794799637,66.71006581574851
30.602208237786627,0.6270646327989329,-0.606311050919574,2.6748075717224324,-4.771771717200469e-05,0.0,0.0,0.0,0.0,0.0,0.0,0.0,0.0,0.9253141858477212,1126259462.4067442,545.5858018794366,260.29702135949606,3.025480450401858,100.0,IMRPhenomXP,20.0,72.61914778993498,44.631999446151696,27.98714834378329,174.09410491313142,75.744992148436,(19.417752379001268-2.171081074960393j),21.619296141789288,(13.541537502497192-1.71225399169483j),10.728244786809311,0.23686598398105038,0.0,0,0,0.0,0,0,0.0,0.0,0.0,0.0,0.0,0.0,0.0,1.0,1.0,0.11374610409395274,489.86551012962013,40.073764821346266,25.12884062256829,27.47682629398011,65.20260544391455
31.866821819250752,0.9830255626959019,-1.1441744758234669,2.064312557997503,9.089050662447386e-05,0.0,0.0,0.0,0.0,0.0,0.0,0.0,0.0,4.705427091491763,1126259462.408832,569.8486108817394,260.3183704768452,2.3394147510335106,100.0,IMRPhenomXP,20.0,73.21395034333348,36.920326051571365,36.29362429176211,173.2979145239213,75.21466453608596,(19.477430381710434-0.3752768041216204j),20.594867628130345,(13.305205849124517+0.5723049283052736j),13.231275314373406,0.24998168216442304,0.0,0,0,0.0,0,0,0.0,0.0,0.0,0.0,0.0,0.0,0.0,1.0,1.0,0.11844297387782901,509.5017120134337,33.01046804698716,32.45013392674464,28.492129293604616,65.4606019737318
31.486340494911556,0.9655425426190776,-0.6973424827561955,2.662665857062463,-0.0001569363192617444,0.0,0.0,0.0,0.0,0.0,0.0,0.0,0.0,4.128928977282792,1126259462.4062877,605.701351761111,260.3443338890697,2.9559391731946167,100.0,IMRPhenomXP,20.0,72.34995696590677,36.809153400211194,35.54080356569558,174.7655458667019,76.10193070401417,(19.270059555740684-3.7098025697045514j),21.056436445632745,(13.34352531431979-2.4630810796300073j),10.71443304219475,0.24992316810098458,0.0,0,0,0.0,0,0,0.0,0.0,0.0,0.0,0.0,0.0,0.0,1.0,1.0,0.125337546841733,538.2397070786699,32.70943327494609,31.582349371920518,27.979463213751437,64.29178264686661
30.82356963781956,0.7951745367403398,0.08036774166479928,2.474803433659624,-5.972700731353886e-05,0.0,0.0,0.0,0.0,0.0,0.0,0.0,0.0,3.804236614967716,1126259462.4175322,454.57466781788116,260.41120208780615,3.2185595928099984,100.0,IMRPhenomXP,20.0,71.37292067264818,39.758206910758894,31.614713761889277,172.98060819849712,76.09980590518717,(19.41890536002767+2.6277305140659415j),17.475075047597908,(13.408101170115135-1.1514221404270153j),13.233419527812257,0.24674542307229816,0.0,0,0,0.0,0,0,0.0,0.0,0.0,0.0,0.0,0.0,0.0,1.0,1.0,0.09589391928727937,414.79805919619474,36.27924766351095,28.848333954120374,28.126417252014534,65.12758161763134
31.68502664209896,0.9109060665474662,0.04947932165761173,2.52441994315909,-6.622802368366738e-05,0.0,0.0,0.0,0.0,0.0,0.0,0.0,0.0,3.665876308285468,1126259462.4159126,439.1627101503734,260.4190053061543,3.220567960851403,100.0,IMRPhenomXP,20.0,72.88818349937742,38.14325820372129,34.74492529565613,173.10901887368075,75.26186402855507,(19.528541134129608+0.4241612016373242j),19.453503653179546,(13.314509744159231-0.7547223514338876j),14.113440804965133,0.2494565524980441,0.0,0,0,0.0,0,0,0.0,0.0,0.0,0.0,0.0,0.0,0.0,1.0,1.0,0.0928327201371188,401.8572131652114,34.903107768346665,31.79345260754697,28.99348277028474,66.69656037589364
30.219183934839815,0.5628840750885302,-0.10124342871473259,2.619749211125442,0.00018880482348444057,0.0,0.0,0.0,0.0,0.0,0.0,0.0,0.0,0.49391668429675667,1126259462.4123023,451.03967877730713,260.4522469288986,3.216658666747885,100.0,IMRPhenomXP,20.0,72.90267668546562,46.64624705535887,26.256429630106755,171.73383515234815,75.09522282328237,(19.38835717527722+1.3770292558289159j),19.705702095267043,(13.438549087180277+0.8756359463251376j),12.31565096726538,0.2304440132423381,0.0,0,0,0.0,0,0,0.0,0.0,0.0,0.0,0.0,0.0,0.0,1.0,1.0,0.09519278644268571,411.83587736763354,42.59181363572649,23.974253624688952,27.592570284356288,66.56606726041544
31.065492011224713,0.8148429784971355,-0.6657980631408832,2.715909046590956,0.00010706102371003587,0.0,0.0,0.0,0.0,0.0,0.0,0.0,0.0,4.114372565493974,1126259462.4061959,583.6673445029162,260.4612492198239,2.9815334753169465,100.0,IMRPhenomXP,20.0,71.81923029820912,39.573247465013395,32.24598283319573,174.79481973003777,76.39933479733376,(19.497424963033108-2.261496236263282j),21.832152587374917,(13.640247873933452+1.0608042798371267j),11.452228904443981,0.24739779043108295,0.0,0,0,0.0,0,0,0.0,0.0,0.0,0.0,0.0,0.0,0.0,1.0,1.0,0.12110676435463848,520.6170923112093,35.298375429742066,28.76263337128113,27.709664234438428,64.06100880102319
31.691913799045174,0.8944248601780382,-0.6526444999895391,2.676619282929803,0.00013561603930032354,0.0,0.0,0.0,0.0,0.0,0.0,0.0,0.0,3.972412074519341,1126259462.4064076,626.5715958511761,260.4929373001646,2.9917258527661765,100.0,IMRPhenomXP,20.0,72.94491289641763,38.50504415865946,34.439868737758175,174.32739490688587,75.28453099544824,(19.52443416030085+0.9672097090537132j),20.278028319638995,(13.554421253330169+1.0008939317117937j),10.240791404734127,0.24922355880251282,0.0,0,0,0.0,0,0,0.0,0.0,0.0,0.0,0.0,0.0,0.0,1.0,1.0,0.1293263255221095,554.8189060024675,34.095587155340446,30.495940774103495,28.062671597063307,64.59152792944394
31.73913470486179,0.9594035197614712,-0.9674210155577233,2.567748359206101,-0.00012646818420518135,0.0,0.0,0.0,0.0,0.0,0.0,0.0,0.0,1.0823659554198455,1126259462.4060564,697.7696175395488,260.53222153654144,2.655145894020966,100.0,IMRPhenomXP,20.0,72.93617078139809,37.22366018321586,35.71251059818223,173.90610692102308,75.70709698581506,(19.497781327990523-1.236103201781106j),18.888042418643167,(13.441185675587864+1.8096748489365875j),10.899395164551587,0.2498926828813734,0.0,0,0,0.0,0,0,0.0,0.0,0.0,0.0,0.0,0.0,0.0,1.0,1.0,0.14280249129159786,610.5776139668618,32.57226026970382,31.24994114934057,27.773070978336904,63.82220141904439
30.776959390105063,0.9949707244003974,-0.6784831677903266,2.686212506570077,-0.00022904604809883796,0.0,0.0,0.0,0.0,0.0,0.0,0.0,0.0,4.204375764507255,1126259462.406696,567.1606290987072,260.54876127131865,2.97143915443237,100.0,IMRPhenomXP,20.0,70.70715486699288,35.44270299417272,35.26445187282016,174.26100029983195,76.05123489068087,(19.590212197672813+0.12326366449148334j),22.18943608428223,(13.596149341090028+1.1922145388815375j),11.423731798756386,0.2499984111685596,0.0,0,0,0.0,0,0,0.0,0.0,0.0,0.0,0.0,0.0,0.0,1.0,1.0,0.11792387589582072,507.3338554945818,31.704039745793587,31.544591392291235,27.530460752922647,63.24863113808482
30.831299005999515,0.6543515213683877,-0.9463275464427429,2.50511526676076,0.0001349127240374707,0.0,0.0,0.0,0.0,0.0,0.0,0.0,0.0,4.228382232917884,1126259462.406541,583.7728029339976,260.58177677651304,2.6850786958412174,100.0,IMRPhenomXP,20.0,72.75427334334825,43.97751771834437,28.776755625003865,174.60223827949707,76.24002437597073,(19.49229251984287+1.1920926592848695j),20.964003542719496,(13.432942839763637+0.9546263035980443j),11.758794262916972,0.2390867597096916,0.0,0,0,0.0,0,0,0.0,0.0,0.0,0.0,0.0,0.0,0.0,1.0,1.0,0.12112706211616626,520.7017314257313,39.226167313573974,25.66770225908805,27.500271867315707,64.89386957266203
30.775290843094886,0.6054013956851517,-1.0176909583815736,2.50400712196609,-0.00023744735821943004,0.0,0.0,0.0,0.0,0.0,0.0,0.0,0.0,0.9491913734160281,1126259462.4060369,545.7426853638858,260.6006069395677,2.578067931008664,100.0,IMRPhenomXP,20.0,73.39669065483106,45.718591532373054,27.678099122458008,173.78223668278147,75.87252060429104,(19.39448505505624+2.331145561947768j),22.435853415498087,(12.855221741031887+4.100013403620139j),13.20609867774138,0.23489628347574432,0.0,0,0,0.0,0,0,0.0,0.0,0.0,0.0,0.0,0.0,0.0,1.0,1.0,0.1137765558040974,489.9929726112755,41.04826169497368,24.85067492058642,27.631476603380726,65.8989366155601
31.618275328150165,0.9915964239623238,-0.6636959768383285,2.677709588262588,0.00022525661973559218,0.0,0.0,0.0,0.0,0.0,0.0,0.0,0.0,4.016161285261805,1126259462.4063163,580.0517109463924,260.62707980513704,2.9831809642202964,100.0,IMRPhenomXP,20.0,72.64049770650114,36.47350278023763,36.16699492626351,174.3019904648183,75.72940550980378,(19.586434945827644-0.8023628310813948j),21.99273721507489,(13.599052889955548-0.10758125787436046j),11.165996281709875,0.24999554891793854,0.0,0,0,0.0,0,0,0.0,0.0,0.0,0.0,0.0,0.0,0.0,1.0,1.0,0.12041057343862661,517.7135257984515,32.553693837695256,32.280126396222954,28.220257892703774,64.8338202339182
30.34114715488433,0.6337327557876469,-1.1256989839447937,1.420105497774481,1.27741032440444e-05,0.0,0.0,0.0,0.0,0.0,0.0,0.0,0.0,2.2032365906381117,1126259462.413049,494.5128774840183,260.6800411652456,2.3790908522989254,100.0,IMRPhenomXP,20.0,71.89613160408095,44.007278025969896,27.888853578111057,172.55269290847826,75.97606429283555,(19.311230370861928+2.9459981235111434j),18.35629603600085,(12.928652701152139+3.1130580597375657j),13.119430193410087,0.23743466310432174,0.0,0,0,0.0,0,0,0.0,0.0,0.0,0.0,0.0,0.0,0.0,1.0,1.0,0.10377449893980728,448.01984272903877,39.869808614204786,25.266803685806057,27.48853790699774,65.13661230001084
30.521205713222255,0.8760618108341315,-1.053690269017585,2.384382088783169,-0.00023331714003218184,0.0,0.0,0.0,0.0,0.0,0.0,0.0,0.0,1.5302153732054524,1126259462.4078681,616.5915866113018,260.7051130432566,2.5173147157411426,100.0,IMRPhenomXP,20.0,70.30357474217388,37.47401835919022,32.82955638298367,172.4826021237945,75.87147593523615,(19.48765976976719+0.21315344122835775j),19.733373526500802,(13.37906154959855+1.040662886426693j),11.838855353652086,0.24890892145579271,0.0,0,0,0.0,0,0,0.0,0.0,0.0,0.0,0.0,0.0,0.0,1.0,1.0,0.12742114812737712,546.9043992654425,33.23870447297692,29.1191596303767,27.07169877371676,62.35786410335361
30.763431911650002,0.6656198733477177,-0.049738528993868304,2.5914826161883675,-0.00015189876562558618,0.0,0.0,0.0,0.0,0.0,0.0,0.0,0.0,0.6771859042235752,1126259462.4136865,467.69603187616434,260.71672573355016,3.2205550912946883,100.0,IMRPhenomXP,20.0,72.44194256385211,43.49248212213724,28.949460441714866,173.77123910370346,75.70979048568071,(19.39796982790514-2.4274549674274795j),18.923566337455053,(13.260111839665699-2.027256794299481j),12.39424672845748,0.2399244413225913,0.0,0,0,0.0,0,0,0.0,0.0,0.0,0.0,0.0,0.0,0.0,1.0,1.0,0.09849124216662056,425.76218310510734,39.59292568992575,26.353838183193975,28.005168116746592,65.94676387311972
31.331473738623302,0.7838100131049346,-0.9333112224714265,2.6255329683225486,-0.00021873434742153785,0.0,0.0,0.0,0.0,0.0,0.0,0.0,0.0,4.127492914631535,1126259462.4056096,695.054107654319,260.7907055811877,2.7028950613914944,100.0,IMRPhenomXP,20.0,72.62274424028689,40.712151914585526,31.91059232570137,175.1749772196316,76.26720673063221,(19.57514822944993-1.0891629635226172j),18.881185848121078,(13.310721119934916+2.7942112584231906j),10.814335493781128,0.24632790452655276,0.0,0,0,0.0,0,0,0.0,0.0,0.0,0.0,0.0,0.0,0.0,1.0,1.0,0.1422921405714819,608.4731585582623,35.640752893754026,27.93557899272308,27.428599590073652,63.57633188647711
31.415072461483504,0.9821188305701671,-0.8850933482345614,2.644280436607635,-0.00022582561366698943,0.0,0.0,0.0,0.0,0.0,0.0,0.0,0.0,4.161392781849878,1126259462.4057748,681.1919791709541,260.8215841753931,2.7648508616235015,100.0,IMRPhenomXP,20.0,72.17640852418758,36.41376460937291,35.76264391481466,174.99026514694415,76.60792201721122,(19.61011897273265-0.8455842171378984j),19.444257047159372,(13.413751133331862+2.448670222193245j),10.893345759664115,0.24997965430778288,0.0,0,0,0.0,0,0,0.0,0.0,0.0,0.0,0.0,0.0,0.0,1.0,1.0,0.1396824831461936,597.7032949508031,31.95079782997938,31.37948020056318,27.56475854113282,63.330278030542566
30.15883214323446,0.5676096121281007,-1.0074059717202921,2.4807105382012686,0.00019127296484510136,0.0,0.0,0.0,0.0,0.0,0.0,0.0,0.0,4.27985077142089,1126259462.4065292,610.2216494792469,260.8266621119569,2.5945373026524488,100.0,IMRPhenomXP,20.0,72.6557811874842,46.348134526204326,26.30764666127987,173.24160838568505,75.75625631923074,(19.46513540225892+0.7126007204105501j),19.385095961429215,(13.347709680778689+2.1341938417013373j),11.302137156026646,0.23097974938617385,0.0,0,0,0.0,0,0,0.0,0.0,0.0,0.0,0.0,0.0,0.0,1.0,1.0,0.12620299805803406,541.8398392531503,41.154334170770845,23.35959565606148,26.779214933043846,64.51392982683232
31.25750042997302,0.7340038052695186,-1.0759951598580269,1.2276523375439574,0.0001980539307337987,0.0,0.0,0.0,0.0,0.0,0.0,0.0,0.0,2.4434980691403467,1126259462.4146194,443.19805211973016,260.8380360090145,2.4770503049839965,100.0,IMRPhenomXP,20.0,72.84425641096844,42.00928290330145,30.83497350766699,172.93634134525288,75.73436933956253,(19.264640118823262-3.323914209096666j),19.530022624458336,(13.426808328728423-0.36142284239723627j),14.574554023724119,0.24411710951334367,0.0,0,0,0.0,0,0,0.0,0.0,0.0,0.0,0.0,0.0,0.0,1.0,1.0,0.09363534031737378,405.25213276528575,38.41251407540499,28.194931501316205,28.581282332099907,66.6074455767212
30.715363285777983,0.7286339690651547,-1.2094178007850764,1.9130554616986195,2.2452860336497256e-05,0.0,0.0,0.0,0.0,0.0,0.0,0.0,0.0,1.9055179942061942,1126259462.4095674,561.318034147111,260.83826900844923,2.182101958057836,100.0,IMRPhenomXP,20.0,71.62978693226647,41.437220495559195,30.19256643670727,174.14652647395428,76.51672799738559,(19.3595495356521-3.0764900982765697j),19.472737909069544,(13.412298246946648+1.7810953093369801j),12.974958657407536,0.24383908966908127,0.0,0,0,0.0,0,0,0.0,0.0,0.0,0.0,0.0,0.0,0.0,1.0,1.0,0.11679449553010615,502.61533213517174,37.10371125700283,27.03502440023743,27.50314709529294,64.13873565724026
30.86177406452763,0.8028047102048312,-0.0070006044863639375,2.528185459364749,3.6226033494334844e-05,0.0,0.0,0.0,0.0,0.0,0.0,0.0,0.0,0.6711135998753329,1126259462.4154713,440.6244675778116,260.84162527332774,3.2217680578567736,100.0,IMRPhenomXP,20.0,71.41564472664169,39.613633313908736,31.802011412732952,174.21870245138388,76.11338653770152,(19.365202613603117+2.9738602536374894j),19.22868349488308,(13.486904896497672-1.5103889197485885j),13.110357427894863,0.24700886706479586,0.0,0,0,0.0,0,0,0.0,0.0,0.0,0.0,0.0,0.0,0.0,1.0,1.0,0.09312355016677759,403.08752415147933,36.23893502968159,29.092787734635237,28.232649511410727,65.33172276431682
31.2542025105137,0.8329103622717029,-0.7573521570282964,2.6332868863608287,-4.90004245031446e-05,0.0,0.0,0.0,0.0,0.0,0.0,0.0,0.0,4.1924543045776685,1126259462.4064405,645.7026475974499,260.8575515507674,2.9024927055895526,100.0,IMRPhenomXP,20.0,72.16372361221302,39.37111442960776,32.79260918260527,175.53874880117186,76.39204678493009,(19.538786062873776-1.300377817404276j),19.630225862950056,(13.574499580147736-1.0370309963966282j),10.108257768372486,0.24792242557475724,0.0,0,0,0.0,0,0,0.0,0.0,0.0,0.0,0.0,0.0,0.0,1.0,1.0,0.13296713669409754,569.9217825268964,34.750446993978436,28.944007394858186,27.58615099967579,63.69445438883661
31.53921205046702,0.8813564144855586,-0.9120119315764259,2.551020182148291,-0.00021054648830460545,0.0,0.0,0.0,0.0,0.0,0.0,0.0,0.0,1.0698677876315579,1126259462.4062533,619.6614864560369,260.8789275491192,2.7310245674144262,100.0,IMRPhenomXP,20.0,72.63152978078227,38.605938365295216,34.02559141548706,174.64571933666974,75.91036756728121,(19.558585091296248-1.324607608791595j),20.78010707087873,(13.36973032394876-0.5879479841552941j),11.499483611815329,0.2490057711120479,0.0,0,0,0.0,0,0,0.0,0.0,0.0,0.0,0.0,0.0,0.0,1.0,1.0,0.12800762362821075,549.341576927203,34.224891354120544,30.164327530025478,27.960105401612328,64.38921888414602
31.353055551425065,0.890197589475602,-0.1399541860940795,2.591106198279678,0.00010779227556987036,0.0,0.0,0.0,0.0,0.0,0.0,0.0,0.0,3.7698376163739282,1126259462.412572,465.9933813665408,260.9145092687353,3.211966835742367,100.0,IMRPhenomXP,20.0,72.17664146939023,38.184707181546145,33.99193428784409,174.8219921275628,75.69826997412943,(19.401951061790456+2.853827662986078j),20.440718756449286,(13.528624815735334-1.693360092306874j),12.075754637898209,0.24915637518186257,0.0,0,0,0.0,0,0,0.0,0.0,0.0,0.0,0.0,0.0,0.0,1.0,1.0,0.09815466833976513,424.3422136362139,34.77170227694368,30.95368554889857,28.550673648572552,65.72538782584225
31.36571122520231,0.9033093078765959,-0.6955584670442628,2.702360648094295,4.1630297633019216e-05,0.0,0.0,0.0,0.0,0.0,0.0,0.0,0.0,0.929294733996923,1126259462.4060762,614.2183136685035,260.9148960165653,2.957431036859629,100.0,IMRPhenomXP,20.0,72.17129436749765,37.918846962407116,34.252447405090535,174.82634766543532,76.21358010414708,(19.598574071439877-1.0021303695548232j),21.056666562963517,(13.580646526793924+1.5318732605429024j),11.039641568655084,0.2493548055785485,0.0,0,0,0.0,0,0,0.0,0.0,0.0,0.0,0.0,0.0,0.0,1.0,1.0,0.12696749159010365,545.0186590528042,33.646797485617995,30.39346534899758,27.831957407171185,64.04026283461558
31.408289758389554,0.9923560559105048,-1.0916625869758214,2.239117625397679,0.00023503122841101354,0.0,0.0,0.0,0.0,0.0,0.0,0.0,0.0,1.5072873119291843,1126259462.4082434,607.1557677574467,260.95184574359024,2.447458393269547,100.0,IMRPhenomXP,20.0,72.15793884840319,36.21739128121207,35.94054756719112,175.4635407468849,76.50026106899305,(19.542597041958416-0.6957021396263451j),19.842324941254553,(13.374712616876053-0.3830765514601015j),12.223205019865292,0.24999632005689765,0.0,0,0,0.0,0,0,0.0,0.0,0.0,0.0,0.0,0.0,0.0,1.0,1.0,0.12561609905299878,539.3986141279975,32.17561592418802,31.92966731501846,27.903198776931063,64.10528323920649
30.565816708409827,0.6796063149504301,-1.0479946517920884,2.464532705422628,-9.920046444462488e-05,0.0,0.0,0.0,0.0,0.0,0.0,0.0,0.0,4.4902751694884655,1126259462.4068656,636.0235257253936,260.98809784979767,2.5272634910887684,100.0,IMRPhenomXP,20.0,71.80101103938364,42.7487146245355,29.052296414848133,174.55476658546775,76.63061914777822,(19.37214454601938-2.680298718449382j),19.257864108330477,(13.563030188740171+0.8232033084918275j),11.530449608420456,0.24090311077657312,0.0,0,0,0.0,0,0,0.0,0.0,0.0,0.0,0.0,0.0,0.0,1.0,1.0,0.13112695758881582,562.2919005194319,37.79302963096331,25.684381598311393,27.02244562676317,63.47741122927471
31.21599562034191,0.8780479882002816,-1.1249184425863352,1.5249864090123117,-1.5216339508535785e-05,0.0,0.0,0.0,0.0,0.0,0.0,0.0,0.0,2.1449728510636046,1126259462.4126704,505.758532474758,261.01429436618366,2.38072548811797,100.0,IMRPhenomXP,20.0,71.89757824286161,38.28314222777688,33.614436015084735,174.27256733299743,76.52338446699045,(19.25149221557149+3.2963479805306535j),19.47728432533339,(13.14839979149159+2.193287120781891j),13.71235759602656,0.24894584474900502,0.0,0,0,0.0,0,0,0.0,0.0,0.0,0.0,0.0,0.0,0.0,1.0,1.0,0.10598018806410851,457.2943892771638,34.61467270474992,30.393343730616866,28.22473309850327,65.00801643536678
31.12179259499356,0.7270938414981468,-0.5647107330010461,2.701784010493189,0.00011306569337912373,0.0,0.0,0.0,0.0,0.0,0.0,0.0,0.0,4.0206464242440525,1126259462.4067247,584.268150825174,261.01576796112977,3.0530702470616475,100.0,IMRPhenomXP,20.0,72.59211452502787,42.03136666972231,30.560747855305564,174.49662697176603,75.89666868971229,(19.332972407378243-3.2347946244260366j),20.78607359682578,(13.591856112633232-1.3320940192885187j),10.537976197085994,0.24375784124133623,0.0,0,0,0.0,0,0,0.0,0.0,0.0,0.0,0.0,0.0,0.0,1.0,1.0,0.12122239590194038,521.099249442777,37.4870916094315,27.256633444894497,27.75702011371115,64.74372505432599
30.63440691857932,0.6700891468254155,-0.42928697474665906,2.7157268151323883,-4.252884538599294e-06,0.0,0.0,0.0,0.0,0.0,0.0,0.0,0.0,0.815103183549801,1126259462.4078264,607.33665746335,261.0372972780532,3.12667139841719,100.0,IMRPhenomXP,20.0,72.08045359960033,43.159644343904795,28.920809255695534,173.9373151834527,75.93007004514648,(19.52926922085885-1.5012896487596274j),18.70666999072168,(13.58770153811717+0.6854694169040839j),9.804375874188747,0.24024440175344522,0.0,0,0,0.0,0,0,0.0,0.0,0.0,0.0,0.0,0.0,0.0,1.0,1.0,0.12565073775906846,539.5427155817129,38.34195003489846,25.69252458650782,27.214841949613888,64.03447462140628
31.044868448648426,0.7328933672262935,-0.9699415061589088,2.484881048986186,-0.00016270805609164342,0.0,0.0,0.0,0.0,0.0,0.0,0.0,0.0,4.321720135347042,1126259462.406695,586.8094449607835,261.0607600825234,2.651478366548713,100.0,IMRPhenomXP,20.0,72.35883340974378,41.75607961704123,30.602753792702547,175.25713194611671,76.47869382072868,(19.581067162059245-0.7064345986962647j),21.16846207010747,(13.394258464006525-0.25771764877568615j),12.052933049968967,0.24406028407349106,0.0,0,0,0.0,0,0,0.0,0.0,0.0,0.0,0.0,0.0,0.0,1.0,1.0,0.12171132752737503,523.137663822902,37.22533471163701,27.282200902937475,27.676343892400233,64.5075356145745
30.70132041250566,0.7087558698801031,-0.6697068532617731,2.6951448972656458,0.00022493573925165745,0.0,0.0,0.0,0.0,0.0,0.0,0.0,0.0,0.9175237218254537,1126259462.406254,604.1306592813465,261.0727416910939,2.978450987594753,100.0,IMRPhenomXP,20.0,71.79183867462211,42.014099228615656,29.777739446006457,174.2780423988497,76.2893853283886,(19.593645099204895-0.4414376699389126j),20.489130520253656,(13.60086360201353+1.1577156835100995j),10.57300487609014,0.24273736309764535,0.0,0,0,0.0,0,0,0.0,0.0,0.0,0.0,0.0,0.0,0.0,1.0,1.0,0.1250366259807331,536.9875477924023,37.34465017260262,26.468240018451112,27.2891741508791,63.81289019105373
31.018565827282547,0.95298592572824,-0.45337407126806056,2.724083610711913,0.00017435360707308112,0.0,0.0,0.0,0.0,0.0,0.0,0.0,0.0,3.9981673125501733,1126259462.4077544,621.0016964907021,261.101288612014,3.1152918133954666,100.0,IMRPhenomXP,20.0,71.2867405882257,36.50141030158418,34.78533028664152,175.48114300413118,76.31594765823444,(19.617569757664207-0.04674872135293018j),19.170248935778098,(13.467128733304408+2.178582838602783j),10.080713560076468,0.24985512362869264,0.0,0,0,0.0,0,0,0.0,0.0,0.0,0.0,0.0,0.0,0.0,1.0,1.0,0.128263536940547,550.4048262134247,32.35184786753203,30.830855689059202,27.49230548688471,63.182703556591235
31.464230652225027,0.9646337832908153,-1.1937158726773514,1.5457714408922028,-0.00017645505772289494,0.0,0.0,0.0,0.0,0.0,0.0,0.0,0.0,5.339823976602375,1126259462.411501,535.4407111723731,261.1058514295327,2.2226842293399818,100.0,IMRPhenomXP,20.0,72.29987822307871,36.80068969493868,35.49918852814002,174.89767061487257,76.3405310480469,(19.435681548166905-2.5986899996566755j),19.107592074170025,(13.406158017509108+1.9126711304589912j),13.294960641766908,0.24991898713322877,0.0,0,0,0.0,0,0,0.0,0.0,0.0,0.0,0.0,0.0,0.0,1.0,1.0,0.11177459225738524,481.6090558990999,33.100855111482,31.93020309635,28.300908179902706,65.031058207832
30.821064313082296,0.6473912304894651,-0.5690640575980999,2.695734738135724,-8.73531777963353e-05,0.0,0.0,0.0,0.0,0.0,0.0,0.0,0.0,3.889113409622543,1126259462.4064987,594.437163469346,261.1251530033005,3.050298975889741,100.0,IMRPhenomXP,20.0,72.82888216816922,44.20861348553533,28.620268682633878,174.43808421525011,75.83381291623678,(19.521761757107456-1.1035395686068783j),19.99157564184632,(13.616053408157807-0.2682225793426321j),10.067729064375472,0.23854664485720528,0.0,0,0,0.0,0,0,0.0,0.0,0.0,0.0,0.0,0.0,0.0,1.0,1.0,0.1231772293890739,529.246092960201,39.360318504303706,25.481525028958437,27.440962571727614,64.84184353326215
31.158753305537207,0.7321176741225875,-0.5525316238310638,2.7244576591046554,-0.00020070617998274853,0.0,0.0,0.0,0.0,0.0,0.0,0.0,0.0,3.9430879727659702,1126259462.406547,592.5194345080315,261.12845987989823,3.0606826914409746,100.0,IMRPhenomXP,20.0,72.63139904984567,41.93213898509375,30.699260064751915,174.95887219044653,76.01255234025089,(19.500144254235543-1.956848019960108j),20.688068054499716,(13.611743816953153+0.9130720999454708j),10.725479167663787,0.24402038332371392,0.0,0,0,0.0,0,0,0.0,0.0,0.0,0.0,0.0,0.0,0.0,1.0,1.0,0.12280890900492933,527.7117339813726,37.3457483716044,27.34148243618642,27.750717914369893,64.68723080779083
30.66552589181019,0.7236313794305469,-0.9159111700206689,2.5237181345161526,0.00017951040526240346,0.0,0.0,0.0,0.0,0.0,0.0,0.0,0.0,1.209613273631348,1126259462.4068842,572.3342631450564,261.14237056481676,2.7259674710752746,100.0,IMRPhenomXP,20.0,71.56048124929674,41.51727689765017,30.04320435164657,173.95416506306648,76.40490131768456,(19.503901020635652+1.1423554263024343j),21.510869854070183,(13.47253517530913+0.4573038014671982j),11.854196383085087,0.2435726982991888,0.0,0,0,0.0,0,0,0.0,0.0,0.0,0.0,0.0,0.0,0.0,1.0,1.0,0.11892272374888345,511.5047265482492,37.10468651360393,26.85011548517722,27.40629468053628,63.95480199878115
30.91373206030081,0.8300123599135567,-0.23693768746231808,2.6886038765732394,-0.00022639457037036808,0.0,0.0,0.0,0.0,0.0,0.0,0.0,0.0,0.7117195490546575,1126259462.4103346,508.96020435212625,261.144251062008,3.1934561917065443,100.0,IMRPhenomXP,20.0,71.39133943742515,39.01139740979532,32.37994202762983,174.57531787570488,76.3277033608588,(19.492521542351703+1.5773800175673596j),20.636268443647133,(13.170800297596474+3.0240929581569778j),11.876588655549117,0.2478429180134729,0.0,0,0,0.0,0,0,0.0,0.0,0.0,0.0,0.0,0.0,0.0,1.0,1.0,0.1066071033274513,459.9285536149596,35.25316012565991,29.26055863030948,27.935598793236064,64.51371875596938
31.271662364010584,0.7005566735785003,-1.0179345396574784,2.4295552948363723,7.574369284133516e-05,0.0,0.0,0.0,0.0,0.0,0.0,0.0,0.0,1.0732297012660739,1126259462.4066958,585.0925538079841,261.15707755013653,2.57767328707319,100.0,IMRPhenomXP,20.0,73.21403385313083,43.0529808213129,30.161053031817932,173.3735166394486,75.84511648592493,(19.453017363895903+1.933629372494988j),21.070988150560975,(13.191792081134627+1.8849237836667345j),12.334171602219786,0.2422484765396966,0.0,0,0,0.0,0,0,0.0,0.0,0.0,0.0,0.0,0.0,0.0,1.0,1.0,0.12138103642168219,521.7606972390091,38.392820480266565,26.89634660495206,27.886740856433786,65.28916708521862
31.75169949112167,0.8795925427978888,-0.9926228446211418,2.5376561722575546,-0.0001349992791077726,0.0,0.0,0.0,0.0,0.0,0.0,0.0,0.0,1.03374200292354,1126259462.4060652,626.6087404111009,261.15769046926226,2.617562825195237,100.0,IMRPhenomXP,20.0,73.12645297611098,38.905481539769134,34.220971436341856,174.11744412750733,75.3367044873164,(19.556669436945246-0.2141314151754175j),20.86552374430305,(13.280274833104588+2.334289924715097j),12.167580691617994,0.24897406616742096,0.0,0,0,0.0,0,0,0.0,0.0,0.0,0.0,0.0,0.0,0.0,1.0,1.0,0.12933340866935694,554.8483162513057,34.44995183982888,30.301920738059895,28.115434509754987,64.75187257788876
30.81275544078928,0.8761116844529541,-1.2077311007199207,1.7807470928416516,7.520037230878329e-06,0.0,0.0,0.0,0.0,0.0,0.0,0.0,0.0,2.133756631736542,1126259462.410529,565.8909537895074,261.16140431724426,2.1865530477081343,100.0,IMRPhenomXP,20.0,70.97498009881616,37.83089284447978,33.144087254336384,173.77130083774426,76.4912237316297,(19.316148067015508-3.3032548809820934j),18.94193252456779,(13.475288478342081+1.332412839181011j),12.820283263023462,0.24890985735675117,0.0,0,0,0.0,0,0,0.0,0.0,0.0,0.0,0.0,0.0,0.0,1.0,1.0,0.11767857043592266,506.3092089916569,33.847739274203654,29.654399870446973,27.568530215956038,63.50213914465063
30.451334307652665,0.6178721149560747,-0.1837170050549445,2.6604635572899356,-0.00016637467995440664,0.0,0.0,0.0,0.0,0.0,0.0,0.0,0.0,0.5972536727010096,1126259462.4109545,449.76923017378056,261.1934314556663,3.204820797243392,100.0,IMRPhenomXP,20.0,72.41027510641206,44.7564887465645,27.653786359847565,172.83001495116415,75.6112004095373,(19.474090262480306+1.0870377298255145j),21.503877928663766,(13.394889736828462+1.5949485680003452j),12.66973158932188,0.23605337606476076,0.0,0,0,0.0,0,0,0.0,0.0,0.0,0.0,0.0,0.0,0.0,1.0,1.0,0.09494065777162772,410.77041389005996,40.87572091591779,25.255968132672383,27.810944905110937,66.13168904859016
30.947669265406745,0.9618572609022834,-1.1374352044146914,1.3317798303985817,-5.340918337287144e-05,0.0,0.0,0.0,0.0,0.0,0.0,0.0,0.0,5.70566612543554,1126259462.4136875,469.1792053539968,261.1961268928419,2.3541100425039714,100.0,IMRPhenomXP,20.0,71.11520359392486,36.24891831387267,34.86628528005218,174.6221075593167,76.62065956345265,(19.294037721056657-3.3526837845165693j),19.73548884659339,(13.54090016581166+0.6315459231077288j),14.25556698430228,0.24990550062179828,0.0,0,0,0.0,0,0,0.0,0.0,0.0,0.0,0.0,0.0,0.0,1.0,1.0,0.09878432055710992,426.99845209797974,32.99002145889159,31.731691677557013,28.165372117537622,64.72171313644861
30.903298848084745,0.8889845711533568,-0.3173176986309451,2.651366850175461,-0.0002225340447403588,0.0,0.0,0.0,0.0,0.0,0.0,0.0,0.0,4.0187821604527585,1126259462.4100533,509.8844886784227,261.2135357008711,3.1705790169710255,100.0,IMRPhenomXP,20.0,71.14467510221661,37.66292016815035,33.48175493406625,174.66403555660017,76.03143756612516,(19.582925281763956+1.1943694876143702j),20.907354679435613,(13.583205150886545-1.4546702300191547j),10.864048076956333,0.2491365247990798,0.0,0,0,0.0,0,0,0.0,0.0,0.0,0.0,0.0,0.0,0.0,1.0,1.0,0.1067880005491797,460.6884881858826,34.029028277739094,30.25128111025134,27.921606335405485,64.28030938799044
31.37329651379688,0.7423820140131756,-0.7086240770132256,2.6882834201480925,6.822993556302912e-05,0.0,0.0,0.0,0.0,0.0,0.0,0.0,0.0,3.9248650784931143,1126259462.4058387,555.204436946308,261.2140717730408,2.946378964621159,100.0,IMRPhenomXP,20.0,73.03915572161259,41.91914008190645,31.120015639706143,174.61893923682592,75.66339499970907,(19.531362600866654+1.2663556593979703j),22.983675813641103,(13.372199226161115+2.5233692122307843j),11.971816424567534,0.2445348056425878,0.0,0,0,0.0,0,0,0.0,0.0,0.0,0.0,0.0,0.0,0.0,1.0,1.0,0.11561115561923338,497.6684188812861,37.57504563374389,27.895038054215767,28.12207134696744,65.47008368795964
30.733305180933037,0.8660218272628039,-0.6065151593023682,2.717813875326125,9.390179616809366e-05,0.0,0.0,0.0,0.0,0.0,0.0,0.0,0.0,4.151857038970698,1126259462.4068506,619.8382938758928,261.22185009704657,3.0253388822265457,100.0,IMRPhenomXP,20.0,70.82588811114435,37.95555179278698,32.87033631835737,174.85748727280617,76.18741368263082,(19.58810579730453+0.08463376427408836j),20.06718287602036,(13.459568603469224+2.2834568871307823j),10.406769239523747,0.24871123221841224,0.0,0,0,0.0,0,0,0.0,0.0,0.0,0.0,0.0,0.0,0.0,1.0,1.0,0.12804138899193213,549.4818708097531,33.64730422409921,29.139299886621856,27.244838248707953,62.78660411072107
30.93398470998944,0.9063124256760976,-0.2818624510627644,2.6942119275634475,3.0207735251640798e-05,0.0,0.0,0.0,0.0,0.0,0.0,0.0,0.0,0.8035744543215659,1126259462.4097428,526.8031767574636,261.22557393151305,3.181531944457949,100.0,IMRPhenomXP,20.0,71.17082504403103,37.334292157692566,33.83653288633846,174.22379081160258,76.0814658119661,(19.47434386582027-1.3197773635110395j),20.513212497906146,(13.604498024932038+0.5875246701467497j),11.450164608159474,0.24939616839477094,0.0,0,0,0.0,0,0,0.0,0.0,0.0,0.0,0.0,0.0,0.0,1.0,1.0,0.11009247094304979,474.5579216628821,33.631695678447585,30.480823689934162,27.866133245377558,64.11251936838175
31.67246130693485,0.8144223700997052,-0.9324564958464495,2.5677974967192685,0.00021649474060323907,0.0,0.0,0.0,0.0,0.0,0.0,0.0,0.0,4.0972008536540505,1126259462.4059975,699.5414181531933,261.2282470426517,2.7040480656233665,100.0,IMRPhenomXP,20.0,73.22477869591442,40.35707446215548,32.86770423375895,174.00174248218917,75.25890239203022,(19.466907550821755+1.5668376782024882j),18.59352452080157,(13.232435995007405+2.632850524875023j),10.478035794647319,0.24738474239909555,0.0,0,0,0.0,0,0,0.0,0.0,0.0,0.0,0.0,0.0,0.0,1.0,1.0,0.1431353288134493,611.94978129935,35.303846749312946,28.75224254321222,27.706659490447386,64.05608929252516
30.26689213614431,0.6221330976899573,-1.107283792133631,2.252410464986617,-8.79694620624834e-05,0.0,0.0,0.0,0.0,0.0,0.0,0.0,0.0,1.50602699128321,1126259462.4080572,584.9810919470495,261.28619405969727,2.4168034117714763,100.0,IMRPhenomXP,20.0,71.90210879671831,44.32565299303273,27.57645580368558,172.77318137432238,76.060479259752,(19.48947096594088-0.7077828890502745j),19.49603510536733,(13.401039069717518+0.663843325014547j),12.079942442768912,0.2364342208005438,0.0,0,0,0.0,0,0,0.0,0.0,0.0,0.0,0.0,0.0,0.0,1.0,1.0,0.12135958982203068,521.671279335534,39.52849148065661,24.591982851871983,26.991245636868296,64.12047433252859
31.756339912590576,0.9249610523084757,-0.32328051633051613,2.6856086108118338,-0.0002049284467107249,0.0,0.0,0.0,0.0,0.0,0.0,0.0,0.0,3.8612141867494247,1126259462.4090767,538.3654619041665,261.28651822635806,3.16860101627021,100.0,IMRPhenomXP,20.0,73.0235110471277,37.935058976676714,35.088452070450984,174.04084948318553,74.72372687029147,(19.49673396093456-1.7649269371827712j),20.805862266977677,(13.432538758424286-0.8869978489348634j),11.161464578246676,0.24962009974495458,0.0,0,0,0.0,0,0,0.0,0.0,0.0,0.0,0.0,0.0,0.0,1.0,1.0,0.11234342683664247,483.9921253005849,34.103729173425336,31.54462122389476,28.549042630567254,65.6483503973201
30.63182675096525,0.60165075131545,-1.0391674347657545,2.4584625721749704,-0.0002292428178982766,0.0,0.0,0.0,0.0,0.0,0.0,0.0,0.0,1.1061041864577033,1126259462.4064202,570.5824586964583,261.3439820027257,2.54242616796257,100.0,IMRPhenomXP,20.0,73.12192316552645,45.654099750192586,27.467823415333868,173.2657906270049,75.94478902400249,(19.537617196662207-0.16676055922219507j),21.12296983302029,(13.32999526186382+2.0928221393439075j),12.551455397013296,0.23453562509270748,0.0,0,0,0.0,0,0,0.0,0.0,0.0,0.0,0.0,0.0,0.0,1.0,1.0,0.11858463964053874,510.09323556262007,40.81416652106335,24.55587395171165,27.38445144464785,65.37004047277499
30.76940000070783,0.9542602259235322,-0.46367803741769476,2.715455270403219,-0.00022222071213360406,0.0,0.0,0.0,0.0,0.0,0.0,0.0,0.0,0.9176645327219015,1126259462.4078245,544.5247793936663,261.3663390173738,3.110205571844281,100.0,IMRPhenomXP,20.0,70.71276281312616,36.18390318500657,34.528859628119584,174.70958449263705,75.86413587754005,(19.527727238032174-0.6962041831508038j),21.69970756653149,(13.623091839054094+1.0182160600761352j),11.278733340851515,0.2498630496165106,0.0,0,0,0.0,0,0,0.0,0.0,0.0,0.0,0.0,0.0,0.0,1.0,1.0,0.11354012436496651,489.0032832237995,32.49447630424782,31.008186299358382,27.632053239442186,63.502662603606204
30.96101441052544,0.9308182975803372,-1.1633290029293673,2.1584858489242924,0.00023877061401106906,0.0,0.0,0.0,0.0,0.0,0.0,0.0,0.0,4.826918459047062,1126259462.408682,587.1436114385795,261.3788898105272,2.2961716443282914,100.0,IMRPhenomXP,20.0,71.18457908091972,36.86757017484597,34.317008906073745,175.0068929717878,76.9249930205574,(19.581954956680605-0.9040478991865264j),20.0484148041598,(13.368461135027717+2.204821067570847j),12.873422432848681,0.2496790482951879,0.0,0,0,0.0,0,0,0.0,0.0,0.0,0.0,0.0,0.0,0.0,1.0,1.0,0.12177559966924,523.4055837164577,32.86537003097279,30.59168778157793,27.600007006440876,63.45705781255072
31.49159122078889,0.927488191536415,-0.8639544927288939,2.6698205041242273,-0.00021684177424692065,0.0,0.0,0.0,0.0,0.0,0.0,0.0,0.0,4.057806657212889,1126259462.4054716,664.8264467997473,261.41197753352,2.7901407944910046,100.0,IMRPhenomXP,20.0,72.41018270668403,37.56712130566431,34.84306140101972,175.65721537504103,76.38468122011464,(19.61151132062138-0.3885612945821992j),20.061151867136385,(13.221884108583074+3.227385385354329j),11.211349339198057,0.2496461868013093,0.0,0,0,0.0,0,0,0.0,0.0,0.0,0.0,0.0,0.0,0.0,1.0,1.0,0.136591934862534,584.9297596414597,33.05242642796677,30.655735213565315,27.707033856964387,63.70816164153209
30.38034731012577,0.6139788625949859,-0.17430136668225318,2.6360509476478873,-5.608779765358166e-05,0.0,0.0,0.0,0.0,0.0,0.0,0.0,0.0,0.6336732518222598,1126259462.4115329,450.6756197958409,261.42468033255983,3.206524533194256,100.0,IMRPhenomXP,20.0,72.3066254856256,44.800230759757056,27.50639472586854,173.44590038446077,75.50419166361739,(19.385528266281597+2.5770160266134026j),20.95852343435189,(13.427842470975214+0.9676327204324016j),12.246970841451711,0.23569899707946693,0.0,0,0,0.0,0,0,0.0,0.0,0.0,0.0,0.0,0.0,0.0,1.0,1.0,0.09512054386490867,411.5306034014443,40.908949257446764,25.117230135043158,27.7415554664943,66.02617939248992
30.788058905904336,0.7416381357272807,-1.1149684035222103,2.2223589172023206,-0.00012148568404995403,0.0,0.0,0.0,0.0,0.0,0.0,0.0,0.0,1.4486171972765898,1126259462.4082115,614.782939609943,261.44521349366727,2.401279751526184,100.0,IMRPhenomXP,20.0,71.68306846707992,41.15841689303973,30.5246515740402,174.8813553359459,76.57614304317133,(19.49572246414267+2.092534223223701j),19.027790899271597,(13.077100717292028+2.3519138980283745j),11.876492367629956,0.2444985017817152,0.0,0,0,0.0,0,0,0.0,0.0,0.0,0.0,0.0,0.0,0.0,1.0,1.0,0.12707544268661208,545.4674258823009,36.517889871622366,27.08305976508416,27.316768460960144,63.60094963670652
30.97307950424141,0.9574792530134917,-0.7215755502880138,2.646937598047055,0.00010920653932701733,0.0,0.0,0.0,0.0,0.0,0.0,0.0,0.0,1.0157301951063276,1126259462.406698,587.1304317237781,261.45232657838085,2.9351311724101015,100.0,IMRPhenomXP,20.0,71.1776041063197,36.36186896833952,34.81573513798019,174.559477005871,76.39543725105791,(19.496760254115312+2.18183157569576j),21.424048065012332,(13.538275277530444+1.28146858117739j),10.914942809018621,0.24988203655585722,0.0,0,0,0.0,0,0,0.0,0.0,0.0,0.0,0.0,0.0,0.0,1.0,1.0,0.12177306485334781,523.3950174472157,32.414639027808356,31.036344363047924,27.610824751163555,63.45098339085627
30.642764832898237,0.8303009615631444,-0.04176002096519175,2.578284208918653,-0.0001950443793028527,0.0,0.0,0.0,0.0,0.0,0.0,0.0,0.0,3.9521236606847934,1126259462.4144778,458.3963374389905,261.47823502497323,3.2209203590630127,100.0,IMRPhenomXP,20.0,70.76420519268906,38.66260613896734,32.10159905372171,172.75851007307153,75.61734434607787,(19.516869984493002-0.2366739679573605j),19.34958432008664,(13.402645975421988-1.2295648543959987j),12.768699249955985,0.2478509141934964,0.0,0,0,0.0,0,0,0.0,0.0,0.0,0.0,0.0,0.0,0.0,1.0,1.0,0.09665124417701318,417.99646093757787,35.2551518491021,29.27238648036414,27.942123802443902,64.52753832946625
31.49314881975847,0.8239272633532776,-0.051375572737877115,2.5954068101548606,5.787608284029024e-05,0.0,0.0,0.0,0.0,0.0,0.0,0.0,0.0,0.6021155140582028,1126259462.4134867,455.37815110996786,261.5409946458217,3.220472256584695,100.0,IMRPhenomXP,20.0,72.75984735481467,39.89185797960287,32.8679893752118,173.82724934410294,75.52267420076107,(19.401786863405132-1.9870313055001065j),20.236540685693274,(13.35235476759839-1.5460473389315417j),13.258107680375145,0.2476702506063755,0.0,0,0,0.0,0,0,0.0,0.0,0.0,0.0,0.0,0.0,0.0,1.0,1.0,0.09605319975604726,415.4708486621992,36.39591398344693,29.987585805622714,28.73323012675664,66.38349978906965
31.002601814240172,0.8461094840151988,-1.137209046624085,2.103684137353874,0.00018081971609050528,0.0,0.0,0.0,0.0,0.0,0.0,0.0,0.0,1.6596646313137169,1126259462.4091492,599.354511226981,261.55561309432215,2.354598680838743,100.0,IMRPhenomXP,20.0,71.52389363536535,38.74304002805096,32.78085360731439,175.40912343742005,76.72257098388552,(19.368978348389508+2.409569147712752j),19.241189090453524,(13.257329329444369+2.5053625850874703j),12.279913445797305,0.24826280402884165,0.0,0,0,0.0,0,0,0.0,0.0,0.0,0.0,0.0,0.0,0.0,1.0,1.0,0.12412095978837645,533.1761744906842,34.465187834718975,29.161322295320975,27.579417983698686,63.62651013003995
31.522948439463924,0.9938424052331337,-1.1378291640510758,2.050069522117054,0.0001170560391349985,0.0,0.0,0.0,0.0,0.0,0.0,0.0,0.0,1.7267980768433528,1126259462.409226,623.820980727961,261.56136575964626,2.353258157272938,100.0,IMRPhenomXP,20.0,72.42113247058498,36.32239553161525,36.09873693896973,174.73925857674124,76.3575493649123,(19.38646298387306-2.130201354552225j),18.549340534951988,(13.363395693513139-1.0770650613842219j),11.91574437056171,0.2499976155920518,0.0,0,0,0.0,0,0,0.0,0.0,0.0,0.0,0.0,0.0,0.0,1.0,1.0,0.12880164070633202,552.6400375603819,32.17783729379328,31.979699211263945,27.926029961950515,64.15753650505722
31.148833151059552,0.8054071153326936,-0.2846184026489068,2.6601211622921794,3.8217219345833546e-05,0.0,0.0,0.0,0.0,0.0,0.0,0.0,0.0,3.9462076241659076,1126259462.4100332,527.1757908732096,261.5626227292589,3.1807297801584893,100.0,IMRPhenomXP,20.0,72.0647169018812,39.916047904021575,32.14866899785963,174.58417793902686,76.01243212925387,(19.584717368021394-1.2804353808331463j),20.08296318133212,(13.457306589595165-2.0599530380097377j),10.806678495829381,0.24709568564444742,0.0,0,0,0.0,0,0,0.0,0.0,0.0,0.0,0.0,0.0,0.0,1.0,1.0,0.11016510408211007,474.86251177996417,35.9550554753064,28.9584575119935,28.057838457112698,64.9135129872999
31.592432816838297,0.9127571672442112,-0.6532057772801504,2.681980172523271,2.1868589463169873e-05,0.0,0.0,0.0,0.0,0.0,0.0,0.0,0.0,4.072961086356312,1126259462.406311,603.0114979542225,261.6039426315218,2.9912965708660453,100.0,IMRPhenomXP,20.0,72.67109850171025,37.99285123391304,34.678247267797204,175.211184556786,75.54187234708421,(19.249570486789427-3.7079475095490175j),21.08888443858181,(13.447107355250234-2.0411437687974034j),10.704875028364029,0.24947990838760403,0.0,0,0,0.0,0,0,0.0,0.0,0.0,0.0,0.0,0.0,0.0,1.0,1.0,0.12482214958560747,536.0949725384202,33.776763062418254,30.829982571531794,28.086602694014495,64.60674563395004
30.81246909425743,0.788188382449721,-0.2669803832090118,2.640722906539499,2.7089172617027874e-05,0.0,0.0,0.0,0.0,0.0,0.0,0.0,0.0,0.834220139489149,1126259462.4105575,504.9312255863452,261.6156391971058,3.1857216882965407,100.0,IMRPhenomXP,20.0,71.39115467703286,39.92373252041312,31.46742215661974,174.72759447290636,75.76297281370472,(19.582381256636385-0.5961856914840951j),20.305796180385958,(13.352909585161076-2.9423909961319716j),10.8833705949241,0.24649237607002375,0.0,0,0,0.0,0,0,0.0,0.0,0.0,0.0,0.0,0.0,0.0,1.0,1.0,0.10581811861383458,456.61327061191184,36.10334452690857,28.45623672368906,27.863957531172925,64.55958125059763
31.419986837573738,0.9681311386532332,-0.9022483264576082,2.5329224908038954,-0.00011389187633526122,0.0,0.0,0.0,0.0,0.0,0.0,0.0,0.0,4.147916782058623,1126259462.4065197,667.533360408462,261.6326082328089,2.743510318124085,100.0,IMRPhenomXP,20.0,72.19553258523946,36.682277500391535,35.513255084847934,175.25093601929473,76.47474204609281,(19.369224360666497+3.187649005888661j),19.093764948108973,(13.182502185072215+1.579044492373083j),10.442994924119107,0.24993445115600818,0.0,0,0,0.0,0,0,0.0,0.0,0.0,0.0,0.0,0.0,0.0,1.0,1.0,0.13710384519868082,587.0469631420606,32.259390956489305,31.2313208989658,27.63158964789524,63.490711855455096
30.963038587799247,0.9431956078974859,-1.1740820551080628,1.9981839367989789,0.00017307410966427072,0.0,0.0,0.0,0.0,0.0,0.0,0.0,0.0,4.987495561286789,1126259462.4095914,594.5575455192727,261.64610177378256,2.270884219379929,100.0,IMRPhenomXP,20.0,71.17088010567036,36.62569008308762,34.54519002258275,175.10191877143114,76.77534817442076,(19.580419259115377-0.47582989762502753j),19.03954352845565,(13.384415218032085+1.7616815623338833j),12.4693791625341,0.24978636578882676,0.0,0,0,0.0,0,0,0.0,0.0,0.0,0.0,0.0,0.0,0.0,1.0,1.0,0.12320034570212092,529.342381757485,32.608332274143514,30.756035781834,27.566799374909397,63.36436805597751
31.475509516984097,0.9223087987100573,-1.1639352632618336,1.5227724631716952,0.00024049087609873105,0.0,0.0,0.0,0.0,0.0,0.0,0.0,0.0,2.1627932558073493,1126259462.4120567,514.8987000598257,261.6658032390611,2.294765868120172,100.0,IMRPhenomXP,20.0,72.38269392368863,37.654040793165066,34.72865313052357,174.79502616149583,76.30365789341754,(19.526867697551552+0.6909146840383036j),19.539038189588833,(13.249372077960935+2.6325690158076904j),13.679706532711151,0.24959164547297155,0.0,0,0,0.0,0,0,0.0,0.0,0.0,0.0,0.0,0.0,0.0,1.0,1.0,0.10776868748710967,464.8070504362018,33.990887464584716,31.35009458454988,28.413431316951133,65.3409820491346
30.488910284190027,0.5996224093376843,-0.2097286204164449,2.6561124534158957,-8.7272352107801e-05,0.0,0.0,0.0,0.0,0.0,0.0,0.0,0.0,3.6591145267630165,1126259462.4105947,472.9561419023425,261.6730846706985,3.1996363670019585,100.0,IMRPhenomXP,20.0,72.81756712224828,45.521722312203686,27.295844810044596,172.81010972603355,75.31225873579558,(19.182557156679856+3.6696538762055977j),20.574079668930302,(13.297333010758777+2.422479575875249j),11.777077346339253,0.2343380954423137,0.0,0,0,0.0,0,0,0.0,0.0,0.0,0.0,0.0,0.0,0.0,1.0,1.0,0.09953018627413754,430.1438466427039,41.40106645590001,24.825007217436347,27.72903433193098,66.22607367333636
30.929027409593036,0.8683251985597484,-0.43219506297606797,2.672803122552244,-0.00015869032486360646,0.0,0.0,0.0,0.0,0.0,0.0,0.0,0.0,4.072306400277556,1126259462.4084814,527.4188433871701,261.68008604980696,3.1253350777837534,100.0,IMRPhenomXP,20.0,71.26885580101249,38.14585161938196,33.12300418163054,175.23877599929506,76.14447851380334,(19.559760850329692-1.4881409893687247j),21.585265706538358,(13.45613864836717-2.4651240207379996j),10.777098390478606,0.2487582321533371,0.0,0,0,0.0,0,0,0.0,0.0,0.0,0.0,0.0,0.0,0.0,1.0,1.0,0.11021247814628156,475.061170792037,34.35905501897616,29.834833271677795,27.85865590453022,64.19388829065394
31.144649788449794,0.898360465056679,-0.37917765860705055,2.6709407859613066,-6.701408595530625e-05,0.0,0.0,0.0,0.0,0.0,0.0,0.0,0.0,0.7867045740851218,1126259462.4088962,577.1975728286885,261.71489568402325,3.1481130235080217,100.0,IMRPhenomXP,20.0,71.67496505350077,37.756246178125494,33.918718875375276,175.05511674255837,75.94805770650449,(19.587160165828077+1.187813979901462j),19.379850218142344,(13.674371812854783-0.5810846508925956j),9.885980679474997,0.24928334854713635,0.0,0,0,0.0,0,0,0.0,0.0,0.0,0.0,0.0,0.0,0.0,1.0,1.0,0.1198606185677166,515.4191192585852,33.715129858227456,30.28833973888354,27.811184063498267,64.00346959711099
30.778270009357882,0.749429695622854,-0.28657832241474007,2.6740020579487505,5.9158972411113835e-05,0.0,0.0,0.0,0.0,0.0,0.0,0.0,0.0,3.9092928542007557,1126259462.4099243,490.290527329472,261.7170181533319,3.1801542976553145,100.0,IMRPhenomXP,20.0,71.59479660856938,40.92464920865499,30.67014739991438,173.83092259435654,76.05033485651462,(19.566056133490132+1.1048601211601632j),21.493831733067893,(13.586424030494854+0.6526310854014061j),11.710035250588334,0.24487131269038398,0.0,0,0,0.0,0,0,0.0,0.0,0.0,0.0,0.0,0.0,0.0,1.0,1.0,0.10294484797700959,444.5285979511246,37.104891766544654,27.8075077427205,27.905538582287697,64.91239950926517
30.829890726845058,0.8323902042478633,-1.1569306392367062,1.4022230593575826,-0.00014157616127456155,0.0,0.0,0.0,0.0,0.0,0.0,0.0,0.0,2.427011576416505,1126259462.4129298,506.67690274307705,261.72115601672596,2.31086652317076,100.0,IMRPhenomXP,20.0,71.18645443873372,38.84896037629357,32.33749406244015,174.35120412978287,76.55132295864885,(19.475002643543515-2.2841124674977493j),18.699273126638214,(13.389186723246706+1.363677971066862j),13.3222485874128,0.24790828322407418,0.0,0,0,0.0,0,0,0.0,0.0,0.0,0.0,0.0,0.0,0.0,1.0,1.0,0.10616005957390005,458.0502574186355,35.1205596695097,29.234009836602453,27.871093753575707,64.35456950611216
30.526328998087514,0.6929162486397206,-0.11893860091781604,2.5950231635481353,-0.0001205114408349964,0.0,0.0,0.0,0.0,0.0,0.0,0.0,0.0,0.6917342339499881,1126259462.4128523,466.38334802079186,261.72123809207415,3.214702627014579,100.0,IMRPhenomXP,20.0,71.55314072716978,42.26620235033104,29.286938376838727,173.37048355812726,75.50978416243892,(19.46494099774164+1.1485168978740847j),19.532969503164903,(13.49274984927798-1.9261453057953424j),11.848693637134234,0.2417741130501848,0.0,0,0,0.0,0,0,0.0,0.0,0.0,0.0,0.0,0.0,0.0,1.0,1.0,0.09823176777132755,424.66750944835655,38.48568543605602,26.66735677868027,27.795889623585964,65.1530422147363
30.67950951147424,0.8006124542192173,-0.6845114630667347,2.6877692281229177,-0.00010400029945708885,0.0,0.0,0.0,0.0,0.0,0.0,0.0,0.0,1.1123571289353706,1126259462.4066532,640.8142674299913,261.72139885232133,2.9665493333934503,100.0,IMRPhenomXP,20.0,71.00669626899767,39.43474682884365,31.571949440154015,174.5332537081773,76.25332328732175,(19.496641611772404-1.6384003223219852j),19.507450169552133,(13.662196541053403+0.2199513485521101j),10.072578601956158,0.2469345406263677,0.0,0,0,0.0,0,0,0.0,0.0,0.0,0.0,0.0,0.0,0.0,1.0,1.0,0.13203823644199053,566.0712249983632,34.83517213410346,27.88947265543346,27.10112478877065,62.724644789536924
31.413473751648766,0.7604401325052623,-1.1825393320476933,1.9041359460341547,-0.00010350770408169607,0.0,0.0,0.0,0.0,0.0,0.0,0.0,0.0,1.8013586302635103,1126259462.4094844,685.8633275614405,261.7235448909301,2.2504533812790033,100.0,IMRPhenomXP,20.0,72.98312571963602,41.457317617370244,31.525808102265774,173.47242075651687,75.94510893299825,(19.195980161169338-3.7590430311318377j),16.171773616694452,(13.394634930186093-0.38947788135460454j),10.718847137235318,0.24537059031418945,0.0,0,0,0.0,0,0,0.0,0.0,0.0,0.0,0.0,0.0,0.0,1.0,1.0,0.1405627319790149,601.3376652622518,36.34812575844624,27.6405735680708,27.542083281243617,63.98869932651704
31.479529094754508,0.8060477040062632,-0.15277229449383278,2.6334565591182724,-9.42590909868054e-05,0.0,0.0,0.0,0.0,0.0,0.0,0.0,0.0,3.625315635410345,1126259462.4115376,482.4151564859593,261.74213373743953,3.2100771969004747,100.0,IMRPhenomXP,20.0,72.82606438735414,40.32344451689056,32.50261987046358,173.41596265728168,75.23997149545339,(19.281783690403994+2.6743359217952176j),20.45830186302971,(13.514997915339588+1.2253595999335156j),12.222811473597972,0.24711682220750375,0.0,0,0,0.0,0,0,0.0,0.0,0.0,0.0,0.0,0.0,0.0,1.0,1.0,0.1013952215330737,438.0036753469021,36.61123975166955,29.510405742656076,28.58150142592498,66.12164549432562
31.50542915809372,0.9249957029470619,-1.1015295550767803,2.3023619537922104,0.00015110029187554266,0.0,0.0,0.0,0.0,0.0,0.0,0.0,0.0,4.572448998617758,1126259462.407604,616.8485464957008,261.7476980248733,2.428233580100116,100.0,IMRPhenomXP,20.0,72.44647982747188,37.634618984634784,34.81186084283709,174.96825227947502,76.27563574022938,(19.380632800845074-2.9486944650462314j),19.9522620496764,(13.397711636572597-0.48185881501025096j),12.31422829710584,0.24962046417999567,0.0,0,0,0.0,0,0,0.0,0.0,0.0,0.0,0.0,0.0,0.0,1.0,1.0,0.1274702530844855,547.1084900035668,33.37970015765434,30.876079211491632,27.943468195194058,64.25577936914597
30.66743590823033,0.9769602256387199,-1.0519321883366104,2.374807534401968,0.00017746747520918,0.0,0.0,0.0,0.0,0.0,0.0,0.0,0.0,4.6635670731246295,1126259462.4078817,663.7901239010541,261.7580731746135,2.520399669272633,100.0,IMRPhenomXP,20.0,70.4610084824044,35.64108552545094,34.81992295695346,173.60481610683783,76.36845844659736,(19.529525560763027-0.04115010475692779j),18.387225412998056,(13.386246645061815+0.5853938623594627j),11.01802976008277,0.24996604524602706,0.0,0,0,0.0,0,0,0.0,0.0,0.0,0.0,0.0,0.0,0.0,1.0,1.0,0.1363958777534371,584.1187393395132,31.363265410563166,30.640662852270847,26.986577924637825,62.003928262834
30.895228087272443,0.6969961994033677,-1.0746870840068694,2.43450394736442,-5.179842864139607e-05,0.0,0.0,0.0,0.0,0.0,0.0,0.0,0.0,1.2103232328129423,1126259462.4068034,588.383427782232,261.76526822302117,2.4794708050028147,100.0,IMRPhenomXP,20.0,72.37193815735003,42.64708323023626,29.72485492711377,175.05058420466926,76.71264324935768,(19.577642003091+0.7274379111818859j),20.932983617166823,(13.106885114379713+3.523521925479891j),12.713008607194453,0.24202970453786343,0.0,0,0,0.0,0,0,0.0,0.0,0.0,0.0,0.0,0.0,0.0,1.0,1.0,0.12201401753157474,524.3993561916706,38.0094032372783,26.492409597973033,27.535509899637255,64.50181283525133
31.106906468302345,0.8051540608448788,-1.133073525012867,2.008749952217134,-6.411594656151678e-05,0.0,0.0,0.0,0.0,0.0,0.0,0.0,0.0,4.910826375996134,1126259462.409602,574.2088860617912,261.76640957938935,2.3634831113034,100.0,IMRPhenomXP,20.0,71.9691805834517,39.86871932125697,32.10046126219473,174.274902172983,76.79105432116981,(19.52102383693849-0.6401277578722722j),19.559989145964,(13.326746944665981-0.6111493639601677j),12.614136672760473,0.2470873105602814,0.0,0,0,0.0,0,0,0.0,0.0,0.0,0.0,0.0,0.0,0.0,1.0,1.0,0.11928436602362777,513.0142994204597,35.61983043048718,28.67945111771274,27.79178143871768,64.29928154819993
31.187402816797785,0.7573909713163356,-1.0836387378919665,2.3896944948515086,0.00017672731842506437,0.0,0.0,0.0,0.0,0.0,0.0,0.0,0.0,1.2411917270089816,1126259462.4069798,583.6953653069824,261.78750460846436,2.462753492244964,100.0,IMRPhenomXP,20.0,72.48183913499822,41.2440033652314,31.237835769766825,175.16144147087851,76.67688194778152,(19.607883256294933-0.2891631391975724j),21.170933023715854,(13.27047939434145+2.1571128412404237j),12.913141715017073,0.24523550204245823,0.0,0,0,0.0,0,0,0.0,0.0,0.0,0.0,0.0,0.0,0.0,1.0,1.0,0.12111215722970473,520.6395800091341,36.78847214282854,27.863256649500862,27.818271896955086,64.6517287923294
30.97911569656364,0.8457898495144397,-1.0729411722383537,2.4182224447327174,0.0002333319917021395,0.0,0.0,0.0,0.0,0.0,0.0,0.0,0.0,4.4732379965621,1126259462.407207,593.5875149143598,261.8409424999164,2.482689729011917,100.0,IMRPhenomXP,20.0,71.47106265064143,38.721126714096336,32.74993593654509,175.07345136789812,76.96959547404165,(19.60200195690527+0.7283458187366083j),20.988172223644945,(13.215201962956344+3.0289932342601724j),12.743441276199281,0.2482549759214911,0.0,0,0,0.0,0,0,0.0,0.0,0.0,0.0,0.0,0.0,0.0,1.0,1.0,0.1230140641971043,528.5664111220765,34.47964540121757,29.16253409520705,27.585688090836218,63.64217949642462
31.3489823936778,0.8091248577606966,-0.4378952310003593,2.6973429589852915,0.00023407063762611484,0.0,0.0,0.0,0.0,0.0,0.0,0.0,0.0,3.9481713558930687,1126259462.407847,551.2423962506317,261.84260629917605,3.12268596416005,100.0,IMRPhenomXP,20.0,72.50640472472044,40.078165093849634,32.428239630870806,175.00061857449546,75.65323752614691,(19.477257267190158-2.282249666654368j),21.185612822375525,(13.580525846482118-1.2603401156628522j),10.855338908866221,0.24721707389847053,0.0,0,0,0.0,0,0,0.0,0.0,0.0,0.0,0.0,0.0,0.0,1.0,1.0,0.11484340412949134,494.45724592403354,35.94959161564405,29.08770820256313,28.11962853039094,65.03729981820719
30.748705535673107,0.6604255459826794,-1.1625915485310792,1.5229621983452384,-0.000210243629711974,0.0,0.0,0.0,0.0,0.0,0.0,0.0,0.0,5.350654415333046,1126259462.411967,496.4281785172251,261.86789075908047,2.297878474610898,100.0,IMRPhenomXP,20.0,72.47626544157347,43.64921126209263,28.827054179480843,173.53107913171215,76.34968727641353,(19.417161589816715-2.0252194940438013j),19.42220135871757,(13.477807786097141+0.78136251796938j),13.579432696277834,0.23954386413099188,0.0,0,0,0.0,0,0,0.0,0.0,0.0,0.0,0.0,0.0,0.0,1.0,1.0,0.10415056788711034,449.60188739713396,39.53193751973451,26.107901420223833,27.848290287540646,65.63983893995835
30.94131415066259,0.8795714327109841,-1.13547672263958,2.29772311344599,3.7224478860725576e-05,0.0,0.0,0.0,0.0,0.0,0.0,0.0,0.0,4.703536377018855,1126259462.4078565,584.1193902724145,261.87369906806026,2.3583319640319607,100.0,IMRPhenomXP,20.0,71.2601428564212,37.91297399835436,33.34716885806684,175.3839656073529,77.02464145630704,(19.413152920817986-2.845029103236064j),20.782874187364314,(13.49060508342521+1.2185138867094107j),13.069664073252854,0.24897368334474734,0.0,0,0,0.0,0,0,0.0,0.0,0.0,0.0,0.0,0.0,0.0,1.0,1.0,0.1211937659590945,520.9798718089462,33.81482768584853,29.742556434516843,27.59675899927493,63.55738412036537
30.5032532768665,0.682283300518243,-1.0883627256839263,2.4057666940195954,-1.947155289605952e-05,0.0,0.0,0.0,0.0,0.0,0.0,0.0,0.0,4.555181553519049,1126259462.4071803,604.4225270259751,261.89250511126926,2.453784752467284,100.0,IMRPhenomXP,20.0,71.62197232391529,42.57426338468168,29.0477089392336,174.1727767605414,76.3575153453009,(19.39389954529646-2.5908794139863778j),19.986887861153107,(13.501812451612711+1.2069325739773864j),12.227191560074052,0.241082937191415,0.0,0,0,0.0,0,0,0.0,0.0,0.0,0.0,0.0,0.0,0.0,1.0,1.0,0.1250925514535654,537.220273600473,37.84067660005195,25.818061724526892,27.111772482590666,63.65873832457885
31.515180216483582,0.8483973561315856,-0.7563573550437985,2.6533958855560127,-0.00018201199114571307,0.0,0.0,0.0,0.0,0.0,0.0,0.0,0.0,0.9785329415225019,1126259462.4061267,600.961422787615,261.9212319509112,2.9034322790587197,100.0,IMRPhenomXP,20.0,72.69668669967206,39.32957730031337,33.36710939935869,174.85299430357608,75.72138304632438,(19.50166446340005-1.4912311078546372j),21.447150069509913,(13.606907244310767-0.2694427943186248j),11.176573173214452,0.24831824440261935,0.0,0,0,0.0,0,0,0.0,0.0,0.0,0.0,0.0,0.0,0.0,1.0,1.0,0.12442913713282906,534.459135380047,34.97737296331495,29.674710746504807,28.027715732130382,64.65208370981975
31.180907497666848,0.8276462990062968,-0.41362547919709547,2.6998024891084795,-0.00018567778189065393,0.0,0.0,0.0,0.0,0.0,0.0,0.0,0.0,3.9019351669862776,1126259462.4081337,575.9390216947534,261.9338309266198,3.1336929375164404,100.0,IMRPhenomXP,20.0,72.01989204408102,39.405815054717486,32.61407698936354,174.40424029287294,76.22498920442918,(19.60953831091032+0.3017715978361601j),20.034191349764264,(13.64536975474209+0.7713438063625019j),10.390155731494321,0.24777670580967556,0.0,0,0,0.0,0,0,0.0,0.0,0.0,0.0,0.0,0.0,0.0,1.0,1.0,0.1196180020224925,514.4067180069533,35.19576764890732,29.129646835303692,27.849594630794837,64.32541448421101
31.1520357852808,0.8148112820292219,-1.11748022188892,1.396817215809048,-3.7371810607451786e-05,0.0,0.0,0.0,0.0,0.0,0.0,0.0,0.0,2.301824391387949,1126259462.4134176,468.87986214367476,261.9472320609428,2.396140009157482,100.0,IMRPhenomXP,20.0,72.01947934833605,39.68428015711245,32.33519919122361,174.28085732078998,76.47590602219071,(19.52274102767591+1.0081159329814289j),20.025379384211565,(13.315980172507516+1.709155836068674j),14.412349508821093,0.24739680849676648,0.0,0,0,0.0,0,0,0.0,0.0,0.0,0.0,0.0,0.0,0.0,1.0,1.0,0.09872517834814418,426.7489921086823,36.11847706700866,29.42974260391238,28.352891513886746,65.54821967092103
30.744236435300103,0.9828722488284689,-0.17878932144803866,2.6538405871960724,0.0001294207528034655,0.0,0.0,0.0,0.0,0.0,0.0,0.0,0.0,4.053253528991569,1126259462.4117267,482.8747420871399,262.0336791175557,3.205723868526407,100.0,IMRPhenomXP,20.0,70.63486982875884,35.622501586015794,35.012368242743044,173.49230291736347,75.88363101456908,(19.37679604972907-2.493767384767945j),20.69551543963906,(13.43122812474754-1.2013276166157352j),12.231028329462958,0.2499813468909458,0.0,0,0,0.0,0,0,0.0,0.0,0.0,0.0,0.0,0.0,0.0,1.0,1.0,0.10148573291005901,438.38492809083186,32.34041124790903,31.786492731269863,27.91160658438642,64.12690397917889
31.095353240558822,0.899140853324206,-0.25465022225432354,2.6585903216298203,0.00010771472845455115,0.0,0.0,0.0,0.0,0.0,0.0,0.0,0.0,0.7841332080316724,1126259462.4105287,539.301403806073,262.0475599973991,3.1890125879508364,100.0,IMRPhenomXP,20.0,71.55952806563147,37.67994771971524,33.87958034591623,174.56729318673848,76.24100842978429,(19.614128870319085+0.7775998238133566j),19.408774835297496,(13.599897022799293-0.2640616528046947j),10.709191801551217,0.24929489103704702,0.0,0,0,0.0,0,0,0.0,0.0,0.0,0.0,0.0,0.0,0.0,1.0,1.0,0.11252537907758599,484.75424704371363,33.86884328963024,30.452860656541944,27.95024169816289,64.32170394617219
30.986367503973348,0.9967650517574955,-1.0652845042512231,2.3156527445476325,1.2649648265207025e-05,0.0,0.0,0.0,0.0,0.0,0.0,0.0,0.0,1.5347114516574634,1126259462.4080427,598.462845206277,262.05916571815465,2.496649552927054,100.0,IMRPhenomXP,20.0,71.18809086705937,35.651711153699154,35.53637971336022,174.92479063616292,76.80604437859768,(19.53868153225263-1.3670872939453875j),20.256703078339118,(13.333545410742664-0.8581357323057892j),12.243075140104178,0.2499993438233861,0.0,0,0,0.0,0,0,0.0,0.0,0.0,0.0,0.0,0.0,0.0,1.0,1.0,0.12394990697633529,532.4639828457116,31.720017887282765,31.617405271166092,27.569171287476042,63.33742315844886
31.6681849849926,0.9795725991634623,-0.15691254005347505,2.629086525787293,0.00021088131583798289,0.0,0.0,0.0,0.0,0.0,0.0,0.0,0.0,3.7669321695347935,1126259462.4115837,495.1465168819936,262.0706147696122,3.209430937111464,100.0,IMRPhenomXP,20.0,72.75903268798258,36.75492008665378,36.00411260132879,174.3490239055564,75.2785584992891,(19.37620794084359-2.104944236673735j),20.1365045236981,(13.321033848878676-2.567606347682988j),11.949060222893365,0.24997337906144673,0.0,0,0,0.0,0,0,0.0,0.0,0.0,0.0,0.0,0.0,0.0,1.0,1.0,0.10389893285600516,448.5433442249742,33.29554816360002,32.615406655189915,28.68757640979028,65.91095481878993
31.339366912951494,0.9101700323879534,-0.022783551383377086,2.5465938963996178,0.0001412603316906432,0.0,0.0,0.0,0.0,0.0,0.0,0.0,0.0,3.746557772839694,1126259462.4147887,458.7468204992265,262.079243018773,3.2215329947240336,100.0,IMRPhenomXP,20.0,72.09466573898037,37.742538369138245,34.35212736984213,173.6174792776582,75.84112943050256,(19.474551928923564+2.1767431880226797j),19.177957842147755,(13.484731892378539-1.3616402184433964j),12.851998499998787,0.24944711037543266,0.0,0,0,0.0,0,0,0.0,0.0,0.0,0.0,0.0,0.0,0.0,1.0,1.0,0.09672066314823302,418.28957581843895,34.41399404365645,31.322586073313623,28.57552334519629,65.73658011697006
30.940009802956997,0.9924877709705247,-0.036939510812728095,2.565603215450939,-8.885245412693636e-05,0.0,0.0,0.0,0.0,0.0,0.0,0.0,0.0,0.8329515298646188,1126259462.4147053,451.15227346735276,262.0886284594938,3.2211101433412264,100.0,IMRPhenomXP,20.0,71.082082988535,35.67504103370808,35.40704195482693,173.85759252663675,75.98718809221441,(19.56743657020249-1.2566066243575884j),19.693717144603543,(13.187817726662413-2.682633546593422j),13.031846030816338,0.2499964462545258,0.0,0,0,0.0,0,0,0.0,0.0,0.0,0.0,0.0,0.0,0.0,1.0,1.0,0.09521512705642737,411.9302793740162,32.57354665068467,32.328846707942425,28.250166600705573,64.9023933586271
30.85974664050386,0.9856754166160108,-0.5190489587659519,2.6922198394092116,-7.050501451573294e-05,0.0,0.0,0.0,0.0,0.0,0.0,0.0,0.0,4.196570441143274,1126259462.4076462,597.3025547345659,262.1151422055138,3.0805645875530265,100.0,IMRPhenomXP,20.0,70.89929423771045,35.705379461532075,35.19391477617838,175.07291737861505,76.17556711649075,(19.282108658391394-3.5544136117998852j),20.011221246991347,(13.455037614828367-2.4340360323722896j),10.052981995674726,0.24998698969463382,0.0,0,0,0.0,0,0,0.0,0.0,0.0,0.0,0.0,0.0,0.0,1.0,1.0,0.12372727347326226,531.536936414099,31.774061468822794,31.318911275864643,27.46195395357923,63.09297274468743
30.77742641238403,0.8013295444556545,-0.42520618782468966,2.709819829058114,-4.379427663295108e-05,0.0,0.0,0.0,0.0,0.0,0.0,0.0,0.0,0.8429110778903087,1126259462.4081154,553.2842335875993,262.11928669010575,3.1285293538782932,100.0,IMRPhenomXP,20.0,71.22909313317632,39.54251089280896,31.68658224036736,174.6799327273039,76.02716894153977,(19.573924182046273+0.07180221954692247j),20.819758736617832,(13.600387080176933+1.2935184494501881j),10.873676652275398,0.2469589732555339,0.0,0,0,0.0,0,0,0.0,0.0,0.0,0.0,0.0,0.0,0.0,1.0,1.0,0.11523914967552615,496.1126371925998,35.456530470898265,28.41236541022294,27.59715386725671,63.868895881121205
31.13454111555896,0.8567289166685028,-1.073439928496371,2.466149745099368,-3.2747515588694694e-05,0.0,0.0,0.0,0.0,0.0,0.0,0.0,0.0,1.379107175524635,1126259462.4068208,590.5098222972008,262.1384530840594,2.4817715435416012,100.0,IMRPhenomXP,20.0,71.78515048728333,38.66216001853744,33.12299046874588,175.77746164759063,76.89813644622829,(19.162791373775214-4.21882616202817j),21.489855022431822,(13.611308520982615+0.782676959418211j),13.081005925210805,0.24851146141752348,0.0,0,0,0.0,0,0,0.0,0.0,0.0,0.0,0.0,0.0,0.0,1.0,1.0,0.12242277566650947,526.1028550360741,34.44527397047814,29.51026225307751,27.73869328967497,63.955536223555654
30.475021410770147,0.6280972117399455,-0.07237042181872942,2.5991359634982607,0.00017312611009634795,0.0,0.0,0.0,0.0,0.0,0.0,0.0,0.0,3.8306113978417975,1126259462.4132943,451.9238308183833,262.13932034269425,3.219171534182374,100.0,IMRPhenomXP,20.0,72.30099917921305,44.40828143298953,27.892717746223518,172.65954481604655,75.66499922035156,(19.437914418485885-1.9403855339730518j),19.583597847940048,(13.290610823084723-1.9549557179135166j),12.537403615054584,0.2369551763482382,0.0,0,0,0.0,0,0,0.0,0.0,0.0,0.0,0.0,0.0,0.0,1.0,1.0,0.09536820485426478,412.5770927945624,40.54187554120024,25.464238986135765,27.821714447905443,66.00611452733601
30.883077099782383,0.8676733952517269,-0.9633757876734768,2.5985508888613214,-5.378375441578311e-05,0.0,0.0,0.0,0.0,0.0,0.0,0.0,0.0,1.2489687222657666,1126259462.406248,680.9797291973034,262.14279703483504,2.6609908580331982,100.0,IMRPhenomXP,20.0,71.16523957776144,38.10368545094027,33.06155412682117,175.52244233777736,76.70119236591366,(19.43828224408358-2.6068981493900973j),19.05164028340471,(13.539775826970574+1.7258624299125305j),11.050033433034864,0.24874503248883148,0.0,0,0,0.0,0,0,0.0,0.0,0.0,0.0,0.0,0.0,0.0,1.0,1.0,0.1396424689461708,597.538044504572,33.43477142105349,29.010461638370884,27.098917372164987,62.445233059424375
30.636244924341405,0.6727345470600943,-0.3226865227459829,2.6801424459150414,2.6349973380287127e-05,0.0,0.0,0.0,0.0,0.0,0.0,0.0,0.0,3.8795065782521645,1126259462.4093237,515.5596629652529,262.14861894388144,3.1687998282214167,100.0,IMRPhenomXP,20.0,72.05128427452667,43.07395001864463,28.977334255882035,173.77703644472834,75.76153036735057,(19.55452197292601+1.1531461520437332j),20.577205819473594,(13.57909558642765+0.6988126884638416j),10.971234888577694,0.2404305653617835,0.0,0,0,0.0,0,0,0.0,0.0,0.0,0.0,0.0,0.0,0.0,1.0,1.0,0.10789787571033409,465.34944434383624,38.878989628017436,26.15523947755841,27.652589282833336,65.03422910557585
31.433012596265048,0.9380454642875775,-1.008181714818301,2.5367363676047696,0.00018368867223035113,0.0,0.0,0.0,0.0,0.0,0.0,0.0,0.0,1.1815675212410708,1126259462.4063098,656.7392239278703,262.16743486614575,2.5933081884773825,100.0,IMRPhenomXP,20.0,72.25841431690614,37.284168843514834,34.974245473391306,174.7394646470906,76.6216147213315,(19.52521986809846-1.878008963524539j),19.810053465024076,(13.486602111087088+1.7444130650159153j),11.67269234348042,0.2497445191806196,0.0,0,0,0.0,0,0,0.0,0.0,0.0,0.0,0.0,0.0,0.0,1.0,1.0,0.13506082072485623,578.5938598074487,32.84772777171972,30.812662048414776,27.692800264387373,63.66038982013449
30.850787524706114,0.9138889736799973,-0.5764887903791925,2.7091348679365552,-0.00021900149146662158,0.0,0.0,0.0,0.0,0.0,0.0,0.0,0.0,0.9644753868418577,1126259462.407075,547.8460444612557,262.2355667536936,3.045510789242914,100.0,IMRPhenomXP,20.0,70.96272441601685,37.077764380224615,33.88496003579223,175.14639284388656,76.34515500903527,(19.5954537731264+0.7444740006253566j),22.476465344577214,(13.528036945219744+1.98549315413445j),11.513211429481586,0.24949391430845008,0.0,0,0,0.0,0,0,0.0,0.0,0.0,0.0,0.0,0.0,0.0,1.0,1.0,0.11418472686718464,491.701271664864,33.277932721693496,30.412335781220463,27.68911364585924,63.690268502913966
31.129632407293673,0.7252614962817427,-1.174537931480895,1.9903361233979713,-8.30427633874863e-05,0.0,0.0,0.0,0.0,0.0,0.0,0.0,0.0,4.810301086848683,1126259462.4091372,548.8805200634172,262.2510282087722,2.269795318976647,100.0,IMRPhenomXP,20.0,72.62784121315504,42.09671482826311,30.53112638489193,174.5809297648135,76.52503317176466,(19.575325757248393-0.44346887629245807j),20.394195101866543,(13.309023020280492+1.8025132858852198j),13.346948964007542,0.2436602927187617,0.0,0,0,0.0,0,0,0.0,0.0,0.0,0.0,0.0,0.0,0.0,1.0,1.0,0.11438540231890366,492.54101760937283,37.775723498050894,27.39727774732178,27.93435048818533,65.17300124537267
31.216492437582406,0.7405624323601825,-0.81792068780194,2.628942695580258,0.000181778487098151,0.0,0.0,0.0,0.0,0.0,0.0,0.0,0.0,1.0103660979412126,1126259462.406036,621.9778242960159,262.2573125241812,2.8416150290088327,100.0,IMRPhenomXP,20.0,72.6899924149896,41.76235857074246,30.927633844247147,174.97523909313028,76.017925124859,(19.510179616316282-1.4117551910942028j),20.497597838489973,(13.602477858837277-0.03141215803119826j),10.93062851437502,0.24444573591155336,0.0,0,0,0.0,0,0,0.0,0.0,0.0,0.0,0.0,0.0,0.0,1.0,1.0,0.12844988371083424,551.1789566728246,37.00860727054147,27.407184218534923,27.663162439194014,64.41579148907638
31.49072572589022,0.8958157364658955,-0.23892744648376818,2.657178740297007,-6.461511201996564e-05,0.0,0.0,0.0,0.0,0.0,0.0,0.0,0.0,3.824786145840939,1126259462.410368,498.78697466057383,262.26022885913807,3.1929736221197134,100.0,IMRPhenomXP,20.0,72.47810096490267,38.2305619532484,34.24753901165426,174.81586186513564,75.6734590905111,(19.541903392681178-1.0847907604117897j),21.031257076418807,(13.516341966715146-1.4768682554332613j),11.749703731548971,0.2492449912007521,0.0,0,0,0.0,0,0,0.0,0.0,0.0,0.0,0.0,0.0,0.0,1.0,1.0,0.10461348590660324,451.5488712201483,34.609899698871544,31.004092787755393,28.50836616397494,65.61399248662694
30.741374942176485,0.8926363593169526,-0.8854950667525224,2.625513559473795,0.0001558866378753375,0.0,0.0,0.0,0.0,0.0,0.0,0.0,0.0,4.28498335823473,1126259462.4063697,647.5276256323226,262.2951014836961,2.7643596444392813,100.0,IMRPhenomXP,20.0,70.76184682166247,37.387978136064255,33.37386868559822,174.47259102427458,76.41004022786564,(19.46465533311699+2.0813640277357077j),19.916017206268727,(13.100126496966789+3.7477539259765944j),11.09293885462883,0.24919551099962586,0.0,0,0,0.0,0,0,0.0,0.0,0.0,0.0,0.0,0.0,0.0,1.0,1.0,0.13331367727047447,571.3578145952127,32.9899646372496,29.448041927789493,27.12521304447278,62.43800656503909
31.09965210393362,0.9168279937149819,-0.8601639355903145,2.6533059233478755,5.1588074770382195e-05,0.0,0.0,0.0,0.0,0.0,0.0,0.0,0.0,1.0715304985576724,1126259462.405994,647.5815163447079,262.3120933706509,2.7945621317628886,100.0,IMRPhenomXP,20.0,71.52907083932568,37.31637427763982,34.212696561685874,175.64374137628928,76.72044243453509,(19.627324156263345-0.05897681082177265j),20.23537715330059,(13.37963798999147+2.808256735795959j),11.213071758660659,0.24952931747178295,0.0,0,0,0.0,0,0,0.0,0.0,0.0,0.0,0.0,0.0,0.0,1.0,1.0,0.13332390883433742,571.400209301876,32.92648640583343,30.18792447154389,27.441097696351154,63.11441087737732
30.770831851908966,0.9980035759847865,-0.19996858399865153,2.658296013499266,-0.000175771054683823,0.0,0.0,0.0,0.0,0.0,0.0,0.0,0.0,4.002841295603894,1126259462.4114645,509.3471993464294,262.34005634255215,3.2016641570610984,100.0,IMRPhenomXP,20.0,70.69285020903635,35.3817435858156,35.31110662322075,173.92990674947563,75.92532037464896,(19.56749641537721+0.6289371086752461j),19.887939696586802,(13.425348577143371+0.835904400123514j),11.552017731792501,0.2499997503951285,0.0,0,0,0.0,0,0,0.0,0.0,0.0,0.0,0.0,0.0,0.0,1.0,1.0,0.10668284938436669,460.2467652205817,31.970987537665376,31.90715989035509,27.804561956504863,63.87814742802047
31.54190761411926,0.9257126607383109,-0.8306408657230783,2.6609739646729174,-8.49093001828252e-05,0.0,0.0,0.0,0.0,0.0,0.0,0.0,0.0,4.137502213489247,1126259462.405693,657.6510685468221,262.35383400657696,2.827864703321059,100.0,IMRPhenomXP,20.0,72.52905452427507,37.66348739508609,34.865567129188975,175.49462744052624,76.04556644687351,(19.416724879721976-2.7609526589710387j),20.103454330853932,(13.593842466789374+0.5562334874462301j),10.980819659353209,0.24962796256251915,0.0,0,0,0.0,0,0,0.0,0.0,0.0,0.0,0.0,0.0,0.0,1.0,1.0,0.13523358561317436,579.3090316445463,33.176861460404105,30.712240697457005,27.784508856899713,63.88910215786112
31.12501059491992,0.913194207940365,-0.16514833788000402,2.6058831832524856,0.00017474161833411922,0.0,0.0,0.0,0.0,0.0,0.0,0.0,0.0,3.9450777694254433,1126259462.4123807,490.4746866018952,262.3542854238924,3.208093131783504,100.0,IMRPhenomXP,20.0,71.59496611435087,37.421692903526974,34.17327321082389,174.96251491342574,75.90539187709442,(19.608408385121752+1.018902973181286j),19.750349851084295,(13.364897820280964-2.3095570068063873j),11.43938048466308,0.24948534131953948,0.0,0,0,0.0,0,0,0.0,0.0,0.0,0.0,0.0,0.0,0.0,1.0,1.0,0.10298105039861029,444.68097178410386,33.92777499668105,30.98264761527307,28.218989422956575,64.91042261195412
31.399262220465953,0.885281123056264,-0.9997602657988067,2.453887955753444,-0.00015694597281585426,0.0,0.0,0.0,0.0,0.0,0.0,0.0,0.0,4.418679542190441,1126259462.4069142,592.0795170708095,262.358908162111,2.6065393573872555,100.0,IMRPhenomXP,20.0,72.29729762635574,38.34828490148634,33.9490127248694,174.7213394460816,76.39059511488111,(19.457089145957777-2.334411936713556j),21.318057678592808,(13.364680082105503-1.1689575455924988j),12.364524920293432,0.24907432711153274,0.0,0,0,0.0,0,0,0.0,0.0,0.0,0.0,0.0,0.0,0.0,1.0,1.0,0.12272439591179768,527.3596257734317,34.15645463937974,30.238064522770436,27.96702586565395,64.39451916215019
30.980942434936132,0.8509684308295653,-1.1504744942854377,2.256018129477212,-3.8549882422668545e-05,0.0,0.0,0.0,0.0,0.0,0.0,0.0,0.0,4.761863736558274,1126259462.4080274,573.8622380668824,262.36433210625023,2.325437521510067,100.0,IMRPhenomXP,20.0,71.4538064854081,38.60347118582892,32.85033529957918,174.52923891194774,76.84013308846113,(19.20800358295314-4.004200777407119j),20.952105091391118,(13.553205400464902+0.5836401111619399j),13.291353338629765,0.24837931529450608,0.0,0,0,0.0,0,0,0.0,0.0,0.0,0.0,0.0,0.0,0.0,1.0,1.0,0.11921750406610113,512.7352244305275,34.491482706071935,29.351162915371123,27.680895198996453,63.84264562144305
31.29297072344312,0.8857093203722031,-0.2555842987755449,2.678889948863046,6.36739237913135e-05,0.0,0.0,0.0,0.0,0.0,0.0,0.0,0.0,3.9344969926999585,1126259462.4101453,534.4983488487751,262.39008773821047,3.1887689807714503,100.0,IMRPhenomXP,20.0,72.05129021532713,38.20911814823378,33.84217206709335,175.24392823928375,76.17297898362514,(19.487319394153467-2.3144852205912327j),19.95500804327959,(13.480149480999875-0.7580990115816201j),11.207243888589066,0.24908164172440367,0.0,0,0,0.0,0,0,0.0,0.0,0.0,0.0,0.0,0.0,0.0,1.0,1.0,0.11159123165894581,480.8407386011522,34.37335331550812,30.44479940399231,28.151509144905084,64.81815271950043
30.70446119623889,0.9930354274350771,-1.0167870350068064,2.4861395622463722,-3.411383686070693e-06,0.0,0.0,0.0,0.0,0.0,0.0,0.0,0.0,1.3253495061501581,1126259462.4071112,618.0990691093991,262.3931979462568,2.5795305658055483,100.0,IMRPhenomXP,20.0,70.54084496932082,35.39367338798531,35.147171581335506,173.72909132684555,76.25931646919085,(19.480047571650893+1.8280635264332652j),20.34947117485331,(13.134871050631826+3.0930411042394677j),11.992830722285678,0.24999694719610677,0.0,0,0,0.0,0,0,0.0,0.0,0.0,0.0,0.0,0.0,0.0,1.0,1.0,0.12770918718014246,548.1014770480894,31.38546159802763,31.166875273244564,27.227286560479268,62.552336871272196
30.89289211225242,0.8969311407526016,-0.9391531470614418,2.5408032622209906,-9.571711538514045e-05,0.0,0.0,0.0,0.0,0.0,0.0,0.0,0.0,1.219431040205971,1126259462.4067354,649.4017136292118,262.3994696267195,2.6949589862346572,100.0,IMRPhenomXP,20.0,71.09924442774063,37.48119417741871,33.61805025032193,175.4540704881141,76.78160380445166,(19.59051599938171+0.8151262188072629j),19.536806372746977,(13.417126166925389+1.3725531781429046j),11.007663850417647,0.24926193975148583,0.0,0,0,0.0,0,0,0.0,0.0,0.0,0.0,0.0,0.0,0.0,1.0,1.0,0.13366940419422932,572.8316439247044,33.06183799152538,29.654192065116558,27.25035358452666,62.71603005664193
31.026107699126577,0.8406195767456007,-1.1184512445204773,1.3203702687883636,0.00021961163437228255,0.0,0.0,0.0,0.0,0.0,0.0,0.0,0.0,5.598934785165313,1126259462.4139752,467.62607388703753,262.4011936410481,2.3941442818053327,100.0,IMRPhenomXP,20.0,71.60188240623629,38.900967538786894,32.70091486744939,174.51202947413472,76.64613781261984,(19.519996195807476+0.29065128470080315j),19.54075055319603,(13.353321236865671+2.4511179614417733j),14.210385063493316,0.24812551535765826,0.0,0,0,0.0,0,0,0.0,0.0,0.0,0.0,0.0,0.0,0.0,1.0,1.0,0.09847741694788269,425.7038607487914,35.4135341688436,29.76931010407917,28.244647746453047,65.18284427292276
30.886334513514946,0.8024442900061062,-0.33107418792990934,2.6665372051375216,-0.00017105535710424237,0.0,0.0,0.0,0.0,0.0,0.0,0.0,0.0,3.9009726008426915,1126259462.4095376,503.7502037697169,262.4226530002278,3.165956031092347,100.0,IMRPhenomXP,20.0,71.47458733602525,39.654256019076804,31.820331316948447,174.62665630533726,76.06810202772135,(19.40131836879465+2.8539339864644075j),21.406836394227717,(13.654321963559525+0.6791030870633108j),11.19433218624381,0.2469967223700102,0.0,0,0,0.0,0,0,0.0,0.0,0.0,0.0,0.0,0.0,0.0,1.0,1.0,0.1055867017297626,455.640612210661,35.867160808858436,28.781398389799243,27.936600960549956,64.64855919865768
31.36011516402783,0.9294666646186662,-1.122477456996678,2.2332618900489094,-0.00023628610985192687,0.0,0.0,0.0,0.0,0.0,0.0,0.0,0.0,4.649250354966081,1126259462.40821,586.5412139121349,262.4312398697133,2.3858163888777684,100.0,IMRPhenomXP,20.0,72.10445414639119,37.37014765198946,34.73430649440173,175.60995998434842,76.71927997586599,(19.54750381532633+0.2652378683985909j),20.57200875527823,(13.413628890536295+1.7890040042750597j),12.886498658233215,0.24966591706541988,0.0,0,0,0.0,0,0,0.0,0.0,0.0,0.0,0.0,0.0,0.0,1.0,1.0,0.1216597345088091,522.9225906974467,33.316830855441545,30.96688365087152,27.958670708421995,64.28371450631306
30.794615043419054,0.8559059780621532,-0.9272198137579265,2.5965225600574677,-0.00023781497773834622,0.0,0.0,0.0,0.0,0.0,0.0,0.0,0.0,4.369434777912755,1126259462.4064128,603.6830613915791,262.4462687294524,2.7110674696176913,100.0,IMRPhenomXP,20.0,71.0045710989008,38.25871134541003,32.74585975349077,174.3617215453459,76.61937014065322,(19.573083383683567-0.7882914791428355j),21.297112257515323,(13.495073791821726+1.849873010454506j),12.068798822972788,0.2484929766049953,0.0,0,0,0.0,0,0,0.0,0.0,0.0,0.0,0.0,0.0,0.0,1.0,1.0,0.12495085454249241,536.6306091757693,34.009229106252384,29.1087025013268,27.374186986988825,63.11793160757919
31.3058277040675,0.7634524087457164,-1.071906356696683,2.368332622338985,8.986923349797374e-05,0.0,0.0,0.0,0.0,0.0,0.0,0.0,0.0,4.426054749346467,1126259462.4072633,616.636948684264,262.45173193044786,2.4845912957762284,100.0,IMRPhenomXP,20.0,72.70972486310785,41.23146420198762,31.478260661120228,174.02393729507236,76.22203244250115,(19.53449933080061+0.3688771376525548j),19.96079356108177,(13.390558358179236+1.7674091143788269j),12.086171083110571,0.24550168792804766,0.0,0,0,0.0,0,0,0.0,0.0,0.0,0.0,0.0,0.0,0.0,1.0,1.0,0.12742981712729357,546.9404298677483,36.57120254903844,27.92037267679088,27.76742927008545,64.49157522582932
30.605290520393257,0.746270965568958,-0.24866860060785248,2.6684091599561572,-0.0001272808780155341,0.0,0.0,0.0,0.0,0.0,0.0,0.0,0.0,3.9638286259340494,1126259462.410583,506.79823561811673,262.4614579307495,3.1905505292341108,100.0,IMRPhenomXP,20.0,71.21845355526001,40.7831630711767,30.435290484083307,173.73675546209722,75.67885418371108,(19.567023590457016+0.6653360031597851j),20.25501019602978,(13.500993323306249+0.6013207922343513j),11.332867663452733,0.24472214960437555,0.0,0,0,0.0,0,0,0.0,0.0,0.0,0.0,0.0,0.0,0.0,1.0,1.0,0.10618382215688339,458.1501089426858,36.86834163932717,27.513772914106905,27.667454456816937,64.38211455343408
31.288613620889006,0.8518699482410448,-0.9348976843839737,2.5361734843781196,-7.082178084991158e-05,0.0,0.0,0.0,0.0,0.0,0.0,0.0,0.0,4.300317276587067,1126259462.4066029,564.4079432269866,262.4664894733152,2.700749494963306,100.0,IMRPhenomXP,20.0,72.15973382147075,38.965875487104256,33.193858334366496,174.76830833339287,76.41968187154211,(19.551879342360305+0.457599697847532j),22.618485770696164,(13.529066854076728+0.9666732809914287j),12.682343167280703,0.24840042212059665,0.0,0,0,0.0,0,0,0.0,0.0,0.0,0.0,0.0,0.0,0.0,1.0,1.0,0.1173919609891841,505.11187052362965,34.87216379524448,29.706548367308148,28.001466551800142,64.57871216255263
30.999144431011928,0.8113046289527821,-0.19134768559795215,2.664741489293453,-0.00010737949039938798,0.0,0.0,0.0,0.0,0.0,0.0,0.0,0.0,0.6290056475686512,1126259462.4110732,478.66972516436095,262.4749471689364,3.203372775842843,100.0,IMRPhenomXP,20.0,71.68513899288843,39.576522826165174,32.108616166723245,173.9818927097069,76.11795407156171,(19.308193710010478+3.0766512019310333j),21.172576815678518,(13.170927371702598+3.136686554134683j),12.448584107124601,0.2472868143738665,0.0,0,0,0.0,0,0,0.0,0.0,0.0,0.0,0.0,0.0,0.0,1.0,1.0,0.10065723222816848,434.89445496475514,35.95717328458973,29.172221129844957,28.16421272974995,65.1293944144347
31.065899051663614,0.7694882814478398,-0.8628188462284058,2.581641875262931,0.00014681341869035737,0.0,0.0,0.0,0.0,0.0,0.0,0.0,0.0,1.1122227691137332,1126259462.4063406,600.278720057855,262.50759042152634,2.7914689826006054,100.0,IMRPhenomXP,20.0,72.10741878422883,40.750435897336786,31.35698288689204,175.01334306894645,76.48619361746067,(19.526338834004868-1.8327939762383587j),21.04057583669911,(13.427535049209931-1.1750135593238435j),11.342611984331462,0.24575741410143478,0.0,0,0,0.0,0,0,0.0,0.0,0.0,0.0,0.0,0.0,0.0,1.0,1.0,0.12429821913992803,533.9141409161415,36.24521964333474,27.890271774049133,27.631369082331716,64.13549141738388
31.151840032483967,0.9004742956852625,-0.005087009160760865,2.574911363942644,0.00019183133647336648,0.0,0.0,0.0,0.0,0.0,0.0,0.0,0.0,3.7319229948837234,1126259462.4147115,470.43716899518614,262.5234727720153,3.221779623401611,100.0,IMRPhenomXP,20.0,71.68615912767238,37.72014138282475,33.96601774484764,173.71834431808145,76.3828470331984,(19.37966066712119+2.2987478728610773j),18.87028680575993,(13.336185429861107+1.7771316472609486j),12.94739856033244,0.24931437518481642,0.0,0,0,0.0,0,0,0.0,0.0,0.0,0.0,0.0,0.0,0.0,1.0,1.0,0.0990328157072104,428.04651491875734,34.321214838842124,30.905371759068938,28.344776959583545,65.22658659791105
31.00159405921931,0.9307343152191055,-1.0107213479747206,2.4530190247072112,-0.00017158105500426958,0.0,0.0,0.0,0.0,0.0,0.0,0.0,0.0,1.287383073189838,1126259462.4071882,595.9062311989843,262.5239328117598,2.5892694814108808,100.0,IMRPhenomXP,20.0,71.27801686557952,36.91756877356306,34.36044809201645,175.65694856375134,76.88003659256502,(19.51134327689973+1.9005415646184394j),21.020300738824968,(13.303964177472992+2.1082464898386557j),12.29256361353633,0.24967824060097088,0.0,0,0,0.0,0,0,0.0,0.0,0.0,0.0,0.0,0.0,0.0,1.0,1.0,0.12345927654548142,530.4208546944865,32.86062035740244,30.584506986021957,27.594764408858627,63.4451273434244
31.528275414415216,0.9256464264708171,-1.026531252477648,2.5126699624123163,0.00013947104753785674,0.0,0.0,0.0,0.0,0.0,0.0,0.0,0.0,4.28880063264311,1126259462.4062998,641.9179685478119,262.5339137641257,2.563606063724701,100.0,IMRPhenomXP,20.0,72.49782807808943,37.64856677814842,34.849261299941006,175.1615594199022,76.241722496489,(19.549592288202437-1.604516892378672j),20.20676458659684,(13.396889902517263+1.851267352316753j),12.00358378170421,0.2496272732136645,0.0,0,0,0.0,0,0,0.0,0.0,0.0,0.0,0.0,0.0,0.0,1.0,1.0,0.13224804715724817,566.9411135918843,33.25116512470322,30.778822173672594,27.84573176661573,64.02998729837581
30.803886895953905,0.7493617649014698,-1.0938000695519425,2.2884789160806838,-7.308241751327729e-05,0.0,0.0,0.0,0.0,0.0,0.0,0.0,0.0,4.58454728585554,1126259462.4079227,584.9140243747274,262.5864340749866,2.4433331969051366,100.0,IMRPhenomXP,20.0,71.6549435447228,40.960620600255695,30.694322944467107,174.37079052769192,76.64946884421023,(19.588930725646506+0.5734552523382948j),20.329680950426955,(13.30480577909871+1.3385004358904309j),12.496601423250954,0.2448681329584571,0.0,0,0,0.0,0,0,0.0,0.0,0.0,0.0,0.0,0.0,0.0,1.0,1.0,0.12134668552770252,521.617476624799,36.52806141838261,27.372732572908482,27.470440046342745,63.900793991291096
31.450211383652395,0.9278362594988225,-0.10178277905840848,2.586354188415812,4.676105549903628e-05,0.0,0.0,0.0,0.0,0.0,0.0,0.0,0.0,0.7159627530615706,1126259462.4131844,471.04789194448745,262.59415393491184,3.216603726772127,100.0,IMRPhenomXP,20.0,72.31442506505488,37.510667572906,34.80375749214888,174.38340616845775,75.60908416028057,(19.59812074459249-0.9301439041589348j),19.902862018504727,(13.10837247616333-3.335803070608554j),12.277439021775029,0.24964970189159602,0.0,0,0,0.0,0,0,0.0,0.0,0.0,0.0,0.0,0.0,0.0,1.0,1.0,0.0991534305431761,428.5551770158593,34.12687121794189,31.66414853925323,28.613122162672443,65.79101975719512
30.72742297891074,0.9516733232746781,-1.1252317711979654,2.268087000323753,0.00016092582335388607,0.0,0.0,0.0,0.0,0.0,0.0,0.0,0.0,1.6985402071315765,1126259462.408416,608.75392615371,262.59612409600993,2.380069699035114,100.0,IMRPhenomXP,20.0,70.619063266209,36.18385434900474,34.43520891720426,173.7990332924531,76.43875014160528,(19.41721660826655-1.8405042688448006j),19.686127842762158,(13.532979804157556+0.9823584696203291j),12.336416333278903,0.2498467150138534,0.0,0,0,0.0,0,0,0.0,0.0,0.0,0.0,0.0,0.0,0.0,1.0,1.0,0.1259220816386445,540.6714512445978,32.137085628823876,30.584007080745717,27.29089648387628,62.72109270956959
30.731768250240357,0.9207408712827463,-0.12051201514128633,2.62124674479311,-0.0002297085029548064,0.0,0.0,0.0,0.0,0.0,0.0,0.0,0.0,3.978761081133502,1126259462.41295,460.47938623863513,262.6016270457416,3.2145133442044598,100.0,IMRPhenomXP,20.0,70.6752949822126,36.79585103794499,33.879443944267614,173.02215267232742,75.78688549252537,(19.54452829642228+0.9351172135049809j),20.644773688673215,(13.419115169321314+0.2395353000398478j),12.69711435868306,0.24957430255765126,0.0,0,0,0.0,0,0,0.0,0.0,0.0,0.0,0.0,0.0,0.0,1.0,1.0,0.09706374179899661,419.7380405560633,33.54030366330957,30.88192841804354,28.01274627839356,64.42223208135312
30.75315214646498,0.7887955186828195,-0.7896118063011993,2.642647257442816,0.00013571367456094967,0.0,0.0,0.0,0.0,0.0,0.0,0.0,0.0,4.16758134893952,1126259462.4063206,614.4749840952346,262.62459724981323,2.8709875242323415,100.0,IMRPhenomXP,20.0,71.24982695777327,39.83117478415762,31.418652173615648,175.03186894453478,76.24953510597298,(19.54041310673709+1.5866773454845935j),20.559395965368413,(13.427821268090948+1.899895437090369j),10.861444399069915,0.24651482275507902,0.0,0,0,0.0,0,0,0.0,0.0,0.0,0.0,0.0,0.0,0.0,1.0,1.0,0.127016566846207,545.2226744320718,35.34213777852388,27.877719900370412,27.287222789034264,63.21985767889429
30.970493167324417,0.8667124497599114,0.008057424334068738,2.557445563382539,0.00016807070360760608,0.0,0.0,0.0,0.0,0.0,0.0,0.0,0.0,3.833086188539257,1126259462.4152648,504.75769017232994,262.7060855167012,3.221760100893821,100.0,IMRPhenomXP,20.0,71.37005127637954,38.233018312787735,33.13703296359181,173.5707913107321,76.2917722498141,(19.539634527711474+0.48803047607565997j),17.18919876594883,(13.44676782634443-0.20648255143510424j),11.939807425061739,0.24872542812030982,0.0,0,0,0.0,0,0,0.0,0.0,0.0,0.0,0.0,0.0,0.0,1.0,1.0,0.10578411859370852,456.47037379264395,34.575481479523276,29.967000254746058,28.007721079148286,64.54248173426933
31.48394339214788,0.9206133165905982,-0.09111866017045131,2.5874920720780814,0.00021384211118347557,0.0,0.0,0.0,0.0,0.0,0.0,0.0,0.0,3.7064029876603017,1126259462.4131234,460.1105800801749,262.709865972058,3.2176354999776544,100.0,IMRPhenomXP,20.0,72.40535615859471,37.69908056616312,34.706275592431595,174.52007060199801,75.69213245895656,(19.445854065779777+1.9026213500254991j),20.319600893622734,(13.553981421251502-1.0760428143148588j),12.698523774892028,0.2495728745451906,0.0,0,0,0.0,0,0,0.0,0.0,0.0,0.0,0.0,0.0,0.0,1.0,1.0,0.09699072380581139,419.42978255368837,34.3659064275156,31.637711093877286,28.700282243882626,66.00361752139288
30.6571038587026,0.7151335497708127,-0.8860472681592239,2.5911220998938207,9.206927344670345e-05,0.0,0.0,0.0,0.0,0.0,0.0,0.0,0.0,4.289485425534823,1126259462.4063764,613.1437855211964,262.7109327619415,2.763683760771144,100.0,IMRPhenomXP,20.0,71.62363595278843,41.759801131730676,29.863834821057758,174.756702273625,76.3611459311491,(19.568490524609405-0.35667450933896505j),20.437821733132726,(13.549721088933513+0.8523407680414551j),11.236052195333242,0.24310353189946576,0.0,0,0,0.0,0,0,0.0,0.0,0.0,0.0,0.0,0.0,0.0,1.0,1.0,0.12676201749344101,544.1644068137825,37.06177567524703,26.504119199448965,27.20814456179613,63.56589487469599
30.83183070689131,0.9779091233085867,-1.1639908524371068,2.0002148295959112,1.5086708592496891e-05,0.0,0.0,0.0,0.0,0.0,0.0,0.0,0.0,1.8615564422255138,1126259462.4097028,592.825366090668,262.73641046023226,2.2946368524279794,100.0,IMRPhenomXP,20.0,70.83824847076623,35.81471344460464,35.02353502616158,174.4704777672936,76.74794371549072,(19.576379663316857-0.17789723251252415j),19.00870257063911,(13.335894435789621+1.3132439894813785j),12.41095427059487,0.24996881446174674,0.0,0,0,0.0,0,0,0.0,0.0,0.0,0.0,0.0,0.0,0.0,1.0,1.0,0.12286767705858284,527.9565711488302,31.89575599720117,31.191150784487597,27.458115801905603,63.086906781688775
31.14243507935976,0.8523958168184393,-0.2809263211243967,2.689997905576202,0.00010985983074578132,0.0,0.0,0.0,0.0,0.0,0.0,0.0,0.0,3.9131691521805747,1126259462.4097319,520.2289416368152,262.740393164272,3.1818025465211486,100.0,IMRPhenomXP,20.0,71.82048471302629,38.77167291188377,33.04881180114253,175.10395164391264,76.23640555830158,(19.577433439524608-1.089911046414872j),20.779286185980233,(13.545588717168492+0.49560542500899135j),11.55429840478771,0.24841266074278578,0.0,0,0,0.0,0,0,0.0,0.0,0.0,0.0,0.0,0.0,0.0,1.0,1.0,0.10880994694415255,469.1777344741607,34.96692378954333,29.80565956521591,28.08635976362531,64.77258335475923
31.170049679858934,0.816111606807583,-1.1895233673739571,2.020039090715792,-0.00010155802108786533,0.0,0.0,0.0,0.0,0.0,0.0,0.0,0.0,4.883532190545193,1126259462.4092379,614.5832468374222,262.7507002319277,2.233206156118623,100.0,IMRPhenomXP,20.0,72.05411736460042,39.674939081117024,32.379178283483384,175.0096951561591,76.74242164320135,(19.510876330762446+0.5713719002460063j),18.575952250147008,(13.127470971477068+3.699317829531851j),12.182600419940671,0.24743691165025183,0.0,0,0,0.0,0,0,0.0,0.0,0.0,0.0,0.0,0.0,0.0,1.0,1.0,0.1270372646410043,545.3087176290167,35.202863583889304,28.72946556367605,27.656627387371742,63.93232914756536
30.682188184167543,0.6668116868317271,-1.0085421169141178,2.499000970040011,-0.0001593741239084384,0.0,0.0,0.0,0.0,0.0,0.0,0.0,0.0,1.25299867746811,1126259462.4065034,621.7025539219974,262.75486954531067,2.592736435665337,100.0,IMRPhenomXP,20.0,72.23509558154007,43.33728648066082,28.897809100879243,174.24333138346586,76.4054166177933,(19.270865015825684-3.477231807157492j),19.829315940087923,(13.52018098967307-0.3836319198646619j),11.611301438810148,0.24001043781830705,0.0,0,0,0.0,0,0,0.0,0.0,0.0,0.0,0.0,0.0,0.0,1.0,1.0,0.12839733630815867,550.9606693918623,38.40605173923032,25.609604144782754,27.190943470809838,64.01565588401307
31.568413053396597,0.9492675575807701,-0.981464585878284,2.5028681230741845,0.00023406566457390994,0.0,0.0,0.0,0.0,0.0,0.0,0.0,0.0,1.0726522962079426,1126259462.406567,660.3226319364684,262.7605845544118,2.6344559032453363,100.0,IMRPhenomXP,20.0,72.55466027648554,37.22149891343439,35.33316136305115,175.21265423834234,76.24252547780505,(19.350558414429077+2.94201033993376j),19.48489874321112,(13.128509404278113+3.1306930859423705j),11.222795331992192,0.24983065645713493,0.0,0,0,0.0,0,0,0.0,0.0,0.0,0.0,0.0,0.0,0.0,1.0,1.0,0.1357395682139577,581.4032090556168,32.77291727360367,31.110267135110384,27.795468201429735,63.88318440871405
31.022890351685092,0.8871931304467509,-0.38605974050779085,2.6923090783903247,0.00013260029734847887,0.0,0.0,0.0,0.0,0.0,0.0,0.0,0.0,0.9407836318812894,1126259462.40875,543.7304792125977,262.76066927163356,3.1453433006356653,100.0,IMRPhenomXP,20.0,71.42511890287038,37.84727580370223,33.57784309916815,175.3296521048715,76.06560361611184,(19.383541411260577-3.105697412131385j),20.844306630308537,(13.509458039698037-1.917695982276823j),10.860332737811097,0.24910673892458723,0.0,0,0,0.0,0,0,0.0,0.0,0.0,0.0,0.0,0.0,0.0,1.0,1.0,0.11338589291650976,488.357613753537,33.99295432472334,30.15831556048472,27.863556156994914,64.15126988520807
30.707893316508276,0.8086233380128804,-1.1480299069252646,2.180460436526889,3.212484480933031e-05,0.0,0.0,0.0,0.0,0.0,0.0,0.0,0.0,1.719555949593345,1126259462.4087787,621.1346618164275,262.7633321070088,2.3308890234702986,100.0,IMRPhenomXP,20.0,71.02643500653728,39.270993309515426,31.75544169702186,173.8081567013318,76.53363255177598,(19.487613616333217-0.5247737573412755j),18.788150841560885,(13.444828951921938+1.9572167955825146j),11.961341353447807,0.2472008788346943,0.0,0,0,0.0,0,0,0.0,0.0,0.0,0.0,0.0,0.0,0.0,1.0,1.0,0.1282889228541737,550.5102899754493,34.80579531896284,28.14477839301282,27.216338558769255,62.950573711975665
31.06992920056448,0.886595585048779,-1.1178568178590558,2.3535703187744166,0.00020826873943103328,0.0,0.0,0.0,0.0,0.0,0.0,0.0,0.0,4.635808434944532,1126259462.4075038,577.2650309567805,262.76685484149334,2.3953665821100723,100.0,IMRPhenomXP,20.0,71.53515155093409,37.91758664010894,33.61756491082515,175.70322897640511,76.99158520116663,(19.344477564311543-3.3099080101709513j),21.387417588468864,(13.546149852626643+1.0115613154247822j),13.311164577767977,0.2490966785854292,0.0,0,0,0.0,0,0,0.0,0.0,0.0,0.0,0.0,0.0,0.0,1.0,1.0,0.11987362053017815,515.4733708503882,33.858808659282225,30.019070272330993,27.744138830464763,63.87787893161322
31.22323168107117,0.871534625536751,-1.1122248461528568,1.2966843966163022,-3.700026104107545e-05,0.0,0.0,0.0,0.0,0.0,0.0,0.0,0.0,2.3698749334353146,1126259462.413929,471.59627929487556,262.76828113421715,2.4068564920380435,100.0,IMRPhenomXP,20.0,71.93570491837617,38.43674807659261,33.498956841783574,173.86532389997964,76.45822115318735,(19.60765709324252+0.6576196916293675j),19.29875542193347,(13.174154841780188+2.6441966292504113j),14.102834685918761,0.24882207822544078,0.0,0,0,0.0,0,0,0.0,0.0,0.0,0.0,0.0,0.0,0.0,1.0,1.0,0.09926171835918417,429.0118264952559,34.96596618862096,30.474050248730464,28.403819727004237,65.44001643735142
31.08763985866943,0.8328228875913399,-1.1891799534180807,1.7101466001549945,-0.00013935054995215762,0.0,0.0,0.0,0.0,0.0,0.0,0.0,0.0,2.0225068611077397,1126259462.4108858,498.06577637425414,262.7747637598252,2.2340623604285295,100.0,IMRPhenomXP,20.0,71.77955480107943,39.16338850144474,32.61616629963469,174.1521408361157,76.6258974365883,(19.57793738610011+0.872922927428361j),21.143808212609322,(13.138008208144473+3.1774258217586717j),14.408523291040867,0.24792005117979926,0.0,0,0,0.0,0,0,0.0,0.0,0.0,0.0,0.0,0.0,0.0,1.0,1.0,0.10447197686425695,450.95374811797586,35.45892455563682,29.531003939308928,28.1470607764367,64.98992849494574
31.077918764396106,0.9715201171706047,-1.0931822182892894,2.234496289432864,-0.00021406461365210903,0.0,0.0,0.0,0.0,0.0,0.0,0.0,0.0,1.5755912043967437,1126259462.4086187,611.9906907731659,262.78925205099455,2.4445278272091526,100.0,IMRPhenomXP,20.0,71.40724931366206,36.21938660009263,35.18786271356942,174.60647290371944,76.9720438715655,(19.331091851667672+2.063235228631297j),19.489999878634165,(13.433293613260098+1.619175427680566j),12.025801753826363,0.24994783082375302,0.0,0,0,0.0,0,0,0.0,0.0,0.0,0.0,0.0,0.0,0.0,1.0,1.0,0.12654146602171892,543.247369395741,32.15095732605226,31.235301828553396,27.587017168702197,63.38625915460565
30.729901513074992,0.7481479753943259,-0.2302008475403659,2.6602169340317072,2.190979610496599e-05,0.0,0.0,0.0,0.0,0.0,0.0,0.0,0.0,0.7736851836777329,1126259462.4107811,500.57676945392626,262.80861821421047,3.1950589696227256,100.0,IMRPhenomXP,20.0,71.49283107935733,40.896326904609346,30.59650417474798,173.54141171221437,75.81673357184168,(19.57777771748949+0.6046013342446926j),20.29229102948103,(13.556929559023045+0.22493434643154392j),11.458678304412976,0.24481110935096223,0.0,0,0,0.0,0,0,0.0,0.0,0.0,0.0,0.0,0.0,0.0,1.0,1.0,0.10496456835176975,453.0251796573055,37.011437358224725,27.690031925989746,27.81075737017842,64.70146928421447
31.082906734167025,0.9191388520972089,-0.42706395024584365,2.686023150211346,0.00011114310872838308,0.0,0.0,0.0,0.0,0.0,0.0,0.0,0.0,0.805479652278024,1126259462.4082563,588.1700592970883,262.8141055015643,3.1276860196913576,100.0,IMRPhenomXP,20.0,71.48593928722636,37.248966748345225,34.23697253888113,175.2912745676939,76.28967196194696,(19.583660105829146+0.8256896583400095j),19.59001207600445,(13.685380896526919+0.04046067310206841j),9.95440598409413,0.24955617984784093,0.0,0,0,0.0,0,0,0.0,0.0,0.0,0.0,0.0,0.0,0.0,1.0,1.0,0.12197299095804223,524.2283581104467,33.19952177862916,30.514970337785496,27.703792323579574,63.71449211641466
31.16486162715102,0.8638343530092649,-0.6737394484422171,2.6819554421749916,-0.00021955969758374563,0.0,0.0,0.0,0.0,0.0,0.0,0.0,0.0,0.8869341957364486,1126259462.4063492,573.9437326280668,262.82706380837084,2.975244814382795,100.0,IMRPhenomXP,20.0,71.82831768983885,38.53792992594434,33.290387763894515,175.38217974972304,76.50025245104807,(19.611704401309332+0.881783803726413j),22.01404830302133,(13.557641196726427+1.3691404774925808j),11.263275709164487,0.24866567847402765,0.0,0,0,0.0,0,0,0.0,0.0,0.0,0.0,0.0,0.0,0.0,1.0,1.0,0.11923322328402625,512.8008357091549,34.43243921304204,29.743923850129008,27.84483249675868,64.17636306317104
31.258134013675793,0.8551134691553468,-1.0575940950667035,2.4224903567366654,0.00017247804739103256,0.0,0.0,0.0,0.0,0.0,0.0,0.0,0.0,4.456259625828225,1126259462.407192,604.6090415243677,262.8297825805647,2.5104192285294324,100.0,IMRPhenomXP,20.0,72.07644780762914,38.85285132474744,33.223596482881696,175.6754117618429,76.86833314997932,(19.52043273097806+0.6701378346320035j),20.757026539798513,(13.37497186232242+2.556985784801093j),12.48371961342154,0.24847505184439903,0.0,0,0,0.0,0,0,0.0,0.0,0.0,0.0,0.0,0.0,0.0,1.0,1.0,0.1251282868834078,537.3689779142528,34.531930072053726,29.528718520543705,27.781839971564896,64.06064859259743
30.723856641861794,0.771584252834014,-1.1751834703484019,2.030434058858463,0.00018657061066837491,0.0,0.0,0.0,0.0,0.0,0.0,0.0,0.0,1.7794598339108694,1126259462.4093451,564.1141761026781,262.8522864595101,2.268251006100007,100.0,IMRPhenomXP,20.0,71.29841743611912,40.24556964878335,31.052847787335775,174.03578085257817,76.63402210933012,(19.56538415519195+0.29861925068249756j),19.9326574466871,(13.260466779900204+2.5876101737346056j),13.002691565301097,0.24584406765964742,0.0,0,0,0.0,0,0,0.0,0.0,0.0,0.0,0.0,0.0,0.0,1.0,1.0,0.11733517609753358,504.87462517924564,36.01924517345569,27.791882374805976,27.497439711125562,63.81112754826166
31.1696560719397,0.7684635107265775,-0.8430157448189168,2.6404689353968247,4.784907661718426e-05,0.0,0.0,0.0,0.0,0.0,0.0,0.0,0.0,0.9333421430073486,1126259462.4058535,640.7787756291947,262.8533678857456,2.814146287801278,100.0,IMRPhenomXP,20.0,72.35580570831775,40.914503052760296,31.441302655557447,175.47576860296803,76.33349930101375,(19.559459202098807+1.443384229308061j),20.141607844749238,(13.294845682183443+2.8925408482452073j),10.974310141394517,0.2457146461341626,0.0,0,0,0.0,0,0,0.0,0.0,0.0,0.0,0.0,0.0,0.0,1.0,1.0,0.1320314877197985,566.0432427863052,36.1425485921532,27.774229777731964,27.534265972339135,63.916778369885165
30.78556801954543,0.8351000843520672,-0.8679091165640334,2.602310401318262,-0.0001897746331835146,0.0,0.0,0.0,0.0,0.0,0.0,0.0,0.0,4.352980330399335,1126259462.4065194,582.8795235507052,262.871193177052,2.7854917726410555,100.0,IMRPhenomXP,20.0,71.07154569708888,38.7289752221785,32.34257047491038,174.6226081815272,76.35648761142915,(19.554399485748874-1.0712926793241098j),21.817528290623272,(13.578936345218471+0.25561310954673055j),11.90670917728149,0.2479813484234328,0.0,0,0,0.0,0,0,0.0,0.0,0.0,0.0,0.0,0.0,0.0,1.0,1.0,0.12095511575714965,519.9847085996446,34.549978565394206,28.852690014322814,27.463693761503826,63.402668579717016
30.921605534002687,0.7357891298204916,-1.0782688901656403,2.310441610189611,3.5397609740331955e-05,0.0,0.0,0.0,0.0,0.0,0.0,0.0,0.0,4.538776015360894,1126259462.4077752,582.7423069467707,262.871551805177,2.472824850683704,100.0,IMRPhenomXP,20.0,72.04541913471705,41.505859149012934,30.539559985704116,174.6620428646985,76.79651356046672,(19.562177542976546+0.605532778327847j),20.516636566615837,(13.374926903281331+1.0772148114534457j),12.48337967996172,0.24420774807102708,0.0,0,0,0.0,0,0,0.0,0.0,0.0,0.0,0.0,0.0,0.0,1.0,1.0,0.12092870062611598,519.8745508528953,37.028099223286056,27.24487290640847,27.58570238832393,64.27297212969452
30.895183871242317,0.7734367254828733,-0.730180737744191,2.6685094097606266,6.578580919527996e-05,0.0,0.0,0.0,0.0,0.0,0.0,0.0,0.0,0.9686556572625469,1126259462.406269,614.4015771656392,262.88016486097723,2.9274937966042005,100.0,IMRPhenomXP,20.0,71.68276479547215,40.42025507053503,31.262509724937118,175.31850940482994,76.37297670856603,(19.609854685243505+0.599566057189516j),20.512632017215473,(13.562643207169668+1.3819980324675074j),10.650710099429434,0.2459197418705297,0.0,0,0,0.0,0,0,0.0,0.0,0.0,0.0,0.0,0.0,0.0,1.0,1.0,0.12700253130499875,545.1643264899868,35.86527443175384,27.73952041504031,27.41358871258933,63.60479484679416
30.864531122349604,0.7084933472143411,-0.9932801181331313,2.497726886551649,-0.00020244984072871565,0.0,0.0,0.0,0.0,0.0,0.0,0.0,0.0,1.3188919458885986,1126259462.4067442,599.3554190399009,262.8872750833657,2.6165548799279152,100.0,IMRPhenomXP,20.0,72.17622577368995,42.24554101505377,29.930684758636176,175.1432155501889,76.70404978125158,(19.21005583201089-3.4336915702190476j),20.74065030528936,(13.580851248814438-0.8600754461437972j),12.024858337102334,0.2427220282408493,0.0,0,0,0.0,0,0,0.0,0.0,0.0,0.0,0.0,0.0,0.0,1.0,1.0,0.12412113396297807,533.1768996479586,37.580950787857965,26.62585361518692,27.456588253562806,64.20680440304488
30.979150068807794,0.9957924494533625,-0.7543356051997814,2.665175398850722,0.00021869189910171514,0.0,0.0,0.0,0.0,0.0,0.0,0.0,0.0,4.151009913068627,1126259462.4063785,639.0140893668075,262.88899911460925,2.905336026826787,100.0,IMRPhenomXP,20.0,71.17158724212712,35.660815963914814,35.5107712782123,175.03412130208895,76.59909519262757,(19.504700407407256+2.1356190621265347j),20.052857272124726,(13.37982147647651+2.693144090148185j),10.529491541695071,0.24999888886214894,0.0,0,0,0.0,0,0,0.0,0.0,0.0,0.0,0.0,0.0,0.0,1.0,1.0,0.13169592071130665,564.6517578655273,31.51095211291463,31.378368189126864,27.37409360752703,62.88932030204149
31.175685255208133,0.8210961925851552,-1.1248488842716906,2.331092399435777,0.00023853401373253403,0.0,0.0,0.0,0.0,0.0,0.0,0.0,0.0,1.411412549593674,1126259462.4074452,550.129477798346,262.8896403317997,2.3808710003335003,100.0,IMRPhenomXP,20.0,72.04088658441042,39.55907814081147,32.48180844359894,175.44087853801614,76.78624893677159,(19.53948814507992-1.8370168362808816j),22.311047111395776,(13.403449031556683+1.9563797760209225j),13.933668557648492,0.24758724401008336,0.0,0,0,0.0,0,0,0.0,0.0,0.0,0.0,0.0,0.0,0.0,1.0,1.0,0.11462762270546892,493.5544968728292,35.49084675004921,29.14139913808864,27.969596859206895,64.63224588813785
30.865236542760343,0.8823912422948437,-1.1728213079734018,1.845437158969273,-0.00017452577581751174,0.0,0.0,0.0,0.0,0.0,0.0,0.0,0.0,5.104345336290366,1126259462.4103687,559.9147296341514,262.91386259112363,2.2738883848676448,100.0,IMRPhenomXP,20.0,71.0762929263908,37.758512326980934,33.31778059940987,174.38699749026225,76.79230083356573,(19.60228441447342-0.6253951858831963j),19.342542752542062,(13.236284685875784+0.9068057551253134j),12.92012183066537,0.24902411296897214,0.0,0,0,0.0,0,0,0.0,0.0,0.0,0.0,0.0,0.0,0.0,1.0,1.0,0.11652301608318914,501.48068796347314,33.81794354713745,29.840657218415508,27.644066533475435,63.65860076555296
30.734965900318212,0.838941910372722,-1.0374014645472753,2.4457993625058645,0.00012853409894354078,0.0,0.0,0.0,0.0,0.0,0.0,0.0,0.0,4.619387287172773,1126259462.4073937,663.4955496193896,262.9413853975718,2.5454229156350134,100.0,IMRPhenomXP,20.0,70.93739140962157,38.57511268272948,32.36227872689209,173.99223313094447,76.47378791439559,(19.425477616094064-1.7700016370699239j),18.713879416373423,(13.58545053758957+0.5544156555092039j),11.133018557746615,0.24808235119484132,0.0,0,0,0.0,0,0,0.0,0.0,0.0,0.0,0.0,0.0,0.0,1.0,1.0,0.13634013992577435,583.8881560826115,33.94680107423575,28.479394144262116,27.047329246264077,62.42619521849786
31.214449437457436,0.9348564785437874,-1.0002004405903269,2.5348097704091757,-0.00012414414389648243,0.0,0.0,0.0,0.0,0.0,0.0,0.0,0.0,1.3000221784435095,1126259462.4064846,670.2980880698625,262.9426383627261,2.605853855351909,100.0,IMRPhenomXP,20.0,71.7607916599971,37.08843134143248,34.67236031856461,174.88616067381014,76.8895397644916,(19.17240169035573-4.188100679034087j),19.264473299918933,(13.609993322944108-0.20567721513828183j),11.294122945365576,0.24971660971389228,0.0,0,0,0.0,0,0,0.0,0.0,0.0,0.0,0.0,0.0,0.0,1.0,1.0,0.13762639281995265,589.2075763540377,32.60159185433237,30.47780935586298,27.43822544419257,63.07940121019536
31.02901654639907,0.7177162942307721,-1.0903421537416482,2.339956443857561,-0.00022961080997708545,0.0,0.0,0.0,0.0,0.0,0.0,0.0,0.0,4.494782488771909,1126259462.4074883,590.2229870794328,262.9514301692938,2.4499959866468846,100.0,IMRPhenomXP,20.0,72.46662741664615,42.187774349022035,30.27885306762412,174.0772663014255,76.49934272707277,(19.524574169835898+0.31746071423207517j),20.481152358057084,(13.400062976507934+2.0733617048632906j),12.53723243785874,0.24324836807323963,0.0,0,0,0.0,0,0,0.0,0.0,0.0,0.0,0.0,0.0,0.0,1.0,1.0,0.12236764665381815,525.8731259970643,37.58819534294219,26.977660268358836,27.64603616195436,64.56585561130102
31.00781879035279,0.9197889248681448,-1.1865657802324105,1.7697975636550842,2.1628812309564763e-06,0.0,0.0,0.0,0.0,0.0,0.0,0.0,0.0,2.0496829933315626,1126259462.4107766,479.9186325086711,262.9517159194951,2.2405522845549433,100.0,IMRPhenomXP,20.0,71.31197920634234,37.145739452184934,34.16623975415741,175.0558745007331,76.90884807020362,(19.568287217995902+0.26452323639372716j),22.309523697537177,(13.302648625186697+2.5095314493653373j),15.086440886477709,0.24956358293932376,0.0,0,0,0.0,0,0,0.0,0.0,0.0,0.0,0.0,0.0,0.0,1.0,1.0,0.10090338574928598,435.9316534535495,33.74114380337124,31.03473038272429,28.165794738880336,64.77587418609552
31.08894368613492,0.8262978911195564,-1.032651724762572,2.5011149802757684,-0.00020674003612672497,0.0,0.0,0.0,0.0,0.0,0.0,0.0,0.0,1.167830385506331,1126259462.4065406,630.7094537178299,262.9715621389657,2.553423291491135,100.0,IMRPhenomXP,20.0,71.8141328447295,39.32224485059555,32.49188799413394,175.73524904867995,76.8941254761969,(19.611765507636516+0.882711774194819j),20.185025929210212,(13.093714369960756+3.46082672578786j),12.022360890281957,0.24773844603271633,0.0,0,0,0.0,0,0,0.0,0.0,0.0,0.0,0.0,0.0,0.0,1.0,1.0,0.13011504978480656,558.0931368037756,34.79490416314975,28.750955931717712,27.509538689936743,63.54586009486747
31.564164811194736,0.9827013280784838,-1.0821852868335995,2.3872202248465757,-0.00014714698626072515,0.0,0.0,0.0,0.0,0.0,0.0,0.0,0.0,1.2613721783448095,1126259462.4069917,641.9212394119999,262.9772627467041,2.4654923739575274,100.0,IMRPhenomXP,20.0,72.51872060904329,36.575715959863764,35.943004649179514,175.16905713353606,76.32578204457381,(19.565017870019087-1.3950072362167925j),19.634892034093117,(13.335207242721221+1.2293666368403846j),11.973655038068282,0.24998096946761675,0.0,0,0,0.0,0,0,0.0,0.0,0.0,0.0,0.0,0.0,0.0,1.0,1.0,0.13224866923111775,566.9436926082752,32.30360693177183,31.74479743357749,27.87741391882508,64.04840436534933
30.8589942115547,0.8799406947315672,-1.101343351050689,2.3735208834464836,-9.091809987085223e-05,0.0,0.0,0.0,0.0,0.0,0.0,0.0,0.0,4.669409548036851,1126259462.4075506,606.2653275068077,262.9828440615572,2.428600729939504,100.0,IMRPhenomXP,20.0,71.06940901647802,37.80406967924372,33.265339337234295,174.63302110614512,76.68782221526673,(19.318068686214687-3.3311603627937725j),20.32126910754817,(13.544269799330635+0.5689606475767582j),12.536881169329643,0.24898036822169115,0.0,0,0,0.0,0,0,0.0,0.0,0.0,0.0,0.0,0.0,0.0,1.0,1.0,0.12544557017756694,538.6891543970473,33.59031363309661,29.55748391455827,27.419357301025162,63.14779754765489
31.12065286656047,0.8770821534118196,-0.6815209550509836,2.6928673686878635,1.7826503681370675e-05,0.0,0.0,0.0,0.0,0.0,0.0,0.0,0.0,0.9453365588959176,1126259462.4063692,619.9281745470261,263.04297662104995,2.9689825997270765,100.0,IMRPhenomXP,20.0,71.68106867514665,38.187496772508226,33.49357190263843,175.78408114702256,76.45643591669365,(19.619724553166776+0.6430548559174681j),20.5275557298967,(13.538147791324807+1.9872187211398509j),10.629123900704755,0.24892797889894558,0.0,0,0,0.0,0,0,0.0,0.0,0.0,0.0,0.0,0.0,0.0,1.0,1.0,0.12805855321668194,549.5531866075365,33.852406564903745,29.691341648118197,27.587799212921432,63.543748213021935
31.24329654414342,0.9975461454774,-1.127590531006813,2.1852382953005356,-1.3962508863169497e-05,0.0,0.0,0.0,0.0,0.0,0.0,0.0,0.0,4.8093132984678935,1126259462.4086483,573.9668810674884,263.0519265500245,2.3751158566710453,100.0,IMRPhenomXP,20.0,71.77831168019331,35.93324331590787,35.845068364285446,175.06267917889477,76.75895509306666,(19.42096047415382-1.7795183834993735j),20.717295337247588,(13.558500353189581+0.028517003287922657j),13.060331991953976,0.2499996227371937,0.0,0,0,0.0,0,0,0.0,0.0,0.0,0.0,0.0,0.0,0.0,1.0,1.0,0.11923768862729042,512.8194737454286,32.105104823604414,32.026323566934465,27.91480028023568,64.13142839053887
30.82558665281417,0.7856652649792766,-0.8681784018650721,2.61892297025415,7.273289214814935e-05,0.0,0.0,0.0,0.0,0.0,0.0,0.0,0.0,4.305799377028267,1126259462.4063735,668.5467950423323,263.05267579955165,2.785173846065163,100.0,IMRPhenomXP,20.0,71.43793292877426,40.00634067863964,31.431592250134624,174.73650069676958,76.52614295953754,(19.54701869298124-0.10481473182315552j),19.100237568477922,(13.557851923954225+1.684457067683688j),10.486973873991934,0.24639815496471837,0.0,0,0,0.0,0,0,0.0,0.0,0.0,0.0,0.0,0.0,0.0,1.0,1.0,0.1372954250278133,587.8391699115101,35.17673578759121,27.637139443663852,27.104291439544223,62.81387523125506
31.24708476127936,0.9257289107056048,-1.1969858707981653,1.7831043261914155,-0.00021593001158303664,0.0,0.0,0.0,0.0,0.0,0.0,0.0,0.0,5.1317771398875305,1126259462.4104111,555.7652766678403,263.0649768020157,2.2143876587656175,100.0,IMRPhenomXP,20.0,71.8510947847324,37.31111600666861,34.53997877806379,174.68955947473887,76.71061204381539,(19.581377308317837-0.9888806534054183j),19.508210592794587,(13.34904995366739+2.2808532021242276j),13.179040860055697,0.24962813158319683,0.0,0,0,0.0,0,0,0.0,0.0,0.0,0.0,0.0,0.0,0.0,1.0,1.0,0.11571977783764843,498.1226362007929,33.44129659418645,30.957575068719272,28.00621211702336,64.39887166290572
31.142060450513107,0.8608300304790926,-0.6734574125060284,2.6832333983840186,0.00022294372357142833,0.0,0.0,0.0,0.0,0.0,0.0,0.0,0.0,4.116965771255073,1126259462.4064634,624.3343051288765,263.0730528304004,2.975469915160364,100.0,IMRPhenomXP,20.0,71.78685799232136,38.5778694542236,33.208988538097756,175.6319763285709,76.46706619247094,(19.61157060172788-0.840177283982788j),20.232996470855177,(13.667788135856187+0.32717750918860483j),10.361989217781,0.24860164428862538,0.0,0,0,0.0,0,0,0.0,0.0,0.0,0.0,0.0,0.0,0.0,1.0,1.0,0.12889958101775417,553.0468012736418,34.17298589077684,29.417132485919026,27.586209592209368,63.59011837669587
31.17848014791911,0.8725026124846744,-1.1657159004807183,1.788689640063175,6.47736632809065e-06,0.0,0.0,0.0,0.0,0.0,0.0,0.0,0.0,5.177283147300759,1126259462.4106784,554.594920868801,263.0764770886335,2.290623391121967,100.0,IMRPhenomXP,20.0,71.82933041880631,38.36006953469295,33.46926088411337,174.6114867883565,76.8316615512105,(19.402220954002367-2.6401683813549672j),19.356630297921605,(13.370424909720267-0.8024088183883842j),13.019698569802138,0.2488409618903196,0.0,0,0,0.0,0,0,0.0,0.0,0.0,0.0,0.0,0.0,0.0,1.0,1.0,0.11549308885173595,497.1746791801898,34.38844213206193,30.004005599502086,27.950401898064246,64.39244773156402
31.099746054719674,0.7838584472799703,-1.1810555199381165,1.73897383195884,0.00012334157119762897,0.0,0.0,0.0,0.0,0.0,0.0,0.0,0.0,2.0397023878960465,1126259462.4108164,540.3787922358158,263.1322145155021,2.2540734539265124,100.0,IMRPhenomXP,20.0,72.08530232121173,40.40976593805831,31.675536383153418,174.0561517027991,76.66905947313117,(19.504522874536242-0.8062909314221908j),19.532499931334083,(13.462258537413735+1.5568686635694238j),13.246313945231181,0.24632974901250265,0.0,0,0,0.0,0,0,0.0,0.0,0.0,0.0,0.0,0.0,0.0,1.0,1.0,0.11273478210349927,485.63126043896483,36.31572103971462,28.46638470604325,27.948929569658212,64.78210574575787
30.882016403756687,0.8130207520345059,-0.9893625452961834,2.47330550184105,-0.00017593465072100934,0.0,0.0,0.0,0.0,0.0,0.0,0.0,0.0,4.4160722170337445,1126259462.4070442,585.3291663862657,263.13968254297316,2.622541248697326,100.0,IMRPhenomXP,20.0,71.40489763443459,39.38448997580784,32.020407658626745,174.96672876894695,76.81664388277125,(19.579109790015327+0.8256829108844653j),21.282193987145437,(13.403596507441392+1.1219276365373123j),12.282013398462265,0.24734098200850382,0.0,0,0,0.0,0,0,0.0,0.0,0.0,0.0,0.0,0.0,0.0,1.0,1.0,0.12142656348346695,521.9505111935669,35.11999025015825,28.553280884628176,27.538153107260488,63.67327113478644
30.714001647729642,0.7811707571370181,-1.1020383641535187,2.3034313194342073,-0.00019257232303534043,0.0,0.0,0.0,0.0,0.0,0.0,0.0,0.0,4.71099318525152,1126259462.4080777,604.7625152654776,263.16418118987366,2.427229465273135,100.0,IMRPhenomXP,20.0,71.20909798223657,39.97881601014784,31.23028197208873,174.2249200493278,76.6767713836363,(19.498431172860247-0.8932944986524066j),19.782290361883867,(13.509278662688486+1.0826494977727712j),12.215205736303822,0.246226541210308,0.0,0,0,0.0,0,0,0.0,0.0,0.0,0.0,0.0,0.0,0.0,1.0,1.0,0.1251576923868517,537.4913397088371,35.5317448217759,27.756360004826007,27.29750847863337,63.28810482660191
31.033735664078925,0.9943639105407,-1.1791388649819103,2.024255738566622,-0.00020038811427250294,0.0,0.0,0.0,0.0,0.0,0.0,0.0,0.0,4.93557907995185,1126259462.4094298,560.3989272672363,263.1764275515614,2.258726979955159,100.0,IMRPhenomXP,20.0,71.29714385529435,35.74931509664387,35.547828758650475,174.36620252691102,76.7697833693134,(19.553111529758116+0.7328710679574492j),20.401128044738964,(13.218718648123325+3.1149778334815017j),13.342298646235058,0.2499980034189215,0.0,0,0,0.0,0,0,0.0,0.0,0.0,0.0,0.0,0.0,0.0,1.0,1.0,0.11661669754404587,501.87224613093554,32.015744682372265,31.835301081236302,27.79264875076326,63.851045763608575
31.125345338046117,0.7973150472680577,-1.1401383505632534,2.109036983526356,0.00013060539638735675,0.0,0.0,0.0,0.0,0.0,0.0,0.0,0.0,4.72700543370318,1126259462.4088128,561.0352653116423,263.2135638995975,2.3482470703269094,100.0,IMRPhenomXP,20.0,72.0585061969228,40.092306747474616,31.96619944944819,174.7388822989765,76.84128478035746,(19.57522473234508+0.9078101393472989j),20.59763326745042,(13.276988698654595+1.6146183323576138j),13.14673085209914,0.24682067734935995,0.0,0,0,0.0,0,0,0.0,0.0,0.0,0.0,0.0,0.0,0.0,1.0,1.0,0.11673979825240803,502.3867384780625,35.90120707636217,28.62457261707003,27.871618246931227,64.5257796934322
30.909304741232802,0.8091070879549566,-0.9622305925134407,2.5768040749873413,3.7639423996003356e-05,0.0,0.0,0.0,0.0,0.0,0.0,0.0,0.0,1.2497240572612582,1126259462.4063935,590.0704707494773,263.2261860486688,2.6626364055955714,100.0,IMRPhenomXP,20.0,71.48958288809357,39.516501463109364,31.973081424984198,175.50409656321622,76.6919089502629,(19.4854770828779-1.9685248081033229j),21.767645596151507,(13.577686204607051+1.4733058560014816j),12.549298781968163,0.24721650103247372,0.0,0,0,0.0,0,0,0.0,0.0,0.0,0.0,0.0,0.0,0.0,1.0,1.0,0.12233833371240588,525.7509728742098,35.2090811443631,28.487917114285395,27.540095364107177,63.6969982586485
31.24703770785835,0.9754012349387402,-0.8532494441023775,2.6543536664454788,8.909972495080759e-05,0.0,0.0,0.0,0.0,0.0,0.0,0.0,0.0,1.0032390374241609,1126259462.405824,632.311777999094,263.2311253467271,2.8025404823942788,100.0,IMRPhenomXP,20.0,71.7935214652991,36.343766620924235,35.449754844374866,175.998722001327,76.63758863247575,(19.637772201826184-0.2198489236886714j),20.80566673479085,(13.39178951890351+2.4928930208304867j),11.486265713697074,0.24996123355505645,0.0,0,0,0.0,0,0,0.0,0.0,0.0,0.0,0.0,0.0,0.0,1.0,1.0,0.1304202848547898,559.3598982641512,32.150667417997404,31.35980070361939,27.64196478646192,63.51046812161679
30.933938275779248,0.7839384957126578,-1.0539617746026253,2.3665548551311364,-0.00010363035230718918,0.0,0.0,0.0,0.0,0.0,0.0,0.0,0.0,1.3805051925936824,1126259462.4075797,596.2932538948138,263.2375017475486,2.5168371718795663,100.0,IMRPhenomXP,20.0,71.70044855436346,40.19222003823633,31.50822851612713,174.4967381609785,76.86010959100784,(19.57151801540011+0.5353793709319007j),20.408550718347275,(13.406163448808504+0.9967405227532916j),12.228310982646205,0.24633279620769072,0.0,0,0,0.0,0,0,0.0,0.0,0.0,0.0,0.0,0.0,0.0,1.0,1.0,0.12353356663869179,530.730253675226,35.77304784803231,28.043869317043384,27.53272282582995,63.8169171650757
31.120751136179898,0.9387907116706987,-0.38049328046179365,2.681522547811947,0.00017749624910753416,0.0,0.0,0.0,0.0,0.0,0.0,0.0,0.0,0.7598307549216531,1126259462.408826,503.1817371576005,263.2775347790411,3.147587798290126,100.0,IMRPhenomXP,20.0,71.5395026803385,36.89903311878946,34.64046956154904,175.44847373101956,76.14792883942644,(19.431126739548855+2.762536318245626j),22.405911079575763,(13.616444754225208+1.3322601798270424j),11.565006966318462,0.24975082021435546,0.0,0,0,0.0,0,0,0.0,0.0,0.0,0.0,0.0,0.0,0.0,1.0,1.0,0.10547529139594145,455.17230717754137,33.37843315538525,31.335363016396965,28.15146695579428,64.71379617178222
30.882597465490754,0.8790092914277736,-0.9759926354695228,2.5441534993613573,-1.053920498187135e-05,0.0,0.0,0.0,0.0,0.0,0.0,0.0,0.0,4.438245418705528,1126259462.4066648,594.3673169407863,263.2881436153964,2.642592038490087,100.0,IMRPhenomXP,20.0,71.1266663990183,37.85328083448294,33.27338556453537,174.62708074244102,76.64675398604442,(19.5400885850296-1.4717648186236645j),21.48808893305706,(13.54983036661435+1.1537355815661796j),12.423956435432727,0.24896345969555025,0.0,0,0,0.0,0,0,0.0,0.0,0.0,0.0,0.0,0.0,0.0,1.0,1.0,0.1231638173720933,529.190225954057,33.70236847822397,29.62469503548138,27.496075806419654,63.32706351370535
31.285746765920372,0.9173812154834694,-0.1097799068602947,2.5958907543729226,-9.40369780865109e-07,0.0,0.0,0.0,0.0,0.0,0.0,0.0,0.0,3.827172577717315,1126259462.4129887,452.98239005242715,263.30043944704704,3.2157546057947375,100.0,IMRPhenomXP,20.0,71.95596166484883,37.5282500338385,34.42771163101032,174.90667723680653,76.05212000923332,(19.59376299191339+0.8053570096209774j),20.818195100184752,(13.47090145307208-1.7049314943732996j),12.781375131046403,0.24953582614495518,0.0,0,0,0.0,0,0,0.0,0.0,0.0,0.0,0.0,0.0,0.0,1.0,1.0,0.09557817887919637,413.46423333129525,34.25428760568309,31.424239999221893,28.556379972743223,65.67852760490499
31.247864712054902,0.9572462936887494,-1.19338864263568,1.8148373835568172,0.00010648411282706486,0.0,0.0,0.0,0.0,0.0,0.0,0.0,0.0,5.064164905389855,1126259462.4103274,578.1728014241845,263.31077072600675,2.223510107724988,100.0,IMRPhenomXP,20.0,71.8093019094061,36.68894514755717,35.120356761848925,174.9861133063784,76.82416736854438,(19.54545133911351+1.2326066236061712j),18.90134090572592,(13.079340463547512+3.5821590304483277j),12.713144815689265,0.2498807120461436,0.0,0,0,0.0,0,0,0.0,0.0,0.0,0.0,0.0,0.0,0.0,1.0,1.0,0.12004857080862065,516.203327593037,32.75656619165143,31.35610158092852,27.89866933136253,64.11266777257995
31.30636238530584,0.8499377706200044,-1.0674155485225372,2.429850312579699,0.00014802168468942898,0.0,0.0,0.0,0.0,0.0,0.0,0.0,0.0,4.4887131451048825,1126259462.4070122,633.3555812981544,263.3174425058329,2.492789587647091,100.0,IMRPhenomXP,20.0,72.2085915343112,39.03298407173479,33.17560746257641,175.544065292123,76.71346416032323,(19.424485266417754-2.463115859928146j),19.901729355234643,(13.567527641303812+0.9304226245190846j),12.044160037789275,0.2483549899410692,0.0,0,0,0.0,0,0,0.0,0.0,0.0,0.0,0.0,0.0,0.0,1.0,1.0,0.1306190698596064,560.1847711598458,34.523550072953995,29.342869182894606,27.68957575533666,63.8664192558486
31.385608047277337,0.958100781441225,-0.31430779123049607,2.685297920605537,0.0001306570276471914,0.0,0.0,0.0,0.0,0.0,0.0,0.0,0.0,3.9030518512518255,1126259462.4094262,553.4760540762545,263.36810434189874,3.1715625011910182,100.0,IMRPhenomXP,20.0,72.12500879115355,36.83416577673148,35.29084301442206,174.93048163364807,75.83460157523818,(19.631999401465425+0.20264705062507835j),19.967011188842065,(13.528059061753613+0.5705889548712797j),10.781421186219886,0.24988553261179286,0.0,0,0,0.0,0,0,0.0,0.0,0.0,0.0,0.0,0.0,0.0,1.0,1.0,0.1152763180210878,496.26809389494554,33.02694155838339,31.6431385157008,28.141553389178924,64.6700800740842
31.382067385217407,0.9412617166629151,-0.816070355888064,2.637916787620001,-0.00015492522450533022,0.0,0.0,0.0,0.0,0.0,0.0,0.0,0.0,1.1186620390063062,1126259462.4062216,699.2332547747853,263.3813801610309,2.843586150106595,100.0,IMRPhenomXP,20.0,72.13669176453088,37.159694205753944,34.97699755877694,175.5336328962891,76.29532319460071,(19.388926417495284-2.549495215243312j),18.595300088563288,(13.647444700645403-0.47559992343993196j),9.959603172477841,0.2497711165830006,0.0,0,0,0.0,0,0,0.0,0.0,0.0,0.0,0.0,0.0,0.0,1.0,1.0,0.14307744760476238,611.7111754909654,32.50846588183455,30.598974402013397,27.454016743114213,63.10744028384795
31.13225337499977,0.9298281907675869,-0.25647998414748235,2.6702271966301785,-0.00021163307222914803,0.0,0.0,0.0,0.0,0.0,0.0,0.0,0.0,3.8823235024550367,1126259462.4102929,518.6831743038887,263.3827540428946,3.188534510615593,100.0,IMRPhenomXP,20.0,71.57993610892986,37.0913516816536,34.48858442727626,175.3090674632753,76.24923089778582,(19.579625975905973+0.975611694170166j),20.39378083162724,(13.58975314920502+0.7377348311886389j),11.358282681975119,0.24966945692401413,0.0,0,0,0.0,0,0,0.0,0.0,0.0,0.0,0.0,0.0,0.0,1.0,1.0,0.10850811408810923,467.91103170920144,33.460604582192,31.112613420649215,28.08482227539675,64.57321800284122
30.94519287700436,0.8515885312477101,-0.8794310165645758,2.6293461925357215,-0.00012202154203703815,0.0,0.0,0.0,0.0,0.0,0.0,0.0,0.0,1.073402334779969,1126259462.4061472,658.320060794461,263.40210863565466,2.771732066065547,100.0,IMRPhenomXP,20.0,71.36884856300487,38.54465900958693,32.824189553417945,175.6044281032937,76.6186497177644,(19.56608848628548+1.4413277871968706j),19.668612946242526,(13.228975309844463+3.305113049276024j),10.923363769409642,0.24839385048586254,0.0,0,0,0.0,0,0,0.0,0.0,0.0,0.0,0.0,0.0,0.0,1.0,1.0,0.13536031671459017,579.8336024801763,33.949274465681704,28.910812779155265,27.255834488341943,62.86008724483697
30.990977638600388,0.8859264223282342,-0.8494482653421573,2.639626450228149,-0.0001484162933380681,0.0,0.0,0.0,0.0,0.0,0.0,0.0,0.0,4.267851115664045,1126259462.406281,620.3603376767089,263.4041250789013,2.8068792897854022,100.0,IMRPhenomXP,20.0,71.35532328847039,37.835687778518974,33.51963550995141,175.74619177860984,76.5993713101251,(19.57328013926622+0.4290092413104631j),20.884055383421362,(13.462795138550469+2.412167386507211j),11.432386218821458,0.24908533798563195,0.0,0,0,0.0,0,0,0.0,0.0,0.0,0.0,0.0,0.0,0.0,1.0,1.0,0.12814107920177034,549.8960657082091,33.53808178431909,29.71227280693353,27.470835172962964,63.25035459125263
31.081755142682983,0.8179540100799932,-0.31914081108878406,2.677484203640778,-0.00016382974581824326,0.0,0.0,0.0,0.0,0.0,0.0,0.0,0.0,3.919291242321873,1126259462.409431,535.7308406050972,263.4152999668355,3.1699784373285693,100.0,IMRPhenomXP,20.0,71.84022339663179,39.51707413845452,32.32314925817727,175.21849833846017,75.96247837135937,(19.611907042796023-0.25916616581739893j),20.294656820736463,(13.638448717826801-0.5087004439625675j),10.829607096078705,0.24749310319133586,0.0,0,0,0.0,0,0,0.0,0.0,0.0,0.0,0.0,0.0,0.0,1.0,1.0,0.1118310365008042,481.8455539179638,35.542337676436986,29.071997630058863,27.955466363400536,64.61433530649585
31.38368396186401,0.9039072856148519,-1.1237101726200291,2.243560771497994,-0.00023774737295213067,0.0,0.0,0.0,0.0,0.0,0.0,0.0,0.0,4.620772930937307,1126259462.4079897,613.3673990707632,263.42274138892026,2.383249430785699,100.0,IMRPhenomXP,20.0,72.21119707435956,37.92789576465091,34.28330130970864,175.30755003347446,76.74213205324412,(19.572795028609743-1.2039858571422724j),19.730007233140903,(13.40964003124582+0.9121822976515641j),12.357521004226864,0.24936316145743823,0.0,0,0,0.0,0,0,0.0,0.0,0.0,0.0,0.0,0.0,0.0,1.0,1.0,0.12680478106064705,544.3422025428331,33.65968657760741,30.425235929011773,27.851926517673228,64.0849225066192
31.117128598752075,0.9622477400941367,-0.21449135534393055,2.634557276917917,0.00012166849324255028,0.0,0.0,0.0,0.0,0.0,0.0,0.0,0.0,3.90020260924375,1126259462.4112425,548.2598866576118,263.4339223525788,3.1986107134160893,100.0,IMRPhenomXP,20.0,71.50427044402655,36.43998103959911,35.064289404427434,174.72980069470145,75.99089193100953,(19.591896760457708+0.7741445669467809j),18.464239588720066,(13.574851057066589-1.495488851775449j),10.363170542655089,0.24990746239780495,0.0,0,0,0.0,0,0,0.0,0.0,0.0,0.0,0.0,0.0,0.0,1.0,1.0,0.11426501206382064,492.037243284477,32.703154676018826,31.468536680948116,27.926147067220136,64.17169135696695
31.26026346080862,0.9371399703139109,-0.8988240980306612,2.567930720273699,0.0001855165249861315,0.0,0.0,0.0,0.0,0.0,0.0,0.0,0.0,4.332625185914727,1126259462.406547,634.0046506403629,263.43809724867424,2.7478301537258876,100.0,IMRPhenomXP,20.0,71.86263868327848,37.09728764289203,34.76535104038645,175.6239836401562,76.6887264750108,(19.539663631163144-1.132845200194727j),20.263998400488326,(13.590495303234858-0.16044898205872218j),11.16742860555645,0.24973675073480625,0.0,0,0,0.0,0,0,0.0,0.0,0.0,0.0,0.0,0.0,0.0,1.0,1.0,0.1307426569652261,560.6975618266135,32.807896133021615,30.745590808161747,27.645780645356844,63.55348694118336
30.904108234743504,0.7997182760130009,-0.19931878074696713,2.65266806108117,1.2840727832471015e-05,0.0,0.0,0.0,0.0,0.0,0.0,0.0,0.0,0.7874072677113714,1126259462.411299,502.5109347367092,263.4599437077568,3.2017956376730403,100.0,IMRPhenomXP,20.0,71.53184647850608,39.7461355101499,31.785710968356195,173.8365527616511,75.96639759818154,(19.61430319009152+0.1362701471539814j),20.011847899237377,(13.495529849159583+0.025456846656083616j),11.568683451021014,0.24690390985513444,0.0,0,0,0.0,0,0,0.0,0.0,0.0,0.0,0.0,0.0,0.0,1.0,1.0,0.10534380497438808,454.61957950143915,35.958165533004326,28.756402148644334,27.95881977685629,64.71456768164866
31.011297169414735,0.9022019785332887,-0.8193175123244589,2.647812902922485,-9.380624733448781e-05,0.0,0.0,0.0,0.0,0.0,0.0,0.0,0.0,1.0963792831533046,1126259462.4062152,627.8750657658111,263.5045604069086,2.8401221706816493,100.0,IMRPhenomXP,20.0,71.35848523455516,37.513621602673766,33.84486363188139,175.75555707453975,76.54960337185337,(19.614396518164263-0.5148308280287213j),20.584803625864314,(13.577479685336627+1.352195987367599j),11.105802026084348,0.24933917435573566,0.0,0,0,0.0,0,0,0.0,0.0,0.0,0.0,0.0,0.0,0.0,1.0,1.0,0.1295748569514312,555.8507795069219,33.2103900611934,29.962479621070948,27.453954891586385,63.17286968226435
30.8785191235187,0.7795801398686676,-0.26265807564650345,2.6680143660883373,0.0001009580838278063,0.0,0.0,0.0,0.0,0.0,0.0,0.0,0.0,0.8169316302565283,1126259462.4103146,495.42809202637955,263.50908195928696,3.1868938502731634,100.0,IMRPhenomXP,20.0,71.60132590572069,40.234954471342235,31.36637143437845,174.55384739884954,75.9326287031576,(19.605248642313434-0.593186953680114j),21.07096756958103,(13.554241628919865-0.5740972494838991j),11.64284223969856,0.24616463807209468,0.0,0,0,0.0,0,0,0.0,0.0,0.0,0.0,0.0,0.0,0.0,1.0,1.0,0.10395422245762635,448.7759404696846,36.44621638546846,28.412746467467223,27.970832934337476,64.85896285293568
31.41920539494377,0.9185957023533525,-0.9329514109522169,2.5666182586085,3.772877632473285e-05,0.0,0.0,0.0,0.0,0.0,0.0,0.0,0.0,4.2567318839453385,1126259462.406312,625.2159299117504,263.54438244546947,2.7033806889545895,100.0,IMRPhenomXP,20.0,72.2604584505609,37.66320249853896,34.59725595202194,175.16341777931396,76.35899289583374,(19.585490474638114-0.08865952128132423j),20.760027009847168,(13.505071130034722+1.4936758500306355j),11.709773337258346,0.24954994277174572,0.0,0,0,0.0,0,0,0.0,0.0,0.0,0.0,0.0,0.0,0.0,1.0,1.0,0.12906776877337336,553.7452668937791,33.35778731816648,30.642320070484896,27.827563822035057,64.00010738865137
31.000915902052643,0.7941017860263422,-0.16487542661235155,2.6255734875583934,0.00023377703729682574,0.0,0.0,0.0,0.0,0.0,0.0,0.0,0.0,3.921752466906735,1126259462.411965,488.61202198625006,263.6126145309353,3.2081385786259746,100.0,IMRPhenomXP,20.0,71.79022517664481,40.01457762084338,31.77564755580143,173.95196354331682,75.92080684143743,(19.585697589552467-1.0726174451563815j),19.923216318494667,(13.383448606524587-2.193051028694908j),11.69494524187263,0.24670730874337127,0.0,0,0,0.0,0,0,0.0,0.0,0.0,0.0,0.0,0.0,0.0,1.0,1.0,0.10261481112157254,443.13936277790697,36.290622271018485,28.81844796142313,28.115816683542203,65.10907023244161
31.23910705099055,0.9724667043271038,-0.8572788504994181,2.6293879913378237,-7.019238663582254e-05,0.0,0.0,0.0,0.0,0.0,0.0,0.0,0.0,4.229643132088428,1126259462.4061384,602.4652004772978,263.6285802047813,2.797904671542944,100.0,IMRPhenomXP,20.0,71.77701347457322,36.38946772440428,35.38754575016894,175.34441171661473,76.65107866919692,(19.610944219928054-0.6446750081564161j),21.638955187542997,(13.570062738409735+1.3622722441737793j),11.851195614801842,0.24995128787854407,0.0,0,0,0.0,0,0,0.0,0.0,0.0,0.0,0.0,0.0,0.0,1.0,1.0,0.12471743815962094,535.6591643715386,32.354319840500104,31.463498786036165,27.775071312228615,63.81781862653628
31.19311840142088,0.8310373920176386,-1.0735363219690857,2.3731135329012893,0.00024055524614691946,0.0,0.0,0.0,0.0,0.0,0.0,0.0,0.0,1.3363192002265072,1126259462.4073522,577.7656050739372,263.634064354712,2.481593961999965,100.0,IMRPhenomXP,20.0,72.03160811012062,39.339233826758864,32.69237428336176,174.58934042247685,76.69112145628867,(19.608942891224515+0.012526579293011469j),21.38889715680254,(13.38562803080664+1.6113731517926084j),12.973735138007674,0.24787123955960078,0.0,0,0,0.0,0,0,0.0,0.0,0.0,0.0,0.0,0.0,0.0,1.0,1.0,0.1199700979936378,515.8759183831849,35.1252536984986,29.190399227558192,27.85174216463597,64.31565292605679
31.082265150452777,0.9006000858598249,-1.1194815844177808,2.213813109832211,-0.00016513105080713433,0.0,0.0,0.0,0.0,0.0,0.0,0.0,0.0,4.736351338084064,1126259462.4085124,598.7910417812143,263.6463138809804,2.392021243045238,100.0,IMRPhenomXP,20.0,71.52574070440042,37.633240804596944,33.892499899803475,174.5652988676066,76.91034068655189,(19.545027158378712+0.23286067650013517j),19.87127545235326,(13.450710565379513+1.331769383524705j),12.449431906434954,0.2493161977301242,0.0,0,0,0.0,0,0,0.0,0.0,0.0,0.0,0.0,0.0,0.0,1.0,1.0,0.12401287032390501,532.726142969118,33.48114759019818,30.153124394417947,27.65294417091136,63.63427198461612
31.083153541089853,0.9264900967256402,-0.9712516225013876,2.5548922414942505,0.00014304360792060202,0.0,0.0,0.0,0.0,0.0,0.0,0.0,0.0,1.2022382724072753,1126259462.4063938,671.2638262067464,263.66795181271914,2.649564194577155,100.0,IMRPhenomXP,20.0,71.47279104105961,37.100004387532735,34.37278665352688,175.85757514340742,76.87264171212992,(19.59126769982456-1.3233460451417673j),19.212618352978414,(13.479876631239863+1.3616945022376779j),11.094965582712863,0.24963600271057237,0.0,0,0,0.0,0,0,0.0,0.0,0.0,0.0,0.0,0.0,0.0,1.0,1.0,0.1378088512820311,589.9618605760392,32.60653522402304,30.2096319735931,27.31843183155657,62.81616719761613
30.950398836943876,0.8282140590874372,-0.9603672988281984,2.559227855376508,0.00016631796440683865,0.0,0.0,0.0,0.0,0.0,0.0,0.0,0.0,1.2653337214957363,1126259462.4065363,635.7264129585706,263.6777823758074,2.665305229387603,100.0,IMRPhenomXP,20.0,71.48470742562827,39.10084110244193,32.38386632318633,175.55341642484194,76.74669538633776,(19.5005971751309-1.7598282354488923j),20.127510742495822,(13.602962009131986+0.9779874687590272j),11.547122900691704,0.247792701054214,0.0,0,0,0.0,0,0,0.0,0.0,0.0,0.0,0.0,0.0,0.0,1.0,1.0,0.13107041069087622,562.0573258027457,34.56976748119377,28.63116744730838,27.363812671961657,63.20093492850215
30.991893487009015,0.949120408774496,-0.9680489232533794,2.513902828225726,0.00010816004172474805,0.0,0.0,0.0,0.0,0.0,0.0,0.0,0.0,4.411243033283175,1126259462.4069617,604.8949987225617,263.68739127721835,2.654234086195819,100.0,IMRPhenomXP,20.0,71.22980021550003,36.54458693000171,34.68521328549832,175.3472165468079,76.84844694673068,(19.498667246848907+1.4751979597658211j),20.97368997083871,(13.432932499818271+2.0523334593557467j),11.998181917318876,0.2498296469561904,0.0,0,0,0.0,0,0,0.0,0.0,0.0,0.0,0.0,0.0,0.0,1.0,1.0,0.12518307411144036,537.5969563067206,32.47879191469446,30.8262842585766,27.543867482616893,63.30507617327107
31.003977804418128,0.9045664260791406,-1.151809038537927,2.184954819434865,-0.0001645436492613342,0.0,0.0,0.0,0.0,0.0,0.0,0.0,0.0,4.837976227664392,1126259462.4085069,549.4620448312444,263.6945435492565,2.322446328689593,100.0,IMRPhenomXP,20.0,71.3359563311782,37.45522096492841,33.88073536624979,175.03273922223477,76.92484634869568,(19.32782638765323-3.329998124094823j),21.548362624426282,(13.513549784568866+0.17114436968110758j),13.738974376603677,0.24937230287938333,0.0,0,0,0.0,0,0,0.0,0.0,0.0,0.0,0.0,0.0,0.0,1.0,1.0,0.114498191090223,493.01295512744207,33.60725146470539,30.39999134777152,27.818778040446578,64.00724281247692
31.045727904731276,0.9140470979783908,-1.1116008418563728,2.275864046282319,-0.00018159854145754004,0.0,0.0,0.0,0.0,0.0,0.0,0.0,0.0,1.5496321074288117,1126259462.4080622,619.9601878642729,263.70667393421695,2.4081195081227333,100.0,IMRPhenomXP,20.0,71.41079145091976,37.30879534069123,34.10199611022853,175.44245310132803,77.03220408408029,(19.545457547090905-1.6195611861599193j),19.488612305296,(13.454684046344003+0.4994402824625713j),12.114805681830923,0.24949585454385864,0.0,0,0,0.0,0,0,0.0,0.0,0.0,0.0,0.0,0.0,0.0,1.0,1.0,0.12806466727117513,549.5785897959548,33.073277111801055,30.23053296467689,27.52123065766424,63.303810076477944
31.399997851206592,0.9544246298309761,-1.0984832583453707,2.3161017224275198,-9.086357364909478e-05,0.0,0.0,0.0,0.0,0.0,0.0,0.0,0.0,4.622461604139247,1126259462.407695,587.3122378786028,263.7162729721737,2.4342189383771453,100.0,IMRPhenomXP,20.0,72.1617983674254,36.922272297431164,35.23952606999424,175.26341975692534,76.74062572287073,(19.357409508218243-2.9379599956874385j),20.980330785951182,(13.512664095267914-0.3306521598716653j),12.923874223801684,0.24986405521127183,0.0,0,0,0.0,0,0,0.0,0.0,0.0,0.0,0.0,0.0,0.0,1.0,1.0,0.12180802971382973,523.5407657167142,32.91318239792769,31.41315192670153,27.990526916817174,64.32633432462922
31.084389762349623,0.8842752971786556,-1.0161607892652638,2.4645620996894437,0.00019972636099836781,0.0,0.0,0.0,0.0,0.0,0.0,0.0,0.0,4.485127634407738,1126259462.4070165,636.5611379977739,263.7475604737247,2.5805421599401415,100.0,IMRPhenomXP,20.0,71.57528329370008,37.98557641809054,33.589706875609544,175.67186365579926,76.97495380160741,(19.515310788596125-1.891615356548186j),19.78548521752178,(13.523641334554878+0.036266552785688834j),11.62174150883783,0.2490570179020862,0.0,0,0,0.0,0,0,0.0,0.0,0.0,0.0,0.0,0.0,0.0,1.0,1.0,0.1312292654072172,562.7162886849655,33.57902556067322,29.693102806633988,27.47841725183793,63.27212836730721
31.00382033589676,0.9780233980395807,-1.0915444452852712,2.3054629374374676,-0.00012141045906138089,0.0,0.0,0.0,0.0,0.0,0.0,0.0,0.0,4.634660184419653,1126259462.4080462,609.6298305126224,263.74758179008165,2.4476857701588894,100.0,IMRPhenomXP,20.0,71.23335082230376,36.01239039583816,35.2209604264656,174.52869480588103,76.90188671038271,(19.55141513111469+1.0207481170820984j),19.923158001869144,(13.35999365183035+1.855362798597905j),12.235399410012521,0.2499691398349703,0.0,0,0,0.0,0,0,0.0,0.0,0.0,0.0,0.0,0.0,0.0,1.0,1.0,0.12608973698023437,541.3687841026632,31.980036060367958,31.277223537189396,27.532282124369413,63.25725959755736
31.04721301492592,0.8764272042012942,-0.9088129478948341,2.5927136247345466,2.3054421566422666e-05,0.0,0.0,0.0,0.0,0.0,0.0,0.0,0.0,4.22133423926342,1126259462.4062889,645.2189113546624,263.7944870623464,2.7351431559057486,100.0,IMRPhenomXP,20.0,71.51401750114496,38.111799563034516,33.40221793811045,175.75320965992685,76.72952367599176,(19.530493676287993+1.9566587182110504j),19.987193874315675,(13.233845459408892+3.0314397422302175j),11.175246969962437,0.24891576777132884,0.0,0,0,0.0,0,0,0.0,0.0,0.0,0.0,0.0,0.0,0.0,1.0,1.0,0.13287525908463582,569.5410066674773,33.64165582875283,29.484462362696018,27.40567663205223,63.12611819144885
31.108199872346333,0.7942845473231464,-1.0757073840558509,2.3651651392680275,0.00020328059795168726,0.0,0.0,0.0,0.0,0.0,0.0,0.0,0.0,4.547195348864251,1126259462.407408,652.9833699677856,263.8040970779324,2.477583463138381,100.0,IMRPhenomXP,20.0,72.037526587868,40.148329146198805,31.8891974416692,174.87585865144624,76.81463285300283,(19.476947356375874-2.1830608882362053j),18.795690692482935,(13.489708420419422+0.05737921551076332j),11.41332497992004,0.24671382107395684,0.0,0,0,0.0,0,0,0.0,0.0,0.0,0.0,0.0,0.0,0.0,1.0,1.0,0.13434886374510435,575.6459848915753,35.39328193413732,28.112336919336755,27.423838350435854,63.505618853474076
31.2866639660027,0.9988607706682244,-0.15702553319300144,2.642169207743768,0.00021086864364614334,0.0,0.0,0.0,0.0,0.0,0.0,0.0,0.0,0.6820070080547408,1126259462.411726,497.03178037592056,263.8098945425867,3.209413053566137,100.0,IMRPhenomXP,20.0,71.87789287107842,35.959429453933126,35.91846341714529,174.7319999108085,76.20965371332763,(19.556845124486667-0.13119401070251568j),20.041637778474506,(13.563102191866253-0.032279196005405165j),12.000813062590174,0.24999991879229524,0.0,0,0,0.0,0,0,0.0,0.0,0.0,0.0,0.0,0.0,0.0,1.0,1.0,0.10426904986225155,450.1002537697804,32.564010970350715,32.526913093893036,28.33246478284024,65.09092406424375
30.92648902712699,0.900239563045258,-0.14554905301040688,2.625610404766734,0.00021641898308736728,0.0,0.0,0.0,0.0,0.0,0.0,0.0,0.0,0.8429918235621577,1126259462.412371,518.6832412783552,263.86272715020993,3.2111626875499812,100.0,IMRPhenomXP,20.0,71.16816840862066,37.45220854920473,33.71595985941594,173.92488758286515,76.00044483875536,(19.51547341270808-1.743122578009781j),18.677323695619677,(13.378655388648793-2.093041070776628j),11.204120966349494,0.24931096706319736,0.0,0,0,0.0,0,0,0.0,0.0,0.0,0.0,0.0,0.0,0.0,1.0,1.0,0.10850812715483399,467.9110865506004,33.78613799190801,30.41561810282205,27.89919917547636,64.20175609473004
31.282536766364828,0.9049006050581594,-0.9754997850748292,2.541783007424023,0.0001761497968396907,0.0,0.0,0.0,0.0,0.0,0.0,0.0,0.0,4.277452033916894,1126259462.4064205,626.0238579460593,263.95467125297597,2.6433201435799356,100.0,IMRPhenomXP,20.0,71.97608497521752,37.78469321921391,34.191391756003604,175.50541259908687,76.64609977065453,(19.60103146824982+0.837566688861947j),20.622850180063864,(13.320693331753178+2.6379947034946345j),11.90926752381404,0.2493769098630154,0.0,0,0,0.0,0,0,0.0,0.0,0.0,0.0,0.0,0.0,0.0,1.0,1.0,0.12922186778048483,554.3851698077442,33.46082315380654,30.27871911762361,27.702737308702208,63.739542271430146
31.19946505835663,0.9154585369962929,-0.9806850018691752,2.5391178656154216,0.0002134689287232941,0.0,0.0,0.0,0.0,0.0,0.0,0.0,0.0,1.2056490043860797,1126259462.4065013,645.9661383443803,264.03638455059433,2.635620935483936,100.0,IMRPhenomXP,20.0,71.76145685375492,37.464374961771256,34.29708189198366,175.7327112861231,76.77867515390479,(19.60755844887704-0.6582234965662663j),19.94609869356867,(13.487048603813527+1.7172003263095965j),11.554294844898354,0.24951299433180116,0.0,0,0,0.0,0,0,0.0,0.0,0.0,0.0,0.0,0.0,0.0,1.0,1.0,0.13301717838752825,570.1291667140607,33.06602554348672,30.2705753683224,27.53662138005591,63.33660091180912
30.980998151145457,0.8479589965941864,-0.1317843011872898,2.6162442245126334,-5.100418459128437e-05,0.0,0.0,0.0,0.0,0.0,0.0,0.0,0.0,0.6378599962463571,1126259462.4125245,467.7398806454418,264.0399439459937,3.213083759561081,100.0,IMRPhenomXP,20.0,71.46629887091004,38.67309772707262,32.793201143837415,174.10913894233389,76.03568765517636,(19.141256649899052+4.087855580324224j),20.433979127633116,(13.505077758290502+1.5418855480138316j),12.370235238242554,0.24830770215441014,0.0,0,0,0.0,0,0,0.0,0.0,0.0,0.0,0.0,0.0,0.0,1.0,1.0,0.09849990860683765,425.79874269487675,35.205371820303036,29.85271176346941,28.203004759860946,65.05808358377244
31.155925647780343,0.9231663060148143,-0.10288414844307976,2.5980759659376664,2.6241678657452645e-05,0.0,0.0,0.0,0.0,0.0,0.0,0.0,0.0,0.7866638185080355,1126259462.4132187,443.20003500088706,264.04146721257746,3.2164906247339955,100.0,IMRPhenomXP,20.0,71.6461571827837,37.254270189065906,34.39188699371779,174.2272304917869,76.0457383642477,(19.609523877209956-0.9412300829312266j),21.180051487314735,(13.288380120943714-2.392428063109966j),13.123751925904617,0.24960096613683055,0.0,0,0,0.0,0,0,0.0,0.0,0.0,0.0,0.0,0.0,0.0,1.0,1.0,0.09363573472708837,405.25380069892105,34.06460579706874,31.447296299530777,28.488393949156347,65.51190209659951
31.132213499169907,0.9337494161842126,-1.0057896895671885,2.4827530498996015,0.00012548059377554178,0.0,0.0,0.0,0.0,0.0,0.0,0.0,0.0,4.353676057311561,1126259462.406787,623.652153581773,264.05320999995,2.597091424287501,100.0,IMRPhenomXP,20.0,71.57346271562008,37.012790859351895,34.56067185626819,175.6399729974419,76.94356970163079,(19.627575533003046+0.6483886440118268j),20.334749448369564,(13.300797715575476+1.7727945337325355j),11.884611076364168,0.2497065601871849,0.0,0,0,0.0,0,0,0.0,0.0,0.0,0.0,0.0,0.0,0.0,1.0,1.0,0.12876942647879477,552.5062415552107,32.79039101441079,30.618008466158127,27.58066684733577,63.40839948056891
31.102596727119433,0.903554997365055,-1.0308457419389874,2.4790540444929783,0.00013602598504253215,0.0,0.0,0.0,0.0,0.0,0.0,0.0,0.0,1.316985241630122,1126259462.4068875,611.1303984784723,264.0687064600999,2.556442647408848,100.0,IMRPhenomXP,20.0,71.56528559748179,37.595596500518305,33.969689096963485,175.46812278855745,76.84452037985096,(19.567887115009462-1.3300909542601087j),20.76988807688406,(13.515189816132704+1.3813642390667575j),12.33449564039318,0.24935824596289177,0.0,0,0,0.0,0,0,0.0,0.0,0.0,0.0,0.0,0.0,0.0,1.0,1.0,0.12637688380198067,542.5629797287478,33.37745744001586,30.158368469265767,27.612957238731234,63.53582590928163
31.105769314074294,0.8841930828249989,-1.0989828994485635,2.310122944207264,0.00016614854898661802,0.0,0.0,0.0,0.0,0.0,0.0,0.0,0.0,4.6183511862143085,1126259462.4078648,623.6770575054102,264.0806199182184,2.433240332544494,100.0,IMRPhenomXP,20.0,71.62475759540656,38.01349142414773,33.61126617125884,174.8557724019303,76.9250390730264,(19.589233928288056-0.429870256679092j),19.535909431785317,(13.448606247582939+1.3146542375137515j),12.042006022779871,0.24905559516934606,0.0,0,0,0.0,0,0,0.0,0.0,0.0,0.0,0.0,0.0,0.0,1.0,1.0,0.12877417872950633,552.5259793155385,33.67679039835397,29.776785121971926,27.557123382362846,63.45357552032589
31.21636968010173,0.9974218476887333,-0.14844581951756683,2.6209800688398244,0.0001626340340331149,0.0,0.0,0.0,0.0,0.0,0.0,0.0,0.0,3.948439691991594,1126259462.4123108,479.02099077772687,264.2004110272048,3.21073377619543,100.0,IMRPhenomXP,20.0,71.71645668923978,35.904511994912184,35.8119446943276,174.90406080713302,76.11136032808112,(19.58032174220449-1.4867349022909744j),20.372020580555706,(13.304831323879775-2.335981686248166j),12.144120944788243,0.24999958349755164,0.0,0,0,0.0,0,0,0.0,0.0,0.0,0.0,0.0,0.0,0.0,1.0,1.0,0.10072647112882639,435.1862148274574,32.618922990096785,32.53482643839884,28.35978828426689,65.15374942849562
