chirp_mass,mass_ratio,a_1,a_2,dec,ra,theta_jn,psi,time_jitter,tilt_1,tilt_2,phi_12,phi_jl,phase,geocent_time,luminosity_distance,log_likelihood,log_prior,reference_frequency,waveform_approximant,minimum_frequency,total_mass,mass_1,mass_2,H1_log_likelihood,V1_log_likelihood,L1_log_likelihood,H1_matched_filter_snr,H1_optimal_snr,V1_matched_filter_snr,V1_optimal_snr,L1_matched_filter_snr,L1_optimal_snr,symmetric_mass_ratio,iota,spin_1x,spin_1y,spin_1z,spin_2x,spin_2y,spin_2z,phi_1,phi_2,chi_eff,chi_1_in_plane,chi_2_in_plane,chi_p,cos_tilt_1,cos_tilt_2,redshift,comoving_distance,mass_1_source,mass_2_source,chirp_mass_source,total_mass_source
3.243749098299312,0.8664822588705885,0.27466746476115195,0.7631620059909423,0.9507792804850588,3.741102387827165,1.0080890058641365,1.2575753059083936,-0.00018682049664185826,0.0,0.0,0.0,0.0,4.691361883729823,1260808298.3589623,4774.766779297457,-0.4596696788508503,2.075338013119066,100.0,IMRPhenomXP,20.0,7.475153048763853,4.00494192389864,3.470211124865214,-0.024788881445478417,-0.000771310638045905,0.032162409541310666,(0.6475500328707947+0.24645365798511634j),0.9325147950859813,(0.49869153025536656-0.8079812424727019j),0.09394010683001626,(0.463633938800489-0.4710190684644422j),0.914320515234401,0.24872070639560795,1.0080890058641365,0,0,0.27466746476115195,0,0,0.7631620059909423,0.0,0.0,0.501442646533768,0.0,0.0,0.0,1.0,1.0,0.7507037371706934,2727.3414088214367,2.2876183096353087,1.9821806803665198,1.8528258262254722,4.269798990001828
5.461481164428964,0.9809973782308978,0.2054237069095356,0.4967431642701338,-0.5480683080493622,0.4005072694676241,2.827717075323988,1.5069718128146372,0.00021544613841271624,0.0,0.0,0.0,0.0,3.7822609804306384,1260808298.3177378,4715.5382642565,-0.3757356998025281,1.4521099772171553,100.0,IMRPhenomXP,20.0,12.54788162858307,6.334123288839878,6.213758339743192,-0.00014355939352639346,0.0025252758381556634,-0.20798907042155768,(1.0663935855777964+0.23121170999803056j),1.272528548765076,(0.7329123723539078+0.411082235760416j),0.10175795935938868,(0.4059284160357761+0.38184462077074405j),1.2850728809727978,0.24997699621735223,2.827717075323988,0,0,0.2054237069095356,0,0,0.4967431642701338,0.0,0.0,0.34968620167043724,0.0,0.0,0.0,1.0,1.0,0.7430828883956302,2705.286300500936,3.6338623544574733,3.564809442574739,3.1332308984203414,7.198671797032213
4.193669352108427,0.8301499130001642,0.6200231815550691,0.7938799455316625,0.46722294159369043,1.850000395065742,2.8183846354128974,0.8500663600439375,-0.00011991217899408638,0.0,0.0,0.0,0.0,0.8483840884756979,1260808298.3291817,4574.175611250641,-0.28805335097416007,1.5254158573480314,100.0,IMRPhenomXP,20.0,9.68465754309594,5.291729095142749,4.3929284479531905,0.06367524958235049,-0.0010068471463502704,0.15396047227860787,(-0.6392982102980758-0.3325484181350565j),0.8077979899485267,(-0.5800631935655078+2.527870381875334j),0.15680191911562055,(0.6645128431431696-0.775912077836101j),1.170511920149753,0.24784673131290755,2.8183846354128974,0,0,0.6200231815550691,0,0,0.7938799455316625,0.0,0.0,0.6988840314037373,0.0,0.0,0.0,1.0,1.0,0.724810158136515,2651.987851068267,3.068006684782013,2.5469054824557102,2.431380249197551,5.614912167237724
5.911577890580027,0.5037772444928332,0.12680650327836843,0.7155270639268786,0.678740053910599,5.67891111079936,0.3987214411029736,0.5454829706410327,-7.741631500831963e-05,0.0,0.0,0.0,0.0,0.8461223811932926,1260808298.3733263,4599.258403420106,-0.2802277579678192,1.5890229309600983,100.0,IMRPhenomXP,20.0,14.553937268415613,9.678253425974736,4.875683842440876,0.10740576496637733,-0.029891394931667703,0.37375422024525173,(2.1064503493456765-0.687436339116247j),0.7426381599268569,(1.165879929371424-0.5264856227869222j),0.6198553850146673,(1.7469259613179624+1.120071080078626j),0.9208977361538698,0.22277760424894,0.3987214411029736,0,0,0.12680650327836843,0,0,0.7155270639268786,0.0,0.0,0.32403253719126274,0.0,0.0,0.0,1.0,1.0,0.72806116590743,2661.513670054936,5.600642857391304,2.8214764260850593,3.4209309295344137,8.422119283476365
2.733057594793811,0.7812015335930621,0.029184060311091997,0.22009113720550647,0.6402625944064134,3.855827746731209,1.1972299265653146,0.6330150773665413,4.18084015091154e-05,0.0,0.0,0.0,0.0,1.6688619241648324,1260808298.3257158,4430.582557903185,-0.20339839698950613,2.493529302368615,100.0,IMRPhenomXP,20.0,6.336458633425566,3.557406904228059,2.779051729197507,0.016891947914906336,-0.0006958424206347999,0.019626603455505487,(1.2261404433406313-1.0186810686265018j),0.6406863020041828,(-0.3025727730790884-0.6661845400205786j),0.06933774033219231,(-0.11055802386293455-0.3398092690696347j),0.6847717740308756,0.24622773290636008,1.1972299265653146,0,0,0.029184060311091997,0,0,0.22009113720550647,0.0,0.0,0.11291231813649619,0.0,0.0,0.0,1.0,1.0,0.7061240674621679,2596.8700905098444,2.0850810161301134,1.6288684874666248,1.6019102285211828,3.713949503596738
5.560647872198212,0.7215947206298232,0.43943801229155116,0.12806616844073426,-0.00854570759422726,1.8711735616191736,0.40711327492377064,1.4559305478306173,0.00011914221163461682,0.0,0.0,0.0,0.0,3.691250787364177,1260808298.3823807,3607.941973019663,-0.1720962933009218,1.8592359384370027,100.0,IMRPhenomXP,20.0,12.979754929136265,7.539378910495142,5.440376018641123,0.02145875105052364,-0.0008907191128052494,-0.10109634756646146,(-0.9580320260272439-1.1839670841501104j),0.41848690806478805,(-0.22184950466861428-2.0816597280916156j),0.301652125762533,(0.1606907973713425-0.7721277641037164j),1.2924576758482806,0.24346217792399996,0.40711327492377064,0,0,0.43943801229155116,0,0,0.12806616844073426,0.0,0.0,0.3089286212117938,0.0,0.0,0.0,1.0,1.0,0.5963443901163017,2260.12755938831,4.72290249972054,3.4080215098477367,3.48336355652748,8.130924009568277
3.8320039292233172,0.6732064773457751,0.26430865107211654,0.542663608774541,-0.017974318679425103,3.4848178432623356,1.8235937135646612,0.576578185009484,-0.00013515266605808454,0.0,0.0,0.0,0.0,3.257665468675204,1260808298.4289052,3816.4535030162865,-0.16532445996969258,2.753252985627708,100.0,IMRPhenomXP,20.0,9.011486133053074,5.3857585749656485,3.625727558087426,0.013314636140867586,-0.0031907900659867428,0.02255282016371063,(1.058485208106611-0.09021646525051566j),0.7178757476307264,(0.3478573125501236+0.1778235492906855j),0.20305774101211074,(0.6472558927360363+0.7773244616551906j),0.6598520910233985,0.24046352633041035,1.8235937135646612,0,0,0.26430865107211654,0,0,0.542663608774541,0.0,0.0,0.3763034126653424,0.0,0.0,0.0,1.0,1.0,0.6246459068724682,2349.0986596379257,3.3150353268876454,2.231703254690832,2.358670226548093,5.546738581578477
2.8721485142744663,0.8268457053243387,0.18503641127775117,0.1811252935972573,-0.24935389620530052,3.1705131998710985,2.260111248496503,0.41812878377104706,0.00010932217869793212,0.0,0.0,0.0,0.0,5.312991393834095,1260808298.382978,3963.646989476162,-0.15404742471653332,2.495114902133257,100.0,IMRPhenomXP,20.0,6.634289977132408,3.6315546287224922,3.002735348409916,-0.015860345673094467,0.003917985372560662,0.027718719750382537,(-0.3383614563416866-2.0324372521990464j),0.5593720089319965,(1.2568001391081558+1.0143915897902014j),0.2991967765222054,(-0.6409686558683017+1.0627476570549803j),0.6061817947813496,0.2477540359168987,2.260111248496503,0,0,0.18503641127775117,0,0,0.1811252935972573,0.0,0.0,0.18326620657589304,0.0,0.0,0.0,1.0,1.0,0.6444200304102136,2410.361659521278,2.2084106016493683,1.8260148215665188,1.7466027299351163,4.034425423215887
2.5521157390752194,0.806487679194396,0.0949415444332237,0.2812100364383885,0.02914627539053465,4.5890764639972215,1.8849591912696708,2.973242501338973,7.874280265042792e-05,0.0,0.0,0.0,0.0,6.2787437395301255,1260808298.3949459,4194.545387069244,-0.07003465378344709,2.735106271346159,100.0,IMRPhenomXP,20.0,5.9039643759061535,3.2682007433004077,2.635763632605746,0.0016920667867819095,-0.0018357853308650328,-0.0012322741425687678,(0.8721257632376013+0.842994265463712j),0.39730958474278294,(-1.4012861735475692-0.1954130942745321j),0.06686415651323238,(-0.06722917408512341+0.9001377227247401j),0.6945908812842445,0.24713128605954007,1.8849591912696708,0,0,0.0949415444332237,0,0,0.2812100364383885,0.0,0.0,0.1780991798571627,0.0,0.0,0.0,1.0,1.0,0.6751194531796297,2504.0276047212515,1.9510254848374358,1.573478015315665,1.5235425355671908,3.524503500153101
5.457263717900808,0.7824287439589053,0.23535012910783604,0.6281206693186898,1.0514141598219142,2.003572487602948,2.084057486057125,0.8483098571875247,0.00023124830671100352,0.0,0.0,0.0,0.0,5.913968153535486,1260808298.4707923,1745.9911715609367,-0.066865026309193,1.9472841749246692,100.0,IMRPhenomXP,20.0,12.650936497069221,7.097583305894496,5.5533531911747245,0.0549039990482294,0.014177157177823196,-0.004098247842196923,(2.5701756696269067-1.0304398020202357j),1.5408694845522823,(1.768403920433765-0.8798142137995287j),0.6183392649989564,(1.8778072559310155-0.19884201775984808j),1.4020141765637282,0.2462750650549059,2.084057486057125,0,0,0.23535012910783604,0,0,0.6281206693186898,0.0,0.0,0.4077637313249266,0.0,0.0,0.0,1.0,1.0,0.32331666990795843,1319.4054042038435,5.36348061449884,4.196541400450265,4.123928793461342,9.560022014949105
6.392547214411454,0.8077037800557297,0.5187604768836023,0.4206100187432913,0.24048978456101577,2.649303648210533,0.628604039212721,2.5062107191119254,1.4997284072002079e-05,0.0,0.0,0.0,0.0,2.027088578919362,1260808298.4387424,4866.543281305542,-0.06470256854741985,2.225512491340729,100.0,IMRPhenomXP,20.0,14.786840710601602,8.179902522605632,6.6069381879959685,0.027369153169868543,0.0018601937349477238,0.050652707486309234,(1.9480605050071038+0.3046846466785256j),0.6506968425022553,(0.17923401767775962+0.4862060360761888j),0.3733001689346461,(0.6526828307115178-1.1016989118724838j),0.365808561929885,0.24717103893224635,0.628604039212721,0,0,0.5187604768836023,0,0,0.4206100187432913,0.0,0.0,0.474905672280778,0.0,0.0,0.0,1.0,1.0,0.7624726605062532,2761.2021585138045,4.641151437921332,3.7486755602201454,3.627033404634633,8.389826998141478
4.891476435703241,0.8113984024481775,0.2951845386088697,0.4696908758586531,0.3178092562654688,4.931398057713511,2.014367976183595,1.6673815220980739,3.488811852757074e-05,0.0,0.0,0.0,0.0,5.815779252197747,1260808298.3959043,3593.495215152367,-0.055082616103049986,2.6325548874091282,100.0,IMRPhenomXP,20.0,11.311397206683292,6.244566182345908,5.066831024337384,0.07950728115052774,0.009640968130476879,-0.010530949941268242,(-0.19934102246191202-0.6425182468001495j),0.5219374628707029,(-0.4691878648800803-1.812929287249895j),0.22975803226597918,(0.5364089273873247+0.37509389279022487j),0.9925163284701128,0.2472897910063145,2.014367976183595,0,0,0.2951845386088697,0,0,0.4696908758586531,0.0,0.0,0.37335296531731055,0.0,0.0,0.0,1.0,1.0,0.5943703913184579,2253.8647540424727,3.916634563930901,3.177951028146847,3.067967432372007,7.094585592077748
2.545433403775216,0.9289114668808905,0.7185244192965154,0.6362831332541976,0.057930464145275425,3.511636980014193,2.3172105098119546,1.5237268208647146,0.0001410822086648939,0.0,0.0,0.0,0.0,2.1107203842630127,1260808298.4676018,3119.137734298644,-0.05040770584063359,2.474963789361685,100.0,IMRPhenomXP,20.0,5.852641176640892,3.03416785950513,2.818473317135762,-1.8679854870473633e-05,-0.00406178065290988,-0.0034966332477504025,(1.4365808421968502+1.3705690431393538j),0.9052644716885119,(0.271939255717486-0.5369589224502992j),0.26243008247793054,(2.048290433486489-1.0243273790051104j),1.0544495421720432,0.24966044156395012,2.3172105098119546,0,0,0.7185244192965154,0,0,0.6362831332541976,0.0,0.0,0.6789192456182889,0.0,0.0,0.0,1.0,1.0,0.5285266934698822,2040.6171118985787,1.9850277214441818,1.843915012525947,1.6652855423786361,3.828942733970129
5.5013434516283315,0.5081081901327502,0.361287250995685,0.5104768442090215,0.6784830285438465,1.1897436833867303,0.45519152304431176,2.3581310097904638,-9.621775503738131e-05,0.0,0.0,0.0,0.0,4.897421935162862,1260808298.3385303,1868.2829903818122,-0.04738819188048904,1.7135488127045413,100.0,IMRPhenomXP,20.0,13.521162741781552,8.965645057992399,4.555517683789154,0.04016643049985724,0.01708063316182573,-0.027705619039077423,(1.6043639668483165-0.04671650686607813j),1.4594966594131227,(1.2555978267144636+0.4357315933927599j),0.7586554486520418,(2.1336581099689096+0.36503340985586363j),1.936876205357627,0.22340413041508128,0.45519152304431176,0,0,0.361287250995685,0,0,0.5104768442090215,0.0,0.0,0.41155185050535076,0.0,0.0,0.0,1.0,1.0,0.342725131526696,1391.411352950813,6.677200603073798,3.392740313581136,4.097147899044113,10.069940916654932
5.7237700656372335,0.8511688169189817,0.5051658042755978,0.599603223796334,-0.3730277157015032,3.8893238456918655,3.0329513704454176,2.713186760128549,-0.00017416030850843004,0.0,0.0,0.0,0.0,1.025121246321857,1260808298.4059558,4203.022013240471,-0.03924524872805035,0.49279139665080507,100.0,IMRPhenomXP,20.0,13.20103514884573,7.131189240113202,6.0698459087325265,0.05680212306524113,-0.02040823340328224,-0.10964672671225606,(2.2232219062144565-1.183065993561344j),0.71867525755589,(1.1291774438923288-0.8853241104357527j),0.5216863458225401,(-0.028958402743768888+0.8583094520476074j),1.0877612137860047,0.24838402058274014,3.0329513704454176,0,0,0.5051658042755978,0,0,0.599603223796334,0.0,0.0,0.5485882009320691,0.0,0.0,0.0,1.0,1.0,0.6762393530163795,2507.411606054124,4.254278619148682,3.621109299104502,3.41464961751277,7.8753879182531845
5.201281349478988,0.6925395465592787,0.7508601080351449,0.5698698464260755,0.7787010640971661,2.1503136067260056,1.2139055046719582,1.650677249565015,-0.00021562005218675256,0.0,0.0,0.0,0.0,1.5069348592702292,1260808298.353433,4195.758528579884,-0.03764772563610985,2.3807076500520754,100.0,IMRPhenomXP,20.0,12.192427709817467,7.203629442279886,4.988798267537582,0.014014071891731983,0.009442223312025821,-0.0010884001193738335,(3.311777766319793-0.937618777535288j),0.43460123418967816,(3.027799474122197-0.16555598035933278j),0.13293921541955508,(0.5149103209657784+0.4040757196643939j),0.2814019259839573,0.24175024814377155,1.2139055046719582,0,0,0.7508601080351449,0,0,0.5698698464260755,0.0,0.0,0.6768039868879631,0.0,0.0,0.0,1.0,1.0,0.6752797649446673,2504.5121598445467,4.299956098686486,2.9778896468091447,3.1047240337501365,7.277845745495631
3.85641652254569,0.8897257150396725,0.5511199832055452,0.19605316098045453,-0.24320116016716486,5.080195434932462,2.0673783448307903,1.075446477899812,0.00023631239101566274,0.0,0.0,0.0,0.0,1.0407437791112766,1260808298.4543085,4767.840854623393,-0.029207880725634183,2.6271198667813547,100.0,IMRPhenomXP,20.0,8.877869905973768,4.697967453857391,4.179902452116377,0.00816606853053578,-0.0002736989698374978,0.01892524461513223,(-1.3667313660399336-0.20985221238710974j),0.21652778625011193,(1.7570932902718008-0.10904473213035275j),0.08304434415042006,(1.2765699251320997-1.4780546743910845j),0.59943510802376,0.24914868367090084,2.0673783448307903,0,0,0.5511199832055452,0,0,0.19605316098045453,0.0,0.0,0.3839464723743975,0.0,0.0,0.0,1.0,1.0,0.7498136395160071,2724.770664432202,2.6848387438315053,2.388770071121702,2.203901281517249,5.073608814953207
3.967462273991039,0.6733852037892599,0.03533461114542247,0.1575795191144027,-0.9063347235903797,0.17745843619960874,1.5690503371790592,2.530357077706122,-0.0002429189581541906,0.0,0.0,0.0,0.0,6.243868571120117,1260808298.4155788,3696.869055399453,-0.024956679155602624,2.3022351168166946,100.0,IMRPhenomXP,20.0,9.329744996769827,5.575371991842221,3.754373004927606,0.11446604180415543,0.0008249018787582219,0.006963760445386602,(0.0987329280289376-0.47094263402369146j),0.841713929768728,(0.9220174441653697+0.37165771851755985j),0.07900410366159431,(-1.37695718746593+0.41033729344626324j),0.7382605007775778,0.2404759894077885,1.5690503371790592,0,0,0.03533461114542247,0,0,0.1575795191144027,0.0,0.0,0.08452705773721025,0.0,0.0,0.0,1.0,1.0,0.6084573993592916,2298.3941456751654,3.4662851462917823,2.3341451296273763,2.4666256473882537,5.800430275919159
2.0453988085818113,0.7926127402601774,0.4252005390651368,0.7012599341367554,0.03147813225030608,5.135773495455811,2.16126592156174,1.1016440366930293,-9.7846194628662e-05,0.0,0.0,0.0,0.0,4.345415674140289,1260808298.3294888,3844.3083164632426,-0.012434117838090675,2.599707074106596,100.0,IMRPhenomXP,20.0,4.737237339290876,2.6426440205949446,2.0945933186959316,0.0018784133626291721,0.0020746403823449916,0.0007579800785529889,(0.9777023842713488-0.20387953322468053j),0.1143945283140569,(-0.4430221402115043+0.2584146980287562j),0.11933858438938488,(1.3797342104664707-0.2265052906755227j),0.47433788347697264,0.24665395946583824,2.16126592156174,0,0,0.4252005390651368,0,0,0.7012599341367554,0.0,0.0,0.5472615892228664,0.0,0.0,0.0,1.0,1.0,0.6284005949646114,2360.7878346053767,1.622846386059184,1.2862887210756955,1.2560783967450357,2.909135107134879
3.32891008949524,0.8234714307040822,0.06300919669266296,0.08769619149918412,0.9491704524515693,0.639272429291292,1.7880577613892856,1.9664602881684494,7.79354161480925e-05,0.0,0.0,0.0,0.0,5.491282769881412,1260808298.3467388,4027.191950115282,-0.002754717715761537,2.221254243021013,100.0,IMRPhenomXP,20.0,7.691157405743434,4.21786559209963,3.4732918136438036,-0.0009133603543708575,-0.003405964144066867,6.983360815183276e-05,(1.1874498789580248-1.089343741236792j),0.09545160674346817,(2.934892332437724+1.1198649409313874j),0.13467411384268374,(0.8212772981957054-1.9332130266732437j),0.08814158088455942,0.2476570010997946,1.7880577613892856,0,0,0.06300919669266296,0,0,0.08769619149918412,0.0,0.0,0.07415773161939924,0.0,0.0,0.0,1.0,1.0,0.6529067943147285,2436.4301428900785,2.5517867109066468,2.1013234536819607,2.0139732627061764,4.6531101645886075
3.168924732375509,0.7042678504301549,0.7532013441413954,0.10762417264360363,-0.22392655634139558,5.45489709268927,1.9369880570337406,1.6540668092543023,0.00017435360577499888,0.0,0.0,0.0,0.0,3.491032972874521,1260808298.326466,3153.4678771812264,-2.9881575093426704e-05,2.6918275762170962,100.0,IMRPhenomXP,20.0,7.41505928639968,4.350876703170883,3.064182583228797,0.006454447348321901,-0.004952758293852388,0.0066642563902201135,(0.9492346033770663+0.9492289901156311j),0.2925972874962602,(-1.995521773180508-0.6582806478671879j),0.2338190681621829,(0.9887480958330203-0.6171951599511942j),0.3261734948824619,0.2424723158970598,1.9369880570337406,0,0,0.7532013441413954,0,0,0.10762417264360363,0.0,0.0,0.4864244717484943,0.0,0.0,0.0,1.0,1.0,0.5333627109139201,2056.570071808934,2.837473920686162,1.9983416587732674,2.066650447294858,4.83581557945943
2.6466123890275792,0.7092357317089786,0.19760721222998062,0.08526868051494568,0.19220363899108175,1.7056277977169527,1.4773765523413476,1.0772427149383512,0.00024318193795587587,0.0,0.0,0.0,0.0,5.755088188873783,1260808298.4083042,4188.188885302422,0.0003935937976674714,2.762758074600578,100.0,IMRPhenomXP,20.0,6.188399359223964,3.6205651709822937,2.56783418824167,0.0017345663707877546,0.000972332876195205,0.002629035521985179,(1.2772329652117964+0.7239945647459843j),0.09080380472801028,(1.1957076656623513-0.7656967373863045j),0.007687901288254851,(0.7324562471730797-0.27420440566522286j),0.11240370346597471,0.24276533954354879,1.4773765523413476,0,0,0.19760721222998062,0,0,0.08526868051494568,0.0,0.0,0.1509931032092415,0.0,0.0,0.0,1.0,1.0,0.6742793393688787,2501.487522560656,2.1624618340850277,1.5336952011900344,1.5807472067505908,3.696157035275062
2.2561164793382895,0.6400874669628492,0.19522972797063592,0.4921944557204538,-0.31700624883396333,4.354284731933252,1.0713681814402471,2.8067495805115583,-0.00010794588118654617,0.0,0.0,0.0,0.0,4.887202372232288,1260808298.3692906,1706.8557305885731,0.0008484471993098763,2.604330682238124,100.0,IMRPhenomXP,20.0,5.338980509017508,3.2553023034218733,2.0836782055956355,-0.0068194278270293784,0.00046626220286061226,0.037684700537300664,(1.2597954791524886-1.2250988390462205j),0.9484960141226131,(0.8145504592381639+0.3196776068514265j),0.1910693526162271,(3.2075179557495104+0.03846337424672575j),1.4162198307747214,0.23796073624215613,1.0713681814402471,0,0,0.19522972797063592,0,0,0.4921944557204538,0.0,0.0,0.31112805912165303,0.0,0.0,0.0,1.0,1.0,0.3170470234635786,1295.9717452904672,2.4716674844767943,1.582083379313189,1.7130113345574707,4.0537508637899835
3.608341087869141,0.6365064520551996,0.21278196413618336,0.23549666030320734,-0.0528859013007706,3.9076125349341444,1.6888353751775353,0.14642193117313995,0.00018377068671127805,0.0,0.0,0.0,0.0,6.22432880448826,1260808298.481513,4913.724620774305,0.0010883338671114906,2.777332085159979,100.0,IMRPhenomXP,20.0,8.545297040699385,5.22167024148778,3.323626799211604,0.001587233425901835,-0.002617889065093259,0.030730920473937884,(-2.084414598515911-0.07151469743361848j),0.15432924732620978,(1.0910340618726895+0.3942723023774491j),0.0639264282917455,(-1.992835568367163-0.9129194337892271j),0.35744413780643786,0.23766616944019522,1.6888353751775353,0,0,0.21278196413618336,0,0,0.23549666030320734,0.0,0.0,0.2216166684837447,0.0,0.0,0.0,1.0,1.0,0.7685044419247256,2778.463251631334,2.9525909676567466,1.8793432011934244,2.0403347610153904,4.831934168850172
4.946997693986712,0.532624507387292,0.7682688921753376,0.5133584598406723,0.2383929747061464,2.421636330200714,1.6737879092333972,2.7735333418420973,1.8812396528297768e-05,0.0,0.0,0.0,0.0,2.321729747820482,1260808298.3683388,3599.2205239123314,0.005566491035214949,2.75171210301776,100.0,IMRPhenomXP,20.0,12.050690696537988,7.862780895420457,4.187909801117531,0.00020184120655732107,0.009715040135905906,-0.0006120459727566169,(-0.7597881606352691-0.06680339999972978j),0.13644456066250532,(-0.45511676339255275+1.6938262838741414j),0.24182592379212692,(-1.8846229975625797-0.2286637740470046j),0.19083777919777342,0.22675121031350245,1.6737879092333972,0,0,0.7682688921753376,0,0,0.5133584598406723,0.0,0.0,0.6796812813184642,0.0,0.0,0.0,1.0,1.0,0.5951529022853891,2256.348283623366,4.929170667059806,2.625397098370618,3.1012686538695484,7.5545677654304235
3.2943482211285566,0.9589652610061415,0.7974514455833647,0.6711650249412111,-0.8228091705221263,3.2627830002096876,1.6169227221242632,1.6950620246747303,-7.493124595459158e-05,0.0,0.0,0.0,0.0,2.8275350735277525,1260808298.4289787,4672.088224270404,0.005916493387622956,2.399229399722511,100.0,IMRPhenomXP,20.0,7.570418002575454,3.8644983416843344,3.705919660891119,0.004722296772543405,0.0005419432251152542,0.001905519584292678,(1.6674294116365582-0.36333123143070417j),0.18218290611157867,(0.930673741869867-0.3628063361156284j),0.0426690799862801,(0.5893403005228852-1.398354030410286j),0.08142852369651477,0.24989030422764555,1.6169227221242632,0,0,0.7974514455833647,0,0,0.6711650249412111,0.0,0.0,0.7356309055547814,0.0,0.0,0.0,1.0,1.0,0.7374791778536476,2689.0038726905486,2.2241983621687185,2.1329289629065578,1.8960504753778684,4.357127325075276
5.79099731527717,0.6501070637141965,0.5768811958651319,0.5016546721985247,0.0012053772139250974,5.5558614457174285,1.237217332503604,1.416612666598138,0.00011158196134052463,0.0,0.0,0.0,0.0,6.028613667852463,1260808298.4662158,1250.8546801131263,0.006656540813268386,2.7290123103132506,100.0,IMRPhenomXP,20.0,13.67656332743701,8.288288456054893,5.388274871382118,0.005105240823167045,-0.005521768309132258,0.0030823589789842343,(-0.1299141223408282+0.7060866487517212j),0.8000626715753468,(1.8254775498870588-0.9587599311518727j),0.8638055770603513,(-1.0403219521466964+0.36192759685332737j),1.093633542475447,0.23875948753040158,1.237217332503604,0,0,0.5768811958651319,0,0,0.5016546721985247,0.0,0.0,0.5472435465939116,0.0,0.0,0.0,1.0,1.0,0.24163099924025846,1007.4286795181603,6.6753233940892365,4.339674891074037,4.664024431429807,11.014998285163275
2.4882578434244427,0.8988824868554492,0.7487078371172752,0.6832850007381461,-0.4176557424769244,4.192307241899145,1.9458125147038974,1.6709585273004255,5.404451192367641e-05,0.0,0.0,0.0,0.0,2.0232244215708457,1260808298.4923344,3542.993299230255,0.007128501790409247,2.6238042595801723,100.0,IMRPhenomXP,20.0,5.72626361225849,3.015596621643073,2.7106669906154166,0.004812876778662378,0.000499245655160685,0.020430932862209095,(1.218448717693475+0.5609645647401816j),0.34248868521737924,(-0.6143511232139877-1.6164802903242568j),0.1382046377709501,(-0.38244609850034844-0.6883154885402735j),0.5588702915129389,0.24929108104139086,1.9458125147038974,0,0,0.7487078371172752,0,0,0.6832850007381461,0.0,0.0,0.7177383367565688,0.0,0.0,0.0,1.0,1.0,0.5874560142237787,2231.868654065331,1.899641057530413,1.707554077925653,1.567449945780785,3.607195135456066
6.451370565964075,0.9274404110845229,0.28121334195797915,0.42865904906804597,0.8573782780765564,1.5615014250090913,1.3260643067007107,2.356421146190566,-6.590223206168427e-05,0.0,0.0,0.0,0.0,3.093698466674956,1260808298.49842,3175.2560792323948,0.007733770374108939,2.331460601694179,100.0,IMRPhenomXP,20.0,14.833974616186225,7.696204007593426,7.1377706085928,0.034206284847209556,0.0022803213773348457,0.19506701467210608,(1.6158093983725241-0.4998559920466815j),0.6316292525540889,(1.5421254391875743-0.008041499780011006j),0.2061472100375999,(3.0214328974449027+0.59973353003797j),0.5717846773553521,0.2496457028039147,1.3260643067007107,0,0,0.28121334195797915,0,0,0.42865904906804597,0.0,0.0,0.3521608568219351,0.0,0.0,0.0,1.0,1.0,0.5364259378878234,2066.650913100601,5.009160427331537,4.645697805912685,4.198946663731148,9.654858233244221
5.781108221063098,0.5912987891260388,0.698158058604843,0.20646210287770775,0.9735599278032219,5.343503571534116,1.3959853984937471,1.231503441645799,0.00011657015388295112,0.0,0.0,0.0,0.0,0.36808439975846774,1260808298.3450205,2617.4870221919296,0.009210475929720685,2.1947420597248994,100.0,IMRPhenomXP,20.0,13.83658719739944,8.695153475858966,5.141433721540475,0.012168400152874848,-0.007901610528672193,-0.0004563968337409907,(2.5404368393234082-1.1787246151600006j),0.49778766752743586,(2.192455767900022-0.733658054560222j),0.5468798933630714,(-0.5058254097039455+0.9439586661061015j),0.36521283964235074,0.23350894679378714,1.3959853984937471,0,0,0.698158058604843,0,0,0.20646210287770775,0.0,0.0,0.5154524440299063,0.0,0.0,0.0,1.0,1.0,0.45642955867521584,1797.1943810433781,5.970184705512412,3.5301629872282865,3.9693702909474435,9.500347692740698
4.218237188290008,0.7892312478784982,0.0033421932515245167,0.36301094067366224,0.9461489687054224,4.251354509406584,2.055932380768396,0.471889468298476,0.00023548570611274918,0.0,0.0,0.0,0.0,3.8797981065457026,1260808298.3686237,1164.0744117348268,0.010934445982425434,2.1266412215933164,100.0,IMRPhenomXP,20.0,9.772556773680067,5.461874637650915,4.310682136029151,-0.00023177259310669385,-0.002054260924454515,0.032514087144079884,(2.8734779824409196-0.36695079819775145j),2.5299093014765486,(-0.4939144510748925-0.5838582189635144j),0.7016536525944705,(2.0737353053388787-0.7027017393161388j),2.8411886488325515,0.24653087851507524,2.055932380768396,0,0,0.0033421932515245167,0,0,0.36301094067366224,0.0,0.0,0.16199234799672402,0.0,0.0,0.0,1.0,1.0,0.22672360952163254,948.9296574605003,4.452408509346944,3.513979923896733,3.438620692997775,7.966388433243678
3.3014835983497286,0.8096295392187531,0.05709530464368662,0.008925588029117382,-0.6469905934862146,3.6995901585741353,0.9366870926950767,2.2652776112037754,0.0002227187567803806,0.0,0.0,0.0,0.0,6.157023023558044,1260808298.4225705,3493.4743481490304,0.012094348472213134,2.343775612807435,100.0,IMRPhenomXP,20.0,7.635631294181307,4.219444438046549,3.416186856134758,0.00185070103133958,-0.013581220879677391,0.02049167819789599,(1.046085570173061+0.12858399032721754j),0.18501980928902165,(0.41213814934308834-0.5179397313730809j),0.39631437997970315,(-0.13771998012885933-0.6164925521413641j),0.38860492868086455,0.24723331460634954,0.9366870926950767,0,0,0.05709530464368662,0,0,0.008925588029117382,0.0,0.0,0.035544139268817464,0.0,0.0,0.0,1.0,1.0,0.5806550913374765,2210.1433493540576,2.6694276703187994,2.1612474946979994,2.0886805834131517,4.830675165016799
4.390027564216737,0.7073930572422747,0.5691813216629725,0.33327817364067497,-0.9150227798980344,6.220373179633828,1.4745998980459816,0.48270867486670477,-3.7320084441250137e-05,0.0,0.0,0.0,0.0,3.065771643578941,1260808298.4259732,4070.131986584458,0.012130377897175637,2.2864107053081515,100.0,IMRPhenomXP,20.0,10.267648307875245,6.013640657798629,4.254007650076617,0.004261280111350407,0.0010079317277632604,0.005355412550720251,(2.991024594847593+1.1085241626766942j),0.2614958522632906,(0.16747073422848796+0.9151452085025373j),0.02588948193386615,(2.676595554515987+1.9756661281066028j),0.17695908343451364,0.24265752900709045,1.4745998980459816,0,0,0.5691813216629725,0,0,0.33327817364067497,0.0,0.0,0.47144386842411323,0.0,0.0,0.0,1.0,1.0,0.6586250866322844,2453.919233826629,3.6256781030660057,2.5647795179042334,2.6467871489453736,6.190457620970237
2.1826388268338146,0.6850070158505248,0.21964347901945463,0.6366903731473711,0.801998643941399,0.775485871455457,1.7866163810006457,2.180882820567913,0.00021030386932600664,0.0,0.0,0.0,0.0,1.0276244030323347,1260808298.3481836,4241.206398344512,0.012780828386449145,2.3987890749053182,100.0,IMRPhenomXP,20.0,5.122558431996528,3.040081366908056,2.082477065088472,0.001755937761254274,0.0008161068641542035,0.004474531023568429,(0.059875941488965495+1.7756148271546626j),0.0760535984956697,(-2.5032749002809993+3.5776364498051914j),0.10729724633189011,(-0.27449974744427175+1.2013393923767013j),0.10244909970397265,0.24126348265660472,1.7866163810006457,0,0,0.21964347901945463,0,0,0.6366903731473711,0.0,0.0,0.38918582853429856,0.0,0.0,0.0,1.0,1.0,0.6812780365461127,2522.6085765052258,1.8081966818250739,1.2386274130878148,1.2982021886859705,3.0468240949128886
5.77365480379887,0.9084941411621505,0.678005697809529,0.6196197651137926,-0.7125051258703506,5.165918022966335,1.371450770986111,1.6366634182807906,-0.0001769462949228312,0.0,0.0,0.0,0.0,2.978202530541502,1260808298.397326,1232.137733107275,0.01683062272680974,2.4869584202864763,100.0,IMRPhenomXP,20.0,13.282705183962957,6.959783054861589,6.322922129101368,0.016380138554065837,0.0006683293645506488,-0.0002477300089406276,(1.9214226865812394+0.7891560135220619j),1.0476145682143037,(0.26996604163255755-1.138479570221519j),0.3058487650334361,(0.9692327389297358-0.2595049407544326j),0.5592330621578631,0.24942528021320234,1.371450770986111,0,0,0.678005697809529,0,0,0.6196197651137926,0.0,0.0,0.6502124357625918,0.0,0.0,0.0,1.0,1.0,0.2384323114880592,994.9172999999689,5.619833228106705,5.105585562043317,4.662067317075599,10.725418790150023
4.039231677222341,0.5358742921252639,0.23745788797647754,0.2689256479139031,-1.0353978896008347,2.5539313759347397,1.4782916496064655,0.9641247902271637,7.555848155697278e-05,0.0,0.0,0.0,0.0,5.921546569630483,1260808298.4666247,1662.7934073625315,0.016985945675896286,2.1084450693293357,100.0,IMRPhenomXP,20.0,9.828512973245005,6.399295192085553,3.429217781159451,0.0011652603162756736,-0.004491386348790788,0.008571344497372513,(2.182634629539527-0.5199806360031397j),0.7446834622829095,(1.56757785227117+0.040328453315265606j),0.3564552790900641,(2.48375185942764+1.9020460971236723j),1.0675134347700375,0.22717031518682243,1.4782916496064655,0,0,0.23745788797647754,0,0,0.2689256479139031,0.0,0.0,0.24843714823735594,0.0,0.0,0.0,1.0,1.0,0.30995274572281695,1269.3537384168799,4.885134378304994,2.6178179269109805,3.0834941874132564,7.502952305215975
6.17254526222775,0.9290669114998906,0.532885497403768,0.13884497970024032,0.266880297496324,0.020858199319792037,1.4232363320381884,3.0769030033307767,-5.173107395321883e-05,0.0,0.0,0.0,0.0,4.135997455274129,1260808298.3474953,518.8407906751988,0.017407574360687628,2.738743822891246,100.0,IMRPhenomXP,20.0,14.19230178992381,7.357081138719544,6.835220651204265,0.010559319585207033,0.002446899569779004,0.013626007466225831,(2.624989420708824-0.11632976292843898j),1.7214122119770985,(1.8567484377031858+1.8550032486518264j),1.540850718193532,(2.5373495187564687+1.1527615061707246j),1.6843771510343373,0.24966197940271356,1.4232363320381884,0,0,0.532885497403768,0,0,0.13884497970024032,0.0,0.0,0.3431098060546319,0.0,0.0,0.0,1.0,1.0,0.10853889550177465,468.04022112077007,6.636737031576503,6.165972776363734,5.568181041977582,12.802709807940237
5.00777922656914,0.7896056386705337,0.37204021163113155,0.6364548734008998,-0.7042189942249205,3.4702362605236945,1.279956741118009,1.8094694497415866,7.920537578927182e-05,0.0,0.0,0.0,0.0,4.414419745503489,1260808298.3992102,3702.4692132014584,0.02260949543479812,2.47115553287127,100.0,IMRPhenomXP,20.0,11.601331510226215,6.482618996911878,5.118712513314338,-0.00011467675732428767,0.014150260201026499,0.0009174491577031568,(0.2210393132524513-1.0111411900455278j),0.07563023233960894,(0.7009920864951689-0.8714980261525912j),0.23824837626186013,(-0.8159306532086736+0.24830356326580066j),0.10231307865291046,0.24654463824193665,1.279956741118009,0,0,0.37204021163113155,0,0,0.6364548734008998,0.0,0.0,0.4887046338753934,0.0,0.0,0.0,1.0,1.0,0.6092180494822376,2300.7877691462536,4.0284279678553485,3.1808694383966625,3.1119332946709,7.20929740625201
6.583216055855774,0.7358577173312977,0.6679942409745485,0.1694611191212034,-0.5266273734340783,5.969934026953436,0.8915165127819242,1.5336638845164898,9.855697981314113e-05,0.0,0.0,0.0,0.0,1.5141040602578857,1260808298.3269253,4266.05384230771,0.02334809845479402,2.389122170923695,100.0,IMRPhenomXP,20.0,15.338353712596854,8.836181421699695,6.502172290897159,0.08141384087434211,0.006908283673824123,1.2203498710634726,(2.81241858668342+1.390450711482174j),0.8809675310794314,(0.2855877017155232-1.1925158635193778j),0.27699655500143733,(0.8946748335410548+0.09615067560537414j),0.4936844653291267,0.2442112124286469,0.8915165127819242,0,0,0.6679942409745485,0,0,0.1694611191212034,0.0,0.0,0.45665811509376986,0.0,0.0,0.0,1.0,1.0,0.6845515188745966,2532.4567242102175,5.245420708535474,3.8598833090252325,3.9079933039114434,9.105304017560707
6.257726535721348,0.7087336367455273,0.18957807562802068,0.5312892055221464,0.6468110965314406,1.5467792658042196,1.7491727888368203,2.4892127513715425,-4.753737149518591e-06,0.0,0.0,0.0,0.0,5.06241509888674,1260808298.4878542,1738.4461109467359,0.02352935977963666,2.544085257606006,100.0,IMRPhenomXP,20.0,14.633088387566458,8.563703594807672,6.069384792758786,0.0135214355194051,0.001137180981187768,0.044994956292332966,(1.0466352936033263+0.464352116609928j),0.892610684503417,(-1.3595379723673884+0.8371489055076762j),0.13412781234113946,(3.357804113792397-1.9152455055197755j),0.7439167474820275,0.24273606519274496,1.7491727888368203,0,0,0.18957807562802068,0,0,0.5312892055221464,0.0,0.0,0.3313100381751792,0.0,0.0,0.0,1.0,1.0,0.32211018628797,1314.902584880759,6.477299459322374,4.590680002095383,4.733135407791456,11.067979461417757
2.3130632161603017,0.9774467575725554,0.4914556148374103,0.19219893051292633,-1.2310102718698626,4.641643370043037,2.0467365942353655,1.9371453700490313,0.00018188516191810497,0.0,0.0,0.0,0.0,2.992551928933368,1260808298.45906,1023.8993840727921,0.024100773559412314,1.569144965432561,100.0,IMRPhenomXP,20.0,5.314438612858074,2.687525513648667,2.626913099209406,0.006577930395644249,-0.0008093267035655938,0.006256674492375713,(1.9467409116383791+0.1303822645541504j),1.3583499083896124,(2.209893055897722+0.7103908708629957j),0.5517705274213858,(2.9837677174633583+1.519147702855422j),1.3277477057339175,0.2499674801609813,2.0467365942353655,0,0,0.4914556148374103,0,0,0.19219893051292633,0.0,0.0,0.3435338188877926,0.0,0.0,0.0,1.0,1.0,0.2022099118158257,851.6810361988327,2.2354877357394356,2.185070238891725,1.9240094374755534,4.420557974631161
2.4196096593395278,0.6043130109212123,0.1392153187138921,0.04518238153298233,-0.7879201471625367,4.724085811188214,1.3005751105376018,0.5407081556576732,-5.9164876250389256e-05,0.0,0.0,0.0,0.0,4.745874232531705,1260808298.4489138,3442.6184731160342,0.03061905921512753,2.3996491766358528,100.0,IMRPhenomXP,20.0,5.772116254261022,3.597874114943826,2.174242139317195,0.010648686941433172,0.0013824162917838688,0.00967022397117867,(2.4565257705567056-0.4347642809328323j),0.31956904356171073,(0.025722314542641643-0.3169843150163558j),0.06606860439959097,(0.8309884297184527+2.401055543509272j),0.2628307879997654,0.23479223693686782,1.3005751105376018,0,0,0.1392153187138921,0,0,0.04518238153298233,0.0,0.0,0.10379496931403831,0.0,0.0,0.0,1.0,1.0,0.5736483996810391,2187.666885926471,2.286326548975664,1.3816568807605878,1.5375795888268025,3.667983429736252
4.8550172171645976,0.5290468328205071,0.06930448216264473,0.6468908269410466,0.7766272505582276,0.14522322667532708,2.077348014527722,0.3009013614724352,0.0001764506044081317,0.0,0.0,0.0,0.0,2.377625609357317,1260808298.4921854,3066.0963337678945,0.03067390469205783,2.3136435048010178,100.0,IMRPhenomXP,20.0,11.841296291556011,7.744233883087377,4.097062408468634,0.010121268328188937,0.03323221888482847,0.0021001306992832897,(1.2527107061483407-0.7754522332629908j),0.2046707208092643,(0.2900125538374812+0.23536408616524235j),0.4996835452170481,(1.7713809148852298-0.4672994898383555j),0.1919000585213957,0.22628332089801917,2.077348014527722,0,0,0.06930448216264473,0,0,0.6468908269410466,0.0,0.0,0.2691480839584947,0.0,0.0,0.0,1.0,1.0,0.5210316644890189,2015.8004753177452,5.091435019986256,2.693607571835144,3.1919238307215716,7.785042591821401
5.9199491784906355,0.8588808447125673,0.5254278949765662,0.1764081129136943,-0.6360549935362337,5.522818876475403,1.9285626733232026,2.572410236892451,0.00013943237210459084,0.0,0.0,0.0,0.0,5.263662133063369,1260808298.4222326,3959.3944204477048,0.03680438343225467,2.5026997901421035,100.0,IMRPhenomXP,20.0,13.647719591490718,7.3419012468230695,6.3058183446676495,0.03403689427357626,-0.003241268767549106,0.007387030488721663,(3.4721354412899355-2.836948326810433j),0.35332234035148885,(0.07674718321108297+0.6184069347005919j),0.1530921737342135,(1.4130122874516882-1.0268428465289494j),0.1940336221035173,0.24855918294447898,1.9285626733232026,0,0,0.5254278949765662,0,0,0.1764081129136943,0.0,0.0,0.36416613035501105,0.0,0.0,0.0,1.0,1.0,0.643851020867625,2408.609044819533,4.466281404836803,3.8360035457102653,3.601268669326302,8.302284950547067
6.304965952163594,0.5078818563882483,0.1789046103110823,0.2543375273050897,-1.1683556399242985,4.29728343611144,1.3682782428391804,2.2414182200194217,-4.187860407801566e-05,0.0,0.0,0.0,0.0,1.7737573129838249,1260808298.47375,3314.8664970306677,0.037777217924869766,1.8277176463464402,100.0,IMRPhenomXP,20.0,15.497652027831244,10.277762785044692,5.219889242786551,0.007879948992729091,0.0008064122541169214,0.05113824959033353,(0.897207476838127+1.6105397018412129j),0.23225621094966756,(1.0502857322223162+0.8675283008516017j),0.16594743284891786,(3.8353445162868094-2.1193042476534982j),0.28925743623281397,0.22337165766337025,1.3682782428391804,0,0,0.1789046103110823,0,0,0.2543375273050897,0.0,0.0,0.20431177981404422,0.0,0.0,0.0,1.0,1.0,0.5559454475897674,2130.4516210370302,6.605477589825163,3.354802220651376,4.0521767404701,9.96027981047654
5.238200386759841,0.7346019320817119,0.39323830369791485,0.3811724363674233,0.23058374477104654,2.6444781700730156,0.592424310144855,2.2636046817642885,8.012214227536972e-06,0.0,0.0,0.0,0.0,1.639947450681656,1260808298.4331644,4209.578479024524,0.038959559951568634,2.17616406980477,100.0,IMRPhenomXP,20.0,12.206486060070251,7.037053190308127,5.169432869762124,0.05701509553346584,0.03188123001571419,0.007240543870773664,(2.0428059660968088+2.8930782984190624j),0.6548676964019942,(-1.0178414353218719+1.7794714961962113j),0.3745676979228763,(0.9806163827706272-1.792043424458616j),0.37125524245229047,0.2441475748105417,0.592424310144855,0,0,0.39323830369791485,0,0,0.3811724363674233,0.0,0.0,0.388128422699118,0.0,0.0,0.0,1.0,1.0,0.6771052317749071,2510.0264557860946,4.195952082780579,3.082354506932896,3.1233582052666846,7.278306589713475
2.823091589335949,0.8551348130450727,0.5115999084784493,0.0634341653117585,-0.14845693547423877,5.0742539746346695,0.35307257941611847,0.6477590466991665,-0.00015498812147727225,0.0,0.0,0.0,0.0,4.396475190111864,1260808298.4441192,3263.640717903596,0.04461200882450567,1.712708227437063,100.0,IMRPhenomXP,20.0,6.509607244242977,3.5089672181602354,3.0006400260827415,0.0013333238142188564,0.0014265588831757076,-0.01910830924581064,(2.075304512667586-0.1537466576561346j),0.2869652900570675,(0.9838514353887233-0.5264507424081305j),0.1961770859546695,(2.5403051258952485+1.7119875671270954j),1.0851358567964982,0.2484755361847602,0.35307257941611847,0,0,0.5115999084784493,0,0,0.0634341653117585,0.0,0.0,0.3050153916545807,0.0,0.0,0.0,1.0,1.0,0.5488048511887798,2107.1994386483834,2.2655967376825683,1.9373906427137098,1.822754872680761,4.202987380396278
6.242492023744113,0.7773388779093549,0.3707690550931861,0.49260757925582593,1.0050309908859543,5.692013321830381,2.6849138074101364,1.5182472153635511,-0.00020387736216207316,0.0,0.0,0.0,0.0,2.090355896381716,1260808298.3883903,4339.698307719007,0.04802845726480154,1.343429657655955,100.0,IMRPhenomXP,20.0,14.478249340756857,8.146026354741819,6.332222986015037,0.0392768267626884,0.006511437970261547,0.153324800428555,(-0.7866879722845743-0.16340555075779117j),0.8786630293563951,(0.030739116231200625-0.5476686007002356j),0.6751494344359921,(0.3133617709896101+0.5773192906227574j),0.9323355222842734,0.2460763675860996,2.6849138074101364,0,0,0.3707690550931861,0,0,0.49260757925582593,0.0,0.0,0.4240564854396845,0.0,0.0,0.0,1.0,1.0,0.694229485052507,2561.458384880517,4.808100925294285,3.7375237781431903,3.6845610814940146,8.545624703437475
4.674121657704909,0.5395755766121226,0.4516152289390538,0.5520505286922377,0.053473591034864446,3.872426839903128,1.3167901703761236,2.420733877983399,-0.00019916115175840418,0.0,0.0,0.0,0.0,2.315284415089971,1260808298.4414093,4402.832612618197,0.05665778591980475,2.751671104558466,100.0,IMRPhenomXP,20.0,11.359255220954106,7.378173175460767,3.981082045493339,0.06034763509389984,0.017236755079720334,0.09114916241047055,(-0.3031972353215447+2.0267893847524743j),0.5306102437008491,(-1.5316664615905073-1.796831899872481j),0.18468946051206206,(1.8027112049355243-1.4889823217362097j),0.6333505285787461,0.22764088093979615,1.3167901703761236,0,0,0.4516152289390538,0,0,0.5520505286922377,0.0,0.0,0.4868148226451241,0.0,0.0,0.0,1.0,1.0,0.7024979158815482,2586.1016233571822,4.33373404257025,2.338377044903428,2.7454492684560283,6.672111087473678
3.5225702419939897,0.7424743974166592,0.40557558271834476,0.08596830387287993,-0.40129702011035884,3.677729417645438,1.0149550529276639,0.11562446737143939,-0.00014219693181011386,0.0,0.0,0.0,0.0,2.171841667238847,1260808298.4479437,4205.676758816169,0.057973293008069415,2.5397775110056964,100.0,IMRPhenomXP,20.0,8.20069120876558,4.7063481798778115,3.494343028887769,0.005829212780051107,-0.0007522594425041773,0.03721467990967242,(0.18575007473796432+1.914860080386791j),0.3515084712174191,(1.8260665682054091-0.1542298891790017j),0.26446438174718734,(1.8543396799086662-1.493762694881944j),0.5735970440891247,0.2445393037268425,1.0149550529276639,0,0,0.40557558271834476,0,0,0.08596830387287993,0.0,0.0,0.2693898102773959,0.0,0.0,0.0,1.0,1.0,0.6765899814166386,2508.470627211577,2.8070954926625364,2.0841965344056366,2.101032620401075,4.891292027068173
2.43487501544776,0.5432776505363608,0.765666373371658,0.6543420191827692,0.19921643506732895,2.241801825677974,2.4310475768615274,1.6192145059483585,0.00010215656968371475,0.0,0.0,0.0,0.0,3.824032291627782,1260808298.4460049,1015.4925029862436,0.07077625544486521,2.3384058936312764,100.0,IMRPhenomXP,20.0,5.910122055541785,3.8295909057503312,2.080531149791454,0.00016310448040873782,0.0017139699066961028,0.02029165768472385,(1.5204071734051947-0.8092930299563382j),0.7469611887660669,(0.6762494253252141-1.5058331542188579j),0.7677574917913902,(0.8243308707628281+0.16046225680785314j),1.4021499888462838,0.22810442255720997,2.4310475768615274,0,0,0.765666373371658,0,0,0.6543420191827692,0.0,0.0,0.7264770327042819,0.0,0.0,0.0,1.0,1.0,0.2007217313822639,845.7350903956789,3.1894075085504854,1.732733817848336,2.0278428813350002,4.922141326398821
3.13132932956661,0.9965447237046767,0.24509202221315818,0.1835068843929628,-0.7443692883059094,1.0114095804149463,0.3275797149066931,1.9924401455273324,-4.9231060220844265e-05,0.0,0.0,0.0,0.0,5.366639618920697,1260808298.4131024,3554.5838614012832,0.07259707376087476,1.3445571829577512,100.0,IMRPhenomXP,20.0,7.19391862745076,3.603184312396532,3.5907343150542275,0.0011656407918665401,-0.0062158582440590415,-0.06356844201229617,(0.7317903339566889+1.222647349584524j),1.7932187541888278,(1.6441720099643435+0.5113567032030273j),0.2747952035005513,(2.8598890669632566+1.0281193950119547j),2.0902344999275018,0.24999925123164096,0.3275797149066931,0,0,0.24509202221315818,0,0,0.1835068843929628,0.0,0.0,0.21435274378644606,0.0,0.0,0.0,1.0,1.0,0.5890448234501067,2236.9311559681364,2.267515842991364,2.2596809492498062,1.9705733176034153,4.52719679224117
3.479266041107987,0.625379713090543,0.700454623546491,0.33166212945368206,-0.6862395009977442,4.71082455596979,1.6723779557410465,2.5094930042169126,0.00014558395233087222,0.0,0.0,0.0,0.0,4.3336102606011755,1260808298.4211173,4914.525433057948,0.0728900143300637,2.5238896745064814,100.0,IMRPhenomXP,20.0,8.259374656136432,5.081504702942196,3.1778699531942354,0.02338042882175495,-0.0022595037698698514,0.02052091644190801,(-0.002716516596395861-1.4557738261573336j),0.42205697343491994,(0.8544824341749345+0.302424442937125j),0.07912898907423245,(-0.24553996752842563-0.8217994234191633j),0.4486816189962728,0.23671954596017059,1.6723779557410465,0,0,0.700454623546491,0,0,0.33166212945368206,0.0,0.0,0.5585583378427831,0.0,0.0,0.0,1.0,1.0,0.7686067171346372,2778.755389635848,2.873168270657066,1.7968211487643675,1.9672355687672785,4.669989419421434
4.743573983547169,0.7908060970687687,0.6265620468511237,0.10381982890498165,-1.1819660468853068,4.872055361219958,1.1942946935216936,1.661348707425964,-0.00017267339041158108,0.0,0.0,0.0,0.0,3.1725396032406885,1260808298.4133406,2317.437658448001,0.07442522472253077,1.7431579304505949,100.0,IMRPhenomXP,20.0,10.988083480554094,6.1358309526305685,4.8522525279235245,0.0470998923974818,0.012064025482924262,0.02128050003387405,(0.5957132260831075+1.3028593535594721j),0.7071689117910113,(1.4894117369815862+1.9652314263604944j),0.30200418465853396,(1.2708569986876923+1.7268663607092727j),0.7337171302926355,0.24658853495848984,1.1942946935216936,0,0,0.6265620468511237,0,0,0.10381982890498165,0.0,0.0,0.3957231336802882,0.0,0.0,0.0,1.0,1.0,0.41186661293840265,1641.39984910714,4.345899886293483,3.4367641273313545,3.359789048113232,7.782664013624839
3.813433080588838,0.7496092930902132,0.48043909245929,0.16308151068948976,-1.1251407706121788,4.765371565211057,1.260108548101748,2.8643850070755996,-0.00021592894652756205,0.0,0.0,0.0,0.0,5.101201009159283,1260808298.308092,3611.276633729583,0.0745954933344346,1.8951212044182881,100.0,IMRPhenomXP,20.0,8.870425334323283,5.069946398521963,3.800478935801321,0.0411841177983836,-0.006789368210665642,0.02870056985612579,(1.6499364863642152-1.0978832128509985j),0.7083815923004948,(1.0467389410081847-1.1071123880342384j),0.26286975899614273,(-0.4554469550465377+0.4962111612747672j),0.7377845453533524,0.244879713435178,1.260108548101748,0,0,0.48043909245929,0,0,0.16308151068948976,0.0,0.0,0.34446919708504703,0.0,0.0,0.0,1.0,1.0,0.5967997913259895,2261.571323599348,3.1750670472669946,2.3800597648158424,2.388172331499459,5.555126812082837
5.4476779892252765,0.5176870625282919,0.4432054836997,0.3512663539223751,-0.32641197245988185,0.8956350758742957,1.8876887791828143,2.978137054071483,-7.447825031784452e-05,0.0,0.0,0.0,0.0,2.290205844706811,1260808298.3509007,4810.840053997339,0.08045594307936943,2.6803939073973115,100.0,IMRPhenomXP,20.0,13.341041036136902,8.79037672885757,4.550664307279331,0.02382213171288694,0.003549436305964354,-0.0029679993071629607,(-1.696904215770016+1.0737457580766545j),0.3995905375835701,(-1.8831316621582213+0.054401190062739656j),0.10603692386678774,(-0.35095513734863815+2.0395064371235554j),0.5583622492816098,0.22475162873502358,1.8876887791828143,0,0,0.4432054836997,0,0,0.3512663539223751,0.0,0.0,0.4118448038856797,0.0,0.0,0.0,1.0,1.0,0.7553352967489944,2740.6957798294106,5.007804916324518,2.5924758168467785,3.1034970921594085,7.600280733171297
4.2097820552563325,0.8155187419115328,0.18687311728506623,0.5347989349413041,0.3268031172550084,0.15260332016536893,0.550758891090229,2.1876124700457664,6.470973755756361e-05,0.0,0.0,0.0,0.0,1.6912310460542301,1260808298.3902893,4606.189872958753,0.08279418855374931,2.083800102857139,100.0,IMRPhenomXP,20.0,9.731955819218072,5.360427074947979,4.371528744270094,0.05987235463343055,-0.025947210419855704,0.12427774850884354,(1.42446767778497+1.2898690077989166j),0.6671810642633528,(-0.8088635838805727+1.501857065462304j),0.47010881107831504,(-0.2161764968238648-1.4217539208169914j),0.8432266854007426,0.24741867291171404,0.550758891090229,0,0,0.18687311728506623,0,0,0.5347989349413041,0.0,0.0,0.3431590418218798,0.0,0.0,0.0,1.0,1.0,0.7289588858830837,2664.140787255099,3.1003785681173586,2.5284168293205482,2.4348653340626676,5.628795397437906
4.5642020532400895,0.9791503823745691,0.13186905243698624,0.3327316631829982,1.2984381321856908,0.2401307518060219,2.275788759350599,1.9569429333460455,-0.00019907874762304712,0.0,0.0,0.0,0.0,3.7630463860726255,1260808298.4395368,1972.7604071457329,0.08876338371479697,1.2003707887534851,100.0,IMRPhenomXP,20.0,10.486481060321372,5.298476130823255,5.188004929498118,0.06041622976449412,0.049452606726084536,0.04830846480086115,(2.7237398909941435-1.4785389863819591j),1.2234345231162365,(0.9150448590221227-1.174676928533316j),0.8089926063244424,(0.7832516272981047-0.5082584304324564j),1.0998815544137388,0.2499722553910067,2.275788759350599,0,0,0.13186905243698624,0,0,0.3327316631829982,0.0,0.0,0.23124235113536157,0.0,0.0,0.0,1.0,1.0,0.3590968150671352,1451.523082777774,3.8985273691201514,3.817244564171719,3.3582611647976175,7.71577193329187
2.491536985012791,0.6083759599381174,0.2913031097702306,0.26851252038438445,-0.9199494943343619,4.285732040089908,0.6783947938214313,2.2331352420547876,-3.8281049316611106e-05,0.0,0.0,0.0,0.0,0.2322245493857015,1260808298.451225,4765.035973761285,0.09665593050341448,1.8186668477809365,100.0,IMRPhenomXP,20.0,5.937849686007451,3.6918294191837524,2.246020266823698,0.020866687736673772,-0.0003916464265382724,0.0048373067554249305,(2.1793150969289723+0.017290625909422108j),0.3827420279134184,(0.4668770906682011+0.573342010726088j),0.20327583957369832,(-0.695932657275802-1.1449653083334457j),0.42589941988280655,0.23517811125567648,0.6783947938214313,0,0,0.2913031097702306,0,0,0.26851252038438445,0.0,0.0,0.2826824594741996,0.0,0.0,0.0,1.0,1.0,0.7494530842650702,2723.7289292346,2.110276321433711,1.2838413827869133,1.424180509567345,3.3941177042206245
4.741256447748249,0.9562034454446453,0.7685606804433294,0.07559343996014141,-0.8916526701274932,3.3015302860066975,2.214815788077352,1.6482711684045528,0.00023374294825749905,0.0,0.0,0.0,0.0,2.828265105468463,1260808298.405935,3665.9016870984806,0.09974248415165743,2.0971684937598587,100.0,IMRPhenomXP,20.0,10.895824192898779,5.569882937417154,5.325941255481625,0.014090157239010304,0.0602333845638271,0.004699816354862052,(-1.0125672127205092+0.4150479059502324j),0.2984887797764505,(-1.8975357965306014+1.0022575318425895j),0.46392146408819274,(0.7597199268819018+0.6123483210026801j),0.17831924282846426,0.24987468823064723,2.214815788077352,0,0,0.7685606804433294,0,0,0.07559343996014141,0.0,0.0,0.4298343253327139,0.0,0.0,0.0,1.0,1.0,0.6042466012821794,2285.1235518954854,3.471961812457933,3.319901847524511,2.9554411671864185,6.791863659982443
4.811140756679148,0.7292850924970818,0.12790877794533673,0.33886244468529647,-0.2211137823234106,3.3168478509336077,2.535508994777278,2.6504254017022193,4.990257705538931e-05,0.0,0.0,0.0,0.0,2.9853611873488335,1260808298.3948317,3890.7115006522718,0.10011168349102961,2.1983387772432135,100.0,IMRPhenomXP,20.0,11.218881955815887,6.487583802400018,4.731298153415867,0.13599663245950255,0.06884660754745209,0.006999946719300709,(0.8398815843417434+0.27591240032614106j),0.6588392319613747,(-0.8675910682635914-1.2752813824742748j),0.4780302368381485,(1.9818500162447548-1.1708553811557223j),0.8203658368370044,0.243873235926504,2.535508994777278,0,0,0.12790877794533673,0,0,0.33886244468529647,0.0,0.0,0.21687349812279336,0.0,0.0,0.0,1.0,1.0,0.6346422988257046,2380.1607847885343,3.9688094496640476,2.8943935666015377,2.943237649077953,6.863203016265586
5.249339925133384,0.9943401141862989,0.6171661261983474,0.24286490561615484,-0.5219983234958604,2.116064543318241,1.6790625815454363,1.9164931919252455,-0.00023097954546576525,0.0,0.0,0.0,0.0,2.5579236098951106,1260808298.3864348,3129.2112873691303,0.10531872299945944,2.636923045681522,100.0,IMRPhenomXP,20.0,12.059874552580041,6.047050082779151,6.012824469800889,0.0025496146177236417,0.017522915168487807,0.003583392507417793,(2.0850177156809293-1.1213324358045704j),0.1316074081724744,(1.8695418721426098+1.223851739557725j),0.3619614026122356,(3.6812449214617233-1.6715512873191505j),0.42226787831849,0.2499979864755932,1.6790625815454363,0,0,0.6171661261983474,0,0,0.24286490561615484,0.0,0.0,0.43054664451298763,0.0,0.0,0.0,1.0,1.0,0.529946946568393,2045.3070465172752,3.9524573687619897,3.930086911371275,3.431060101075684,7.882544280133265
2.383680893347673,0.5800632478100396,0.4533741878957459,0.5296378191865583,0.914542661221466,1.4448140941350973,2.4321900765285656,1.2298281880715811,0.00024236004339300198,0.0,0.0,0.0,0.0,3.732221772402623,1260808298.4272077,4694.428253537212,0.11114400736616337,1.863007298258652,100.0,IMRPhenomXP,20.0,5.7223217228539225,3.621577636708552,2.10074408614537,0.0017670094841918393,0.006915630478427498,0.03381012413076945,(1.1507661525478796-0.18226145808016264j),0.44155228196680124,(0.21884320051131068+1.6289437128584277j),0.1673657074982904,(0.4805219111217681+1.5376121588337484j),0.4792900218280693,0.23234129563920622,2.4321900765285656,0,0,0.4533741878957459,0,0,0.5296378191865583,0.0,0.0,0.48137163022449403,0.0,0.0,0.0,1.0,1.0,0.7403617405535678,2697.38649175128,2.080933838247107,1.2070732406914284,1.3696468026178745,3.2880070789385356
6.376791096076418,0.7585947894404217,0.09267368853146324,0.7401869344137519,-0.038572175567652724,6.059345249526839,2.517272036210929,2.9496501835994455,0.00013417643180428418,0.0,0.0,0.0,0.0,2.7865926401147463,1260808298.4810686,4347.738569977983,0.11529774650690694,2.2480504654768936,100.0,IMRPhenomXP,20.0,14.818191908359784,8.426154789799462,6.3920371185603235,0.055360891609977925,-0.0166273537246886,0.36654179019130506,(1.9458544261022943+1.106422124994163j),0.8584019683976928,(-0.17202814048931206-0.627549857136715j),0.4702293083775274,(3.1791783523553576-0.6016664776454914j),0.7761305637429757,0.2452891234433721,2.517272036210929,0,0,0.09267368853146324,0,0,0.7401869344137519,0.0,0.0,0.3719877052506057,0.0,0.0,0.0,1.0,1.0,0.6952839238834695,2564.6079148796007,4.970350199804442,3.7704817632658085,3.761488566156394,8.740831963070251
5.4304142327603815,0.5080468376696841,0.6079511468308911,0.7926923632283206,-0.7997892114071179,3.2960785911383295,0.7962863157741517,1.3969791251157544,-0.0001456296266822483,0.0,0.0,0.0,0.0,5.59570801723838,1260808298.3732321,4639.747225000338,0.12631904466797694,2.0887371485308774,100.0,IMRPhenomXP,20.0,13.347148847815943,8.850619565928524,4.496529281887418,0.008833384710765418,0.037212050011025566,-0.002910997386802186,(-0.0026797633571402626-0.03221326768087402j),0.2048422292658757,(0.05449236721316049-0.4870344078879696j),0.4611997427004917,(-0.3861959807700021-1.0136433401196185j),0.17044257774787322,0.22339533092137395,0.7962863157741517,0,0,0.6079511468308911,0,0,0.7926923632283206,0.0,0.0,0.670188730196006,0.0,0.0,0.0,1.0,1.0,0.7333009171658079,2676.827307989478,5.10622216735484,2.594200024563466,3.132989880164534,7.700422191918307
2.4489333766821724,0.7284720472924531,0.4140474131277456,0.2871532356929995,-0.5964100976058765,5.725727030565082,0.6243918882729252,1.1494545839911816,-3.246880027935387e-05,0.0,0.0,0.0,0.0,5.800850584593746,1260808298.4422696,2376.1063498651965,0.13103574522382555,2.059374844965552,100.0,IMRPhenomXP,20.0,5.711156589299832,3.3041648537192216,2.4069917355806103,0.07334596624148615,0.0018937828363841946,0.010875877811520995,(2.0238184341368024+2.3272161085524363j),1.1384836930730378,(0.24288260069780376-0.39193246840990675j),0.33116082441692724,(2.471337016409141+0.22563161478551688j),0.46761935965351686,0.24383057942170866,0.6243918882729252,0,0,0.4140474131277456,0,0,0.2871532356929995,0.0,0.0,0.3605673112249227,0.0,0.0,0.0,1.0,1.0,0.42067430146175033,1672.52010247325,2.325772240913715,1.6942600658743705,1.7237824138596953,4.020032306788085
5.619747613870973,0.9335513512306892,0.23982684493533288,0.6921060726659052,-0.712221112480528,1.3838992409492994,1.1694142218254482,1.649787789495176,-0.00018187151443844243,0.0,0.0,0.0,0.0,0.7529593740240652,1260808298.439022,4519.836148881339,0.13300457050166337,2.424391550934689,100.0,IMRPhenomXP,20.0,12.91994714904592,6.681977771535513,6.2379693775104075,0.13727401108495663,0.000984988599128933,-0.08487631664468331,(2.8334966244342303-1.8488090517253826j),0.7491705454693841,(-0.8399406040012498+0.9998127029140589j),0.16790201161208476,(1.2188778774899598+0.14379277911859575j),0.9832646143031758,0.24970474252895744,1.1694142218254482,0,0,0.23982684493533288,0,0,0.6921060726659052,0.0,0.0,0.4581949187455811,0.0,0.0,0.0,1.0,1.0,0.7177539561416879,2631.247716033282,3.889950448167883,3.6314684971075524,3.2715672659509982,7.5214189452754345
5.445407589284498,0.8070621181938269,0.48653104663409485,0.48910087747220365,-0.40678276661095103,5.511000068132201,2.5506523359369644,0.035311839304459684,-0.00023884830374000423,0.0,0.0,0.0,0.0,4.645681015350402,1260808298.410269,3869.1603206513223,0.1379691085145236,2.11565523975157,100.0,IMRPhenomXP,20.0,12.59661664783033,6.970771243005609,5.625845404824722,0.034663151495161526,0.02330478096778471,0.000307205912411998,(0.3351126466698511+1.4143282668027835j),0.5733406682928168,(1.1621048478797098+0.16751181439105153j),0.3521453667860363,(-0.3999071831929519+0.9878917184938645j),0.12575340723799258,0.24715010501179038,2.5506523359369644,0,0,0.48653104663409485,0,0,0.48910087747220365,0.0,0.0,0.48767877315590197,0.0,0.0,0.0,1.0,1.0,0.6317454876724022,2371.1788127209365,4.271972127803486,3.447746874330071,3.3371672423326757,7.719719002133557
3.463897736264195,0.9790873679665741,0.7935452386874646,0.5409025475831236,0.039413397804804705,0.21875351982695382,1.1166658552189834,0.10947090210554394,8.649433044543848e-05,0.0,0.0,0.0,0.0,1.0564960996919956,1260808298.3726454,3295.32549507367,0.1441807207489325,2.6780674956130897,100.0,IMRPhenomXP,20.0,7.9584804488327565,4.021288083410763,3.937192365421993,0.020993533782491802,-0.005155390953917538,0.02361207317792524,(1.960686688286205-1.3577185670918863j),0.7044313763243233,(1.1764930135925151+0.5488461964732253j),0.28919582563123436,(1.1020220530991935+0.21071855572975629j),0.8937199313091527,0.2499720856533828,1.1166658552189834,0,0,0.7935452386874646,0,0,0.5409025475831236,0.0,0.0,0.668558706272025,0.0,0.0,0.0,1.0,1.0,0.5532244296776478,2121.6029133206216,2.5889935842982656,2.5348509141329356,2.230133437305698,5.123844498431201
6.578463856530888,0.7494275136888966,0.016617630313536937,0.31804298889316707,-0.6489489670269286,5.973960773410761,2.1211342347510236,0.18257496852132465,-3.329262457661561e-05,0.0,0.0,0.0,0.0,5.219905248241685,1260808298.3927279,2301.4762352837784,0.1652466041352434,2.398700791182815,100.0,IMRPhenomXP,20.0,15.302481247483184,8.747136493363993,6.555344754119191,0.10355043992154633,0.008269665875245441,1.1004462538238844,(2.5107603861016083-0.8067704481776524j),1.3933418044726364,(1.7169454536159452+1.542979926805205j),0.4247562667277245,(2.323740041445613-0.24975370739759378j),0.8493298822513339,0.24487121057658756,2.1211342347510236,0,0,0.016617630313536937,0,0,0.31804298889316707,0.0,0.0,0.14574356166852293,0.0,0.0,0.0,1.0,1.0,0.40946206833013826,1632.8756052718331,6.2060105694984555,4.6509550710262415,4.667357855415528,10.856965640524697
3.9014117105972383,0.7893643837160449,0.7265547165185589,0.274839245164781,-0.6747424462816844,1.8070872817271415,1.2283723894717686,0.6867729343496738,-7.805888338731657e-05,0.0,0.0,0.0,0.0,2.4032211027069788,1260808298.4795718,3474.6915132518325,0.1730270712826827,2.4785547821132567,100.0,IMRPhenomXP,20.0,9.038446952491853,5.051205352439925,3.9872416000519286,0.04758294257770279,-0.007121454045588171,0.04337584600256417,(0.8096207342818391+0.09747888940692276j),0.6599686286675227,(1.038191720736474+1.3647127555144623j),0.32895724267905,(-0.16145318200742098-0.7965707811030505j),0.8769144443781629,0.246535775357435,1.2283723894717686,0,0,0.7265547165185589,0,0,0.274839245164781,0.0,0.0,0.5272838983972781,0.0,0.0,0.0,1.0,1.0,0.5780699152979448,2201.861580802944,3.200875514749447,2.526657128051975,2.4722679729057755,5.727532642801422
4.656123266304494,0.8854456177389254,0.608406300963634,0.18213315305003386,-0.015167130982307514,2.830451847486428,2.7910298436088694,0.8815860090662875,-0.00019976667276066623,0.0,0.0,0.0,0.0,2.7490220173878215,1260808298.435195,4530.353846342192,0.19013142416510265,1.7168166837171608,100.0,IMRPhenomXP,20.0,10.720724758567453,5.686042947992327,5.034681810575126,0.10696371464127674,0.07120732668206198,0.09827388727840525,(-0.44077725320755-1.6413938864703743j),0.8720774886350312,(2.7160935975300626-0.5019405713877368j),0.46523752194677725,(-0.29489817324473633+0.32391869935662587j),0.8125708464710718,0.24907714089123564,2.7910298436088694,0,0,0.608406300963634,0,0,0.18213315305003386,0.0,0.0,0.4082193068500028,0.0,0.0,0.0,1.0,1.0,0.7191211442784896,2635.2731905919222,3.3075289469368627,2.928637011609888,2.7084323183394132,6.23616595854675
3.2967665297227504,0.8311609634892088,0.40979803956601685,0.21656551957251216,-0.6958372104647303,0.5545209277155493,1.239206939920583,2.171063199751232,0.0002418660735071866,0.0,0.0,0.0,0.0,1.750807165283496,1260808298.4452753,3814.8291225922376,0.20496791917416024,2.4651060117048047,100.0,IMRPhenomXP,20.0,7.612879146834676,4.15740576531766,3.4554733815170176,0.052315596613440096,0.0008019161169616337,0.07499147084099711,(0.5218773850986155-0.1430242308715724j),1.0645515595947053,(-0.1272620311368293-0.4423665807049515j),0.033787327559964817,(0.10481986790714685-1.2460089079731844j),1.0922532567680991,0.24787463905443757,1.239206939920583,0,0,0.40979803956601685,0,0,0.21656551957251216,0.0,0.0,0.3220901150866648,0.0,0.0,0.0,1.0,1.0,0.6244267614261243,2348.4155882580744,2.559306374433139,2.1271955520379215,2.0294953321431604,4.68650192647106
2.3248250240464685,0.9321135276302934,0.6587308272886591,0.4611937714345368,-1.2444635646597404,0.7398374180994959,0.5824125249942016,1.5282856308168038,-0.0001980070438464693,0.0,0.0,0.0,0.0,2.6017671245375045,1260808298.4236474,2171.635254483752,0.20690652006786614,1.0503004075352784,100.0,IMRPhenomXP,20.0,5.345005477345322,2.7664034234576715,2.578602053887651,-0.0060333385802029404,0.008578309003849482,0.027063631929582277,(1.8309728461142003+0.738211457736502j),1.8150385861247988,(-1.1070309434249084-0.1422204474878798j),0.38125905445877806,(0.7406399122374043+0.057200314451492096j),1.7713862625508772,0.24969136781770462,0.5824125249942016,0,0,0.6587308272886591,0,0,0.4611937714345368,0.0,0.0,0.5634326166313811,0.0,0.0,0.0,1.0,1.0,0.38976524792215256,1562.5914134479917,1.9905544678093945,1.8554227469300562,1.6728185047959216,3.8459772147394506
5.986376259194488,0.5955435007487271,0.541312229699212,0.2010722288750457,0.135429772483345,5.037234812209118,2.292836351918306,2.246299542675321,0.00020861917093110624,0.0,0.0,0.0,0.0,5.73194157976833,1260808298.439064,3523.5802525053296,0.20889205861970206,2.4894450068373324,100.0,IMRPhenomXP,20.0,14.312196665976712,8.970107464485016,5.342089201491695,0.0192796184605194,-0.0038681159237131113,0.11395774512207035,(3.2883989674936145-0.48790793478100447j),0.414064422012504,(1.0950419561032287+0.9455947236298134j),0.30280469136317695,(1.8625968869918843+2.5132523666768147j),1.0876986920240495,0.23393553202086403,2.292836351918306,0,0,0.541312229699212,0,0,0.2010722288750457,0.0,0.0,0.41431618033390893,0.0,0.0,0.0,1.0,1.0,0.5847923438120186,2223.37032136488,5.6601153454013735,3.3708449074419247,3.777388427303361,9.030960252843299
5.934651837586914,0.6109853211930367,0.18788480594873802,0.25123838892935196,-1.02135882493465,5.5003630715647125,1.0743700076134568,0.7208186605211311,0.0001780615244375074,0.0,0.0,0.0,0.0,0.532926439131114,1260808298.404795,861.2276623581276,0.2273628336195439,2.0073837695876087,100.0,IMRPhenomXP,20.0,14.134702747816597,8.773948813729074,5.360753934087522,0.09244392108115962,-0.0020208288486960324,0.04727026001563317,(3.3148576068415903-0.12709347076224473j),3.088661148635182,(1.7597656666399601+0.26814790720283904j),1.1185339243276788,(1.6094020724836258+0.9885889785495036j),2.7422957784313717,0.23542230632264977,1.0743700076134568,0,0,0.18788480594873802,0,0,0.25123838892935196,0.0,0.0,0.21191240491995292,0.0,0.0,0.0,1.0,1.0,0.17302496406165516,734.1938079431621,7.479763076268092,4.570025445601477,5.059271558073153,12.04978852186957
6.882924796435969,0.5414449105796374,0.6547506203564748,0.7874646455246834,1.1800514105749735,0.33287556186463535,2.383206114308496,2.604205973179019,2.2742895191547863e-05,0.0,0.0,0.0,0.0,0.2133368367054032,1260808298.44541,2280.9144979089087,0.23121777309420688,1.446107666606241,100.0,IMRPhenomXP,20.0,16.716835495251736,10.84491270529131,5.871922789960427,0.04761174903096865,-0.021772378564987815,1.2512340998215867,(-1.8906645421727988-1.3342188398316885j),1.119210201324059,(1.3977252424926128+0.6376043212744422j),1.099870894932647,(3.1745389579890255-0.03186401434223086j),0.9180351931733873,0.2278758278920725,2.383206114308496,0,0,0.6547506203564748,0,0,0.7874646455246834,0.0,0.0,0.7013674880736894,0.0,0.0,0.0,1.0,1.0,0.4063591717388524,1621.857725557186,7.711339267537488,4.175265400161082,4.894144351421817,11.886604667698569
4.7312177304336185,0.7711700458489295,0.4631004148892041,0.7725064355175246,-0.6554361823673747,1.9307277846261672,0.7592710386317882,0.06269634360318037,0.00011066651206016509,0.0,0.0,0.0,0.0,3.6958201738073537,1260808298.4253485,2745.3378938658484,0.23270799081803606,2.1801116790996193,100.0,IMRPhenomXP,20.0,10.979818318516893,6.199189255853872,4.780629062663022,0.06947573507464111,0.06825435334052532,0.0636110806208201,(1.7413123850734913+0.5319371609126402j),1.4800538352992005,(1.7871331094945124-0.5428053817260927j),0.6676006282574062,(2.0236275388391665+1.226709889491872j),2.168426758004796,0.24582703023304484,0.7592710386317882,0,0,0.4631004148892041,0,0,0.7725064355175246,0.0,0.0,0.5978162518429125,0.0,0.0,0.0,1.0,1.0,0.4750729628202245,1861.1539571546948,4.202632284711873,3.240944131687447,3.2074465803968772,7.44357641639932
6.985710966274249,0.7351547412172911,0.7440116676065044,0.5646639607774874,0.5253941850855208,5.883417805735898,1.0010105668426437,1.4268444552363317,0.000231210530063178,0.0,0.0,0.0,0.0,0.6932469530244227,1260808298.4055283,3085.6291221411357,0.25317228257137936,2.468878687080659,100.0,IMRPhenomXP,20.0,16.277556399174482,9.381040210716321,6.8965161884581585,0.05182362916886585,-0.01618606517249599,0.6857130497924411,(1.3194532473171365-0.6610045597297958j),0.7628574306334508,(2.0793200553487945-0.14180841038058487j),0.7138454997929528,(2.1312765041312387+0.8544627942972132j),0.8599464656030904,0.2441756429386029,1.0010105668426437,0,0,0.7440116676065044,0,0,0.5646639607774874,0.0,0.0,0.6680251784076776,0.0,0.0,0.0,1.0,1.0,0.523795052940391,2024.9633362654065,6.156366102261717,4.525881728747115,4.584416357563487,10.682247831008834
3.9015260303339843,0.6034393573245437,0.13005975730972424,0.2970789607753577,-0.9572419041590551,0.7223377391513742,2.1186667586986765,2.5764515023805212,7.860119675353819e-05,0.0,0.0,0.0,0.0,1.3868994335615288,1260808298.425373,4958.054918611388,0.2715694351245692,2.075428790136667,100.0,IMRPhenomXP,20.0,9.309307518231455,5.805836981427672,3.503470536803783,0.09083153631150997,-0.0027189345512060453,0.00443944550520281,(2.484058938663711-0.1785016538602153j),0.7748539382171606,(0.6525793636534638+1.3593641437459776j),0.09529885801676163,(2.2966735406269856-1.9682120248345143j),0.8096048316445545,0.23470835703723306,2.1186667586986765,0,0,0.13005975730972424,0,0,0.2970789607753577,0.0,0.0,0.1929158674206347,0.0,0.0,0.0,1.0,1.0,0.7741605014337126,2794.592102576354,3.2724417980988365,1.974720175526736,2.199082905510032,5.247161973625572
2.206000354035844,0.7071724720813044,0.04832891308677061,0.7784793708222185,-0.5970126861715896,1.9562363387075947,0.6430575218961062,2.904824122053333,-0.0001325248103620351,0.0,0.0,0.0,0.0,3.554873762634064,1260808298.4827974,4312.828019653504,0.29806825962327155,2.084368717563545,100.0,IMRPhenomXP,20.0,5.159685715061681,3.0223576114551767,2.137328103606504,0.009258491013078851,-0.004199181965893972,0.07786602595552283,(2.1337194308623952-0.06879950382262869j),0.5511787470084488,(0.690018746751194-0.586585428998486j),0.24500376905652851,(0.8938409089826989-0.0842167262692869j),0.8292799633409965,0.24264455398116655,0.6430575218961062,0,0,0.04832891308677061,0,0,0.7784793708222185,0.0,0.0,0.35078359334445564,0.0,0.0,0.0,1.0,1.0,0.6907024979838422,2550.9088872211064,1.7876342023858895,1.2641656980783205,1.3047832818999754,3.0517999004642102
4.469425425428531,0.6537080367781685,0.21563530857160773,0.5043719785563279,0.11672199730914946,2.1868215329448533,0.3530720044739713,3.051448081409052,-0.00023214766707081106,0.0,0.0,0.0,0.0,2.998188687490669,1260808298.4694283,4774.134972182898,0.31592306984243157,1.7169395791813633,100.0,IMRPhenomXP,20.0,10.548045757695332,6.378420811357687,4.169624946337646,0.0019447361860835954,0.04356461918418009,0.11872533654960638,(1.9219362883227769-0.007927303092289083j),0.116698864581773,(1.2072186959454658+3.011738050217699j),0.27230932411193864,(-0.03332193235211774+2.9553737163139457j),0.5395877126217702,0.23903756175949112,0.3530720044739713,0,0,0.21563530857160773,0,0,0.5043719785563279,0.0,0.0,0.329772434039842,0.0,0.0,0.0,1.0,1.0,0.7506225447419462,2727.106969466553,3.64351574844931,2.3817955268891375,2.5530491646258073,6.025311275338447
4.944817398495139,0.7622909290812243,0.2768014905118003,0.20183213829469457,0.7366621613054958,5.914366872900168,0.6399503948341634,2.095132970400802,-0.0001850885460723299,0.0,0.0,0.0,0.0,4.839858062673279,1260808298.3402748,3181.339574211525,0.3325955290489788,1.969997367360782,100.0,IMRPhenomXP,20.0,11.486056136615852,6.5176844226305715,4.968371713985281,0.06561580270021028,0.08859999997232904,0.06987254267200127,(1.8882277262853158-1.3064882946969238j),0.7354288870718355,(1.6893258754740954-1.6340795694060688j),0.7229133526738648,(2.23839551251797+0.42140175847438505j),0.8357680268607054,0.2454514150897816,0.6399503948341634,0,0,0.2768014905118003,0,0,0.20183213829469457,0.0,0.0,0.24437298724305248,0.0,0.0,0.0,1.0,1.0,0.5372803952089309,2069.459540313861,4.239749913511878,3.2319229006430104,3.2166008321618462,7.471672814154889
5.2008377929409795,0.7949415973449697,0.08243923417894426,0.5080487809225405,1.225031577170265,4.843409863794113,2.127507380337522,3.0313746209892796,0.00014112000276701768,0.0,0.0,0.0,0.0,0.321337672247068,1260808298.4064722,2052.626502633197,0.34357218200534634,1.5400128798740234,100.0,IMRPhenomXP,20.0,12.042941088020697,6.709377678824926,5.333563409195772,0.041646636362906886,0.05211956870646528,0.04545179078632389,(2.324241675583475+0.15106843258620706j),1.4388060533261313,(0.13912911605907916+1.1816152894181342j),0.5727821514211908,(3.471695148557817+0.9467384876093092j),1.6241987183015272,0.2467371695698185,2.127507380337522,0,0,0.08243923417894426,0,0,0.5080487809225405,0.0,0.0,0.27093268345555516,0.0,0.0,0.0,1.0,1.0,0.3714885517260042,1496.6413697812068,4.892040600981498,3.8888865696206776,3.7921117069448216,8.780927170602174
6.576300521022097,0.8066382709858972,0.7957131492827632,0.6913694503777712,-0.6170496154012404,2.949648165230785,2.098567412714776,0.023770559263609714,-3.11926811584179e-05,0.0,0.0,0.0,0.0,2.5470120664805025,1260808298.499135,690.8917185044857,0.44592031155765,2.4356080030933605,100.0,IMRPhenomXP,20.0,15.213173011060393,8.42070781704322,6.792465194017173,0.02265888984409481,0.01691877467051206,0.07872506447160887,(1.6161903300777218-0.7898936280672081j),2.619706199035468,(2.462258867753176+0.41409705340065733j),2.988266101656942,(3.7209787057749204+1.2336863867022538j),2.7772880153249586,0.2471362266811848,2.098567412714776,0,0,0.7957131492827632,0,0,0.6913694503777712,0.0,0.0,0.7491251730261411,0.0,0.0,0.0,1.0,1.0,0.1415093152456267,605.2440447811773,7.376819185423185,5.950424673105353,5.761057253927909,13.327243858528536
6.675243357872834,0.8889611200462921,0.6775801678452885,0.008138127244951221,0.9547228400499201,1.4539567043579826,0.07572588365625264,0.15751534743078202,0.00015036572974598734,0.0,0.0,0.0,0.0,5.049312990859388,1260808298.4799328,3070.8609958764587,0.5450619908562788,-0.34434407087389474,100.0,IMRPhenomXP,20.0,15.367565258080964,8.135458742371762,7.232106515709201,0.14847722948357056,-0.012444470988165368,2.7653958663561893,(2.2548779258542035+0.13154614411960913j),1.3383926585033,(0.9567790776486086+0.6709556048564937j),0.6725906754134943,(2.638828526810101-0.31664046503884896j),1.4431876982374627,0.24913613850734664,0.07572588365625264,0,0,0.6775801678452885,0,0,0.008138127244951221,0.0,0.0,0.3625350671798142,0.0,0.0,0.0,1.0,1.0,0.5217060967975798,2018.0381712724447,5.3462746580911915,4.752630308131853,4.386683717651417,10.098904966223046
5.017336345569753,0.9879819542614503,0.12313430856255031,0.39111716262577145,0.32632372915648084,3.439240774728609,2.7127791942541366,1.6231726340855557,5.250454552323139e-05,0.0,0.0,0.0,0.0,4.029567517156709,1260808298.3511212,2181.502803947284,0.5850344291503067,1.8539275821423171,100.0,IMRPhenomXP,20.0,11.527064777692893,5.798374956565076,5.728689821127816,0.15057412372559842,0.019457639335042826,0.27980942164108535,(2.9783895816960664-0.12135226538897649j),2.232042606386204,(-0.16581768670421768-2.4681917137431126j),0.45311156819389287,(3.0706932069140147+0.1354909835753557j),2.2802960458494925,0.2499908634373171,2.7127791942541366,0,0,0.12313430856255031,0,0,0.39111716262577145,0.0,0.0,0.2563157105860427,0.0,0.0,0.0,1.0,1.0,0.39127088598492804,1567.992859636561,4.167682235699346,4.117594839966971,3.606297232345094,8.285277075666318
6.8382300764034065,0.6349877600288889,0.013588123698422017,0.25618252608297126,-0.706363884593093,0.0963589021952731,2.1936457558872404,2.722047708239765,-3.7511204601033e-05,0.0,0.0,0.0,0.0,0.39986163788816664,1260808298.3210335,2031.9348817633536,0.5976413449882862,2.304248709593117,100.0,IMRPhenomXP,20.0,16.19951093528903,9.908031932301926,6.291479002987104,0.2715553689457537,0.0018122489339699316,1.7328603639890252,(0.48675493880477877-0.3160024420967963j),2.2874299981761923,(1.210307925950765-0.4267896094388279j),0.22325146757796152,(2.3644458350120487-0.9831279355265607j),1.9359381127380881,0.23753977590845685,2.1936457558872404,0,0,0.013588123698422017,0,0,0.25618252608297126,0.0,0.0,0.1078056340258327,0.0,0.0,0.0,1.0,1.0,0.3682880848169523,1485.0197890573718,7.241188491111803,4.598066059918054,4.997653748712001,11.839254551029857
4.733964189134605,0.5000086730954956,0.047567137347271964,0.7252777835066159,0.34776569295715115,0.05900506316894943,0.8952059869502526,1.3715250785887312,-0.0001677175191120891,0.0,0.0,0.0,0.0,3.816299489295674,1260808298.3346577,526.2790836234035,0.6500059391508675,2.475955618021028,100.0,IMRPhenomXP,20.0,11.672152952408904,7.781390309111777,3.8907626432971276,0.09008720047296292,0.060520652039501854,0.03175597089723414,(4.452506814630434+0.28108394445317547j),3.2138732296374126,(1.819622041303966-0.04140080643665432j),2.8541571610915626,(2.6498737628518922-0.8009356704692263j),3.8148820684980898,0.22222350710297067,0.8952059869502526,0,0,0.047567137347271964,0,0,0.7252777835066159,0.0,0.0,0.27347329842934953,0.0,0.0,0.0,1.0,1.0,0.10999029993771747,474.12944405632237,7.010322801513127,3.505222201955676,4.264869872646844,10.515545003468803
6.935044743032345,0.9062354025402451,0.3781469623052145,0.689155306296843,0.6766633991941987,5.520038378528262,0.6017770632754154,2.964874641642486,0.000176566714817608,0.0,0.0,0.0,0.0,6.104639624590861,1260808298.4429376,2808.5157312795095,0.6878279571310273,1.967854966951169,100.0,IMRPhenomXP,20.0,15.955723072577142,8.370279479289168,7.585443593287973,0.07936757360733981,0.00854811342459283,1.4328109903650432,(1.8997064932210295+0.5829494895347869j),1.3510738290914557,(-0.3523805880089591+2.2704145294810467j),1.0362684635461372,(3.6800321563563023+0.12899578543310036j),1.766339663064529,0.2493951262554896,0.6017770632754154,0,0,0.3781469623052145,0,0,0.689155306296843,0.0,0.0,0.5260021387619312,0.0,0.0,0.0,1.0,1.0,0.4842148679525474,1892.2568428127965,5.639533506921303,5.110744917784028,4.672534208338135,10.750278424705332
6.767596722895321,0.771000528096935,0.23999086417055748,0.5558012971158889,0.08228680903845427,4.874348554708995,1.9367251330760935,1.3419344176435866,-0.0001555883249811241,0.0,0.0,0.0,0.0,2.6680524011366447,1260808298.419981,2928.0715729038743,0.7111899521415128,2.713822901740148,100.0,IMRPhenomXP,20.0,15.705945820468497,8.868402674812097,6.837543145656398,0.029965861003266703,0.004189462601524946,2.1158026939958745,(1.5295035307970608-1.5078154133073112j),0.5853023748676535,(1.1721470408675192-0.36362920895345396j),0.26858281759240066,(2.8968807291551104-1.169300042553776j),1.3202859497570316,0.24582004516766515,1.9367251330760935,0,0,0.23999086417055748,0,0,0.5558012971158889,0.0,0.0,0.37747812446009527,0.0,0.0,0.0,1.0,1.0,0.5013920539139443,1950.2378279303277,5.906786739475051,4.5541356954912375,4.507547982056405,10.460922434966289
6.690083842222853,0.7467197254891925,0.6657598394927833,0.6631192944096931,-0.4873502685840223,0.420077806152902,1.4000427091736285,1.938772463234053,-0.0002161664459666105,0.0,0.0,0.0,0.0,2.4367728769409394,1260808298.4558513,1565.476538456,0.8259942536529135,2.647287172408914,100.0,IMRPhenomXP,20.0,15.566997506006503,8.912132426767412,6.6548650792390935,0.04766329265027158,0.0019766852582828176,0.9179151425116814,(1.8175404334457388+0.7180718986152576j),1.8306525547639036,(-1.396414442860736+1.2934876089105516j),0.2344221487800127,(3.397247922252332+1.4141310324654381j),2.152147799813572,0.24474350451537616,1.4000427091736285,0,0,0.6657598394927833,0,0,0.6631192944096931,0.0,0.0,0.664631010940146,0.0,0.0,0.0,1.0,1.0,0.29414696677551977,1209.6590053480822,6.88649176296628,5.1422792388257665,5.169493120933383,12.028771001792045
6.544878233894227,0.5408525566994573,0.49546420793594115,0.30060802182853713,0.011885964834734544,4.363892907779616,2.176588018580983,1.1616847390482845,0.00022778993487063484,0.0,0.0,0.0,0.0,4.2310112661820325,1260808298.489736,3747.997676657222,0.8669463008870246,2.5896912376716568,100.0,IMRPhenomXP,20.0,15.898916877029128,10.31825972439893,5.580657152630199,0.07707365160201785,0.006006888236819274,2.6739892581967126,(0.5929087869185216+2.3574327470027643j),0.8941501451822639,(-0.9156666795540525+1.3537438338833452j),0.25636385301184816,(4.625806289060316-1.3472241079781788j),1.3738011338659064,0.22780157393597497,2.176588018580983,0,0,0.49546420793594115,0,0,0.30060802182853713,0.0,0.0,0.4270680035186675,0.0,0.0,0.0,1.0,1.0,0.6153926998968158,2320.1774104077363,6.387462147784879,3.4546752334504585,4.051571010759356,9.842137381235338
6.894308810348164,0.9147031239597816,0.6034140977059601,0.2498144508530154,0.9409491510572625,5.128328219177353,1.8486336341282512,2.807734088310555,-0.00022633449650306275,0.0,0.0,0.0,0.0,5.177516071749201,1260808298.4347324,771.8309530114726,0.883775676662208,2.217317228029237,100.0,IMRPhenomXP,20.0,15.857852357872241,8.282146803561249,7.575705554310994,0.024919778474916554,0.01220740542863763,0.4403052409396797,(2.7986716850445945+0.9066194482951127j),2.0779944447235814,(1.2595264378928976-0.52732125117223j),2.1437859794517315,(3.637015722107017-0.37287436799271184j),2.8847811910564167,0.24950386099861518,1.8486336341282512,0,0,0.6034140977059601,0,0,0.2498144508530154,0.0,0.0,0.43449041572096225,0.0,0.0,0.0,1.0,1.0,0.1566148109573035,667.3189311613767,7.160678494775893,6.549894988843136,5.960764763717579,13.710573483619028
4.885856086014604,0.8912666828593827,0.435055320180936,0.06366068174198239,-0.6141255005699372,2.355977610500234,2.8995670563160423,1.2562671335229745,3.7106115176491574e-06,0.0,0.0,0.0,0.0,2.156980525739173,1260808298.4636278,3102.751112684545,0.8971431451571252,1.155444035102411,100.0,IMRPhenomXP,20.0,11.247069884260588,5.946845035759992,5.300224848500595,0.3255308573543285,0.09911994651301126,0.08177239531610514,(3.077755768022496+0.37434357027253207j),1.0754443923142376,(1.178975222146318+1.8821067227761963j),0.800452828784676,(3.3034568676801443+0.18951656360908495j),1.4638234026711476,0.24917365816663317,2.8995670563160423,0,0,0.435055320180936,0,0,0.06366068174198239,0.0,0.0,0.260034171427449,0.0,0.0,0.0,1.0,1.0,0.5262142061844561,2032.9722503979285,3.8964681442896127,3.4727922378282576,3.201291185874407,7.36926038211787
6.417632545883566,0.5913280486916992,0.22105886801326546,0.5794582388421634,0.7075661189343165,4.019507429856289,1.085713406774749,2.331271017590187,-0.0001246990483666221,0.0,0.0,0.0,0.0,1.4680993105631845,1260808298.4996371,1641.7855781204553,1.1350589652389944,2.38862760044964,100.0,IMRPhenomXP,20.0,15.359936512036121,9.652275358725815,5.7076611533103065,0.05248264483618592,0.002234987124524246,0.6076037825736482,(2.825463147118817-1.149695162757713j),2.4590173340288692,(0.6375407643709023-1.2472980040340074j),0.4319195378041677,(3.7374437956077973+1.2327972242585803j),2.855200523769777,0.2335119142961838,1.085713406774749,0,0,0.22105886801326546,0,0,0.5794582388421634,0.0,0.0,0.35423794493510014,0.0,0.0,0.0,1.0,1.0,0.3065569317813435,1256.5740774485391,7.387565841134854,4.368474893419725,4.91186598132685,11.756040734554578
6.909139659529141,0.5862344843548108,0.5946895142705658,0.38366703297214183,-0.3673693338576978,1.249571049591232,1.6195504495758937,3.057505107704997,-4.4783183218642794e-05,0.0,0.0,0.0,0.0,4.674019879015201,1260808298.407897,1862.98207269089,1.1516359736592867,2.715470153831106,100.0,IMRPhenomXP,20.0,16.55853914421271,10.438897469151778,6.119641675060932,0.06315233687878452,0.0010503654830631669,0.9359193560036725,(1.9052533387438217-1.4328892300418776j),1.2961464793563369,(-0.5631345423798672+1.27857775957176j),0.06434110825846759,(4.2566503677994865+0.2875673709709958j),1.9418321099665015,0.2329896276769615,1.6195504495758937,0,0,0.5946895142705658,0,0,0.38366703297214183,0.0,0.0,0.5167006313333928,0.0,0.0,0.0,1.0,1.0,0.34188943519177273,1388.3275510299184,7.779253040813999,4.560466395047189,5.14881440924508,12.339719435861188
6.797609866482841,0.8748006793660951,0.03176165065239998,0.6926597957184253,1.0468494547449583,4.424557290545148,1.7231997025806571,2.5138330809360183,7.810561458185136e-05,0.0,0.0,0.0,0.0,5.707694185321832,1260808298.438686,869.804493340289,1.3066832687419616,2.081510909584532,100.0,IMRPhenomXP,20.0,15.658742819935092,8.352217380905582,7.30652543902951,0.03825150323326065,0.0014195767245751278,1.1987146343635322,(2.395266614757597+0.5213404919411712j),2.3268480815970856,(-0.44551281167490925+1.6766634335003328j),0.93687441098841,(4.432527447044878-0.782433975593844j),3.264328474544693,0.24888510556216825,1.7231997025806571,0,0,0.03176165065239998,0,0,0.6926597957184253,0.0,0.0,0.34014331098497236,0.0,0.0,0.0,1.0,1.0,0.17458497248090804,740.5207021815048,7.11078174554233,6.220516701824458,5.787244027245828,13.33129844736679
6.851536138039303,0.5564498149445118,0.7043272439076218,0.5005385476684554,0.716011070460085,5.4611720458516455,2.0942579986923215,3.0847524074284114,1.625193260992218e-05,0.0,0.0,0.0,0.0,1.9246472722782229,1260808298.4709413,1632.8758908094087,1.563483810193945,2.360159343334418,100.0,IMRPhenomXP,20.0,16.561302808914185,10.64043482153943,5.920867987374756,0.035191001644173436,-0.015278293259773701,2.2380279519343187,(0.9529386143942509+2.084399120115249j),1.4550453962702639,(0.8861451333717874+0.6351655040323091j),1.3054299246856471,(5.047554381974998+0.4207042852964204j),2.068556136723851,0.22969723003956688,2.0942579986923215,0,0,0.7043272439076218,0,0,0.5005385476684554,0.0,0.0,0.6314702964999662,0.0,0.0,0.0,1.0,1.0,0.3051140692846187,1251.1365319026736,8.152877263342848,4.536667044452446,5.2497603843891465,12.689544307795295
6.632534504063658,0.7433767255905173,0.27149527099295273,0.5867834815749093,0.1554849225063687,3.807222732757791,1.3059641642946969,1.2791921092898657,-0.00013534183951582825,0.0,0.0,0.0,0.0,5.219727947394636,1260808298.4845734,1466.9823143284905,1.5845007190730516,2.7380914484914642,100.0,IMRPhenomXP,20.0,15.439158819050435,8.855893618644517,6.5832652004059184,0.051035591624890575,0.0028084026720754107,1.332217528420634,(2.0282526307569406+0.5989832809781382j),1.9174838218498733,(0.7445899709370336-0.8561156645759347j),0.4778945732219899,(3.977871644785897+1.2175673653519414j),2.6647499036602227,0.24458311512886666,1.3059641642946969,0,0,0.27149527099295273,0,0,0.5867834815749093,0.0,0.0,0.40593432490444725,0.0,0.0,0.0,1.0,1.0,0.2779484235265792,1147.9198163778742,6.929773890409536,5.151432623735301,5.18998606043956,12.081206514144839
5.081929848435955,0.5348327230542376,0.5831483077322613,0.424285081071926,-0.2955901051967669,0.15566712836585797,2.5349518102227937,2.420840739060972,-9.84908464182879e-06,0.0,0.0,0.0,0.0,2.7769849296110642,1260808298.3248873,1131.0996476451871,1.8785974440262185,2.1794515203384313,100.0,IMRPhenomXP,20.0,12.370041108538501,8.059536992358854,4.310504116179646,0.1711086416787002,0.023136283525925727,0.3024038727882563,(3.5847490648550178+0.7617144239911993j),3.8441129746390246,(-0.9211648162535839+0.6896359794335405j),0.9409790204820055,(4.080867001575435-0.8224510787673344j),3.6701883447506196,0.22703659842625046,2.5349518102227937,0,0,0.5831483077322613,0,0,0.424285081071926,0.0,0.0,0.5277903193132673,0.0,0.0,0.0,1.0,1.0,0.2210065585502557,926.3665667107476,6.600731941954701,3.530287438666718,4.162082351523083,10.131019380621419
6.860256743692099,0.8266400431047352,0.08719498333295866,0.4723585039370196,-0.042406726304874694,0.749506634547259,2.2971192824361517,1.7129683872396364,-0.00011319916017311075,0.0,0.0,0.0,0.0,0.5809796607421346,1260808298.3926823,1798.8630230613892,1.9627405412199765,2.493956121342978,100.0,IMRPhenomXP,20.0,15.846526259770803,8.675232057672678,7.171294202098124,0.24828095237153391,0.008626689835394163,1.8072744853952525,(3.227351006221469-1.010377243937362j),2.185683503431298,(0.6515071506019487-0.20135478150263064j),0.7565653696371732,(2.995495521636603+0.964338103834635j),2.976617506630926,0.24774819052846905,2.2971192824361517,0,0,0.08719498333295866,0,0,0.4723585039370196,0.0,0.0,0.2614994887424334,0.0,0.0,0.0,1.0,1.0,0.33174123986094095,1350.7601771796872,6.514202457662524,5.384900600395121,5.151343623186468,11.899103058057646
6.783902717999718,0.9731272058230984,0.015198491361053357,0.2218570762967975,-1.3541281882893217,1.340323739352721,0.9138404661588787,0.27106591212910364,-0.00021068675560300965,0.0,0.0,0.0,0.0,0.5811624247394739,1260808298.3871365,1192.7645205120189,1.9775638348016864,1.0151121630936597,100.0,IMRPhenomXP,20.0,15.587050574770577,7.899668368450869,7.687382206319709,0.35498556744449106,0.007094376336709007,1.2722963104102116,(2.9172648854152907+1.5280050130370764j),3.4973463198041568,(2.3035284240337766+0.2624281480582012j),1.246672698367068,(3.1047744756053786-2.999572445196499j),3.640042009735149,0.24995362803591847,0.9138404661588787,0,0,0.015198491361053357,0,0,0.2218570762967975,0.0,0.0,0.11712050162190946,0.0,0.0,0.0,1.0,1.0,0.2316739532848314,968.409302365376,6.413765873170193,6.241410062961655,5.5078721928861825,12.655175936131847
6.945832874531751,0.6460868077980277,0.2940045594479802,0.004434675652939557,1.3880289743583594,6.056296137361377,0.48867827952967335,1.2829272689592492,0.00012115057631230115,0.0,0.0,0.0,0.0,1.25498456454191,1260808298.4048367,1879.7093178715652,1.985886000720496,0.3244255661502944,100.0,IMRPhenomXP,20.0,16.41697310148058,9.973333741397019,6.44363936008356,0.13305652530380674,0.011002200297755227,1.830416713726155,(0.8647125841543721-1.7662741530932042j),2.326644578344001,(2.0051336985732857+1.587391671217692j),1.4042472133982975,(4.913305607131413-0.7292289285337885j),2.2245538423393945,0.23844345425642657,0.48867827952967335,0,0,0.2940045594479802,0,0,0.004434675652939557,0.0,0.0,0.18034877837416763,0.0,0.0,0.0,1.0,1.0,0.3445248224352254,1398.0473092724096,7.417738650100302,4.7925030855233555,5.166013121238881,12.210241735623658
6.876177646663394,0.9240878286093501,0.07101670457758412,0.4998697425550749,-1.1846264361982697,0.7159101303006977,0.4221304849301551,0.7692555990421942,-0.00021272024966265653,0.0,0.0,0.0,0.0,4.410098817320139,1260808298.3873003,2875.9142620860853,2.1672109442899714,0.9169386444854197,100.0,IMRPhenomXP,20.0,15.812080218585058,8.217961770494314,7.594118448090741,0.52090833536182,0.00799881898382171,2.3901741781350268,(1.8800565136976413+2.9782568976502035j),2.327686838184596,(1.449168414702767-1.0577302516122902j),0.5644043014846737,(4.011055320064342-0.026712548722812937j),2.345956714992196,0.24961085356849408,0.4221304849301551,0,0,0.07101670457758412,0,0,0.4998697425550749,0.0,0.0,0.27698332770391515,0.0,0.0,0.0,1.0,1.0,0.49391773801329386,1925.0820846579575,5.500946646113915,5.083357841503295,4.6027819816958395,10.58430448761721
6.654286887203386,0.5335630899327722,0.4974400937057376,0.1260103050562856,0.2950484075108267,4.463677785943469,2.6732077019675677,2.2416406675001346,-1.4904837058116605e-05,0.0,0.0,0.0,0.0,2.357145629022829,1260808298.468133,2185.629960689081,2.185628120465368,1.9462406507807515,100.0,IMRPhenomXP,20.0,16.204365490175068,10.566481155258781,5.637884334916285,0.060381031302300325,0.006162627325347558,4.815828680505224,(1.0083418673308409+0.42749711563457654j),2.3080511854830714,(0.9306739512101452-0.21395921815553173j),0.7418935687878486,(4.4430789962660535-1.3961746154408936j),3.541968220231117,0.2268728278354,2.6732077019675677,0,0,0.4974400937057376,0,0,0.1260103050562856,0.0,0.0,0.36821083210844263,0.0,0.0,0.0,1.0,1.0,0.39190019095981066,1570.2490593128916,7.591407217188803,4.050494691741206,4.780721297706553,11.641901908930011
6.65614190600479,0.7517621357285584,0.10279271685380167,0.7223138805761552,1.1198198951827731,5.280703334274773,0.3788352995038086,0.32586489795211165,-5.5889794512038374e-05,0.0,0.0,0.0,0.0,1.83954744214113,1260808298.4380245,4936.214326773502,2.21293752876485,0.9605558318268512,100.0,IMRPhenomXP,20.0,15.479055791048147,8.836277183608837,6.642778607439311,0.06557845838384191,-0.02021979870537316,4.058879082323046,(1.9117047502435962-1.0710869368418845j),1.0290651714046146,(1.6450854458500255+0.9035062252553183j),0.5734061797342063,(0.5314168689201553+0.4176985533921376j),1.1307952392140441,0.24497974483997992,0.3788352995038086,0,0,0.10279271685380167,0,0,0.7223138805761552,0.0,0.0,0.36865789550447503,0.0,0.0,0.0,1.0,1.0,0.7713752374096143,2786.656513647625,4.988371180197055,3.7500685722317284,3.7576125969438614,8.738439752428782
6.722889670441829,0.5199262110351953,0.40008526799180877,0.2809318934007134,0.31563865485402387,0.7702364962190413,2.9105123572110556,1.396209312394967,-0.00020585458543807304,0.0,0.0,0.0,0.0,1.897804538330274,1260808298.4302883,2881.3552629680694,2.297097888133494,1.2611447564332874,100.0,IMRPhenomXP,20.0,16.450456805514268,10.823194366988478,5.627262438525788,0.07281592594551456,0.029787379105795875,2.287618505629891,(0.49486641841081974-0.6679958290667042j),1.2554668409837628,(0.9185972634467146+2.0404948137808305j),0.7968395730301505,(4.531651333447136+1.5528562496692326j),1.8682111123254876,0.2250591649642964,2.9105123572110556,0,0,0.40008526799180877,0,0,0.2809318934007134,0.0,0.0,0.3593260770959482,0.0,0.0,0.0,1.0,1.0,0.4946988354715003,1927.7162589525162,7.241053588948786,3.7648135564049445,4.497822244118565,11.005867145353731
6.617111911748845,0.8083490975327361,0.4936824694208891,0.7907984099731137,-0.9401524597225752,0.3687220358940884,2.1436824308996023,0.922469516641826,1.2722554334527666e-05,0.0,0.0,0.0,0.0,3.023686569011448,1260808298.4637973,1796.6971036784346,2.3315008436130977,2.0835645073116638,100.0,IMRPhenomXP,20.0,15.305510990012456,8.463803261712515,6.84170772829994,0.0908336054821417,0.0004052450312361372,2.5594941545644776,(3.0066023791138-0.2802158477954143j),2.7704448752308846,(-0.7206798307876362+0.9856558829304682j),0.2782159732134345,(4.02928291971362-1.5264505151884744j),2.630397101993898,0.24719199938579509,2.1436824308996023,0,0,0.4936824694208891,0,0,0.7907984099731137,0.0,0.0,0.6264960963559023,0.0,0.0,0.0,1.0,1.0,0.3313971374062192,1349.482476907065,6.3570838662019336,5.13874300618425,4.970051178448579,11.495826872386184
6.956526853995019,0.5515759706998914,0.5650070003284146,0.1926748849515204,-0.5889924482216765,1.8722771852653715,0.6266544421629072,2.849124185126865,-0.0001678219522165708,0.0,0.0,0.0,0.0,4.513064104161019,1260808298.4004686,3000.8848703662793,2.332355926330668,2.06750299895877,100.0,IMRPhenomXP,20.0,16.840575053971236,10.853851420742691,5.986723633228545,0.1945093989801845,0.010118170545601268,2.7281776532614277,(1.6887101718887454-1.771116375969199j),1.399348863855035,(1.4281043362893846-0.04352490173715577j),0.7376270394218093,(4.347458105961674+1.8074129309028257j),2.156734854784446,0.22911802016846758,0.6266544421629072,0,0,0.5650070003284146,0,0,0.1926748849515204,0.0,0.0,0.43264516188803487,0.0,0.0,0.0,1.0,1.0,0.5117775578805945,1985.004243816153,7.179529398464563,3.9600558971264985,4.601554519533667,11.139585295591061
6.686594545794311,0.9893659151718208,0.7552115349580372,0.5373690322377659,-0.43156580772968006,0.9705932932894028,0.7591715414058868,0.9252556785451612,0.00020260277392033453,0.0,0.0,0.0,0.0,2.23465329035551,1260808298.4282103,4664.770797978138,2.595733495771798,2.3160461838208635,100.0,IMRPhenomXP,20.0,15.362023684668191,7.722070418272637,7.639953266395553,0.07801726730619185,0.010746209101336168,2.2202893220641915,(0.293393718141454+0.3737999108153627j),1.1371675811774415,(1.126381138851563+0.11904930754896786j),0.2758995186991973,(-0.49611545954369946-0.0448706215949561j),1.4557390317958776,0.24999285650238545,0.7591715414058868,0,0,0.7552115349580372,0,0,0.5373690322377659,0.0,0.0,0.6468725182776663,0.0,0.0,0.0,1.0,1.0,0.7365343586291684,2686.253112327954,4.446828466076819,4.3995405149521964,3.8505397330996387,8.846368981029016
6.722614928584972,0.9996233178006653,0.039797985365117076,0.5366995870093694,-0.28759888365789904,1.1838310030234667,1.0438027738819846,0.014175321718484363,0.00012102570378830522,0.0,0.0,0.0,0.0,0.17892400709039863,1260808298.4185758,1459.7783870500957,2.621245608591022,2.5979657584997122,100.0,IMRPhenomXP,20.0,15.444513748324093,7.7237115664919935,7.7208021818321,0.09814875766332176,0.0028328882179646797,2.4316237349064647,(1.5273928294032781-1.861852678482456j),2.447289169686792,(1.2151102629902444+0.015817204818007146j),0.6251231993674893,(4.785897093498666+0.23784439048213277j),3.6108815357881254,0.2499999911285661,1.0438027738819846,0,0,0.039797985365117076,0,0,0.5366995870093694,0.0,0.0,0.28820198387540424,0.0,0.0,0.0,1.0,1.0,0.2767553678266101,1143.3501039482371,6.04948431087459,6.047205577819528,5.265389986202852,12.096689888694117
6.649026793172324,0.8637205073893757,0.5500516790306031,0.7842491759019998,-0.6514293461117865,0.36808025725524485,1.0488344514128887,1.2817096867658802,0.0001960828256279682,0.0,0.0,0.0,0.0,5.336116751210393,1260808298.463275,2481.4852404383682,2.962816180599173,2.413677254568089,100.0,IMRPhenomXP,20.0,15.32466837061422,8.222621530349738,7.10204684026448,0.098043134429739,0.0010812369189025094,2.2222109025603416,(2.6172653580973386+0.019920286992551016j),1.6944170106827088,(-1.1435789176513713+1.3719456841739983j),0.04462722479303648,(5.064214256961585+0.45628175154666223j),1.6058373009476616,0.2486632830452833,1.0488344514128887,0,0,0.5500516790306031,0,0,0.7842491759019998,0.0,0.0,0.6585879000063715,0.0,0.0,0.0,1.0,1.0,0.4363769356583904,1727.6003050950524,5.724556922504986,4.944417209685369,4.629026426217724,10.668974132190357
6.689641491343855,0.5396094503975222,0.5845501208443397,0.19300233821599236,1.0223697138816248,5.290536547019154,0.29816538696429157,0.37862392057514865,-0.00016012032200290733,0.0,0.0,0.0,0.0,1.871038741176088,1260808298.4698114,2232.0436378767654,3.0435327316078142,0.9094030041068208,100.0,IMRPhenomXP,20.0,16.25727669843792,10.55935107064999,5.697925627787929,0.12745508414474394,-0.01174847764530318,3.9680658804817925,(1.5594658562533428-1.1431967429250918j),2.316365652297943,(0.8369667276630453+1.5678307306082078j),1.3408518075454707,(5.05271631763773-2.161511416716225j),2.658433127411275,0.22764515448928102,0.29816538696429157,0,0,0.5845501208443397,0,0,0.19300233821599236,0.0,0.0,0.4473186406570114,0.0,0.0,0.0,1.0,1.0,0.3989598608883759,1595.502279806695,7.548001458701273,4.07297291872949,4.781868070965067,11.620974377430764
6.755834252463011,0.6540559226986269,0.10822481835008953,0.7763223346818316,-0.0126430600506325,1.722158481066354,2.71667764728422,0.918716307511596,-0.00021804712645784335,0.0,0.0,0.0,0.0,0.5002743030836041,1260808298.4228637,2201.5881398595216,3.083310637146928,1.8994926636976093,100.0,IMRPhenomXP,20.0,15.943008692888753,9.638736196341778,6.304272496546975,0.06126144879282425,0.005410795483281383,3.181139620308384,(1.6897002681178128-0.3768812710734585j),1.1952914004665653,(0.2903645694427274+1.3050837343129351j),0.488489021478536,(5.034096618032631+0.6130655709562315j),2.761574846838904,0.23906417805135427,2.71667764728422,0,0,0.10822481835008953,0,0,0.7763223346818316,0.0,0.0,0.37240762589633486,0.0,0.0,0.0,1.0,1.0,0.39433108565648683,1578.9565085543713,6.912803060546853,4.521359784199864,4.845215259101959,11.434162844746718
6.903887985640784,0.7448216735313419,0.1572085262543472,0.554763319722753,-0.3545651458938322,1.286073028736311,2.4669414360193573,2.9440983317166065,-0.0001425825962907718,0.0,0.0,0.0,0.0,2.9280538922034984,1260808298.3938797,3268.814136280188,3.1230108013445896,2.250889021685551,100.0,IMRPhenomXP,20.0,16.068066102516223,9.209001897595694,6.859064204920529,0.31142104928442826,0.010210787713612501,2.961875050129514,(1.99612186631625-0.8872367985197616j),1.4815853895093736,(0.6702903942728992-1.4445749930366687j),0.45726198167736704,(4.4430399310006505-0.37481533212318074j),2.200460740719453,0.2446528116263047,2.4669414360193573,0,0,0.1572085262543472,0,0,0.554763319722753,0.0,0.0,0.32691493871095867,0.0,0.0,0.0,1.0,1.0,0.5495271184585535,2109.555951310423,5.943104698133113,4.426553187235486,4.455480580752061,10.3696578853686
6.714793190659462,0.6331579629184776,0.12131328849190544,0.018821885601671796,-0.2862766047037094,3.5030131380584932,2.384516645296474,0.6405537160837822,7.28308303199433e-05,0.0,0.0,0.0,0.0,4.241655960216507,1260808298.4095945,2178.328276195107,3.1295498909671267,2.368451165707338,100.0,IMRPhenomXP,20.0,15.913262571530074,9.743860014063085,6.1694025574669915,0.08675799034906806,0.0018159913004792694,1.3133813657166296,(2.8898589216643367+1.8684824495502148j),1.1630237837084432,(1.077035435981462+1.3830355483446124j),0.9593288715418214,(4.557293996462762-0.6564659852725605j),1.584578850666551,0.23738631979835526,2.384516645296474,0,0,0.12131328849190544,0,0,0.018821885601671796,0.0,0.0,0.08157846225704932,0.0,0.0,0.0,1.0,1.0,0.39078665988538897,1566.2562307948667,7.00600623740959,4.435908637472404,4.828054067769683,11.441914874881993
6.982699047671481,0.6687573895325141,0.3703383081057114,0.6748777583981641,-0.32397553899558,0.5535262844052797,1.201065735136306,1.887367835623811,-9.723919145843612e-05,0.0,0.0,0.0,0.0,2.4453709357967437,1260808298.3936327,1166.470932687978,3.28872615639677,2.6623225275531404,100.0,IMRPhenomXP,20.0,16.43364913485557,9.847836023341474,6.585813111514098,0.12932203323260283,0.003373387855257731,1.687831052564439,(2.7840338506373303+0.7393244638375192j),2.9918148722668403,(-0.5954184631808447+0.573094970716116j),0.5837618217393742,(4.927362885791198-0.5299920900473443j),3.7022850984078124,0.24014977837162,1.201065735136306,0,0,0.3703383081057114,0,0,0.6748777583981641,0.0,0.0,0.4923830157814639,0.0,0.0,0.0,1.0,1.0,0.2271379606065003,950.5621801682814,8.025043914764304,5.366807419321564,5.690231475049761,13.391851334085867
6.599170140215268,0.7760710290527111,0.5255662754765457,0.6990537500553127,-0.15996215886859252,0.7591560996024986,1.8293420330559522,2.1191351147160473,0.00013127961861105468,0.0,0.0,0.0,0.0,5.355985403883677,1260808298.4692109,936.8635100530782,3.3110906634036565,2.7390630797700286,100.0,IMRPhenomXP,20.0,15.307379132080365,8.618675087698909,6.688704044381457,0.076031432944349,0.003121887335043816,2.0319097187994286,(2.402900592958553-1.8338589750259247j),3.5760952125360492,(1.6830197966575822+2.0900798663949414j),0.968468486349721,(4.836751049721207+2.093912423182801j),4.523640601375938,0.24602588969721617,1.8293420330559522,0,0,0.5255662754765457,0,0,0.6990537500553127,0.0,0.0,0.6013732678331019,0.0,0.0,0.0,1.0,1.0,0.18669881420609638,789.4703286637882,7.262731692763019,5.636395658536334,5.560947783225118,12.899127351299352
6.760308565035627,0.807455711301803,0.2676488286963946,0.4222879151175386,-0.6168001439111659,1.2850504062705153,1.5810844330047478,3.126823640546032,0.00018799986645380703,0.0,0.0,0.0,0.0,5.928949178497227,1260808298.4173021,1080.6851237007722,3.4043389385638028,2.5819935687929183,100.0,IMRPhenomXP,20.0,15.637830089149915,8.651846898028232,6.985983191121685,0.08148647585971602,-0.0014585297483000537,2.1737623861548343,(2.549356651699856+0.33705207358739986j),2.8640881395606734,(-1.6534780482715186+0.6318675024108557j),0.033286906517350445,(4.981356773045+0.9090093470758059j),3.725718873016451,0.24716295671585795,1.5810844330047478,0,0,0.2676488286963946,0,0,0.4222879151175386,0.0,0.0,0.336731690721995,0.0,0.0,0.0,1.0,1.0,0.21220771574204636,891.5016039534487,7.137264336526724,5.7630248515991775,5.57685657106822,12.9002891881259
6.486462188410671,0.9966256448128648,0.1106997600327287,0.33946291438556964,0.4379075847774821,4.0133337255538555,2.099472089246666,1.3734787755642701,-0.0001124574613580089,0.0,0.0,0.0,0.0,0.8928464138649983,1260808298.479818,2109.304645775799,3.4160175202750604,2.539812207585358,100.0,IMRPhenomXP,20.0,14.902002429011276,7.463593622432901,7.4384088065783756,0.0770465609481481,0.0032743411245514664,2.526479091534018,(0.9314768071798154+0.7145297898248639j),1.9277141293730224,(-1.3618467912956467+0.4344272835632803j),0.3553671914778899,(3.871321654279059+0.9443043990364725j),2.4505139947440595,0.24999928595051799,2.099472089246666,0,0,0.1106997600327287,0,0,0.33946291438556964,0.0,0.0,0.22488802902979133,0.0,0.0,0.0,1.0,1.0,0.3802203263217428,1528.237638817446,5.407537825734835,5.3892908724229365,4.699584598711824,10.796828698157771
6.82175839510731,0.8180357907619635,0.7989451146281703,0.6484861758982712,-0.9222399670605119,2.486313216543429,2.866438753653938,0.38477618924476054,4.348900133519944e-05,0.0,0.0,0.0,0.0,5.754754902758487,1260808298.4922605,1386.568073327493,3.4683766389682056,0.9785184410947245,100.0,IMRPhenomXP,20.0,15.76724678876299,8.672682280998837,7.094564507764153,0.2616977487970873,0.01318644403885183,2.045661051165185,(3.0912708027434053+0.9399170318188006j),3.314634306154554,(1.6995720641214664+1.0824289975766526j),2.4937091976227483,(3.8545269028077676-0.9983050836072825j),3.7016009367556513,0.24749558036414931,2.866438753653938,0,0,0.7989451146281703,0,0,0.6484861758982712,0.0,0.0,0.7312452390005657,0.0,0.0,0.0,1.0,1.0,0.2645644857278677,1096.4787366338485,6.858236474992375,5.610282898052929,5.394551620023387,12.468519373045304
6.934858322608583,0.722895559952589,0.08574353149238113,0.31872256482287553,-0.28982349490450804,1.0937176435745772,0.42867247042225676,0.12448256628821482,-8.669593810063742e-05,0.0,0.0,0.0,0.0,1.6668693324042911,1260808298.376891,3770.950008089576,3.503401422344835,1.8652351087633416,100.0,IMRPhenomXP,20.0,16.184638399011195,9.393859253695313,6.7907791453158834,0.23330805374704822,0.004749243032013073,3.5469357498656873,(2.3847839001840607-1.2331893586390907j),1.541924901143555,(1.1370859733414087-0.3921243702683372j),0.43829501134269383,(4.091377793749126+2.2918994163780075j),2.1672784260176963,0.24353290747920647,0.42867247042225676,0,0,0.08574353149238113,0,0,0.31872256482287553,0.0,0.0,0.18349728550478062,0.0,0.0,0.0,1.0,1.0,0.6184992845444464,2329.9052737878874,5.804055240184657,4.1957257628490465,4.284745992062959,9.999781003033704
6.521663140961007,0.7292754098422642,0.1457862899355766,0.7267466685143184,-0.013967906851514804,4.16214036965094,0.2877022003159118,2.905847663659891,-0.00018812727013416174,0.0,0.0,0.0,0.0,5.93556125709603,1260808298.4901638,2421.538030657667,3.718549557613817,1.525953438598358,100.0,IMRPhenomXP,20.0,15.207590856389135,8.79419829243758,6.4133925639515565,0.14049831040343852,0.011114340172419357,3.1881228747518096,(2.495424518767526+1.2364933585809132j),2.0871381351517773,(-0.11973993593706014+0.7193912846220675j),0.7166738610309386,(4.8118251712125035-1.0993021269155072j),3.024409644575157,0.24387272903122909,0.2877022003159118,0,0,0.1457862899355766,0,0,0.7267466685143184,0.0,0.0,0.39079070957789075,0.0,0.0,0.0,1.0,1.0,0.4274623454791374,1696.3936370344027,6.160721731322269,4.492862865534192,4.568711154879511,10.653584596856462
6.944185631175689,0.7937283738848593,0.46905132501532387,0.17844567579931936,-0.9168628738849277,2.4562018842783577,2.174628204289363,2.5754472788942153,0.0001431798712093564,0.0,0.0,0.0,0.0,5.177364858594908,1260808298.3976111,2823.2964642402503,3.870753737496231,2.0940509438310757,100.0,IMRPhenomXP,20.0,16.08148656077485,8.965396765144293,7.1160897956305575,0.1199840548221851,0.000697583857910522,1.5517886455044545,(2.341610525189376+2.79144430528615j),1.0523668253827727,(0.731805865073339+0.34779029103334974j),0.7278783372513588,(3.0371139134765954+3.229582620556412j),1.2518115245928363,0.2466939787768873,2.174628204289363,0,0,0.46905132501532387,0,0,0.17844567579931936,0.0,0.0,0.340457747106755,0.0,0.0,0.0,1.0,1.0,0.4863470893759753,1899.4866510426205,6.031832557298784,4.787636647250515,4.671981181791879,10.819469204549298
6.4580240780223255,0.9097602406734149,0.07948907622056683,0.08615827858513142,-0.6748502629108604,0.9965171626926435,2.4757281848746233,1.8708260182478629,-5.341691348253352e-05,0.0,0.0,0.0,0.0,3.7157694641545427,1260808298.4277158,2127.404808234247,3.8789109218453692,2.0565894858109814,100.0,IMRPhenomXP,20.0,14.856554661317222,7.779277390379926,7.077277270937296,0.20512039999660558,0.007599514445010225,4.132360508796252,(1.4981845916431995-0.7717144523809832j),2.6639392951032743,(0.8328145039582684-0.22235311977361005j),0.5398446645858949,(4.946669655292983+0.814179835512935j),3.245509822089323,0.249441814988739,2.4757281848746233,0,0,0.07948907622056683,0,0,0.08615827858513142,0.0,0.0,0.08266611123211703,0.0,0.0,0.0,1.0,1.0,0.38299821802072953,1538.2556372487281,5.624936669486962,5.117343738205175,4.669582356559137,10.742280407692137
6.830019113476512,0.7069066444238116,0.41325435495793594,0.10774303792713842,0.03168274771282126,0.41714286673571105,0.7102046233213851,1.9575883598957573,6.812972884587428e-06,0.0,0.0,0.0,0.0,1.642737216135663,1260808298.3952243,1994.1827312189257,3.912195171810196,2.357484374615888,100.0,IMRPhenomXP,20.0,15.975571509662439,9.359370391961418,6.61620111770102,0.16798953020084495,0.009856721859380357,1.404041100710192,(3.9518127077979703+0.6167212916181967j),1.985712642657544,(1.2582108457956396+1.50248262514225j),0.9115947155548014,(3.4252008565256613-2.4394431059327166j),2.4900250696774515,0.24262889806776325,0.7102046233213851,0,0,0.41325435495793594,0,0,0.10774303792713842,0.0,0.0,0.2867284077649404,0.0,0.0,0.0,1.0,1.0,0.3624308865490974,1463.6945936977638,6.869611137242915,4.856173757524832,5.013112357410124,11.725784894767749
6.503850810897203,0.8821207887429119,0.09267555363361063,0.2802119120129912,-0.44149039100805143,0.7137522997864659,2.6316915282951285,1.5900912239873914,-1.6629956075600192e-05,0.0,0.0,0.0,0.0,5.261202140239862,1260808298.4368215,3283.412941279773,4.057508368999587,1.9676627476704311,100.0,IMRPhenomXP,20.0,14.977203348681872,7.957620700149273,7.0195826485326,0.19361346799034873,0.005112850281918491,4.379715571070225,(0.9427957076506799-0.6792628966729948j),1.847131999191315,(-0.8382503486166452-0.0002917704233716991j),0.32892230012574064,(3.6403076118659667+0.3928787469952839j),2.1835792548000543,0.24901933772706952,2.6316915282951285,0,0,0.09267555363361063,0,0,0.2802119120129912,0.0,0.0,0.18057093280429862,0.0,0.0,0.0,1.0,1.0,0.55156390621891,2116.1957563670308,5.128774050655529,4.524198210848434,4.191803370024757,9.652972261503962
6.771070100950104,0.9361529692546136,0.20126328976050872,0.3434042695328965,0.6537410476909281,4.092227352523224,2.6428734463826533,2.041587013819811,-3.330021179408365e-05,0.0,0.0,0.0,0.0,3.154311511266461,1260808298.432114,4852.581155432713,4.171508158737345,1.8172934597693615,100.0,IMRPhenomXP,20.0,15.56599255731055,8.039650174595035,7.526342382715515,0.2847836835650388,0.00519428968375657,3.2389430241823103,(2.345789014220999-0.03383753188036765j),1.3508523919072262,(2.2887268716884126+0.7778925056690252j),0.2662141107199752,(4.100514501329753+1.0338300398325824j),1.6288696851134892,0.2497281420201788,2.6428734463826533,0,0,0.20126328976050872,0,0,0.3434042695328965,0.0,0.0,0.26999014263820714,0.0,0.0,0.0,1.0,1.0,0.7606853130660324,2756.075226861233,4.5662050537554055,4.274666419298546,3.8457014724335146,8.840871473053951
6.947967101050914,0.7807831498073752,0.3976184766669548,0.20566078156246337,0.6799035407636252,3.7811716506016886,2.878808234250025,0.8930298887123972,-0.00010373816192197868,0.0,0.0,0.0,0.0,2.81306045178207,1260808298.425875,4531.908601966284,4.1962099512070985,1.186256762449517,100.0,IMRPhenomXP,20.0,16.109154218951087,9.046106608035679,7.063047610915408,0.5082407153356581,0.0023448013428081366,2.6714659320546934,(2.5848190027045406+0.1858044446516441j),1.681209982881372,(-1.2937721763848793-0.186406243478633j),0.16173337385854417,(3.9341783146100986+2.4423423154761217j),1.8186677185285534,0.24621151301087021,2.878808234250025,0,0,0.3976184766669548,0,0,0.20566078156246337,0.0,0.0,0.31345475699695424,0.0,0.0,0.0,1.0,1.0,0.7193231822352545,2635.867777396206,5.2614346747043985,4.108039537821443,4.041105926355284,9.369474212525843
6.574129723224943,0.7637906092691504,0.400923694711109,0.5674278636683227,0.5117148365165801,3.8879218390350587,0.46972819270371835,2.5686995912315815,-0.00012603983443141366,0.0,0.0,0.0,0.0,3.1873010281331893,1260808298.4930224,3342.430835221322,4.322267140796485,1.8559909965157768,100.0,IMRPhenomXP,20.0,15.268279869839974,8.656515002178509,6.611764867661464,0.08388205317827424,0.007132170545375183,3.913678873354127,(2.1243039091395564-1.1744513563282701j),1.9790368427853464,(0.4400621395745165+1.307094324918885j),0.32190022066121066,(5.039697871822045+2.1767847009414343j),2.310600333377212,0.24551626150332584,0.46972819270371835,0,0,0.400923694711109,0,0,0.5674278636683227,0.0,0.0,0.4730265395643199,0.0,0.0,0.0,1.0,1.0,0.5597776719394579,2142.8892740134816,5.549839030209241,4.238914934229228,4.214786402891986,9.788753964438468
6.9045434096126685,0.8467269302359188,0.14626819592066317,0.04263695749076373,-0.778070133315298,1.465627192787817,2.0331455317040152,2.286706148122719,0.00018895466886380952,0.0,0.0,0.0,0.0,2.793324509374393,1260808298.3742592,696.3434746091713,4.378263162578325,2.33549141693344,100.0,IMRPhenomXP,20.0,15.928400231993066,8.625206017848138,7.303194214144927,0.09671344943216109,0.00020294443708596122,1.7268114603955684,(3.043069285427954-0.7509441987943968j),4.236895756506812,(0.5602495999260311+2.02935832406716j),1.9742640726879728,(5.1946603689329915+0.08820817098569869j),5.749419713481889,0.24827786832406376,2.0331455317040152,0,0,0.14626819592066317,0,0,0.04263695749076373,0.0,0.0,0.09875312536224248,0.0,0.0,0.0,1.0,1.0,0.1425344982517998,609.4726023004284,7.549186506880647,6.39209951674947,6.0431815583488815,13.941286023630118
6.701223640055253,0.5968868995676149,0.02702609877204879,0.1916903717252543,-0.5564058116245626,0.764051351087988,1.9969238729737637,2.75771431157252,-0.00021735902484691183,0.0,0.0,0.0,0.0,5.534791663307205,1260808298.3802042,1198.125868179337,4.431919103921997,2.5285240575430166,100.0,IMRPhenomXP,20.0,16.015771842345202,10.029371426794066,5.986400415551136,0.18978586487820648,0.0030901938643669025,1.7410236817449585,(3.3784480593964243-0.6494793920475452j),2.5799519267914897,(-0.5525629755606132+1.1476310087173838j),0.5259213478427297,(4.417675992378358-2.159317592210045j),2.9613609722226104,0.23406890905620853,1.9969238729737637,0,0,0.02702609877204879,0,0,0.1916903717252543,0.0,0.0,0.08857456997511705,0.0,0.0,0.0,1.0,1.0,0.23259660756591768,972.0340516195987,8.136783247034622,4.856739324776205,5.436672143117902,12.993522571810827
6.8542327474273375,0.6516840059867868,0.2395228224716296,0.020204006992336,1.1465085725922124,4.310333587720339,0.4310837396911204,1.213489678634999,-0.00022157903920531734,0.0,0.0,0.0,0.0,3.4265001458268944,1260808298.413462,2341.2132163248975,4.5355555582754885,1.0255659135175677,100.0,IMRPhenomXP,20.0,16.182624842888366,9.797651841533801,6.384973001354566,0.25910379137253026,0.00780002050310824,3.692909106744164,(1.939035473727234-0.5960165161613479j),2.7186506336457326,(2.0038708802674474-0.979255375571219j),0.8118588373685588,(4.819891642552296+0.10772258343715735j),2.9392357451405733,0.2388818400977906,0.4310837396911204,0,0,0.2395228224716296,0,0,0.020204006992336,0.0,0.0,0.15298897959262656,0.0,0.0,0.0,1.0,1.0,0.41544170389272145,1654.0513273288552,6.921974825659356,4.510940283725379,4.842469123650203,11.432915109384734
6.672803375433306,0.5304137201111208,0.7700097179195621,0.6772101023324659,0.07911392292112822,0.5146698111417356,1.160316828177442,2.750213578582899,-3.08656483723147e-05,0.0,0.0,0.0,0.0,2.6825513021463614,1260808298.47661,841.9047524803408,4.661322589493326,2.6958566687075107,100.0,IMRPhenomXP,20.0,16.26709859089534,10.629216385824229,5.6378822050711115,0.0389085345411716,0.008480600046813114,1.6872920319549918,(2.9870672320466944-0.42524100115323576j),2.7174844002487415,(1.1007663655256517+0.6103347298726503j),1.3373005675273477,(5.393750211359344+0.4985437624003136j),3.1199468736578253,0.2264628916465887,1.160316828177442,0,0,0.7700097179195621,0,0,0.6772101023324659,0.0,0.0,0.7378470493015236,0.0,0.0,0.0,1.0,1.0,0.1695013167692049,719.8835428328384,9.088674149754592,4.820757466649111,5.705682652728598,13.909431616403701
6.907433334759152,0.8572186686651495,0.07435165959771521,0.7325998870123082,-0.10076548011564962,3.5382344852285104,0.7848317280554572,1.4260322672888464,0.00020245774036163074,0.0,0.0,0.0,0.0,4.540386288543612,1260808298.4432518,1339.9273922587809,4.678258146335517,2.433488241178683,100.0,IMRPhenomXP,20.0,15.925657753407066,8.575004129617874,7.350653623789193,0.15503976271215913,0.010418313406978186,1.3336686232097579,(2.8777257426972005+1.5669493861051615j),2.5424111993206453,(2.350226180373421-0.9490707788981215j),1.3645311311417936,(4.055036441665114+1.4362386614736347j),3.303094860479438,0.2485224003420776,0.7848317280554572,0,0,0.07435165959771521,0,0,0.7325998870123082,0.0,0.0,0.37817300205766796,0.0,0.0,0.0,1.0,1.0,0.25673320857991305,1066.198766050001,6.823249414493854,5.849016779062683,5.496340263471221,12.672266193556535
6.894203019647821,0.9372447917301461,0.17865787594681512,0.06493137127449904,-0.9311057067320214,1.0881224200590538,2.255656669997246,1.2372964658580201,0.00010128887050506088,0.0,0.0,0.0,0.0,5.749612933434649,1260808298.3760753,1708.9214213534078,4.679871463481262,2.014259464113988,100.0,IMRPhenomXP,20.0,15.848700164687601,8.181051889954075,7.667648274733525,0.2513293418085887,0.002003794129054437,1.7624000190009559,(3.0044255666930395-0.5262043839433095j),2.765732448366255,(1.564303354434184-1.2814962208802205j),0.7233928814416702,(3.5275668925989074-2.7631532578836198j),3.1520513924262232,0.24973765635084705,2.255656669997246,0,0,0.17865787594681512,0,0,0.06493137127449904,0.0,0.0,0.12363665475638021,0.0,0.0,0.0,1.0,1.0,0.31737868719451034,1297.2135051200971,6.210098864872669,5.8203828172312,5.23327353528826,12.03048168210387
6.776888566180325,0.900762919832637,0.30341806309167496,0.15576759497620435,-0.4337985950777154,0.7023409811087891,0.9315772852927363,2.0812881546805584,-0.00016289366562358717,0.0,0.0,0.0,0.0,4.639462793031769,1260808298.3889663,1841.6943678721802,4.714136595408028,2.468569025640094,100.0,IMRPhenomXP,20.0,15.594720157087078,8.204453061647584,7.390267095439496,0.18011976414536512,0.0030849215909836136,2.3339216358692374,(3.248445442379827-0.8346110530407511j),2.6398563756181432,(-1.5847022326102522+0.16646632101949985j),0.4514968083076717,(4.425869157367394-1.8078465740226681j),3.116385784792866,0.24931855303499587,0.9315772852927363,0,0,0.30341806309167496,0,0,0.15576759497620435,0.0,0.0,0.23344717646155408,0.0,0.0,0.0,1.0,1.0,0.3385283873819409,1375.9098353721536,6.1294576484065955,5.521188168369214,5.062939740437931,11.650645816775809
6.670336220606252,0.8524450727361399,0.7411500496561386,0.660812024187997,-1.1867958565361014,1.0440142939396087,2.5742874673444383,2.322963919530775,0.00016417128715933305,0.0,0.0,0.0,0.0,2.5854827489264762,1260808298.4678102,2171.5152927851486,4.714553014151158,1.1828199905549512,100.0,IMRPhenomXP,20.0,15.383044264335918,8.30418374651968,7.078860517816239,0.10520858554273005,0.016908461289726007,3.5064036976059043,(3.125500533009083+0.47399948494210487j),2.8520341636943636,(1.0875315766184614-0.6940428665663384j),0.8107022650183499,(4.424195634058994-1.2673060137651528j),2.9831191418683547,0.24841380432111404,2.5742874673444383,0,0,0.7411500496561386,0,0,0.660812024187997,0.0,0.0,0.704180665261645,0.0,0.0,0.0,1.0,1.0,0.3897469350089118,1562.5256867536268,5.975320784907095,5.0936327611118974,4.799676871072559,11.06895354601899
6.9421419165750295,0.7013776244873717,0.03626564600242108,0.7409038550656946,0.8880114190127937,4.615725172039627,0.6029841797589134,1.289540975138799,-0.00022330995036534874,0.0,0.0,0.0,0.0,5.888242604284205,1260808298.4221125,1405.47779147482,4.735923228997636,1.7579804744807745,100.0,IMRPhenomXP,20.0,16.25111650635062,9.551739879761914,6.699376626588705,0.3369393696361751,0.01000082984445616,2.3745602901693634,(3.0645678679372375+1.2645635088064389j),4.047831816494895,(1.392057241056601-0.4495247011805964j),1.4111222993374457,(4.1641309564420945-2.10186475696506j),5.043688475201444,0.24229835907349662,0.6029841797589134,0,0,0.03626564600242108,0,0,0.7409038550656946,0.0,0.0,0.32674641057974024,0.0,0.0,0.0,1.0,1.0,0.26772503648849344,1108.6613840537048,7.5345517401940265,5.284566001114479,5.476062802864775,12.819117741308505
6.572692887953376,0.7636936321190628,0.5222160282274171,0.41829231446827947,-0.7153045302939258,1.0433829202583287,0.7189675672194668,2.3036803537949644,0.00012720731496423108,0.0,0.0,0.0,0.0,2.806808590306238,1260808298.4602785,2156.357718300977,4.882638341995031,2.086908949584239,100.0,IMRPhenomXP,20.0,15.265098633625076,8.655187247733151,6.609911385891925,0.23153800084056186,0.006086514070729632,3.4708835241714553,(2.51767829040863-1.5750315452706072j),2.6286108461335864,(-0.5132930130828152-0.7367898320052165j),0.5786283307698847,(4.778541391212165+1.0550926422996385j),3.1906287327715135,0.245512085599752,0.7189675672194668,0,0,0.5222160282274171,0,0,0.41829231446827947,0.0,0.0,0.47721621818180265,0.0,0.0,0.0,1.0,1.0,0.38743123580686073,1554.2087206894694,6.238281959033253,4.764136207476928,4.737310735354049,11.00241816651018
6.563468937407811,0.8144756094152,0.1779859118979289,0.04280440872971521,0.9075584899772181,4.29782695015139,0.5013485443756877,0.8274552407665594,0.00015581877843613538,0.0,0.0,0.0,0.0,5.1848190163274746,1260808298.460465,1752.7991529795136,4.998931349359987,1.5679701640011725,100.0,IMRPhenomXP,20.0,15.174274841098688,8.362898218284297,6.811376622814393,0.15825932906026807,0.013081072075850131,4.538795687112304,(2.2461106363680585-0.2970066947307552j),3.512101606703482,(0.3827101659961897+0.8232680283987592j),0.9057308704969902,(5.465842895032133+0.6141179796162926j),4.123312550399614,0.24738639611726373,0.5013485443756877,0,0,0.1779859118979289,0,0,0.04280440872971521,0.0,0.0,0.11730610082563835,0.0,0.0,0.0,1.0,1.0,0.32440437084925094,1323.4622190472223,6.314459845010732,5.142973530392925,4.955789245243205,11.457433375403655
6.539258543552334,0.7344763291347494,0.049817547810194096,0.5850566427269855,0.6388338874463761,4.135077537181219,2.6006643414507984,0.06201909978612499,0.00019030176682769973,0.0,0.0,0.0,0.0,4.626791128263421,1260808298.4752772,2223.9350745652823,5.13236943521969,1.9023334872485957,100.0,IMRPhenomXP,20.0,15.238558229812371,8.785682441347694,6.452875788464677,0.15080611908862718,0.005492812080712728,4.227796982084998,(2.2932645400748912-0.2290021909050731j),2.7683548568827865,(0.017126383375428957+0.11964562944910273j),0.5796180701710596,(5.228080516601273+1.5570371716055686j),3.3989521423172264,0.24414118558762155,2.6006643414507984,0,0,0.049817547810194096,0,0,0.5850566427269855,0.0,0.0,0.2764683466942587,0.0,0.0,0.0,1.0,1.0,0.39772881760358736,1591.1062681766896,6.28568455532797,4.616686518296277,4.678488746310549,10.902371073624247
6.6605846601083245,0.5125793301286466,0.1485106156862652,0.12590686714072538,0.29186663860067374,3.6129044353118887,0.4798375079998813,2.361272391922514,4.489130756814985e-05,0.0,0.0,0.0,0.0,2.3657532724205197,1260808298.44464,2408.941817445841,5.1527128915722775,1.969521493545952,100.0,IMRPhenomXP,20.0,16.3424623425559,10.804367094693774,5.538095247862127,0.2380686389536324,0.006783448237980327,2.976617733684953,(3.6333941337859947-0.49354346918452363j),2.3724877002133997,(0.6377383132498865-2.3833919345019994j),0.5186069718046006,(3.9762072203436594+1.290778134119978j),2.6670961552140193,0.22403958860659773,0.4798375079998813,0,0,0.1485106156862652,0,0,0.12590686714072538,0.0,0.0,0.14085071047859338,0.0,0.0,0.0,1.0,1.0,0.42558311456252435,1689.7940159389234,7.5789106817594165,3.8847929603610862,4.672182626231716,11.463703642120503
6.5169123478471676,0.520671011229014,0.14502899984316261,0.6058971204165778,-0.03948390120583043,0.4409882267958215,0.9231386120874581,0.47956357177366093,-0.00014913824552701324,0.0,0.0,0.0,0.0,1.1137801663276634,1260808298.4394226,2814.4474008000802,5.205505936758566,2.558659819834179,100.0,IMRPhenomXP,20.0,15.942123199599934,10.483610907210908,5.458512292389025,0.0949935839498961,0.012323166011668163,3.367206961396918,(2.2843430027038307-0.25804818891696085j),1.242628408659277,(1.2077728976031146+0.6765390024460821j),0.49118674991092603,(5.638208704575955+0.06655292103866159j),1.544041268847272,0.2251608423088066,0.9231386120874581,0,0,0.14502899984316261,0,0,0.6058971204165778,0.0,0.0,0.302828200728986,0.0,0.0,0.0,1.0,1.0,0.48507084677682605,1895.1603562776609,7.0593338560004515,3.6755904974069704,4.3882838061169736,10.734924353407422
6.918909040098514,0.7204784869975449,0.1506635581938711,0.5842682601219396,-1.0183610373368022,1.6020531039385608,1.1140387706054116,0.6391235507328931,0.00012714861716747424,0.0,0.0,0.0,0.0,1.5278769701102304,1260808298.3903682,808.2603731461321,5.345895014191225,2.0327468977445395,100.0,IMRPhenomXP,20.0,16.152662038540377,9.388470800776382,6.764191237763996,0.13895886546988812,0.003154248994164499,1.7406834638304458,(3.7821327168747847+0.0325463213412151j),3.618486288386949,(0.7012017368087675-1.6146403816316817j),1.9110686930792902,(4.7641304614642515+0.14541498636164696j),4.353717175363593,0.2434010932336256,1.1140387706054116,0,0,0.1506635581938711,0,0,0.5842682601219396,0.0,0.0,0.33224261423039214,0.0,0.0,0.0,1.0,1.0,0.16333560035781214,694.7783396538065,8.070303013067536,5.814479704466626,5.947474690854845,13.884782717534161
6.865103857866722,0.9399534458633172,0.4923864190112994,0.5657771211393287,0.46003381419077416,3.7927888661975535,2.5398661515417156,0.2422767010949191,0.0001446744514649658,0.0,0.0,0.0,0.0,3.865033936909039,1260808298.4514809,1217.2924147689187,5.61159048589167,2.106897428462881,100.0,IMRPhenomXP,20.0,15.780940226233419,8.134700479480111,7.646239746753309,-0.032925517808735094,0.0023292994565330127,5.004275970898003,(2.109737485821336+0.3664163535788007j),5.138890260497433,(0.10616483303296124+1.3397981009741222j),0.8127172000838961,(5.753949217289151-0.40357547343700595j),5.865833702167306,0.24976048452835184,2.5398661515417156,0,0,0.4923864190112994,0,0,0.5657771211393287,0.0,0.0,0.5279459544767859,0.0,0.0,0.0,1.0,1.0,0.23588887412128956,984.9529689634254,6.582064657927955,6.186834356114537,5.5547905654121,12.768899014042491
6.956257598818599,0.7309047086520757,0.1318076049263114,0.6980415720102211,-0.9912982322403655,1.4575534196922098,0.986764297084049,2.4669695402593264,0.0001166787841450507,0.0,0.0,0.0,0.0,5.760160859687414,1260808298.3883977,1022.5072554159212,5.646000740260321,2.0022845334028236,100.0,IMRPhenomXP,20.0,16.21761519678135,9.369444265600647,6.848170931180702,0.24141822709106764,0.0018001047359689215,1.744888941085299,(3.0449173438837263-0.47238241912981443j),3.8136217399494763,(1.149127337559111-0.5470080055636617j),1.541468481605941,(5.091109357678573+0.2676464189928772j),4.434885045255997,0.24395764987440866,0.986764297084049,0,0,0.1318076049263114,0,0,0.6980415720102211,0.0,0.0,0.37090977541070835,0.0,0.0,0.0,1.0,1.0,0.20196362349785588,850.6973375684639,7.795114662733685,5.697486011474887,5.787411085349712,13.492600674208573
6.8434878545838265,0.5068294940254968,0.2327156094299094,0.7078288637757288,0.7057692233603896,4.095885008758745,2.1756864230924022,3.024664130962106,-0.00014821796895734228,0.0,0.0,0.0,0.0,3.314230446165241,1260808298.4298325,1510.6738409240127,5.651162282413615,2.317412138600722,100.0,IMRPhenomXP,20.0,16.82818615747361,11.167943170874025,5.6602429865995845,0.14893133742596154,0.0041128258360455805,1.6518458923786752,(3.618252927254095+0.11663052206261758j),3.1752175751716316,(2.985851582588025-0.3675906556432226j),0.555239702272454,(4.0694840610103915-0.06922910584277216j),3.769428998661792,0.22322028347135905,2.1756864230924022,0,0,0.2327156094299094,0,0,0.7078288637757288,0.0,0.0,0.39252228381454574,0.0,0.0,0.0,1.0,1.0,0.28515979463404784,1175.475499155362,8.689925733363081,4.4043106625595545,5.32500929702094,13.094236395922636
6.905727801989837,0.7328945732187305,0.1955066593144663,0.2950841417279841,-0.19898804927855912,3.6460623508460666,0.4127810125118227,2.6000083582850535,-0.00017031921619347932,0.0,0.0,0.0,0.0,2.909663397648757,1260808298.412399,1617.342068801878,5.749040096930244,1.8523847229038575,100.0,IMRPhenomXP,20.0,16.095746463842744,9.288358745302098,6.807387718540644,0.16414058913286356,0.005472856679003213,2.0705713034863953,(3.0286714400420975+1.793586606298671j),2.3401954947301835,(1.1876564603239779+0.16481887302245304j),1.4757589567082356,(4.541101702662032+1.3036445620375845j),3.2268021147986015,0.2440603459765777,0.4127810125118227,0,0,0.1955066593144663,0,0,0.2950841417279841,0.0,0.0,0.2376210485009336,0.0,0.0,0.0,1.0,1.0,0.3025946552101051,1241.6311295288292,7.130659340686385,5.226021534260503,5.30151707161424,12.35668087494689
6.849227187504526,0.9661819392660821,0.24492179313114068,0.09785864038651713,-0.6613309286759725,1.1357861248978092,2.9361957540780805,2.1734780837030585,0.00017860769157294296,0.0,0.0,0.0,0.0,2.6329681404401075,1260808298.3838146,1808.4532453389504,5.777315494323931,0.9590952106714763,100.0,IMRPhenomXP,20.0,15.738185718422137,8.0044401813073,7.733745537114837,0.4039202485852509,0.004486475329881334,3.5083613280909844,(3.160333515440808+0.546544586664342j),3.8694093541695183,(1.0715272007194143-1.9961168544068688j),0.9662754556578508,(4.429511413719101+0.7210641543855429j),4.923252973309317,0.2499260411749347,2.9361957540780805,0,0,0.24492179313114068,0,0,0.09785864038651713,0.0,0.0,0.17265494982648583,0.0,0.0,0.0,1.0,1.0,0.33326381587010806,1356.4106609701346,6.003643154512134,5.800611585688072,5.13718823384899,11.804254740200207
6.972223745300536,0.928378358615102,0.7521936097015044,0.030026177144933698,0.9885327291779571,4.615952895821293,2.8260817611365936,1.5184937250202135,-0.00014633269882840443,0.0,0.0,0.0,0.0,4.4010577374638995,1260808298.427611,2319.6160833594145,5.856074807908926,1.0175155412361319,100.0,IMRPhenomXP,20.0,16.031236071227923,8.313325027532994,7.717911043694928,0.30466927203168126,0.013792069757195491,3.106147169000554,(3.8463223631984436-0.23859720518349045j),2.8750701154239273,(-1.5388333651730168+0.5845347860209544j),1.0110832999929273,(4.752388339357396-0.03321004224979533j),3.398550653136683,0.2496551390261828,2.8260817611365936,0,0,0.7521936097015044,0,0,0.030026177144933698,0.0,0.0,0.404520855188929,0.0,0.0,0.0,1.0,1.0,0.412194511906054,1642.5613292127573,5.886813011553493,5.465189801140058,4.937155389373417,11.352002812693552
6.858986086079573,0.7634197933099883,0.4284932868003882,0.0075206406968663765,0.8918650620518029,4.486547206777174,0.4694531237739377,1.7302629074391915,3.532068647814688e-05,0.0,0.0,0.0,0.0,0.07613692608137006,1260808298.426195,1520.6771262287716,5.961753508761541,1.5272463148851196,100.0,IMRPhenomXP,20.0,15.930475015458613,9.033852900991128,6.896622114467486,0.30545351466843806,0.015957915673718737,2.606376728187568,(3.324622717021417+1.5337163807073444j),4.133787864421904,(0.31980708593926327+0.451841676524548j),1.2787971942629812,(4.853576875970977-1.0728557916555825j),5.027354289010496,0.24550028093331208,0.4694531237739377,0,0,0.4284932868003882,0,0,0.0075206406968663765,0.0,0.0,0.2462457858384803,0.0,0.0,0.0,1.0,1.0,0.28680502091369303,1181.7463478151117,7.020374302376176,5.359492698878774,5.330245044590645,12.37986700125495
6.740932189988604,0.7856296903551847,0.17734205470681152,0.025141574318200702,0.42997439930722514,3.7024272073956697,2.3881093089010315,3.007847897883141,-0.00022385297798539565,0.0,0.0,0.0,0.0,4.917407538449043,1260808298.4243457,1675.5151978034824,6.008372314353541,2.310748569037303,100.0,IMRPhenomXP,20.0,15.622081669351742,8.748780194310227,6.873301475041516,0.30976476218183224,0.004107673847465965,2.146635992170492,(3.9866818692566177+0.11688407059899827j),3.0952126563859275,(1.916529116691174-0.017652979944008787j),0.4755941434974341,(4.044591151139654+0.6008784544410914j),3.494607881498253,0.2463968156527662,2.3881093089010315,0,0,0.17734205470681152,0,0,0.025141574318200702,0.0,0.0,0.11037788126957995,0.0,0.0,0.0,1.0,1.0,0.31200491769943645,1277.064727852514,6.66825259287211,5.238777219748274,5.1378863745485335,11.907029812620383
6.556573181203679,0.8052116766390434,0.38899886028352015,0.5355002164940356,-0.9910646968432368,1.4248007296846985,0.38319817802658573,0.4867393409549124,0.00019760736517002663,0.0,0.0,0.0,0.0,1.0141388087133127,1260808298.4623604,2953.782440096973,6.164333354112657,1.200070610035466,100.0,IMRPhenomXP,20.0,15.16926838682179,8.403041362475589,6.7662270243462,0.2331535013551429,0.0105737112060037,3.534242827106839,(3.328836817437635-0.5301589203019519j),2.1337358997286566,(0.7043643938920782-1.146286238436212j),0.7207679981798844,(4.291907770381267+2.0997440972409325j),2.506686951494645,0.2470892186776623,0.38319817802658573,0,0,0.38899886028352015,0,0,0.5355002164940356,0.0,0.0,0.4543455474287032,0.0,0.0,0.0,1.0,1.0,0.5050656823334899,1962.5604858530066,5.5831725227083195,4.495635707975004,4.356336908192745,10.078808230683324
6.63595695771228,0.5543814932106936,0.6588599809602407,0.6749275173036726,-0.009002765254770177,0.5880313670547337,0.9036408581531106,1.36112951188873,-0.00021792898345038996,0.0,0.0,0.0,0.0,6.189382912863642,1260808298.4722483,1032.5442459201302,6.16796756772894,2.5443467832955173,100.0,IMRPhenomXP,20.0,16.050459358781946,10.325945997741197,5.72451336104075,0.07628941060869265,0.010029523027896059,2.6369767349263222,(2.7111115423309946-0.12181268742678818j),3.3054435593332347,(1.0526951574002268+1.646244466717471j),1.311909096105879,(5.410223631502967+0.9593381682516571j),4.2424685929359045,0.2294528678985709,0.9036408581531106,0,0,0.6588599809602407,0,0,0.6749275173036726,0.0,0.0,0.6645905849523724,0.0,0.0,0.0,1.0,1.0,0.2037380293752135,857.7815266190593,8.57823359049374,4.755613947008049,5.512791650486109,13.333847537501788
6.840217982409714,0.7114777532130382,0.003578633044763563,0.6628686447289566,-0.8909128928108134,1.308530580846769,2.5561996997821805,2.061840397395876,8.476391347034989e-05,0.0,0.0,0.0,0.0,3.755869904603087,1260808298.3868282,2947.960232810408,6.2890188658708,1.7283636789711272,100.0,IMRPhenomXP,20.0,15.988902600342017,9.342162099580491,6.646740500761528,0.5396715105931844,0.006228636126515363,2.123959544715228,(3.5427369635040518-0.6041168697934057j),2.010619311354146,(-0.11384233514186369+1.005575526936823j),0.6020610696817181,(4.619471956026786+0.572010359366314j),2.4420800457714633,0.24289513053791362,2.5561996997821805,0,0,0.003578633044763563,0,0,0.6628686447289566,0.0,0.0,0.2776518281816911,0.0,0.0,0.0,1.0,1.0,0.5042344144605008,1959.774501873791,6.210575964605285,4.418686633456265,4.5473085289455915,10.62926259806155
6.955719684002784,0.8688453303829575,0.48821671718157156,0.18083378763886035,0.9217856243483554,4.407359178138649,0.5269609177386688,2.524677450604491,-0.0002009193175281074,0.0,0.0,0.0,0.0,2.565868697761847,1260808298.4266732,2610.0785507319474,6.444125409846609,1.5948462889862283,100.0,IMRPhenomXP,20.0,16.02745700248194,8.576128126771007,7.45132887571093,0.4173707843582162,0.01052779275321758,2.829629400097092,(3.420143089576419-0.1376929168946456j),2.438646054960164,(0.36919185135517474+0.6197447891957517j),0.7038341648427028,(4.669893926116624-1.7553138678282016j),2.895025938354632,0.24876870871729648,0.5269609177386688,0,0,0.48821671718157156,0,0,0.18083378763886035,0.0,0.0,0.34531124574917027,0.0,0.0,0.0,1.0,1.0,0.45534319798978523,1793.4453867522177,5.892856158339087,5.119980555791369,4.779436007678791,11.012836714130458
6.8745289613329765,0.883976520027987,0.3692558845911991,0.14139078565080998,-0.5515373468925382,0.9040304116534843,0.3651724618837118,1.7315297819570246,0.00010155189081462526,0.0,0.0,0.0,0.0,3.679580437857938,1260808298.3857515,2184.171273980699,6.673638042091277,1.5955062262732618,100.0,IMRPhenomXP,20.0,15.829569036393318,8.402211422549026,7.427357613844291,0.5286684619667246,0.007425177589572174,3.1245417713086185,(2.9881347761162345-1.250544284797434j),3.1840930875803113,(0.2877787680102354+0.1228864178078401j),0.6245588266878613,(5.0687337803399535+0.4181339334513631j),3.8949937283964413,0.24905184178599718,0.3651724618837118,0,0,0.3692558845911991,0,0,0.14139078565080998,0.0,0.0,0.2623397977632349,0.0,0.0,0.0,1.0,1.0,0.3916777995385581,1569.4518316916417,6.037468892106324,5.336980741021375,4.9397417732842905,11.374449633127702
6.587112425158171,0.9963838294447741,0.44999890339381593,0.5915474159311512,0.33910046421088164,4.344438995516909,0.6944060535649159,0.9966405176162222,0.000159572978592622,0.0,0.0,0.0,0.0,3.5149147296374346,1260808298.4983156,1489.946557057236,6.686897122293211,2.280684771899523,100.0,IMRPhenomXP,20.0,15.133240205475332,7.580325978538969,7.5529142269363625,0.1056577172323907,0.011151841649086225,2.5898676660968363,(3.094149282226775+0.06867517261956126j),3.3147175150953707,(0.9956067832922743-1.0342373169883516j),0.9792565700281423,(4.932594632709807-1.1279832354854336j),4.752314060511438,0.24999917974340102,0.6944060535649159,0,0,0.44999890339381593,0,0,0.5915474159311512,0.0,0.0,0.5206449619793467,0.0,0.0,0.0,1.0,1.0,0.28174391827216727,1162.4370048529565,5.9140721250758865,5.8926858315957045,5.1391797778434665,11.806757956671591
6.8463267238208765,0.5223357572359373,0.22933977152334403,0.29995055957176875,-0.7979804644874788,1.282175464989376,2.9228140272606864,3.032721822294644,-5.3355433759394796e-05,0.0,0.0,0.0,0.0,4.0903573220208695,1260808298.385653,1670.372240822451,6.6927654399637895,0.8987134795585501,100.0,IMRPhenomXP,20.0,16.73787440380235,10.994863862485136,5.743010541317216,0.47187889184515974,0.00788681490603882,2.9206517691896177,(3.248503296316108+0.10683923672983815j),4.075116156110683,(1.8725407876571283+0.765054306606106j),1.1832587358206936,(4.4601210405875555+0.6751531740242153j),5.10955897932949,0.22538699864383696,2.9228140272606864,0,0,0.22933977152334403,0,0,0.29995055957176875,0.0,0.0,0.25356736998116836,0.0,0.0,0.0,1.0,1.0,0.3111756833029472,1273.949992698887,8.385500129767715,4.380046560084271,5.221517460249476,12.765546689851986
6.588462091051237,0.5091959874061057,0.4970683146662451,0.702974396535211,-0.0242581371690749,0.6046996040631001,0.824035858961406,0.2507395069612893,-0.00023288463025436697,0.0,0.0,0.0,0.0,6.25940454788727,1260808298.468598,1364.6545550494181,6.7434379699899205,2.476028043266144,100.0,IMRPhenomXP,20.0,16.18630941517173,10.725120892344512,5.461188522827217,0.12049836909403888,0.011943451317217746,2.5935396041833005,(2.519387206750434-1.6434713397472154j),2.839430203555489,(2.047176389661445+0.3271159768127302j),1.067420803791441,(4.6703537129492-2.293197377169543j),3.7182515811839636,0.22355978792227868,0.824035858961406,0,0,0.4970683146662451,0,0,0.702974396535211,0.0,0.0,0.5665401072929886,0.0,0.0,0.0,1.0,1.0,0.2608914624519047,1082.2934380184713,8.50598264143105,4.331212229962678,5.225241257672919,12.837194871393729
6.90576160181104,0.6169143047662372,0.1689666705226859,0.4774081257757529,-0.7705196468887512,1.2305481744948283,2.588326980531151,1.7234265227426344,7.07334663618863e-06,0.0,0.0,0.0,0.0,2.729578033588331,1260808298.3854802,2237.7216542400515,6.754669279180833,1.8103347358430248,100.0,IMRPhenomXP,20.0,16.424837488560204,10.158137286647854,6.266700201912352,0.38144744948703746,0.0028140384456869505,3.4657421535844364,(3.399488888227165+0.26075980717676894j),2.7583843500968914,(1.326436119784943+0.25926421470494093j),0.7468267367103043,(4.4347774538453555-0.07331315486450787j),3.452252837549215,0.23596676257906868,2.588326980531151,0,0,0.1689666705226859,0,0,0.4774081257757529,0.0,0.0,0.28664881692193,0.0,0.0,0.0,1.0,1.0,0.39982132139360343,1598.576625349521,7.256738507550977,4.476785791256193,4.933316485661151,11.733524298807167
6.950751561857245,0.9637200020589518,0.7471384141290249,0.005720002642208933,-0.4624231459567098,0.8434894841979325,1.2480669287990553,2.234789319535446,6.972565951652958e-05,0.0,0.0,0.0,0.0,1.2479225768756714,1260808298.3895175,907.7236607700657,6.768626981659463,2.621746491271786,100.0,IMRPhenomXP,20.0,15.971905014658791,8.133494081596316,7.838410933062474,0.21342953049666447,-0.00013250963077007794,2.1424331208807663,(3.7527491420964414-0.657012685067059j),4.364836715456854,(0.24258130054531005-1.1794491019375277j),0.8503412273046757,(5.1042897960060944+0.9282757294069627j),5.208158038854084,0.2499146673193952,1.2480669287990553,0,0,0.7471384141290249,0,0,0.005720002642208933,0.0,0.0,0.38327811210254037,0.0,0.0,0.0,1.0,1.0,0.18145279324400412,768.311412169375,6.884315757774432,6.63455279625685,5.883224113231,13.518868554031283
6.476342701444775,0.8441314736945187,0.287335922087162,0.31620141961916326,-0.08021420659391666,0.41296406560466686,2.8205984218778086,1.6661876040464598,-0.00024385865658944068,0.0,0.0,0.0,0.0,4.813606266061791,1260808298.46293,1084.0135496978114,6.7872910574342065,1.6289290490906954,100.0,IMRPhenomXP,20.0,14.94287012163217,8.102931019172804,6.839939102459367,0.16349503476295624,0.016078706678885835,2.2917457826497634,(2.8611318896360847-0.3953958691645825j),4.8173915745719444,(2.3596303284493105-0.30060850674757617j),1.7356353294178433,(4.571763168938988-2.13117960237008j),5.6849416872307295,0.24821403432713407,2.8205984218778086,0,0,0.287335922087162,0,0,0.31620141961916326,0.0,0.0,0.30054879509442023,0.0,0.0,0.0,1.0,1.0,0.21279083292095377,893.8173963977392,6.681227132676496,5.639834105594015,5.340032696196084,12.32106123827051
6.877883414002556,0.8386080743602213,0.26888664231456083,0.3004048642892536,0.7495067033200327,4.0519346596259345,2.274258781553668,2.167204781912041,-0.00012905993002701807,0.0,0.0,0.0,0.0,1.9126937097647156,1260808298.42858,1414.5466767086398,6.841731921142766,2.202761061966301,100.0,IMRPhenomXP,20.0,15.874731252650637,8.634102870550349,7.2406283821002875,0.21662185630742847,0.0048556395295595856,2.073476618542121,(3.622902669162425-0.899249833548938j),3.600218803472519,(2.106870090051338-0.5943452691305554j),0.683438143698813,(4.416831766040852-0.6917006257720896j),4.181196345553063,0.2480736939465661,2.274258781553668,0,0,0.26888664231456083,0,0,0.3004048642892536,0.0,0.0,0.28326242789173034,0.0,0.0,0.0,1.0,1.0,0.26923787635449553,1114.4850902300489,6.802588412622238,5.70470556937429,5.418908103938097,12.50729398199653
6.731880461822502,0.7775152553179047,0.26980928264033005,0.024837669072814306,0.7790907095566135,4.2609960689408135,2.2103265404702888,1.7003342229190475,-0.00011500597353260105,0.0,0.0,0.0,0.0,4.193594391034054,1260808298.4270403,1495.960748031753,6.960000375196142,2.22523061500321,100.0,IMRPhenomXP,20.0,15.61302475473909,8.783623492416517,6.829401262322573,0.17996996264356513,0.004945638815854414,2.8519886146003675,(3.4998733428199422-0.15059701172240844j),3.0603563901922795,(-0.09214333252544858-1.0974436977624085j),0.7278338398639651,(5.223003620785573-0.3787610243634033j),3.6855014606501317,0.24608335859652433,2.2103265404702888,0,0,0.26980928264033005,0,0,0.024837669072814306,0.0,0.0,0.16265455296993905,0.0,0.0,0.0,1.0,1.0,0.2827360236340664,1166.2265053397841,6.847569048175631,5.324089396799256,5.248063777573417,12.171658444974888
6.857715477520703,0.5755677333997262,0.4179008976149765,0.20462600504281692,0.4089838528364256,3.7655328137076656,2.8302313850483936,0.04080004810678961,-0.00023728522811605608,0.0,0.0,0.0,0.0,3.5936843752761525,1260808298.4285612,2009.4718992408696,6.98352850791841,1.5166274392337167,100.0,IMRPhenomXP,20.0,16.483373246099667,10.461862664915204,6.021510581184463,0.4580524867111917,0.0059782146281176785,2.18633638568357,(4.158458129348976-0.5092711662821399j),3.418754625397393,(0.6150565833474572-0.2791195745089685j),0.5922312084514018,(4.267501759764357+0.21885907739706623j),3.9327542807208773,0.23185810546010363,2.8302313850483936,0,0,0.4179008976149765,0,0,0.20462600504281692,0.0,0.0,0.3399898412340796,0.0,0.0,0.0,1.0,1.0,0.3648057906720391,1472.3500755680366,7.6654588780457305,4.411990791905589,5.024682284022198,12.077449669951319
6.920117138763882,0.5365651139957405,0.37936979266558946,0.3454542865528315,0.8592861967487292,4.021353885300168,2.56104008683514,2.0758190597194375,-3.73524938782349e-05,0.0,0.0,0.0,0.0,1.86958170517741,1260808298.4291415,1896.581445067242,6.997112499982534,1.7589091648421764,100.0,IMRPhenomXP,20.0,16.83453593141164,10.955953495283056,5.8785824361285846,0.25793818811538927,0.005667845020126461,3.398350846170284,(3.614408021010535+0.013475594900321523j),3.436325916503414,(1.4619041794454108-1.9461400101023063j),0.6075765932461985,(4.503642363143188+1.3012501574336914j),3.836159542182822,0.22725868796261625,2.56104008683514,0,0,0.37936979266558946,0,0,0.3454542865528315,0.0,0.0,0.3675265735023659,0.0,0.0,0.0,1.0,1.0,0.347178074343674,1407.8179296532428,8.132520639946312,4.363626864245506,5.13675012275958,12.496147504191818
6.75747566657773,0.8485527712453701,0.1171351394821473,0.15885375590534925,0.6213513509174262,3.9658915603614338,2.9231349392239214,2.4124515143285095,6.515420444710984e-05,0.0,0.0,0.0,0.0,1.2480883347307306,1260808298.425808,1978.0481568687126,7.030162000803369,1.0496742185043413,100.0,IMRPhenomXP,20.0,15.58746173843462,8.432251424412053,7.155210314022567,0.4911118301829869,0.002956651648294506,2.690705251095706,(4.0289987016455715+0.11934344628270861j),3.662556425643904,(-0.38041865755918153+0.19944038639528863j),0.5952785787672137,(4.271086035805729-1.3196063992852192j),4.291628152949874,0.24832197292352998,2.9231349392239214,0,0,0.1171351394821473,0,0,0.15885375590534925,0.0,0.0,0.13628549760504868,0.0,0.0,0.0,1.0,1.0,0.35992048423374934,1454.5322110898458,6.200547401242527,5.261491680562624,4.969022633985285,11.46203908180515
6.954928564284798,0.9297320944825946,0.1341054485922953,0.6240872137626285,-0.934066327724396,1.3520359963915742,2.480743821727506,1.723306262415944,-0.0002253545831299279,0.0,0.0,0.0,0.0,4.027953462272267,1260808298.3893929,2295.5654139049057,7.065620094772037,1.7776892213052147,100.0,IMRPhenomXP,20.0,15.990955091643851,8.286619234537524,7.704335857106327,0.3975552051150415,0.00483208938850066,2.9919976186885666,(3.6071476489449172+0.8132748041154746j),2.5407477665172613,(-0.21626204603922108+1.3967433124810982j),0.7758234313947149,(4.82859580026168+0.28519655610345274j),3.0375376738238478,0.24966851797275247,2.480743821727506,0,0,0.1341054485922953,0,0,0.6240872137626285,0.0,0.0,0.3701754057084082,0.0,0.0,0.0,1.0,1.0,0.40857070457102307,1629.712588128567,5.882998423612108,5.469612446222687,4.937578597733868,11.352610869834795
6.920333511845359,0.6456496074235787,0.463873242978555,0.1073578955893888,0.5739468197248674,4.117012411423485,0.7347594110294703,0.998628827680919,-0.0002123583015707758,0.0,0.0,0.0,0.0,3.974825886785216,1260808298.427921,1695.7647798010432,7.076730863352976,2.211212558324859,100.0,IMRPhenomXP,20.0,16.358132994627717,9.940228418513668,6.41790457611405,0.23991112336750353,0.0035001802507051427,3.5989239908703547,(3.6139471439318824+1.0724498304192969j),3.386310428399315,(0.4376532140311101-1.0052684367690674j),0.7087719499837788,(4.6482157079645425-2.8785845203916702j),4.206253856438478,0.23840872781152941,0.7347594110294703,0,0,0.463873242978555,0,0,0.1073578955893888,0.0,0.0,0.32399899937048166,0.0,0.0,0.0,1.0,1.0,0.31526487603419034,1289.2952670577035,7.557586764185187,4.8795529273658005,5.261551219030246,12.437139691550987
6.620021635797615,0.9873630588126439,0.632836565903319,0.5363988075491186,-0.9781579538078943,1.3688763205260008,2.6307614900465808,0.0705518777214501,7.667455136628996e-05,0.0,0.0,0.0,0.0,3.1567469024129746,1260808298.4664733,1735.1338653012097,7.277815220462467,1.4877131846217635,100.0,IMRPhenomXP,20.0,15.209184895447576,7.652947370640144,7.5562375248074325,0.15928054840472639,0.017573418568374466,4.074871096923015,(3.4024239311630833-0.5613691966722858j),3.5774579567159877,(0.9153009901504134+1.4564462708339292j),1.1331949926688019,(4.805728266375351-1.7500742534311693j),4.187626035286029,0.24998989190042573,2.6307614900465808,0,0,0.632836565903319,0,0,0.5363988075491186,0.0,0.0,0.5849242935827664,0.0,0.0,0.0,1.0,1.0,0.32158020584141767,1312.9236094820087,5.790755140561219,5.717577708419567,5.009171298523505,11.508332848980785
6.760022475676349,0.5445501374284593,0.17422859066298413,0.43176500716903554,0.16033166999146922,3.7843656341064644,0.6415747966990627,0.21471501314477437,-0.00010588451463209257,0.0,0.0,0.0,0.0,4.675945631672138,1260808298.4243562,1418.9194784560077,7.377672874896282,2.259406270835406,100.0,IMRPhenomXP,20.0,16.401660918583758,10.619053743306182,5.782607175277576,0.20826332865696484,0.00996946470600285,2.8033308097144043,(3.481486703275122+0.03389165766389404j),3.444139479980692,(1.1781716947588334+0.4135562409927526j),1.0221254257997265,(4.957509936340962+1.0345286814418884j),4.298325402158746,0.2282621224253751,0.6415747966990627,0,0,0.17422859066298413,0,0,0.43176500716903554,0.0,0.0,0.2650262200845146,0.0,0.0,0.0,1.0,1.0,0.26996665632385447,1117.2887683416695,8.361679175140655,4.553353543955529,5.322992097481081,12.915032719096182
6.8598359088792416,0.9259379535600629,0.4145313432077778,0.14657680753132948,-0.8401471159577104,0.9301851699344122,0.3698556972736151,0.8681808074328334,-0.00010445454279435322,0.0,0.0,0.0,0.0,1.7323125134832293,1260808298.3869793,1887.0729663787642,7.424475338806453,1.3637322104628247,100.0,IMRPhenomXP,20.0,15.773764251810995,8.190172597540572,7.583591654270422,0.7003523227948554,0.01005949799103839,2.2879490366348993,(3.96096899380167+1.1523358056870265j),3.8091054934499646,(0.9901919975415105+1.0864444246645677j),0.7125565543011281,(4.252146156278963+0.7626549005438746j),4.32772386320552,0.249630302221087,0.3698556972736151,0,0,0.4145313432077778,0,0,0.14657680753132948,0.0,0.0,0.2857061783301857,0.0,0.0,0.0,1.0,1.0,0.34568341655562723,1402.3156946884035,6.086255130128529,5.635494620035644,5.097659541972718,11.721749750164173
6.903466541460354,0.621475483751449,0.22330784090177005,0.5309149175657473,-0.8401057851410593,0.8934754431055375,0.41953544677190113,2.435507233725176,-0.00016282151020434191,0.0,0.0,0.0,0.0,3.3083146728444857,1260808298.3868663,2159.2595817498964,7.474654697991731,1.4832081167383615,100.0,IMRPhenomXP,20.0,16.402320271286772,10.115675775336628,6.286644495950145,0.5015101226661227,0.00695210714296185,3.3492751365002347,(3.5175762949273492+1.0723243092112458j),3.285861751258201,(0.7080909300539346+1.686418560042773j),0.5807362102925,(4.989751362615029-1.5286985882865967j),3.699688794249662,0.23637591760158194,0.41953544677190113,0,0,0.22330784090177005,0,0,0.5309149175657473,0.0,0.0,0.34120679077230553,0.0,0.0,0.0,1.0,1.0,0.38787483858656874,1555.8028234456674,7.288608089212551,4.529691238118095,4.974127601081767,11.818299327330646
6.669886882052196,0.7071234897361076,0.7332884207342216,0.7761213497471355,-0.06040083978920936,0.5636854594934255,0.6572249397445292,0.8613928276934207,-0.00010912480276322907,0.0,0.0,0.0,0.0,1.767615195220318,1260808298.4754667,1692.4698364495043,7.483138338826487,2.2911031718033623,100.0,IMRPhenomXP,20.0,15.600525794018639,9.1384869857483,6.46203880827034,0.08388987753283494,0.01635864457414027,4.162611212234539,(2.548338257780592-0.45723549529358576j),2.8124733475458967,(1.6624741383605852+1.0798017639203008j),1.0072420902640753,(5.568932053420162+0.6309320065627819j),3.4743520427518306,0.24264167078433696,0.6572249397445292,0,0,0.7332884207342216,0,0,0.7761213497471355,0.0,0.0,0.7510306464263493,0.0,0.0,0.0,1.0,1.0,0.3147349707345332,1287.3087563927247,6.950820651437217,4.91508855557409,5.073179789479378,11.865909207011306
6.963320525553766,0.8349120468116531,0.5987162767639616,0.12155180563444815,0.26995721876181705,3.758463048146086,2.4378809326737625,0.490992130263912,-0.00022616966713537008,0.0,0.0,0.0,0.0,3.8541216679732644,1260808298.4273689,1813.9777164815105,7.516264059867362,2.313495785202951,100.0,IMRPhenomXP,20.0,16.075713304068262,8.761026629042767,7.314686675025494,0.26308801702808804,0.006008853701610639,2.5833374439135692,(3.9244194080323+0.6278050555168548j),2.9406462004161464,(1.4240039077901914+0.0294818480216662j),0.6988326510892237,(4.536329210596942-1.4013734321269729j),3.4760381622707666,0.2479763273098791,2.4378809326737625,0,0,0.5987162767639616,0,0,0.12155180563444815,0.0,0.0,0.3815994040785454,0.0,0.0,0.0,1.0,1.0,0.3341401363141828,1359.6605462400246,6.566796388606357,5.482697413806704,5.2193321646039905,12.049493802413062
6.596838732641181,0.5487844789907905,0.5496490590850318,0.5394094158754874,0.03021937989239369,3.6454984891387543,2.7205785906414905,2.9129404822510514,-0.00013304015183598065,0.0,0.0,0.0,0.0,2.359254055637574,1260808298.4969146,1826.4396574217058,7.612876560501612,1.8904496476929165,100.0,IMRPhenomXP,20.0,15.983944418998679,10.320315470499832,5.663628948498846,0.16070244599599448,0.015682581699207776,3.19152713496241,(3.5209528691514027-0.73540247414973j),2.7381080975523817,(1.0508607598219788-1.564456528251266j),1.0626341634760461,(4.8939670918201-0.6605606690388692j),3.39802245402842,0.2287809423095832,2.7205785906414905,0,0,0.5496490590850318,0,0,0.5394094158754874,0.0,0.0,0.5460208220126516,0.0,0.0,0.0,1.0,1.0,0.33611489220467533,1366.9779993239315,7.724122776201266,4.238878693398511,4.937328946132749,11.963001469599778
6.928561478799435,0.7742802843997073,0.5754121380400412,0.0726601617291363,0.9494888815216911,4.283409077895583,0.6601630916616921,2.102423199550966,-0.00016745968133686018,0.0,0.0,0.0,0.0,0.48364298999735716,1260808298.429127,1478.3393316084473,7.772977406052865,1.7556092652676574,100.0,IMRPhenomXP,20.0,16.074253994232496,9.059591168072355,7.01466282616014,0.2754986839590434,0.012491938879578668,2.786636353361052,(3.7874680120419395+0.09390764809041886j),4.015727475409938,(0.39239480885474026+0.03157987356760668j),1.0554272563009492,(5.029802690985301+0.4166311420140781j),4.610707573144975,0.24595391926865712,0.6601630916616921,0,0,0.5754121380400412,0,0,0.0726601617291363,0.0,0.0,0.35601560490873574,0.0,0.0,0.0,1.0,1.0,0.27982694231261335,1155.1087701259887,7.078762658099628,5.480946364111409,5.413670590712607,12.559709022211038
6.6198160298122035,0.7559019268006179,0.6731344002742019,0.4488351659322004,0.5279157497338449,4.651375383394261,0.35715062263190916,0.47433616404247547,-0.0001021011394296827,0.0,0.0,0.0,0.0,4.367212669042811,1260808298.4982288,1428.245741034976,8.040553696991616,1.5884199225027356,100.0,IMRPhenomXP,20.0,15.387460647613247,8.763280233794339,6.62418041381891,0.10504778922223856,0.018722076095632145,4.250359310795572,(2.8625566210741193+1.2723855565048385j),3.861632000066494,(0.588689970825992+1.302723572422014j),1.4427912599448063,(5.565146984444896+0.1932602631285472j),5.764650771947721,0.24516865333693633,0.35715062263190916,0,0,0.6731344002742019,0,0,0.4488351659322004,0.0,0.0,0.5765753494347559,0.0,0.0,0.0,1.0,1.0,0.2715195361588919,1123.258980409668,6.891974511274248,5.209656812532951,5.206224396527853,12.101631323807199
6.674664933351144,0.6170559372521048,0.1621651853765722,0.08175439600272852,-0.7453483449011229,1.058589936966528,2.920785162767258,1.8472987716476443,-0.00010902979113876701,0.0,0.0,0.0,0.0,3.973810360308871,1260808298.4065979,1949.6797659954561,8.078079479585767,0.9590241827294648,100.0,IMRPhenomXP,20.0,15.874673428394532,9.817021825089537,6.0576516033049925,0.3258156301249513,0.012100591391659754,3.477878504855315,(3.866689755177477+0.01620085858262751j),3.5792506771929697,(0.6700112040593171+0.7913382484463246j),0.799336207055332,(4.718251948464813-1.0838378587867128j),4.3421167680143995,0.23597959357765816,2.920785162767258,0,0,0.1621651853765722,0,0,0.08175439600272852,0.0,0.0,0.13148105512528635,0.0,0.0,0.0,1.0,1.0,0.35549608396130644,1438.351456961031,7.242383022162808,4.468955443679403,4.924149182227867,11.711338465842212
6.908332637577578,0.5051188839347094,0.24934025174553628,0.6761244771551763,-0.8410063064438461,1.0438785656582386,2.8466083536120013,1.5850765396758082,-0.00017475941531197188,0.0,0.0,0.0,0.0,0.3071247535766987,1260808298.3867984,1734.4576750793549,8.0870246021012,1.1449405897732179,100.0,IMRPhenomXP,20.0,16.998947920696356,11.294089857046638,5.704858063649719,0.5218214487549364,0.010149943224172286,3.118230993394546,(3.2842826086334638-0.9775102354042522j),4.175819293386635,(0.9653397566458481-1.4189954500727513j),0.9172214727421156,(4.952941081482197-0.810752722020963j),4.878812867177778,0.22297285550192902,2.8466083536120013,0,0,0.24934025174553628,0,0,0.6761244771551763,0.0,0.0,0.39256931751626933,0.0,0.0,0.0,1.0,1.0,0.32147198579282726,1312.5194356625773,8.546598019836692,4.317048053218507,5.227755648132693,12.863646073055198
6.912923283859711,0.9535331781951661,0.31253622347312154,0.2648180200070955,-0.7719456611301,1.0457785662869747,2.8544581940137497,2.073613625202575,0.0001368297573792562,0.0,0.0,0.0,0.0,0.6124313936011989,1260808298.3861809,1965.3456802568776,8.11155999033583,1.1908299194041367,100.0,IMRPhenomXP,20.0,15.887120948186269,8.13250633545118,7.754614612735089,0.5014698576878875,0.004312287207570598,4.078694103951271,(3.033677993203191-0.9847671742627606j),3.702554371848382,(-0.4220563120832654-2.0996442076383257j),0.8075085579242421,(4.801712771635897-2.3980418096187295j),4.422854224974148,0.24985855605405122,2.8544581940137497,0,0,0.31253622347312154,0,0,0.2648180200070955,0.0,0.0,0.2892446353308813,0.0,0.0,0.0,1.0,1.0,0.35794104213953365,1447.298232293728,5.9888508286323185,5.71056796436253,5.090738897594481,11.699418792994848
6.759003455438695,0.8635317224515136,0.24496393942517947,0.08577418294019488,-0.727297462616894,0.8354309682057163,0.7440790521134988,2.8427539106300697,-3.369694384252112e-05,0.0,0.0,0.0,0.0,2.711162067600448,1260808298.386141,2491.2665812666646,8.68277378530795,2.1043400085030193,100.0,IMRPhenomXP,20.0,15.578291954253116,8.3595528675839,7.218739086669215,0.31795507077788043,0.005079107365348778,2.9132348554731173,(3.2738796244537753+2.286483967760364j),2.2329440021199356,(1.5332115994855084-1.6659574828992687j),0.36373703376410527,(5.3251056880636005+0.2543571340912198j),2.5518943200325976,0.24865930543518897,0.7440790521134988,0,0,0.24496393942517947,0,0,0.08577418294019488,0.0,0.0,0.17119787311251308,0.0,0.0,0.0,1.0,1.0,0.43782701299543414,1732.6608540508093,5.81401850989598,5.020589418215457,4.70084606447727,10.834607928111437
6.904976779131588,0.91937048676457,0.3384124584311196,0.21862168116505015,-0.8389907875183494,1.2743404707863677,2.7881295800362853,0.03989811179298711,-7.744658093883437e-06,0.0,0.0,0.0,0.0,4.76782999031859,1260808298.3865852,1768.629633722941,8.68533120629007,1.3216808688637078,100.0,IMRPhenomXP,20.0,15.88029122742397,8.273697723774497,7.606593503649473,0.4611333840831282,0.006660389659752575,3.905561823911608,(3.0843598968643873-0.5447891918291531j),3.8248654131988196,(1.681812182858377+0.7932874441304625j),1.0971390446470108,(5.39825407883965+0.013763653967072546j),4.697623602342787,0.24955882544184785,2.7881295800362853,0,0,0.3384124584311196,0,0,0.21862168116505015,0.0,0.0,0.2810331739394324,0.0,0.0,0.0,1.0,1.0,0.326930225632653,1332.8731186274092,6.235216866681719,5.732474365803829,5.2037225814488,11.967691232485548
6.751353260291509,0.5126478684356701,0.2586272785899523,0.12438093817072811,0.547485158627413,3.9184808135182188,0.47424130714740365,2.5191352840447734,0.00024253703746263908,0.0,0.0,0.0,0.0,1.909971257096194,1260808298.426436,2016.814017868753,8.83481194251156,1.8438900240636356,100.0,IMRPhenomXP,20.0,16.564744702325818,10.950826724435558,5.61391797789026,0.34287978256014373,0.005444170419983851,3.5247652035572656,(3.5616068369580676+0.16746036534881772j),3.2359814496464416,(0.08349722616241007-0.32986673244956993j),0.526919748319703,(5.3380217387203155+0.07010853733347308j),3.804662160519004,0.22404924072807259,0.47424130714740365,0,0,0.2586272785899523,0,0,0.12438093817072811,0.0,0.0,0.21313017268890933,0.0,0.0,0.0,1.0,1.0,0.36594489757134724,1476.4973564143258,8.017034028170645,4.109915405717915,4.942624898189838,12.12694943388856
6.905824704891036,0.538838719622041,0.2962029705597398,0.4155803639036763,-1.0271393818215098,1.756707247605425,0.533309126260464,0.24982134555325253,-8.683372940919876e-05,0.0,0.0,0.0,0.0,4.508451617994329,1260808298.389663,1683.5775543732825,9.072855724945558,1.450007228029425,100.0,IMRPhenomXP,20.0,16.786957821784704,10.90884808637243,5.878109735412273,0.35951573976165374,0.008558670552791359,3.3061945180762784,(2.9040982675456974-1.1494868980312896j),3.2153844773752036,(2.401693513346898+0.22967250312691104j),1.425461657772154,(5.4579610035553525+0.021771183553481642j),3.800918745314798,0.22754777061120107,0.533309126260464,0,0,0.2962029705597398,0,0,0.4155803639036763,0.0,0.0,0.33800407743406036,0.0,0.0,0.0,1.0,1.0,0.3133038251052808,1281.9406469757148,8.306416137558971,4.4758186362101355,5.258360306943773,12.782234773769108
6.687905003236342,0.7558577807610851,0.0027914377102630783,0.14502509914412848,0.8821135168566905,4.200431603564741,0.2113482559034402,2.860369186116996,-1.9033386076903065e-05,0.0,0.0,0.0,0.0,1.1934922302162023,1260808298.4248042,1782.8862824297573,9.446945337251378,0.7706997091599561,100.0,IMRPhenomXP,20.0,15.545806100570891,8.853681813473802,6.692124287097087,0.3646883441206996,0.0067229109878827464,4.034283246534629,(3.846856321686725+0.317725245369552j),3.9406373170755793,(0.9466339539860403+2.2306755428979494j),0.8977237607516151,(5.077379796672384-1.3460875879175558j),4.576104866640536,0.24516666261325837,0.2113482559034402,0,0,0.0027914377102630783,0,0,0.14502509914412848,0.0,0.0,0.06401987025126592,0.0,0.0,0.0,1.0,1.0,0.3292009757807332,1341.3218293700695,6.660905291822715,5.034697091736885,5.031522790831586,11.695602383559601
6.781190704294091,0.7257244869211068,0.05682028920610152,0.42340802450923154,0.7028814945395884,4.07151536348824,2.8970727777599135,0.48762811641861664,0.00013832128712220883,0.0,0.0,0.0,0.0,5.8555544491364815,1260808298.4271193,3553.0935032981924,9.500334484044249,1.0967505157575133,100.0,IMRPhenomXP,20.0,15.820078917324548,9.167210083197816,6.652868834126732,0.5172095664886474,0.0032527178804613865,2.7646670882120468,(3.5982512036870484+1.17354311079765j),2.038313151479359,(2.452274732151483+0.8788976464579757j),0.3793483851658952,(4.744331487035482+1.2085589991418724j),2.4126046998712516,0.2436850319450598,2.8970727777599135,0,0,0.05682028920610152,0,0,0.42340802450923154,0.0,0.0,0.21098261241047572,0.0,0.0,0.0,1.0,1.0,0.5888405889507732,2236.280666502711,5.769748171685109,4.18724753156017,4.268012002873242,9.956995703245278
6.727513285450883,0.8971618237043048,0.07412428969233308,0.14819458223636262,-0.6803441235890966,0.994891144155596,0.768871031663738,0.21301503262662572,0.0002180945460462855,0.0,0.0,0.0,0.0,1.801244874171197,1260808298.3847485,1810.0655440010103,10.048643216830282,2.1704806275490665,100.0,IMRPhenomXP,20.0,15.483079552927867,8.161180221672586,7.321899331255279,0.34740538075876737,0.006130762066403284,3.1485918348342246,(3.7744718780831037-0.8983923096575527j),3.024176183403127,(1.6663447495420651-1.802582889758639j),0.5971477333403883,(4.871360090624854-1.5509895017549875j),3.6747107849957925,0.2492654184981761,0.768871031663738,0,0,0.07412428969233308,0,0,0.14819458223636262,0.0,0.0,0.10915189667388193,0.0,0.0,0.0,1.0,1.0,0.33351962232452054,1357.3595044944254,6.120030095580034,5.490657361675814,5.044930102883555,11.61068745725585
6.652357932657867,0.912228392013993,0.08863932820725656,0.05362136121859961,-0.9450967578072594,1.4820635167719822,0.3584128885163636,1.6800429299203403,0.00012691059051641267,0.0,0.0,0.0,0.0,1.0106399417165197,1260808298.4087253,1413.7750585910921,10.451688397882947,1.2031337506092763,100.0,IMRPhenomXP,20.0,15.30245715201449,8.00242126720944,7.300035884805048,0.2885032307991917,0.011335202650020526,3.1487295277373564,(3.59624406165489-1.6241762973450509j),4.300555145602986,(2.2319782143484606-1.405463515610871j),1.5260454740257197,(4.665385760184887-1.4809832127263656j),5.219972863709616,0.24947329360192844,0.3584128885163636,0,0,0.08863932820725656,0,0,0.05362136121859961,0.0,0.0,0.07193401002922385,0.0,0.0,0.0,1.0,1.0,0.26910923013066457,1113.9900575364077,6.305541774670987,5.752094233885174,5.241753644777255,12.057636008556162
