chirp_mass,mass_ratio,dec,ra,time_jitter,a_1,a_2,tilt_1,tilt_2,phi_12,phi_jl,theta_jn,psi,phase,geocent_time,luminosity_distance,log_likelihood,log_prior,reference_frequency,waveform_approximant,minimum_frequency,total_mass,mass_1,mass_2,H1_log_likelihood,L1_log_likelihood,V1_log_likelihood,H1_matched_filter_snr,H1_optimal_snr,L1_matched_filter_snr,L1_optimal_snr,V1_matched_filter_snr,V1_optimal_snr,symmetric_mass_ratio,iota,spin_1x,spin_1y,spin_1z,spin_2x,spin_2y,spin_2z,phi_1,phi_2,chi_eff,chi_1_in_plane,chi_2_in_plane,chi_p,cos_tilt_1,cos_tilt_2,redshift,comoving_distance,mass_1_source,mass_2_source,chirp_mass_source,total_mass_source
17.783864581669153,0.9801962608916965,-0.9489480815295651,0.9650281559952102,-0.00010676597559330236,0.0,0.0,0.0,0.0,0.0,0.0,0.0,0.0,3.0497102651678154,1421382272.1075053,3275.879086657954,0.06150266435867646,2.9437966782910214,100.0,IMRPhenomXP,20.0,40.85904401248995,20.633835554305527,20.225208458184426,0.2810632618736886,0.16119019511296218,0.09358131897796129,(1.4018799045472927-0.5197157659391728j),1.0480013892653828,(1.5655765322757464+1.3400728723283277j),0.5411591934834952,(2.59388880650538-1.4351422079568728j),1.8597753061785924,0.24997499551413385,0.0,0,0,0.0,0,0,0.0,0.0,0.0,0.0,0.0,0.0,0.0,1.0,1.0,0.5505130531144063,2112.7710600527066,13.3077470794972,13.044203928215552,11.469664538423562,26.351951007712753
18.971628907880266,0.5721337942817007,-1.3886732734077611,0.7512323620168497,-0.00011621956669686688,0.0,0.0,0.0,0.0,0.0,0.0,0.0,0.0,2.0864776152870785,1421382272.0444329,3344.965690554669,0.08092912036180522,1.7755498645108752,100.0,IMRPhenomXP,20.0,45.64502659459644,29.033805367342413,16.611221227254024,1.355065228287046,2.558077981957636,0.03799016147806045,(3.2992924219449344+1.6203623502070998j),3.113011471870122,(0.2664571347940343+0.07580301674792991j),2.609463949838414,(0.5116608613243525-0.7976727415813285j),1.706055635140244,0.23148272937507214,0.0,0,0,0.0,0,0,0.0,0.0,0.0,0.0,0.0,0.0,0.0,1.0,1.0,0.5601297382157504,2144.030474632374,18.60986599777725,10.647333244382306,12.160289265158971,29.257199242159555
12.411156369955803,0.7701760207843606,0.5551533290766962,1.304624271651848,-0.00021988513830314125,0.0,0.0,0.0,0.0,0.0,0.0,0.0,0.0,5.499226366839663,1421382272.0913026,4508.677286059352,0.15373976711650794,3.3214256800946567,100.0,IMRPhenomXP,20.0,28.80567097375004,16.272772106011423,12.532898867738618,-0.051020376422528546,1.421847312975089,0.009584110900346832,(1.7768700443848735+0.2838236644738333j),2.725749811258884,(3.416040958687254+1.1763513751154673j),2.8735146558975257,(0.5880985444903197-1.8706288359490617j),0.3857327061527447,0.24578596846219178,0.0,0,0,0.0,0,0,0.0,0.0,0.0,0.0,0.0,0.0,0.0,1.0,1.0,0.7163026672309474,2626.970968796644,9.481295121603248,7.30226614863856,7.231333148237627,16.783561270241808
16.394738992599663,0.9774097387250548,-1.0537689877127843,4.327318339007457,0.0001699473660928471,0.0,0.0,0.0,0.0,0.0,0.0,0.0,0.0,3.385930887690445,1421382272.050541,4883.092554755012,2.3066777500800395,2.779540555075913,100.0,IMRPhenomXP,20.0,37.668169180009066,19.049248338533932,18.618920841475134,1.7399813027128044,1.3570028909840373,-0.02308111803153101,(2.963699824455665+1.2469709767741304j),3.196962614390177,(3.3325311086524496-0.8971452800436729j),2.926271981593586,(0.40259634123054666+0.2761797642401614j),0.49709016326150657,0.24996737209575612,0.0,0,0,0.0,0,0,0.0,0.0,0.0,0.0,0.0,0.0,0.0,1.0,1.0,0.7645897728120639,2767.26784610069,10.795284338623873,10.551416044877035,9.29096339852003,21.34670038350091
16.26758258006053,0.6276318374107026,-0.5097050765964332,4.221911209521802,-0.00021940332630620126,0.0,0.0,0.0,0.0,0.0,0.0,0.0,0.0,0.42959333345540995,1421382272.0503328,4474.710659181801,3.382802786104926,3.348209311465909,100.0,IMRPhenomXP,20.0,38.59823556208133,23.714352763881074,14.883882798200252,1.5689236580926975,1.3997195202946653,-0.007491252968259754,(2.9082460855910566-1.1734486932534574j),3.319410538563503,(3.8243387844513443+0.9140293484334069j),3.2593925444573055,(1.1223437229158246-1.5550498472111518j),0.34308673816869983,0.2369150297477477,0.0,0,0,0.0,0,0,0.0,0.0,0.0,0.0,0.0,0.0,0.0,1.0,1.0,0.7118802952179358,2613.9156304338917,13.852810170270727,8.694464700468684,9.502757070984067,22.54727487073941
16.58935713256979,0.7048306689226134,-1.2541943608165413,4.981399139241665,7.598651370798143e-05,0.0,0.0,0.0,0.0,0.0,0.0,0.0,0.0,2.8654531504534977,1421382272.052465,4512.592186996505,3.5253703165427073,2.317284593796372,100.0,IMRPhenomXP,20.0,38.814695207562835,22.767478269318215,16.04721693824462,1.6566875514581794,1.5774827286373698,0.07215198650464494,(2.9345114672029444-0.7919187277198871j),3.042844633622032,(3.8585985862618184+0.5922251049951532j),2.8747726080982057,(0.6864027394843502-0.391656337164511j),0.9285632238245125,0.2425058915806768,0.0,0,0,0.0,0,0,0.0,0.0,0.0,0.0,0.0,0.0,0.0,1.0,1.0,0.7168119133464936,2628.4720749070075,13.261486649949168,9.347102506391979,9.66288561001013,22.608589156341147
16.91409703735882,0.7604635199281538,-0.5179136622435087,4.232298042237649,7.652307864434603e-06,0.0,0.0,0.0,0.0,0.0,0.0,0.0,0.0,0.3678114391830935,1421382272.0502949,4743.7780968280085,3.651573735324469,3.343576592164604,100.0,IMRPhenomXP,20.0,39.29653182267064,22.32169617708089,16.97483564558975,1.9293170623360636,2.181813690201982,-0.005578431879888046,(2.949447627171272-0.4062913083227255j),3.2938946219714467,(3.809827481412523+1.7234514843999236j),3.2407123075408775,(1.6643763674307326-1.2617223589299265j),0.3349592130214341,0.24537161715423456,0.0,0,0,0.0,0,0,0.0,0.0,0.0,0.0,0.0,0.0,0.0,1.0,1.0,0.7467190143058193,2715.8221118016377,12.779214054615403,9.718126101888165,9.68335313168891,22.497340156503565
13.504229255543336,0.6263681574689833,0.6204299494075497,5.133848727920464,4.219391215120488e-05,0.0,0.0,0.0,0.0,0.0,0.0,0.0,0.0,0.6813892095185112,1421382272.0627534,2124.7854816828217,4.943705822146337,3.2779055021694434,100.0,IMRPhenomXP,20.0,32.05048711873927,19.70678469788628,12.343702420852985,0.37546120542804395,1.1812867927361053,0.01898250203350549,(2.3415452406682538-1.9204394404716192j),3.1686839018551307,(4.310357049320316-0.9229633995709433j),3.814245756057907,(0.5854438661958595-2.1218090662551887j),0.8632206955614441,0.23680558783197253,0.0,0,0,0.0,0,0,0.0,0.0,0.0,0.0,0.0,0.0,0.0,1.0,1.0,0.3825965373237538,1536.8080546837189,14.253460185884776,8.92791359419016,9.767295730165088,23.18137378007494
17.61680918476644,0.5221100830454587,-0.21966139416081126,6.111405135283827,-0.0002249204143604497,0.0,0.0,0.0,0.0,0.0,0.0,0.0,0.0,4.428651794755071,1421382272.0586195,2307.4628171856234,4.959184394647627,3.4598347149105946,100.0,IMRPhenomXP,20.0,43.07301551920038,28.29822625773512,14.774789261465264,0.7787795534505904,2.665387750128157,0.03687126564031451,(4.120779530754338-1.179380255183058j),2.8696833667716017,(4.4370844744711295+1.3972660386047002j),3.8048623011647504,(-0.24960473338578326-0.11813576329581808j),2.260476028053391,0.22535643026219104,0.0,0,0,0.0,0,0,0.0,0.0,0.0,0.0,0.0,0.0,0.0,1.0,1.0,0.4103643555515098,1636.0756856964153,20.064479186776783,10.475866894471904,12.490963143972502,30.54034608124869
14.139208625462928,0.80216920040003,0.809822465488652,0.13466488108984823,0.0001742102688771746,0.0,0.0,0.0,0.0,0.0,0.0,0.0,0.0,1.1614448510124378,1421382272.0772526,2364.935553861301,5.202489479067387,3.112552431168889,100.0,IMRPhenomXP,20.0,32.72051937103146,18.156186091610287,14.56433327942117,0.819096131910948,1.4869875776212496,0.0008933467469611767,(4.060401818560575-1.157827692765884j),4.660208329315317,(3.545963811109917+0.7414822462261184j),2.8222338850306246,(0.7872809341270924-0.34041082979918463j),1.0799539860881373,0.24698743313528573,0.0,0,0,0.0,0,0,0.0,0.0,0.0,0.0,0.0,0.0,0.0,1.0,1.0,0.41900095119345154,1666.6201413006993,12.795048570150723,10.263793880597351,9.96419954022662,23.058842450748074
16.911158022935147,0.70835732440747,0.16767725846422102,5.233540311386103,-0.00012177892520608483,0.0,0.0,0.0,0.0,0.0,0.0,0.0,0.0,6.135939774281537,1421382272.0535722,3745.0177201986257,6.197094896837841,3.470032622897345,100.0,IMRPhenomXP,20.0,39.54725745849048,23.14928902371588,16.397968434774594,0.9994014239504629,2.192961157831445,-0.0015585242365587226,(3.817338141383699-1.7264274824634316j),1.9752023415221012,(4.175997018719864+0.03530837369562794j),3.324311473128409,(-0.6432113084653454-1.2050174802871316j),0.2915321643204707,0.24271407446199308,0.0,0,0,0.0,0,0,0.0,0.0,0.0,0.0,0.0,0.0,0.0,1.0,1.0,0.6149890651074783,2318.912134191929,14.334022145329687,10.15360957486316,10.47137617728062,24.487631720192848
17.35321826958396,0.9252333101045852,0.49837514515536296,5.1188194907814415,0.00015452724104286146,0.0,0.0,0.0,0.0,0.0,0.0,0.0,0.0,3.048484498740053,1421382272.0582783,4324.0915341507825,6.279709515717359,3.3544585355236816,100.0,IMRPhenomXP,20.0,39.90334601695787,20.726498865111672,19.1768471518462,1.2904900528850183,2.3964749147523845,-0.0063841244125019125,(3.989993531550169-0.47115006843818213j),1.9361568722247209,(4.038842396510123+0.8796068430724474j),2.535354490525674,(-0.7393693978605074-1.325062941613784j),0.3932501634732746,0.24962295812895433,0.0,0,0,0.0,0,0,0.0,0.0,0.0,0.0,0.0,0.0,0.0,1.0,1.0,0.6921815261166018,2555.3355256641294,12.24838975324181,11.332618194843002,10.2549389659205,23.58100794808481
19.185546271301853,0.9213161855142862,-0.2867578183677166,5.700852582759969,-6.788040503048808e-06,0.0,0.0,0.0,0.0,0.0,0.0,0.0,0.0,1.5945384194706427,1421382272.051501,4163.097943589201,6.6125231801990605,3.442465648916526,100.0,IMRPhenomXP,20.0,44.12122465967473,22.964062340350623,21.157162319324108,0.9926141409804234,3.296219456670845,0.02384156568183604,(4.293649356449816-1.2752461709991239j),1.6557495062839223,(4.533183985466658+0.681371040939046j),3.1964809013174333,(-0.5772252884774768-0.6404259489538436j),1.1337979031910186,0.2495807113199124,0.0,0,0,0.0,0,0,0.0,0.0,0.0,0.0,0.0,0.0,0.0,1.0,1.0,0.6709604390679236,2491.44016107035,13.743031733988973,12.661677574560509,11.481747755801878,26.40470930854948
14.105098419107529,0.5191759854873892,0.9192881795524617,6.235358363921042,-5.4714132523450525e-06,0.0,0.0,0.0,0.0,0.0,0.0,0.0,0.0,4.0263379286096095,1421382272.0758665,2000.964538633163,6.876448299560072,2.983918836689366,100.0,IMRPhenomXP,20.0,34.52367878610656,22.725266273235952,11.798412512870604,0.9952557269350111,1.4002087925794529,-0.004239920928602148,(4.2630735473114445-0.4247833978017444j),5.095297132232996,(4.059126605690375+0.7173583370598393j),3.3488964915010304,(0.7094429060216456-0.12740479306831387j),1.3666898017235296,0.22495643591603354,0.0,0,0,0.0,0,0,0.0,0.0,0.0,0.0,0.0,0.0,0.0,1.0,1.0,0.36348479473791395,1467.53710902448,16.66704781816372,8.653130976160588,10.34488868049224,25.32017879432431
17.748643431890137,0.6330865670092045,-0.08727054527711435,5.414552472243648,-8.30747975817322e-05,0.0,0.0,0.0,0.0,0.0,0.0,0.0,0.0,2.3797889894185875,1421382272.0509493,2958.289845521498,6.89991246357498,3.480343909070146,100.0,IMRPhenomXP,20.0,42.06281686781405,25.756636370383525,16.306180497430525,0.8130583621652638,3.379171326301041,0.024423328267817235,(3.8430128825410845-2.1023113428121145j),2.1528070305464064,(4.190478153689989-0.05547088325151274j),4.473154268089613,(1.0935251797318546+0.08444390330571239j),0.9002915863724402,0.23738030614227434,0.0,0,0,0.0,0,0,0.0,0.0,0.0,0.0,0.0,0.0,0.0,1.0,1.0,0.5057089823613204,1964.715541271455,17.1059857330404,10.829569783038977,11.787565618460956,27.935555516079376
18.45954720112631,0.9078953063033602,0.2577340443891561,0.43154018266754984,-0.00016899637057936958,0.0,0.0,0.0,0.0,0.0,0.0,0.0,0.0,4.0129077030602796,1421382272.0733626,2733.627118964556,6.9023481184879545,3.450569049742632,100.0,IMRPhenomXP,20.0,42.468314892015385,22.259248058165102,20.209066833850283,2.092171713505876,2.7470957428920375,0.026189278881117994,(4.194864767198849+1.641127643252092j),4.7128426596296675,(3.660118212127384-2.9401577420278673j),3.5158232126240754,(1.015505081954441-0.1896586428208777j),1.4236286322262524,0.24941736783775503,0.0,0,0,0.0,0,0,0.0,0.0,0.0,0.0,0.0,0.0,0.0,1.0,1.0,0.4733733436463276,1855.352638012277,15.107676648389445,13.716188718221659,12.528764200010793,28.823865366611106
17.118542930251053,0.5689087396880754,-0.22130177573139725,6.253209880436705,-0.00013994375095814415,0.0,0.0,0.0,0.0,0.0,0.0,0.0,0.0,1.2871074083461613,1421382272.0606844,2073.0595170270385,6.911720131225822,3.459467064070042,100.0,IMRPhenomXP,20.0,41.224789971009486,26.27609173699016,14.948698234019325,0.9597961194378479,2.2230789651998233,0.12660300286081538,(3.7224453071374963-2.2432695505239253j),3.5994416241619995,(4.285905993189835-1.7493746991981474j),4.0679353221820485,(0.11670104676719256-0.35567827166161614j),2.6122780405236266,0.2311251686092567,0.0,0,0,0.0,0,0,0.0,0.0,0.0,0.0,0.0,0.0,0.0,1.0,1.0,0.37464229224025686,1508.0719781999217,19.11485765083509,10.874609575453558,12.453089088618782,29.98946722628865
14.214618851009448,0.7574683105661056,0.35231495653411543,1.4586829924112963,-0.0001297675138131959,0.0,0.0,0.0,0.0,0.0,0.0,0.0,0.0,6.049002424841313,1421382272.0908167,4877.222180560756,6.979687315775311,3.4207658101589313,100.0,IMRPhenomXP,20.0,33.03554998494882,18.79723792818068,14.238312056768144,0.8869308411221724,2.926013240378312,-0.0012540999008399112,(3.092328866380775-0.45586941084773264j),2.552819020659777,(4.726911285555191-0.4737204484390376j),2.9953465915368556,(0.4727585330212383+0.23034678673670203j),0.5490013280307005,0.24523895828209905,0.0,0,0,0.0,0,0,0.0,0.0,0.0,0.0,0.0,0.0,0.0,1.0,1.0,0.7638389675726854,2765.1176200782743,10.657003430448405,8.072342384158945,8.05890963536822,18.72934581460735
19.306497777162637,0.741901992208692,0.5223998866770031,4.948373996463396,0.00021466822142113945,0.0,0.0,0.0,0.0,0.0,0.0,0.0,0.0,5.123707649142992,1421382272.0549555,2755.2100379851026,7.04959056068161,3.3410070115901744,100.0,IMRPhenomXP,20.0,44.94941418257505,25.80478946785072,19.144624714724323,1.3594794683536113,3.1985820065006,0.006416474872054989,(3.7281055447994818-1.1542240788215452j),3.2951490379943302,(4.6209644100462155+0.04687853117525838j),4.222350833342872,(-1.7794596522085673+0.26164843937062504j),1.0045468599678438,0.24451139620462833,0.0,0,0,0.0,0,0,0.0,0.0,0.0,0.0,0.0,0.0,0.0,1.0,1.0,0.4765044991278875,1866.0356443609935,17.476946045943365,12.966181089209204,13.07581371310837,30.443127135152572
18.552879447434904,0.8865564327041778,0.9340767616952188,4.762732479290634,-0.00018443928178769377,0.0,0.0,0.0,0.0,0.0,0.0,0.0,0.0,4.740630501745332,1421382272.0627782,1987.1362312213876,7.059341071398523,2.9642248824933324,100.0,IMRPhenomXP,20.0,42.71606635000148,22.642347511848637,20.073718838152846,1.1848974632437264,2.1897873845772846,-0.06432497476347399,(3.8151985437302516+2.16458691362649j),3.763845262313667,(4.7390698163851335-0.6855994378469482j),3.816499822201742,(0.8036465092135578-0.23827506520944025j),2.382578458446514,0.24909601722260616,0.0,0,0,0.0,0,0,0.0,0.0,0.0,0.0,0.0,0.0,0.0,1.0,1.0,0.3613350436525707,1459.696675321783,16.632457687343013,14.745612354394003,13.628444763793082,31.37807004173702
18.17122074005095,0.7822568828623493,1.1843042787975993,5.234573849532078,0.00017452144215308684,0.0,0.0,0.0,0.0,0.0,0.0,0.0,0.0,5.406442298283211,1421382272.069634,2220.933116402159,7.211535745704991,2.508491672652924,100.0,IMRPhenomXP,20.0,42.12489476924864,23.63570323352883,18.48919153571981,1.697194252728865,2.654526030967091,-0.05181277511891946,(4.199282030298921+1.6181987895480439j),4.728160385065902,(4.568503916066608-0.39315279024155525j),4.1088566803919075,(-0.751391686911388-0.22339103415450226j),2.0600409997109304,0.24626845847211215,0.0,0,0,0.0,0,0,0.0,0.0,0.0,0.0,0.0,0.0,0.0,1.0,1.0,0.3972728122487903,1589.4770785829962,16.915596600988177,13.232341868845962,13.004776576741612,30.14793846983414
16.937364541287387,0.6997928044098718,-0.04346787845788359,5.068709157746443,-0.00019270716072917804,0.0,0.0,0.0,0.0,0.0,0.0,0.0,0.0,2.0515278469593614,1421382272.0478473,3135.2232911528954,7.334116622813371,3.4832118008733994,100.0,IMRPhenomXP,20.0,39.65877862868648,23.33153695309063,16.327241675595847,1.4296648565922894,2.402867988440205,-0.012509414278630837,(3.8370011447863694+2.181623683869061j),3.1106566585069473,(4.328783154911864+0.27266042628839615j),4.744735694198125,(-1.0313761846267417+0.10470507790363574j),0.8002317592694962,0.2422018743104108,0.0,0,0,0.0,0,0,0.0,0.0,0.0,0.0,0.0,0.0,0.0,1.0,1.0,0.5307940908690235,2048.102557626343,15.241460031927247,10.665864059043342,11.064430312552444,25.90732409097059
18.254262802892125,0.951619743103593,0.9206404857133356,6.157722141886403,-7.565179291669962e-05,0.0,0.0,0.0,0.0,0.0,0.0,0.0,0.0,3.600110141913258,1421382272.0735614,3360.6645946484996,7.426658274340889,2.982143032773628,100.0,IMRPhenomXP,20.0,41.95275404541572,21.496377147066426,20.456376898349298,2.043782107643503,2.459764055377132,-0.016077980786256996,(4.43367635721954-0.927072323158096j),3.785891028378844,(3.7658288419921484+1.206006902700391j),2.5079630778848436,(0.7334834604482867-0.37149595003191793j),1.045840919937296,0.24984636649343772,0.0,0,0,0.0,0,0,0.0,0.0,0.0,0.0,0.0,0.0,0.0,1.0,1.0,0.5623088452130344,2151.0885045496475,13.759364681914226,13.093683083871865,11.68415762275416,26.85304776578609
14.564346585456931,0.7560448121847069,1.1775442200315485,5.946716246628679,0.00022872356277864618,0.0,0.0,0.0,0.0,0.0,0.0,0.0,0.0,0.18464275438967787,1421382272.074823,2103.699602806935,7.476285209492473,2.5249437251741718,100.0,IMRPhenomXP,20.0,33.85362630152999,19.278338494911456,14.575287806618537,1.2345495586269646,1.8353426622572728,-0.0025627742161711264,(4.317991442636704-0.03618504395097359j),5.072868521437742,(4.289505408566892-0.04417962171147413j),4.039100161712177,(-0.24603467807430546+0.8556165241303965j),1.6113090956978464,0.24517509312034294,0.0,0,0,0.0,0,0,0.0,0.0,0.0,0.0,0.0,0.0,0.0,1.0,1.0,0.37935906786290646,1525.1283336469508,13.976301707125558,10.56671039920054,10.55877829405365,24.543012106326096
18.41954467757313,0.8054250582376078,-0.36327193386782974,5.51307931242965,-7.1359437181177496e-06,0.0,0.0,0.0,0.0,0.0,0.0,0.0,0.0,4.966723578919348,1421382272.0483725,3501.241745292625,7.507854906375798,3.4166691056388414,100.0,IMRPhenomXP,20.0,42.614673683595335,23.60367908330367,19.010994600291664,1.4408760306852866,3.5599728688752084,0.024909061759357254,(4.528748899475017-0.273463736842718j),2.50256099162288,(4.005047129859122-2.6453999002597013j),4.263644136035386,(-1.1148297414004553+0.5662517872189087j),1.2431118709641418,0.2470962789354544,0.0,0,0,0.0,0,0,0.0,0.0,0.0,0.0,0.0,0.0,0.0,1.0,1.0,0.5817232612586337,2213.561510593142,14.922761561033996,12.01916609936174,11.645238537439248,26.941927660395738
17.622776601216035,0.5218718950052776,-0.21490129329986338,6.231423172795682,-0.00013250746346971966,0.0,0.0,0.0,0.0,0.0,0.0,0.0,0.0,4.184723941410781,1421382272.0599077,3658.336452665121,7.579586724254627,3.4608855880098766,100.0,IMRPhenomXP,20.0,43.09131095265774,28.31467687528871,14.776634077369033,0.9182697483314239,2.5891141708136782,0.03157727106183961,(3.8118563625181223-1.8661182823184204j),2.0181089280272113,(4.761429101725171-0.7751053784067458j),2.3196974769700085,(0.30903395203736483-0.09630447221352856j),1.4861613199810961,0.22532413641359403,0.0,0,0,0.0,0,0,0.0,0.0,0.0,0.0,0.0,0.0,0.0,1.0,1.0,0.6032167288642934,2281.872681854559,17.661166057908222,9.216866198643453,10.992136174689167,26.878032256551673
18.58508194786257,0.8150836899062162,1.1821460359101805,5.476651455140468,0.0001635900806178848,0.0,0.0,0.0,0.0,0.0,0.0,0.0,0.0,2.2257472763568087,1421382272.0703697,3695.2381623220426,7.649700760313741,2.5137786663661155,100.0,IMRPhenomXP,20.0,42.965428143643614,23.671320712414975,19.29410743122864,1.8542111358883018,2.7172027597428805,-0.05752504863179286,(3.8675854059000434+2.1982217604502416j),3.1166375967077653,(4.09320725012952+1.802450886337689j),2.640661523472168,(0.1475987057949898-1.8957934728755896j),1.2033630485138478,0.2474052403393356,0.0,0,0,0.0,0,0,0.0,0.0,0.0,0.0,0.0,0.0,0.0,1.0,1.0,0.6082358287025993,2297.696696543728,14.718811936624476,11.997063544339538,11.556191956533876,26.715875480964012
14.35132095506249,0.5224662204350967,0.0838591297850339,5.0373994485745985,-0.00012638764603733755,0.0,0.0,0.0,0.0,0.0,0.0,0.0,0.0,2.542764826904475,1421382272.050243,2957.522620308425,7.674440759156663,3.4806365210204335,100.0,IMRPhenomXP,20.0,35.084407429618274,23.04445705179042,12.039950377827854,1.0971717686476872,2.3396766614960605,-0.005116039069587575,(4.283660855555053-1.165367328079136j),2.6922451653278414,(3.9374630661943826-1.9468049683991195j),4.038958417269827,(-0.8292493303173906+1.5313826393178125j),0.6285799033003893,0.22540465756935857,0.0,0,0,0.0,0,0,0.0,0.0,0.0,0.0,0.0,0.0,0.0,1.0,1.0,0.5055994978715428,1964.3488271040828,15.305834708611576,7.996781610812611,9.531964493446544,23.302616319424185
17.86286248488466,0.7344106126396075,0.6473283279797375,4.961868436412778,1.934886808870875e-05,0.0,0.0,0.0,0.0,0.0,0.0,0.0,0.0,5.715512408507738,1421382272.058783,2396.1130990574793,7.684751154380731,3.2581313956356235,100.0,IMRPhenomXP,20.0,41.62650945862947,24.000377508805652,17.626131949823815,1.264391948203981,2.759438873974558,-0.013186751245381823,(4.186486609601554-1.4500382253374478j),3.4558288606813914,(4.182129871520544-0.8124150198257569j),4.153949579722813,(-0.06851830020344771-0.1387006286922055j),1.2462624322965332,0.24413784093569033,0.0,0,0,0.0,0,0,0.0,0.0,0.0,0.0,0.0,0.0,0.0,1.0,1.0,0.42366699607659797,1683.057261803149,16.85813998283792,12.380796912760259,12.547079151312698,29.23893689559818
14.817007729663548,0.7593350591670149,0.465914991452605,5.141711106929961,5.587212575669103e-05,0.0,0.0,0.0,0.0,0.0,0.0,0.0,0.0,0.21698353691837827,1421382272.0590038,2490.298925371035,7.737603466022346,3.371448144300217,100.0,IMRPhenomXP,20.0,34.4285478244579,19.569068236927333,14.859479587530569,1.3514556656560037,2.024450552024102,-0.0011966796099983634,(4.039957616312582-1.7800348169145512j),2.909726192421728,(4.293364679451707-0.5085534504001817j),3.905239029772241,(-0.45391713895194324-1.6154010354233543j),0.5174005114779835,0.24532191023167302,0.0,0,0,0.0,0,0,0.0,0.0,0.0,0.0,0.0,0.0,0.0,1.0,1.0,0.4376836138756331,1732.160607613123,13.61152624128062,10.335709083776194,10.306167216944642,23.947235325056816
19.292247197440457,0.9729541823264659,0.3138220997676502,5.035514143448067,-3.411960256802406e-05,0.0,0.0,0.0,0.0,0.0,0.0,0.0,0.0,5.562527858471474,1421382272.0527384,2471.807258241172,7.82529887709513,3.434084525739382,100.0,IMRPhenomXP,20.0,44.326943301230045,22.467294830415497,21.859648470814545,1.5386732439978887,3.4055028939154326,0.004590266847649405,(4.4333489660623595-0.6650005801973394j),3.9091979049019696,(4.096718290007023+0.04880761688979739j),5.544188112387704,(-0.9904762083559879-0.16568626863710484j),0.7669834407190397,0.24995302073249948,0.0,0,0,0.0,0,0,0.0,0.0,0.0,0.0,0.0,0.0,0.0,1.0,1.0,0.4349409553235172,1722.5846459960965,15.657295686671715,15.23383132226938,13.444627896268308,30.891127008941098
18.56480758396129,0.7969877815422459,-0.080981934461836,0.21256573925811098,-8.021509645711683e-05,0.0,0.0,0.0,0.0,0.0,0.0,0.0,0.0,3.844535425756493,1421382272.065792,2783.9491539495107,7.8256635678377995,3.4808741995935293,100.0,IMRPhenomXP,20.0,42.98071177743559,23.918199232577887,19.0625125448577,1.5863229949882198,2.513126469649812,-0.015697751857159048,(4.212960934051592+1.6110175073757742j),3.501957965345254,(4.540013996513155-0.7679788215107102j),3.175229069966846,(0.6159052141797292+0.03917395415320596j),2.0161537588094647,0.24680924018030978,0.0,0,0,0.0,0,0,0.0,0.0,0.0,0.0,0.0,0.0,0.0,1.0,1.0,0.4806654883270552,1880.201280225852,16.153681855313657,12.874287065605664,12.538151074850083,29.02796892091932
17.08256824307282,0.5388312150176418,1.044679066696174,5.728289923817476,-4.7148429625063176e-05,0.0,0.0,0.0,0.0,0.0,0.0,0.0,0.0,3.108821591361033,1421382272.0712764,3977.690744204639,7.86767014201724,2.7953591405376503,100.0,IMRPhenomXP,20.0,41.52510134351669,26.984831694514742,14.540269649001948,1.4188181157598994,2.3043110482993976,-0.023187769165182726,(4.12876584136261+0.647436683186576j),2.658572738344942,(3.705730220107819+1.8113133258768699j),2.1386084632670723,(1.1972634246697837-0.34464551040781444j),0.9050623093598014,0.22754682086397318,0.0,0,0,0.0,0,0,0.0,0.0,0.0,0.0,0.0,0.0,0.0,1.0,1.0,0.6462981930139374,2416.142320830655,16.391217465356405,8.832099622476383,10.3763512075532,25.223317087832786
18.65429696035548,0.8460020459960234,0.5753875791092359,4.8780849072332435,0.00011019293245763054,0.0,0.0,0.0,0.0,0.0,0.0,0.0,0.0,5.255076413943288,1421382272.056377,2291.324003798501,7.997800100500666,3.308590156728126,100.0,IMRPhenomXP,20.0,43.03627279358007,23.31323136229762,19.723041431282446,1.3672314428420602,2.8855708984214745,-0.022001409801784444,(4.390331451919934+0.8375054356729766j),3.7379011475431785,(4.432181794862066+0.2783769549687375j),4.693004545624699,(-0.7203495832993142+1.0185073446499815j),1.3995701468154162,0.2482601750506716,0.0,0,0,0.0,0,0,0.0,0.0,0.0,0.0,0.0,0.0,0.0,1.0,1.0,0.4079307876820981,1627.440804962204,16.558506686737502,14.008530535618762,13.249441750660475,30.567037222356266
18.329396247793465,0.5962602919452891,0.7257651679665653,0.2245783076562524,-0.00023974435182712512,0.0,0.0,0.0,0.0,0.0,0.0,0.0,0.0,3.668382236893362,1421382272.0749438,3558.041524710917,8.028472213252652,3.193793553630658,100.0,IMRPhenomXP,20.0,43.813815935870565,27.447789158794823,16.366026777075742,1.8184405295148487,2.3118792641295673,-0.005207350539544908,(4.419990815159265-0.2429625615517023j),3.760916166189139,(4.174716962800194+0.9775905807390739j),2.2217138554817093,(0.4217325008743059-0.0004983917846056337j),0.812795656498303,0.23400679451744036,0.0,0,0,0.0,0,0,0.0,0.0,0.0,0.0,0.0,0.0,0.0,1.0,1.0,0.5895185684962969,2238.439729877967,17.267989001701785,10.296216163462748,11.531413731852965,27.564205165164534
15.087975167345254,0.9732094767855237,-0.30766115849836373,5.628040476262341,-0.00010667846719740178,0.0,0.0,0.0,0.0,0.0,0.0,0.0,0.0,1.842084812006749,1421382272.0519917,2400.56053797543,8.10676654758376,3.436063090758016,100.0,IMRPhenomXP,20.0,34.666898917406385,17.568787969679143,17.098110947727243,1.046716845078258,2.116286574297071,-0.04406879384005635,(4.6740354668316195-0.33190500748021007j),2.5899272331574728,(4.3982693796942955+0.578133105119864j),4.8573454418839255,(0.6181620300781449-0.961140423181195j),1.5856453845026854,0.2499539153796298,0.0,0,0,0.0,0,0,0.0,0.0,0.0,0.0,0.0,0.0,0.0,1.0,1.0,0.4243315268538195,1685.3945097972955,12.334760298739244,12.004305616610871,10.593021977595914,24.339065915350115
16.662459598375126,0.6307362025644603,0.9112096997635721,5.064848468950891,0.00024176962277492627,0.0,0.0,0.0,0.0,0.0,0.0,0.0,0.0,5.792431922363523,1421382272.065089,2016.4188341971221,8.155234665717039,2.9944242361858393,100.0,IMRPhenomXP,20.0,39.50853346443296,24.227421579469873,15.281111884963085,1.0287468351918587,1.3970096632872182,-0.025090322853228875,(4.218230397426939+0.2970346933619454j),4.037408616219943,(3.9040139591160057+0.7038090546942938j),4.05993316008897,(1.6669340237239114+0.4102366649696776j),1.7865683205919034,0.2371812391172704,0.0,0,0,0.0,0,0,0.0,0.0,0.0,0.0,0.0,0.0,0.0,1.0,1.0,0.3658836074860126,1476.2742807047482,17.737544726861344,11.18771160383779,12.19903329028404,28.925256330699135
19.489368409661772,0.8419270400363303,-0.33560100639002255,5.91355786906712,0.00022377108669742777,0.0,0.0,0.0,0.0,0.0,0.0,0.0,0.0,1.3097398710173245,1421382272.0537658,2235.7983051559454,8.194524634723951,3.4267528439867183,100.0,IMRPhenomXP,20.0,44.97384291599176,24.41673418025542,20.557108735736342,1.12092082669339,3.3067093147590336,0.07632202446575143,(4.416133841849432-0.583646740770101j),3.410552614399289,(4.774870951554116+0.045242188696434295j),5.407363889830776,(-0.143994042062761-1.1806177133495797j),2.525591516299427,0.2481587602889909,0.0,0,0,0.0,0,0,0.0,0.0,0.0,0.0,0.0,0.0,0.0,1.0,1.0,0.39952956448763177,1597.5355901414343,17.446386842992055,14.688584834049081,13.925656809398546,32.134971677041136
17.88371353456845,0.9728007856989209,0.28736411956003843,5.021831128269459,-0.0001018637233609562,0.0,0.0,0.0,0.0,0.0,0.0,0.0,0.0,2.2062403315175727,1421382272.0525835,3006.5300811493785,8.250782077125427,3.442286659807267,100.0,IMRPhenomXP,20.0,41.090671229917184,20.828596342716704,20.26207488720048,1.507372835386784,3.1731271884279586,-0.0013490422107069744,(4.174064937767049+1.5666103651533114j),3.0713740641457674,(3.75141784182866+2.1447879775900622j),4.381472196349503,(-1.0627989268207165+0.005807543928856181j),0.6243650000429571,0.24995247892440933,0.0,0,0,0.0,0,0,0.0,0.0,0.0,0.0,0.0,0.0,0.0,1.0,1.0,0.5125804098505117,1987.6828201126016,13.770240713864062,13.39570098571023,11.823314263560968,27.16594169957429
18.207908366724926,0.7554332015717221,0.000643524685717745,5.23309094087281,-8.828707245362366e-05,0.0,0.0,0.0,0.0,0.0,0.0,0.0,0.0,2.0837479056280754,1421382272.049551,4874.009502126394,8.255740102891139,3.484156619693983,100.0,IMRPhenomXP,20.0,42.325645279170224,24.111225218523884,18.214420060646344,1.3263845637204676,3.5645616751633575,0.002905359153228093,(4.261076197909888-0.6508857408507537j),1.725389617560492,(4.28421174540573+1.0792709172267312j),2.9897374864406245,(0.4238240652279888-1.9597388052098659j),0.43993748602779087,0.24514749055930707,0.0,0,0,0.0,0,0,0.0,0.0,0.0,0.0,0.0,0.0,0.0,1.0,1.0,0.7634279853592254,2763.9401976674144,13.67292876074677,10.32898434859301,10.325291714714291,24.001913109339778
18.24545349368591,0.5384184771779984,1.0792829663427141,0.040837546031956946,0.00021981070072282452,0.0,0.0,0.0,0.0,0.0,0.0,0.0,0.0,3.309460806523561,1421382272.0745296,2998.3894262407052,8.34945950038562,2.733297132397891,100.0,IMRPhenomXP,20.0,44.35801198245625,28.833514833899077,15.524497148557169,1.6715754664427793,2.796194678849525,-0.02111721573468439,(4.329494731686015-0.4270212766637683j),4.47195840475987,(4.36959152722821-0.9243536294981303j),3.310840564223313,(-0.5784620461856717-0.5846803667739556j),1.1312067582283236,0.22749454149851994,0.0,0,0,0.0,0,0,0.0,0.0,0.0,0.0,0.0,0.0,0.0,1.0,1.0,0.5114225566791508,1983.8194307450428,19.07707060906326,10.27144730634899,12.071709141204188,29.348517915412252
18.89577907112298,0.7951798275427662,0.7634728271789283,0.22674685073334575,7.974093663679527e-05,0.0,0.0,0.0,0.0,0.0,0.0,0.0,0.0,3.5717256908009536,1421382272.0749996,2562.5049488930813,8.423807994238528,3.1590347282027045,100.0,IMRPhenomXP,20.0,43.753735931345574,24.37289861441652,19.380837316929053,1.9693464641429044,2.384110488671216,-0.007169238312777604,(4.291397535044064-0.6451883208888267j),5.579676421467395,(4.344693426932566+0.8699060913774708j),3.397233649802414,(0.30309870622857604-0.11561494665560218j),1.1614053630662544,0.2467456103896125,0.0,0,0,0.0,0,0,0.0,0.0,0.0,0.0,0.0,0.0,0.0,1.0,1.0,0.4483509195967803,1769.256971357715,16.8280340659444,13.381313226441463,13.046409413254317,30.209347292385864
19.13853598440963,0.7846645726719135,-0.06451688147207639,0.13810828403708955,-0.00022073874115088676,0.0,0.0,0.0,0.0,0.0,0.0,0.0,0.0,4.0453443526567465,1421382272.0650089,3033.3810973411887,8.454718885999057,3.4820741673366946,100.0,IMRPhenomXP,20.0,44.35741298181741,24.854761875733118,19.502651106084294,1.4662923761078543,2.4501996260974295,0.004199843091512889,(4.458318736347114-0.16087137754768802j),3.145115709455744,(4.773542620210454+0.08708219632698863j),2.835461464311586,(0.273402767928949-0.6669253810615721j),1.8719331678222657,0.24636036547025303,0.0,0,0,0.0,0,0,0.0,0.0,0.0,0.0,0.0,0.0,0.0,1.0,1.0,0.5163945588710709,2000.390380065472,16.390695766039318,12.861198289054583,12.621079304490472,29.2518940550939
15.473065047350701,0.9423960551694823,1.196772808166361,6.028175939975513,-0.00015459687986113762,0.0,0.0,0.0,0.0,0.0,0.0,0.0,0.0,6.253453189879717,1421382272.074844,2536.687831291305,8.485514819602006,2.477294929123981,100.0,IMRPhenomXP,20.0,35.56654019810891,18.310653022308355,17.255887175800552,2.059550664607836,1.530106864303602,-0.02461728791664264,(4.462588186235782+0.8987802549432207j),4.55739538080274,(4.302555206567112+0.10960921579051301j),3.6245238404531883,(-0.03337130257604489+0.41839501757510655j),1.3975164961484043,0.24978012852723577,0.0,0,0,0.0,0,0,0.0,0.0,0.0,0.0,0.0,0.0,0.0,1.0,1.0,0.44454448453870116,1756.0468656286282,12.675728036271346,11.945556097783324,10.71138010145243,24.621284134054672
15.462881784586555,0.6865706447597935,0.33284538183022655,4.893640569990712,6.695331371028515e-05,0.0,0.0,0.0,0.0,0.0,0.0,0.0,0.0,5.609984778188934,1421382272.053055,2586.580266913558,8.488255451812048,3.4277097364081746,100.0,IMRPhenomXP,20.0,36.28145887796841,21.511971046511206,14.769487831457209,1.3512339551767791,1.7236112523591025,-0.013726135307783993,(4.463689386968083-0.9017542665209768j),3.179146298932235,(3.669908952372763-2.102321346743787j),4.33822033543366,(1.138540917062439+0.32747519022459465j),0.8882136743364205,0.24136603521112276,0.0,0,0,0.0,0,0,0.0,0.0,0.0,0.0,0.0,0.0,0.0,1.0,1.0,0.45189298300236175,1781.5226650208122,14.816499079723298,10.172573326248513,10.650152570205929,24.989072405971807
19.35308511757035,0.77920067360298,-0.27831941770391233,5.540073927624462,0.00023075948266317145,0.0,0.0,0.0,0.0,0.0,0.0,0.0,0.0,4.868505218977602,1421382272.0492544,2930.8505284891294,8.50760590454492,3.4449153734816065,100.0,IMRPhenomXP,20.0,44.877694343162524,25.22351469903769,19.654179644124834,1.1263753988096754,3.594929359830765,0.05002759674024926,(4.305803163970405-1.088431616288889j),2.6443060522018884,(4.637346559940206-0.4927589596556235j),5.017912657519341,(-0.10514217130230552+0.6086376536519761j),1.4358047714662905,0.24614977926711698,0.0,0,0,0.0,0,0,0.0,0.0,0.0,0.0,0.0,0.0,0.0,1.0,1.0,0.5017894609718688,1951.5721871944857,16.79563970485885,13.087173771618973,12.886683267204571,29.88281347647782
19.454052328947682,0.6593421036794473,1.109722167268041,5.865502765637941,0.00019462371863028332,0.0,0.0,0.0,0.0,0.0,0.0,0.0,0.0,2.871267031066009,1421382272.0713441,3784.3756498902058,8.52685662222336,2.674274357936821,100.0,IMRPhenomXP,20.0,45.86344926019046,27.639538078671197,18.223911181519256,1.6955769905401965,2.9671627064291215,0.03792536417974146,(4.027222094990402-1.504734286544386j),3.378847849432082,(4.302158004748457-0.25038642127058497j),2.6615302781945984,(0.5172408986287398-0.4501816359772932j),1.0886612197431185,0.23946328913086026,0.0,0,0,0.0,0,0,0.0,0.0,0.0,0.0,0.0,0.0,0.0,1.0,1.0,0.6203145074540221,2335.5809238890306,17.058131585886265,11.247144364679077,12.006343360780969,28.305275950565342
16.984797096579634,0.7234680645114531,1.272614963932647,5.867411465705387,-8.948232260030427e-05,0.0,0.0,0.0,0.0,0.0,0.0,0.0,0.0,6.20214370296423,1421382272.073882,2518.707101045547,8.576022162743826,2.259240593544023,100.0,IMRPhenomXP,20.0,39.63625670896519,22.997964119631526,16.638292589333663,1.7532122350856874,1.9669514790799258,-0.026026607073865282,(4.33819179098168+0.9668959858425086j),4.749482161754989,(4.080584776583603-1.5345908319802077j),3.8973782992867485,(1.1351651700046819+0.4291394709529036j),1.6056777172261472,0.24356388027168563,0.0,0,0,0.0,0,0,0.0,0.0,0.0,0.0,0.0,0.0,0.0,1.0,1.0,0.4418884378059137,1746.8113683609322,15.949891487185349,11.539237123401685,11.779550103352644,27.489128610587038
18.4697668344185,0.8969682416674365,0.0775750110866593,0.28891601746440393,5.439744307658782e-05,0.0,0.0,0.0,0.0,0.0,0.0,0.0,0.0,4.0600324933695235,1421382272.0692194,3762.7385826182185,8.629605054301294,3.481144862822556,100.0,IMRPhenomXP,20.0,42.507664593104145,22.408210986041535,20.09945360706261,1.842556107125393,2.50021902445145,0.016616783687412928,(4.543009272450043-0.24826101821834348j),2.895190158987718,(4.24828825073281-2.100018237138051j),2.286985352183776,(0.2136107746067426-0.1278779972709102j),1.313958750887128,0.24926249985265272,0.0,0,0,0.0,0,0,0.0,0.0,0.0,0.0,0.0,0.0,0.0,1.0,1.0,0.6173883507298007,2326.428636156044,13.854564351184095,12.427104225149947,11.419500348252502,26.28166857633404
19.478092817255625,0.6817994812133237,0.22775759336921741,0.23453606990523754,-0.00011986503151783522,0.0,0.0,0.0,0.0,0.0,0.0,0.0,0.0,3.6442953658002235,1421382272.0700173,3567.877637985257,8.640457056615832,3.457992676009261,100.0,IMRPhenomXP,20.0,45.73845475576253,27.196140364346416,18.542314391416117,1.6060068346493388,2.2623146520201987,0.09060085319149236,(4.2488002112727195+1.1696053003112536j),3.214417296264138,(3.6151993986768773+2.999733778264947j),2.07171311267322,(0.8758763185408173+0.2779858618356575j),1.2692929025958894,0.2410506117985524,0.0,0,0,0.0,0,0,0.0,0.0,0.0,0.0,0.0,0.0,0.0,1.0,1.0,0.5908656988432652,2242.727108354914,17.0951830717835,11.655486949588783,12.243706575242866,28.750670021372283
14.743809745212722,0.5481819978683345,0.12609868390648873,5.075532411538238,0.00023285655102969142,0.0,0.0,0.0,0.0,0.0,0.0,0.0,0.0,2.54788121755223,1421382272.0513306,2586.566627305888,8.648676180776302,3.47618522811306,100.0,IMRPhenomXP,20.0,35.73067925022916,23.079120736080203,12.651558514148954,1.6377814125660386,2.3010888507589904,-0.009225931737056992,(4.783676352777066-0.6839590317702466j),3.00997102628108,(4.203641467548594-0.5689271547667002j),4.589738548431858,(-0.5100687707011256-0.24178020568409014j),0.6370083083434186,0.22870767708519613,0.0,0,0,0.0,0,0,0.0,0.0,0.0,0.0,0.0,0.0,0.0,1.0,1.0,0.4518909777331043,1781.5157283747317,15.89590478213079,8.71384884139327,10.15490141569226,24.60975362352406
18.84917690983663,0.7767804253323205,-0.0026344046138904475,5.142441239668304,-3.0241113593105812e-05,0.0,0.0,0.0,0.0,0.0,0.0,0.0,0.0,2.198620041799463,1421382272.0483046,3745.8147725834306,8.648734984630575,3.484153356708158,100.0,IMRPhenomXP,20.0,43.719374515704786,24.605952368890897,19.11342214681389,1.4779068633852646,3.378319969986755,0.0022893353946104034,(4.110337432921765-1.502816922578607j),2.5960768253528417,(4.2345217961230235-1.5155521268632097j),4.168929418740527,(-1.0618324872760951+0.6658355348458804j),0.636389278536381,0.24605418209417323,0.0,0,0,0.0,0,0,0.0,0.0,0.0,0.0,0.0,0.0,0.0,1.0,1.0,0.6150970312876157,2319.250606737828,15.234968483146869,11.834225298263322,11.670615786352702,27.069193781410192
18.816409162152446,0.5280746253675762,0.1347763863497114,0.3355008815319666,7.66154002924578e-05,0.0,0.0,0.0,0.0,0.0,0.0,0.0,0.0,3.832651460159417,1421382272.0699112,2279.6521194411575,8.66141792045574,3.475046859386107,100.0,IMRPhenomXP,20.0,45.90849390269362,30.043358577235978,15.865135325457647,1.3301266361052226,2.467112118336236,0.039054905308699706,(4.243714922825481+0.6329556482615657j),4.863991813162042,(4.322245294110635-1.9717432171710827j),3.722611986876718,(1.0314795958464038-0.20834524507146246j),1.997924000546849,0.22615498834340866,0.0,0,0,0.0,0,0,0.0,0.0,0.0,0.0,0.0,0.0,0.0,1.0,1.0,0.40616847724100075,1621.179940729281,21.365404689047725,11.282528076995535,13.381333365594665,32.647932766043255
14.76318266870954,0.8729324203937288,1.0243239068157222,5.010861960038413,0.0001265027793971323,0.0,0.0,0.0,0.0,0.0,0.0,0.0,0.0,2.609568418827998,1421382272.067532,2243.7362493521514,8.678710124785932,2.8296083093524915,100.0,IMRPhenomXP,20.0,34.010901863968016,18.159171945359475,15.851729918608543,1.131520756967027,1.5186210166632446,0.0005792261955568367,(4.357001347568378-1.1034483255695158j),3.3930115185686613,(4.088681497859187-1.6464647888088864j),3.211907305689931,(1.3512065847501815+1.2777355096656748j),1.6796911925817513,0.2488492915320302,0.0,0,0,0.0,0,0,0.0,0.0,0.0,0.0,0.0,0.0,0.0,1.0,1.0,0.4007333401978156,1601.829697804071,12.964046349317984,11.316736357806631,10.539609678045245,24.28078270712461
17.56024920002825,0.6028778364319347,0.37740967082949906,0.3784705053859503,3.230267374641375e-05,0.0,0.0,0.0,0.0,0.0,0.0,0.0,0.0,4.206560902572104,1421382272.074268,2870.925320986394,8.686045762846916,3.4111799493278,100.0,IMRPhenomXP,20.0,41.905747550837354,26.144068249219227,15.761679301618127,1.7523048577633142,2.340694083026138,0.04093490915035014,(4.291184797632073-0.37295672663984364j),4.292169201410339,(4.162560081754949-2.3054493378780356j),2.8519393581078623,(0.0540200531250213-0.11078053158242213j),1.1433714039844258,0.23465427494157814,0.0,0,0,0.0,0,0,0.0,0.0,0.0,0.0,0.0,0.0,0.0,1.0,1.0,0.49320124574540836,1922.6646972258934,17.50873723398755,10.555629622281671,11.760135648200684,28.06436685626922
18.642377814723947,0.7429128091157835,1.1695008280096841,0.03214441966326729,0.00022148003035879705,0.0,0.0,0.0,0.0,0.0,0.0,0.0,0.0,3.30294062572013,1421382272.0748386,3675.581873547782,8.70935332033374,2.5441143640353543,100.0,IMRPhenomXP,20.0,43.397967622803215,24.899677939035815,18.4982896837674,1.993840896429937,2.9239832694688923,-0.03082496342067431,(4.425942826023049-0.12084221288393492j),3.8669253976083566,(4.156368581349-2.0914817641160264j),3.0030780104989474,(-0.11501375156263748+1.2399026578406953j),1.0176617517832558,0.24456061795778017,0.0,0,0,0.0,0,0,0.0,0.0,0.0,0.0,0.0,0.0,0.0,1.0,1.0,0.6055637051474327,2289.278131195199,15.508371208945192,11.521367619647812,11.611110636691983,27.029738828593004
18.888528781864196,0.870683730425943,0.32587675150495665,4.965636082571278,-0.00019501116724411957,0.0,0.0,0.0,0.0,0.0,0.0,0.0,0.0,2.237644909452282,1421382272.052388,2768.046208500429,8.728071544541345,3.4300917025696807,100.0,IMRPhenomXP,20.0,43.519341730328925,23.26386925940701,20.255472470921916,1.513913992983249,3.1958820691822316,-0.0006533070629797244,(4.416160266382057+0.7527295783402047j),3.4996494423131606,(4.243159853890571+0.4131898617295954j),4.849709887025531,(-0.7652540228819275+1.2066942887334122j),0.8265571333554387,0.248805336469542,0.0,0,0,0.0,0,0,0.0,0.0,0.0,0.0,0.0,0.0,0.0,1.0,1.0,0.47836415817986905,1872.371020833917,15.736223805675186,13.701274045942801,12.776641450181907,29.437497851617987
17.739459288803452,0.7967705727033583,0.6024248262492137,4.82622553409507,-0.00020062874383195686,0.0,0.0,0.0,0.0,0.0,0.0,0.0,0.0,5.193480011207646,1421382272.056813,2897.769975669524,8.785343025449569,3.290528423775182,100.0,IMRPhenomXP,20.0,41.0706482755223,22.858037024576177,18.21261125094613,1.2184818444870942,2.598788349190465,-0.015726181227830205,(4.184686267683203+1.0389600573633309j),2.726371040125155,(4.683829349026634+0.036150102643270246j),3.4022921127131873,(0.032898389804883875+1.7150267812561002j),1.1660946617335342,0.24680163559860033,0.0,0,0,0.0,0,0,0.0,0.0,0.0,0.0,0.0,0.0,0.0,1.0,1.0,0.4970533429599425,1935.6491237324626,15.26868573659623,12.165639478775377,11.849583965878843,27.434325215371604
15.397555999662185,0.8885985989289785,0.28940435749349913,4.943530006702822,-2.00293025555687e-05,0.0,0.0,0.0,0.0,0.0,0.0,0.0,0.0,2.4448964410190697,1421382272.0531094,2211.010975555719,8.812537884204154,3.4416814148599695,100.0,IMRPhenomXP,20.0,35.448349062224565,18.76965760873024,16.67869145349433,1.4670655711307266,1.8604184026051103,-0.00769251219894751,(4.528378242827705+1.2474093267672826j),3.8038552704256636,(4.196258831372062+0.1558142196852123j),5.30172177790759,(0.25442835190590546+1.4816108156225611j),0.9352272720910572,0.24913015476622843,0.0,0,0,0.0,0,0,0.0,0.0,0.0,0.0,0.0,0.0,0.0,1.0,1.0,0.3957646790551856,1584.0857845247988,13.447580305181319,11.949501018169045,11.031627487582666,25.39708132335036
14.783366238459571,0.6198152544214611,0.7198876951194809,5.129444595132598,-0.0001622224629623933,0.0,0.0,0.0,0.0,0.0,0.0,0.0,0.0,3.0426850595521446,1421382272.0629926,1923.10114883288,8.92204865528051,3.1989779872892967,100.0,IMRPhenomXP,20.0,35.137799571052916,21.692473555327055,13.445326015725856,1.5370463128694398,1.7086063109955107,0.0001582759168776704,(4.561454486647156-1.3906917047550833j),3.804865583349302,(3.9781386355284267+0.21803349633938976j),4.279306730483967,(1.8089933672733756-0.10842802643520855j),1.257034194192914,0.23622795559618592,0.0,0,0,0.0,0,0,0.0,0.0,0.0,0.0,0.0,0.0,0.0,1.0,1.0,0.3513384961405741,1423.108384080622,16.052583136853432,9.949635901090465,10.939795085155126,26.0022190379439
17.469306768856548,0.7573784809460498,0.4292286267044272,4.782082575660661,-6.053772003440888e-05,0.0,0.0,0.0,0.0,0.0,0.0,0.0,0.0,5.2919970445497,1421382272.0533233,2919.4525110514446,8.944804437380334,3.3890623701268217,100.0,IMRPhenomXP,20.0,40.60002110919851,23.10260512996739,17.497415979231118,1.2903289495823413,2.6539159898881906,-0.014834347751477628,(4.202686879251529+1.2599448680038126j),2.907382259017492,(4.164134213253363-1.9942098854786465j),3.8463992017604145,(1.68797782609522-0.9655096536408125j),1.0897247774605456,0.2452349437099569,0.0,0,0,0.0,0,0,0.0,0.0,0.0,0.0,0.0,0.0,0.0,1.0,1.0,0.5001589522182573,1946.09545566634,15.400104832761883,11.663708004647114,11.644970516640923,27.063812837409
18.01144589674376,0.5094415177477283,0.7848655078985484,0.27390317094068833,0.00013443275097712882,0.0,0.0,0.0,0.0,0.0,0.0,0.0,0.0,0.6007670315254013,1421382272.075416,4447.281051960624,8.94513084934228,3.1381156083537514,100.0,IMRPhenomXP,20.0,44.245746423684075,29.312660280938974,14.933086142745102,1.6571608460225429,2.5547711650543565,-0.006539034288192913,(4.117661307716389-1.4228241851781651j),3.0244163239611472,(4.295795611869305-1.397057240894124j),1.9208987286871395,(0.3419115276307581-0.19732966780702552j),0.5916561533969108,0.22359482773202188,0.0,0,0,0.0,0,0,0.0,0.0,0.0,0.0,0.0,0.0,0.0,1.0,1.0,0.708303730986296,2603.3315839802563,17.15892774174016,8.741470191675708,10.543468102329074,25.900397933415867
19.093051183135643,0.8512544608843226,-0.03486369147803795,0.16018182178820317,0.000236561346271592,0.0,0.0,0.0,0.0,0.0,0.0,0.0,0.0,4.0696629682975605,1421382272.0658553,2878.2691837503457,8.963646913116488,3.4835489651089917,100.0,IMRPhenomXP,20.0,44.03510517291936,23.786630149095927,20.248475023823428,1.5298499306471038,2.38583003976973,-0.0073486785048697545,(4.466807921915887-0.08133031862353493j),3.403020327366995,(4.748944171295151+0.1028628558360586j),2.961274058758882,(0.5260691595003676-0.5025360408802011j),1.9384394262052593,0.24838602920149813,0.0,0,0,0.0,0,0,0.0,0.0,0.0,0.0,0.0,0.0,0.0,1.0,1.0,0.49425584296566655,1926.2224621453024,15.918713158173993,13.550875587433575,12.777631938344271,29.46958874560757
15.687689512143855,0.9583917101323637,-0.1455194306397552,5.241789096071342,0.00014779539163692183,0.0,0.0,0.0,0.0,0.0,0.0,0.0,0.0,5.209025278292311,1421382272.0486267,4095.6593145092243,8.965538638703336,3.4735312937832754,100.0,IMRPhenomXP,20.0,36.05061108050906,18.408273939268497,17.642337141240557,1.3675244627486602,1.779418414359653,-0.031089881043287027,(4.221759782931464-0.7279369174545958j),2.0154522975703952,(4.1245094129116-0.8937501706401979j),3.406471618222228,(1.4350849454819425-1.9877146300117765j),0.6398505172271296,0.24988715024589084,0.0,0,0,0.0,0,0,0.0,0.0,0.0,0.0,0.0,0.0,0.0,1.0,1.0,0.6620182922882235,2464.2685079079138,11.075855196469869,10.615007802923182,9.43893914100395,21.69086299939305
15.210961901534024,0.7800946991504738,-0.21421856075170745,6.231827188860997,0.0001045666054330449,0.0,0.0,0.0,0.0,0.0,0.0,0.0,0.0,4.72878807352596,1421382272.0621605,1994.2286519829856,8.99500677088326,3.461034365131842,100.0,IMRPhenomXP,20.0,35.269557487862585,19.813304036405764,15.456253451456822,1.1130294382848085,1.3644603333265586,-0.05959374610632917,(4.465047530439698-1.0138063837862854j),3.4429920814942676,(4.343396490245673-0.5911052994700766j),3.9603847343440606,(1.4835346977690198+0.3060690598886891j),2.507968555378437,0.24618473075893074,0.0,0,0,0.0,0,0,0.0,0.0,0.0,0.0,0.0,0.0,0.0,1.0,1.0,0.36243802656929536,1463.7206339453405,14.542535990643854,11.344555238506254,11.164516554074892,25.88709122915011
19.855345687944325,0.6732279805053445,0.22513636303272852,0.22576098480687015,2.100139966149453e-06,0.0,0.0,0.0,0.0,0.0,0.0,0.0,0.0,3.879773035773201,1421382272.0698805,2431.549233174831,9.016691140249554,3.458596604310463,100.0,IMRPhenomXP,20.0,46.69241105747119,27.905588241101047,18.786822816370147,1.6239131946633991,2.2533791239823016,0.1537673345027586,(4.390349160392392-0.5041906893555009j),4.741924964912297,(4.332493530017576+1.4342707882285508j),3.038730482078796,(1.1547036530834989-0.3576921252583538j),1.8985423357753448,0.24046502637595585,0.0,0,0,0.0,0,0,0.0,0.0,0.0,0.0,0.0,0.0,0.0,1.0,1.0,0.4289543988337001,1701.6282941897912,19.52867653710807,13.147251467019371,13.895017016743209,32.675928004127435
14.387238054927678,0.5343549725202474,-0.12180592126333774,5.298441022797439,0.00011332498027220915,0.0,0.0,0.0,0.0,0.0,0.0,0.0,0.0,5.491208170875222,1421382272.050346,3947.5232629679163,9.019159241616453,3.476720068694468,100.0,IMRPhenomXP,20.0,35.0259989789209,22.827832937113055,12.198166041807847,0.8524839479965136,2.349896496123839,-0.016892246125414512,(4.561032446609495+0.6312593737995855j),1.6991702789733454,(4.225888785842461+0.776907309815381j),3.0467381647528993,(1.5435250206536153+0.5227822461694086j),0.5816002537878399,0.2269750732312989,0.0,0,0,0.0,0,0,0.0,0.0,0.0,0.0,0.0,0.0,0.0,1.0,1.0,0.6422619004028209,2403.7111639271257,13.900239012738314,7.427661835676654,8.76062341298834,21.32790084841497
18.169212822739937,0.7621836982110586,-0.03305590677331727,0.1798388729658079,0.00013335874913718098,0.0,0.0,0.0,0.0,0.0,0.0,0.0,0.0,3.968464049478713,1421382272.06626,2778.0631855670213,9.026023606239828,3.483610380742541,100.0,IMRPhenomXP,20.0,42.20478903389237,23.950277758634364,18.254511275258004,1.5265496932389109,2.4356549354785066,0.02695779882705107,(4.445884965737564+0.5361642132127548j),3.419860669025955,(4.768786554849921+0.3546832327762698j),2.966909577758343,(0.5431088217625293-0.2788308056925733j),1.9216837837818845,0.24544675632960208,0.0,0,0,0.0,0,0,0.0,0.0,0.0,0.0,0.0,0.0,0.0,1.0,1.0,0.4798140632761523,1877.3055722488923,16.184653432479873,12.335679007431812,12.278037676243741,28.520332439911684
19.478873618792946,0.9424876881757904,-0.07596483931729636,5.15127999658275,-0.00010095635721694716,0.0,0.0,0.0,0.0,0.0,0.0,0.0,0.0,1.8596762388033943,1421382272.0470562,3944.5623262299255,9.096365443492399,3.4812687190319096,100.0,IMRPhenomXP,20.0,44.774253960354415,23.049955082290566,21.72429887806385,1.6326696619359398,3.7230067216391447,0.017102125091019493,(4.338086272467243+0.302801055550624j),2.63701044211596,(4.7101020918714935-0.6871119055766413j),4.227408176760908,(-1.6417399519783067+0.08081298092531439j),0.7130288364378771,0.24978084816594065,0.0,0,0,0.0,0,0,0.0,0.0,0.0,0.0,0.0,0.0,0.0,1.0,1.0,0.6418653765364613,2402.488287814982,14.0388824879874,13.231473900674835,11.863867706306051,27.270356388662236
18.791539787375417,0.9920484313473092,0.8832620379179837,4.975039607495881,8.650676979445396e-07,0.0,0.0,0.0,0.0,0.0,0.0,0.0,0.0,5.246931655688022,1421382272.0627177,2608.9604001959137,9.124488643957434,3.0294493396178392,100.0,IMRPhenomXP,20.0,43.17203440844105,21.672181122244062,21.49985328619699,1.382697498838258,2.470117121036833,-0.043620663228263856,(4.2773554090510615-0.6586823345485839j),3.3458150563379054,(4.412059932641197+0.034607996445396555j),3.464229726822555,(0.8969646581159754-1.3762166321204259j),1.5696372807980845,0.24999601667402155,0.0,0,0,0.0,0,0,0.0,0.0,0.0,0.0,0.0,0.0,0.0,1.0,1.0,0.45517917649746015,1792.879142625699,14.893135822907983,14.774712030958282,12.91355737552929,29.667847853866263
19.161679663560285,0.6349557462447176,0.553370078705216,4.803660895092383,-0.00010874600588544632,0.0,0.0,0.0,0.0,0.0,0.0,0.0,0.0,5.035687919214728,1421382272.0548124,2390.432598740496,9.131089693992715,3.322529484446494,100.0,IMRPhenomXP,20.0,45.39360803047764,27.764426122689187,17.629181907788446,1.1395167698163036,3.020342802731675,0.006381643104229173,(4.232606604676198+0.650374880488238j),3.4895497872671664,(4.522348578530735-1.5531743944419836j),4.4463086819641235,(0.759588905049027+1.0063629481240657j),1.4705479904919594,0.23753710208503093,0.0,0,0,0.0,0,0,0.0,0.0,0.0,0.0,0.0,0.0,0.0,1.0,1.0,0.42281784170972203,1680.0693244978054,19.51368988269517,12.390329521454712,13.467415927631851,31.904019404149885
18.07942801789735,0.8278075811191405,-0.14047814235680214,5.184141859450945,0.0001702392522863899,0.0,0.0,0.0,0.0,0.0,0.0,0.0,0.0,1.9041730292047965,1421382272.047223,3853.276000025015,9.134234848669667,3.474257147785333,100.0,IMRPhenomXP,20.0,41.758377499788956,22.846156198904097,18.91222130088486,1.5806263609196671,3.5771649285236453,0.0005600150343483268,(4.136081710503998+1.5720973492224575j),2.5506248580759117,(4.761995489159907-0.07143745961278461j),4.128430986597272,(-0.801556518200229-1.2787888336346194j),0.7555463163531951,0.2477812564199488,0.0,0,0,0.0,0,0,0.0,0.0,0.0,0.0,0.0,0.0,0.0,1.0,1.0,0.6296081239016248,2364.5414816647112,14.019417222961305,11.605379860039616,11.094340874179858,25.62479708300092
17.390542123268002,0.6609858110945601,0.46307393198090474,0.39871900556496265,-0.0001226103028593389,0.0,0.0,0.0,0.0,0.0,0.0,0.0,0.0,4.010683824253439,1421382272.0753639,3373.570098779003,9.13558294495104,3.3728716839573396,100.0,IMRPhenomXP,20.0,40.986133052425316,24.675787582686322,16.310345469738994,1.8365061724429905,2.199087216039543,0.022870981281609026,(4.304890615649136+0.9167256424825905j),3.840156375148328,(4.5650622732921144-0.951568832988226j),2.5240727219003816,(0.6779569437897555-0.2966021798098227j),0.857248765200956,0.23958536834978833,0.0,0,0,0.0,0,0,0.0,0.0,0.0,0.0,0.0,0.0,0.0,1.0,1.0,0.5640985305891537,2156.8782565608194,15.776363892747613,10.427952683770712,11.118571997326443,26.204316576518327
19.085153566241644,0.8363758166517844,0.6873522340234888,0.3161912286409992,-9.130372477355187e-05,0.0,0.0,0.0,0.0,0.0,0.0,0.0,0.0,0.7199733694830783,1421382272.0756576,3901.073385972733,9.151054604638974,3.2265883683693115,100.0,IMRPhenomXP,20.0,44.05636448641804,23.99093044404432,20.065434042373724,2.0231584760434727,2.5336416218569076,0.0030802907163077764,(4.446038980431693-0.5233737615620049j),3.775501370169563,(4.444773092345671-0.653910452425601j),2.3401585173105577,(-0.09915252112683619+0.33901921915937455j),0.7179855757158318,0.2480152223405627,0.0,0,0,0.0,0,0,0.0,0.0,0.0,0.0,0.0,0.0,0.0,1.0,1.0,0.6360338460263227,2384.469860858845,14.664079537421943,12.264681498557998,11.665500449514893,26.92876103597994
17.140582516151905,0.9797869197286264,0.3749093960511412,4.915760808679422,0.0002073083105855697,0.0,0.0,0.0,0.0,0.0,0.0,0.0,0.0,5.5301087586804325,1421382272.0536292,3959.3876249919645,9.179680821018056,3.4121674744051607,100.0,IMRPhenomXP,20.0,39.38118095217796,19.89162599254672,19.489554959631235,1.3766835810446878,2.2672657306570887,-0.011734198955437147,(4.429191894341907+0.6894159938615543j),2.2399454012021143,(4.304323585092849+0.2899932191731983j),3.032651860286699,(0.5846988709346044+2.030764885100109j),0.611520642157974,0.24997394037817963,0.0,0,0,0.0,0,0,0.0,0.0,0.0,0.0,0.0,0.0,0.0,1.0,1.0,0.6438501109051276,2408.6062415457263,12.100632448535169,11.85604139351854,10.42709575675002,23.956673842053707
18.176458215030493,0.6365238825182118,0.6259940432578711,0.35171673529764597,8.418306801913047e-05,0.0,0.0,0.0,0.0,0.0,0.0,0.0,0.0,3.606826721131766,1421382272.0753615,3996.664496235136,9.185665357297772,3.2739061871794535,100.0,IMRPhenomXP,20.0,43.045450522082014,26.302977293460298,16.742473228621716,1.955708179186244,2.587877648112685,-0.0008451826912212468,(4.3019922765712+0.4446920414604279j),3.459384118393404,(4.783130626973765+0.2143524041051907j),2.1656212470087275,(-0.24706880520404273-0.11840873348845099j),0.6622219101766175,0.23766761499683575,0.0,0,0,0.0,0,0,0.0,0.0,0.0,0.0,0.0,0.0,0.0,1.0,1.0,0.6488333798144923,2423.934744391085,15.952477439788128,10.154132875758123,11.023829598279663,26.106610315546252
18.45379228424553,0.8383653001281541,1.104053549835642,5.887726106926107,-0.00010218046301360456,0.0,0.0,0.0,0.0,0.0,0.0,0.0,0.0,3.303581782644443,1421382272.072572,3688.468429834067,9.213135285212323,2.685604354639332,100.0,IMRPhenomXP,20.0,42.593548978882566,23.16925203925103,19.42429693963154,2.0342383138862576,2.800106177546856,-0.034186798164003385,(4.369869573126095-1.152373034021909j),3.4044688211205725,(3.9863759421509806-0.5313753876352838j),2.6690343514446333,(0.8567653642403246-0.5448719771583704j),1.0776888611015323,0.24806738394494188,0.0,0,0,0.0,0,0,0.0,0.0,0.0,0.0,0.0,0.0,0.0,1.0,1.0,0.607315891378679,2294.799960512347,14.41487150318507,12.084928074076528,11.481123519793451,26.499799577261594
18.31645472274154,0.8174095759246359,-0.20679272657226103,5.196683549025157,-0.0001695795635912095,0.0,0.0,0.0,0.0,0.0,0.0,0.0,0.0,4.863309469539674,1421382272.046285,2765.6102912999763,9.238451435376486,3.462621059034629,100.0,IMRPhenomXP,20.0,42.3370855734535,23.29529135000504,19.04179422344846,1.712613748672399,3.664467141697889,0.01297382661394364,(3.9045686931445807+2.1168836933219857j),3.717620647149415,(4.756181047806701-0.7067976633031976j),5.928946772099299,(0.2356397570269367-1.7367704457057083j),1.169076617815023,0.24747657512871726,0.0,0,0,0.0,0,0,0.0,0.0,0.0,0.0,0.0,0.0,0.0,1.0,1.0,0.47801139652910274,1871.1697962107457,15.761239327863562,12.883387955035648,12.392634296159757,28.644627282899208
19.492727254326876,0.9349762869656177,-0.38996269618359275,5.744529424603903,-7.294549214117616e-05,0.0,0.0,0.0,0.0,0.0,0.0,0.0,0.0,4.510633562244491,1421382272.050732,3196.9117820268043,9.240966928586007,3.4061122998891653,100.0,IMRPhenomXP,20.0,44.812897452144284,23.159403944127277,21.653493508017004,1.2806613230699968,3.528347841924681,0.0693683491293835,(4.401568480988441+0.7428389022544918j),2.6149635157932294,(4.778032986576029-0.6572340500119526j),4.329013541744451,(0.027502124517188573-0.9264427438929509j),1.6669350165215602,0.24971768611079084,0.0,0,0,0.0,0,0,0.0,0.0,0.0,0.0,0.0,0.0,0.0,1.0,1.0,0.5394659432386566,2076.6369101009705,15.0437910275596,14.065587876834348,12.662006158654595,29.10937890439395
19.523797953447183,0.7766560616257993,0.7915512564408438,5.076492355216363,-6.628779462429274e-05,0.0,0.0,0.0,0.0,0.0,0.0,0.0,0.0,2.169220926573823,1421382272.0614774,2705.409170265478,9.250268167065904,3.1313921266107645,100.0,IMRPhenomXP,20.0,45.28465852865837,25.488702910353318,19.795955618305054,1.385764043764806,2.9353306334731224,0.02112910560185499,(4.411709640367433-0.0218495352365089j),3.4184013665532356,(3.678951174796201+1.758577780756936j),3.693938253915668,(2.335885769454872-0.8413900285358605j),1.307147549359402,0.24604923111365606,0.0,0,0,0.0,0,0,0.0,0.0,0.0,0.0,0.0,0.0,0.0,1.0,1.0,0.469271392477602,1841.3270670081024,17.34785216730603,13.473314541926488,13.288081462284927,30.821166709232518
17.895829916847582,0.711156253794006,0.5583455388174178,4.845743025480639,0.00020585101644752575,0.0,0.0,0.0,0.0,0.0,0.0,0.0,0.0,5.257472753401796,1421382272.055967,3934.741619560966,9.28495244781777,3.319438749123467,100.0,IMRPhenomXP,20.0,41.833136344938175,24.447291854373322,17.38584449056485,1.2218654168218333,2.877588602043505,-0.01796606139953516,(4.255170717413315+0.798464653583709j),2.070340082204861,(4.672875175437534-0.28792461500219724j),2.6257770692348856,(0.418562421537105+1.6157131739217643j),0.8081651902935052,0.2428766118577534,0.0,0,0,0.0,0,0,0.0,0.0,0.0,0.0,0.0,0.0,0.0,1.0,1.0,0.6405497326977148,2398.4287445754476,14.90189012080254,10.59757235275984,10.908434874095366,25.49946247356238
14.96071470766588,0.7318784879890855,0.7175159114146655,0.27352812758250683,-0.0001600062544278094,0.0,0.0,0.0,0.0,0.0,0.0,0.0,0.0,3.9378725202717253,1421382272.0771525,2440.0141377599166,9.296069005003673,3.201052762962717,100.0,IMRPhenomXP,20.0,34.874649643468416,20.136891753856233,14.737757889612183,2.4775144345918134,1.4236265803337549,-0.01733064417690089,(4.740600416588012+0.7113613306131469j),4.874166311960368,(4.193670985128429+1.3648414280407872j),2.9733506564677445,(-0.26312562043956245+0.823570062993163j),0.9816974827173595,0.24400804569489984,0.0,0,0,0.0,0,0,0.0,0.0,0.0,0.0,0.0,0.0,0.0,1.0,1.0,0.43021495224009637,1706.0471505431478,14.079626088593546,10.304575453171525,10.460465879085817,24.38420154176507
19.275595892163373,0.5058001406181778,-0.3721013826055495,5.99187661629669,0.00021843376770457946,0.0,0.0,0.0,0.0,0.0,0.0,0.0,0.0,4.025745716906854,1421382272.0536072,2379.7365539978223,9.308005344682527,3.4132679396430357,100.0,IMRPhenomXP,20.0,47.41778306460647,31.490090740156255,15.927692324450213,0.8166406543334572,3.1556595839952095,0.20728696790219647,(4.22973794239782+0.5666723268574334j),3.2346099676934417,(4.798010828000726-0.465059427417938j),4.640456701514236,(0.7959700474680501+1.2433002887637137j),2.4045930576335697,0.22307159831612117,0.0,0,0,0.0,0,0,0.0,0.0,0.0,0.0,0.0,0.0,0.0,1.0,1.0,0.42121772945852104,1674.4348817679397,22.157119269933304,11.207074042426003,13.562732502293866,33.364193312359305
18.99360900178273,0.6283902141813746,1.1584048832046379,5.809477965841233,-7.783993831780297e-05,0.0,0.0,0.0,0.0,0.0,0.0,0.0,0.0,5.794574909650434,1421382272.071194,2398.722346355031,9.328166116234227,2.5698676623680035,100.0,IMRPhenomXP,20.0,45.058841983368396,27.670788973649294,17.3880530097191,1.6674089594765524,2.8124046259456135,-0.013647243586545343,(3.836904698648874-1.2625690755418377j),5.190735180981312,(4.5521130333142015-0.575720680032902j),4.179306285409354,(0.70692865158092-0.8916923126465558j),1.7369063997567602,0.23698040949151394,0.0,0,0,0.0,0,0,0.0,0.0,0.0,0.0,0.0,0.0,0.0,1.0,1.0,0.42405689964747495,1684.428719175152,19.430957415043736,12.210223491788502,13.337675626925156,31.641180906832236
18.81446054338739,0.5420082513862772,0.18282467537981095,4.982235913684419,-3.57551514247923e-06,0.0,0.0,0.0,0.0,0.0,0.0,0.0,0.0,2.024643438237458,1421382272.0492165,2999.9659295681527,9.330730271886221,3.467350455652867,100.0,IMRPhenomXP,20.0,45.686960807691506,29.628220709337047,16.05874009835446,1.2050191104353516,3.4282180346836455,0.00451117703855719,(4.262679364561168-0.1802275589041558j),3.2488705426054203,(4.434875038954636-1.2926009394300289j),4.677849898468035,(0.012760035163354482+1.7607588424877847j),0.7538860713197436,0.22794627673692783,0.0,0,0,0.0,0,0,0.0,0.0,0.0,0.0,0.0,0.0,0.0,1.0,1.0,0.5116468359763925,1984.5679902008937,19.599962110329688,10.623341190657083,12.446333426309119,30.22330330098677
18.156379526651484,0.7753793514914826,0.39794964417543177,0.3930592838730439,-0.0002440848992974504,0.0,0.0,0.0,0.0,0.0,0.0,0.0,0.0,3.9204527207834157,1421382272.0742648,3715.065633130248,9.34572240541213,3.4027922079318618,100.0,IMRPhenomXP,20.0,42.118229902320614,23.723510058251726,18.394719844068888,2.0060730727347655,2.5758926440140657,0.025806629100892264,(4.457156555048579+0.16488051499965897j),3.548935960218377,(4.469604570165966-1.7292343984967304j),2.3706908466555445,(0.40698464698494646+0.20452223847144932j),0.8869545076143424,0.24599818476573562,0.0,0,0,0.0,0,0,0.0,0.0,0.0,0.0,0.0,0.0,0.0,1.0,1.0,0.6109280573304766,2306.1648121732815,14.726610508953923,11.418709706100346,11.270757526403155,26.14532021505427
19.61581730532171,0.8885210069179137,0.2935881544291615,0.26765462552178976,0.00013710609242675642,0.0,0.0,0.0,0.0,0.0,0.0,0.0,0.0,3.932080508323245,1421382272.0714793,2761.6842841137654,9.356493133024035,3.4404260938234525,100.0,IMRPhenomXP,20.0,45.15979606010565,23.912784604819894,21.247011455285758,1.8561181848503425,2.352976876500196,0.07385594946023932,(4.441379377965224-0.4322038511010711j),4.4965155699803345,(4.578808961522283+0.8027378482893346j),2.8008398909381813,(0.8573594630056347-0.020192657184321908j),1.5497779805363772,0.2491288710570155,0.0,0,0,0.0,0,0,0.0,0.0,0.0,0.0,0.0,0.0,0.0,1.0,1.0,0.4774427060394751,1869.2327551923106,16.18525341596629,14.380937662375972,13.276871735964024,30.56619107834226
19.729051144085137,0.6274062932324511,0.04249688216577208,5.076179108415154,-0.00024061097198434158,0.0,0.0,0.0,0.0,0.0,0.0,0.0,0.0,5.31799818991718,1421382272.047624,4680.869028464322,9.388147314248775,3.48325356232965,100.0,IMRPhenomXP,20.0,46.81360276191617,28.765774691046705,18.04782807086947,1.397865862218083,3.755350820333965,0.028034741297797705,(3.5579842169435505-2.464388201839206j),2.202147515624455,(3.273912071329475-3.3232783568869344j),3.37676765975421,(-0.7712595910618343+0.742047098954708j),0.5169742109558267,0.23689554218937706,0.0,0,0,0.0,0,0,0.0,0.0,0.0,0.0,0.0,0.0,0.0,1.0,1.0,0.7386125302949986,2692.3014564363198,16.545247540673067,10.380592430107018,11.34758366243778,26.925839970780082
19.552878117965832,0.6829572281856231,0.057631934994574044,4.999980182301211,-0.00012956684584001414,0.0,0.0,0.0,0.0,0.0,0.0,0.0,0.0,1.7763631164015568,1421382272.0473723,3334.3658550169844,9.424737496327268,3.4824951866450418,100.0,IMRPhenomXP,20.0,45.90524229767706,27.276535332491473,18.62870696518559,1.534641294350652,3.781021823659116,0.0208054686170418,(3.9824693419209996+1.7526960103726386j),3.266516692792315,(4.7694858650844205-0.5233049341511865j),4.79946250531771,(-0.7235351611137867+1.7408553069950847j),0.7921244520553326,0.24112783594269274,0.0,0,0,0.0,0,0,0.0,0.0,0.0,0.0,0.0,0.0,0.0,1.0,1.0,0.5586571375090661,2139.2555134594545,17.50002272859243,11.95176701590489,12.54469481929415,29.451789744497322
15.130026134819445,0.8154833958917352,0.9177905821932254,0.22931661998611383,-5.794562575677284e-05,0.0,0.0,0.0,0.0,0.0,0.0,0.0,0.0,0.7493081491270045,1421382272.077474,3476.534483243224,9.463227234751125,2.985879629360954,100.0,IMRPhenomXP,20.0,34.9769021517413,19.26588931129344,15.711012840447857,2.307649084125722,1.5618340676823497,-0.014517857232220654,(4.644317173912663-0.5007612346386755j),3.5930688416751395,(4.3591223407810284-0.5129610547941877j),2.4544028284422974,(-0.026189485500645423-0.31491036254826554j),0.7275936964110005,0.24741758311663017,0.0,0,0,0.0,0,0,0.0,0.0,0.0,0.0,0.0,0.0,0.0,1.0,1.0,0.5783237086071763,2202.6751974959093,12.206551296308547,9.954239903240357,9.58613626109136,22.160791199548903
17.28592992709643,0.8449768816651552,1.1777883387332087,5.963251055418345,-0.00024305074834721078,0.0,0.0,0.0,0.0,0.0,0.0,0.0,0.0,6.263228027774947,1421382272.0737853,3438.3711184874232,9.472222493210435,2.524355088124147,100.0,IMRPhenomXP,20.0,39.88181975227484,21.616433326947778,18.26538642532707,1.8803259960837,2.1874223430649327,-0.025910806270306397,(4.397860731920564+0.8432810628653438j),3.599656064803271,(4.324194105324645+0.6070381223233542j),2.8602734700648824,(0.5449436112297509+0.9983956492165725j),1.1236468446248278,0.24823497407566622,0.0,0,0,0.0,0,0,0.0,0.0,0.0,0.0,0.0,0.0,0.0,1.0,1.0,0.5730621866890387,2185.7820699106505,13.74162668829118,11.611356868078955,10.988713652496877,25.352983556370134
14.996781945490836,0.9053093665728992,0.2890889393941655,4.875385521876115,-5.754853090422828e-05,0.0,0.0,0.0,0.0,0.0,0.0,0.0,0.0,5.625175445041734,1421382272.0525923,2274.481401895267,9.494281823775035,3.441775280932002,100.0,IMRPhenomXP,20.0,34.50471714323361,18.10977143585749,16.394945707376127,1.7036201742407382,2.196147470230108,-0.004525266106177206,(4.676753632170495+0.22112457872252902j),3.672714213617645,(3.897347453979913-2.0786971126905143j),5.0379411590744665,(1.396185824343338+0.2690269575863343j),1.0322996235625048,0.24938251978425982,0.0,0,0,0.0,0,0,0.0,0.0,0.0,0.0,0.0,0.0,0.0,1.0,1.0,0.40538713737761983,1618.4020288148063,12.885966403285426,11.66578608223799,10.670925858531806,24.551752485523412
18.776426068728398,0.9400750842669252,-0.32392474749357536,5.783829685462312,0.00010903229703589589,0.0,0.0,0.0,0.0,0.0,0.0,0.0,0.0,4.538874051920129,1421382272.0521626,2906.8907894150734,9.528108602519907,3.4307492104478285,100.0,IMRPhenomXP,20.0,43.161611572061965,22.247392341709787,20.914219230352174,1.0620053154938498,3.131593589602611,-0.004557304709921439,(4.320853797960473-0.9775460899096661j),2.461104745897938,(4.679440464664758+0.4573488232616123j),4.360156638257826,(1.0296499750627284-0.7124793167122305j),1.738011560812439,0.24976148384688213,0.0,0,0,0.0,0,0,0.0,0.0,0.0,0.0,0.0,0.0,0.0,1.0,1.0,0.49836034650445454,1940.047867110652,14.847825086676268,13.958070419537759,12.531315389206728,28.80589550621403
19.969430122154108,0.791824670916071,1.178365226878865,0.02482773326450181,0.00023635976564179633,0.0,0.0,0.0,0.0,0.0,0.0,0.0,0.0,3.2045210826429864,1421382272.0743957,2807.716387360356,9.531883658259654,2.522962437277087,100.0,IMRPhenomXP,20.0,46.25331542445539,25.81352750367499,20.439787920780397,2.023951510877076,3.289169795145,0.07043556426883368,(4.491212673876293+0.08527089901028564j),5.360345716354331,(4.134373113636469-2.229838847340256j),4.175187486378607,(0.17139985914768407+0.9344375768725461j),1.4219817959379866,0.24662551498006258,0.0,0,0,0.0,0,0,0.0,0.0,0.0,0.0,0.0,0.0,0.0,1.0,1.0,0.48409948614409926,1891.86534911557,17.393394273548463,13.772518696765983,13.455587249098453,31.165912970314444
17.929503934457074,0.8807644381331425,0.4479845365425525,0.3890055000690709,0.0002190991761935193,0.0,0.0,0.0,0.0,0.0,0.0,0.0,0.0,0.8215487431149728,1421382272.0751066,4525.151002514873,9.536109698346738,3.380264044615866,100.0,IMRPhenomXP,20.0,41.290837954107914,21.954284713663256,19.33655324044466,2.0393423512978046,2.425580136877138,0.025609344369676323,(4.272816766683584+1.2823380499027344j),2.957117309421764,(4.734713231083772-0.4202612335148638j),1.9325950419155282,(0.47546143900402693-0.030760863511072198j),0.6822036431331475,0.24899519264623288,0.0,0,0,0.0,0,0,0.0,0.0,0.0,0.0,0.0,0.0,0.0,1.0,1.0,0.718444915625389,2633.2825564897566,12.775669743055738,11.252355583017078,10.433563375484768,24.028025326072814
19.20872473079914,0.8522694220221533,0.9460064352279406,0.3825215180474769,0.00023027978871345626,0.0,0.0,0.0,0.0,0.0,0.0,0.0,0.0,3.4096442025502647,1421382272.0765367,3708.989325612726,9.549633523420486,2.947888378365316,100.0,IMRPhenomXP,20.0,44.29935240843738,23.916257474074715,20.38309493436266,2.067153681715462,3.089116311564821,-0.00023755900074151626,(4.19726357243665+1.1449371957240755j),4.31472041718862,(4.5404378055052526-1.497040836794232j),3.13021858691441,(0.6639143420545971-0.7624499699845549j),0.72632403637821,0.2484097240612766,0.0,0,0,0.0,0,0,0.0,0.0,0.0,0.0,0.0,0.0,0.0,1.0,1.0,0.610103341930091,2303.572228027866,14.853864873918841,12.659494830889974,11.930119161030326,27.513359704808817
17.834413726705602,0.5068570633684202,0.528423694569085,4.801130691441751,-1.3594960430212972e-05,0.0,0.0,0.0,0.0,0.0,0.0,0.0,0.0,4.893740422101466,1421382272.0543072,1986.7636324564805,9.55682843900947,3.337514573425108,100.0,IMRPhenomXP,20.0,43.85448399122295,29.103280634455714,14.751203356767236,0.9682480732721164,2.950514770220394,-0.022103092667236535,(3.8258221075326917+1.3668367066139404j),3.8969954883544538,(4.760542135000516-0.8143589902264295j),5.011992684937798,(1.4183574176606446+0.8160757783365883j),1.6166983337299172,0.22322425728152417,0.0,0,0,0.0,0,0,0.0,0.0,0.0,0.0,0.0,0.0,0.0,1.0,1.0,0.3612770733708001,1459.4851134441,21.379395277987047,10.836297507193185,13.101237121803536,32.21569278518023
17.937019672607615,0.9420108681576826,1.0262737860042468,0.13251053615070432,0.00021372133173353186,0.0,0.0,0.0,0.0,0.0,0.0,0.0,0.0,0.6053547037980771,1421382272.0759468,3598.4455191176407,9.558504109258468,2.826395598792174,100.0,IMRPhenomXP,20.0,41.23051160032388,21.23083463453416,19.99967696578972,2.1061071099954924,2.74652025680476,-0.013884299780007048,(4.413847987259167-0.7271246039608193j),3.941289803804291,(4.292676514957112-1.3058282603984521j),2.8417485508167912,(0.3429117343627721+1.1647824166292156j),0.8973657403969741,0.24977708981592278,0.0,0,0,0.0,0,0,0.0,0.0,0.0,0.0,0.0,0.0,0.0,1.0,1.0,0.5950469930420232,2256.0122183238723,13.310475946569687,12.538613002020066,11.24544903745983,25.849088948589753
19.392689261932244,0.6923390399111432,0.5615646703337419,0.3572953135784502,0.00018032794527923898,0.0,0.0,0.0,0.0,0.0,0.0,0.0,0.0,3.6093496603422803,1421382272.074656,2542.992348930342,9.559126586666052,3.3174207150146104,100.0,IMRPhenomXP,20.0,45.460226318252055,26.86236341899845,18.5978628992536,1.8496131512406384,2.688261139203786,0.031440816121237836,(4.360152833767684+0.346888749494254j),5.659362852801092,(4.786653505252861-0.07365677140305618j),3.5248915019440865,(0.18179491582596297-0.49056679748726095j),1.161134303300968,0.24173752717052238,0.0,0,0,0.0,0,0,0.0,0.0,0.0,0.0,0.0,0.0,0.0,1.0,1.0,0.44547479292627407,1759.2782394262258,18.583764691335265,12.86626580433366,13.416137975448846,31.45003049566893
17.9975801466947,0.5834771605277167,1.232853458074756,5.625946498901787,-6.983683811637647e-05,0.0,0.0,0.0,0.0,0.0,0.0,0.0,0.0,5.667240280173897,1421382272.0713284,2455.2946883008667,9.567418078241385,2.38017118074716,100.0,IMRPhenomXP,20.0,43.16522053854217,27.25976832160733,15.905452216934846,1.6446774467391396,2.834848212250562,-0.04707382642670743,(4.218883164502979-0.2610636898182717j),4.675853975315036,(4.4426394810734156-1.6764439665041104j),3.8891031143072636,(0.7677513401080618-0.9693805026959142j),1.7312950434393775,0.23270207371362783,0.0,0,0,0.0,0,0,0.0,0.0,0.0,0.0,0.0,0.0,0.0,1.0,1.0,0.43248804729677703,1714.007095053948,19.02966546425903,11.103375170878211,12.563860606486466,30.133040635137238
17.10140616847997,0.6966880432159951,0.1287616317838284,4.946115322738968,-0.00018098587555675258,0.0,0.0,0.0,0.0,0.0,0.0,0.0,0.0,2.1713363673648547,1421382272.0492122,3491.629013814196,9.568371000874286,3.475844039246299,100.0,IMRPhenomXP,20.0,40.06186902642925,23.61180606335493,16.450062963074313,1.463672414741592,2.6981875850700963,-0.01161359989132893,(4.2276799891425325+1.1365990742899468j),2.799346835113008,(4.402005097806011-0.9484081998817367j),4.005208113301936,(1.5239396588327612+1.426349018595906j),0.6912767947309143,0.242010583323511,0.0,0,0,0.0,0,0,0.0,0.0,0.0,0.0,0.0,0.0,0.0,1.0,1.0,0.5804012461688486,2209.330715217918,14.940386892628574,10.408788909115302,10.820926780421477,25.34917580174388
19.07980838616559,0.5741025907287955,0.9353164319044036,5.083861705225711,-0.000106202919098382,0.0,0.0,0.0,0.0,0.0,0.0,0.0,0.0,5.183610554869342,1421382272.0635567,2367.148638092176,9.57370429861667,2.9625462469154016,100.0,IMRPhenomXP,20.0,45.8796340629804,29.146533607913405,16.733100455066992,1.1676046345552882,2.656010775149136,0.010298944278071875,(3.8841495173623617-1.3481638401016098j),3.829714184923873,(4.469213385784085-0.09567124244515762j),3.776912981967985,(1.8767205699674363+1.3919923736590192j),1.7035313751052377,0.23169861581763404,0.0,0,0,0.0,0,0,0.0,0.0,0.0,0.0,0.0,0.0,0.0,1.0,1.0,0.4193326018470867,1667.7899529732529,20.53537949454749,11.7894145694187,13.442802878856982,32.324794063966195
18.210705170796793,0.6842196514495515,1.2858229468096944,5.970406999124033,-0.00017839154476060177,0.0,0.0,0.0,0.0,0.0,0.0,0.0,0.0,5.850627093559991,1421382272.073481,2854.2602127687733,9.591667019328494,2.2152255197376043,100.0,IMRPhenomXP,20.0,42.74525514218963,25.379857731383325,17.365397410806306,1.9399601288222845,3.0043770198065323,-0.043834605196722,(3.9079170990250773+2.0749116724772594j),4.505023195556341,(4.66839371623683-1.1542636320325652j),3.685174571622844,(1.4040638740771882+0.24115019471586313j),1.476050149910836,0.2412115406675272,0.0,0,0,0.0,0,0,0.0,0.0,0.0,0.0,0.0,0.0,0.0,1.0,1.0,0.49080587859587804,1914.575359424692,17.024253858783716,11.64832904144568,12.215343011625782,28.672582900229393
19.01992798712297,0.9751517895918154,0.5544042074586286,0.39816952812477147,-2.8604916747604044e-06,0.0,0.0,0.0,0.0,0.0,0.0,0.0,0.0,0.6445618760925156,1421382272.0754306,2819.7907907828303,9.598153830135772,3.3218899105533906,100.0,IMRPhenomXP,20.0,43.70046990823646,22.125119769791258,21.5753501384452,2.053017984624476,2.5809266557053396,0.010436235869022759,(4.450884442540305+0.47655562861853884j),5.2142178217977735,(4.587540263860178-1.1360721436667987j),3.381692710926622,(0.17162745758860343-0.5058380059606161j),0.9979586631260744,0.24996043334945603,0.0,0,0,0.0,0,0,0.0,0.0,0.0,0.0,0.0,0.0,0.0,1.0,1.0,0.4858415967003606,1897.7734937335701,14.890631557849082,14.520626011788893,12.800777706964807,29.411257569637975
19.83603699249574,0.5639753579799838,1.1874750928476792,5.926318115969082,0.00014934721698228054,0.0,0.0,0.0,0.0,0.0,0.0,0.0,0.0,2.6738929145186154,1421382272.0715423,2697.140669485749,9.605347800363164,2.5006646460203017,100.0,IMRPhenomXP,20.0,47.838187824314694,30.587558544465853,17.25062927984884,1.5040060506035706,3.0103156277869694,0.11496999575119915,(3.9150993728212744-1.4554712957236082j),4.877168703165295,(4.2029591530964145-2.025861484195755j),3.8910265918088567,(0.5092763724233412-0.4203985520093108j),1.5738603379268947,0.23056868173979286,0.0,0,0,0.0,0,0,0.0,0.0,0.0,0.0,0.0,0.0,0.0,1.0,1.0,0.4680676478628432,1837.2046266302448,20.835251419778956,11.750568378072801,13.51166413984552,32.585819797851755
19.399231186150153,0.8250264432325094,0.8544483391000427,0.22520989802491415,-2.6527352675773363e-05,0.0,0.0,0.0,0.0,0.0,0.0,0.0,0.0,3.670382062304569,1421382272.0754728,3497.0804827039565,9.611249045550917,3.0635293646282724,100.0,IMRPhenomXP,20.0,44.81534987189104,24.55600029143333,20.259349580457705,2.017400458573406,2.8383723811224026,0.009323786575700321,(4.41554785096026-0.6411260521956591j),4.294263877422065,(4.395971985507105-0.3652566940279958j),2.7966593394833286,(0.4216363432535394-0.49720932386051464j),0.8668964753058557,0.24770201851176726,0.0,0,0,0.0,0,0,0.0,0.0,0.0,0.0,0.0,0.0,0.0,1.0,1.0,0.5811510747284496,2211.730779502667,15.530457958073761,12.813038490921615,12.269056066942762,28.343496448995378
14.82948387879309,0.9191415931010206,0.8051659088314957,0.3476943718007083,0.00024220990242510362,0.0,0.0,0.0,0.0,0.0,0.0,0.0,0.0,0.979361514979479,1421382272.0785522,4131.6995619612335,9.622293370433914,3.1174194737502097,100.0,IMRPhenomXP,20.0,34.105545963490364,17.77125048307736,16.334295480413008,2.262150067092338,1.7939646801321416,-0.01012606204377986,(4.5278056021596225+1.3469937432211465j),3.0531959233201564,(4.423578908605206-0.38484591059169937j),2.045633514900421,(0.4210533691505218+0.4335562334738232j),0.5202471037713621,0.2495562112039421,0.0,0,0,0.0,0,0,0.0,0.0,0.0,0.0,0.0,0.0,0.0,1.0,1.0,0.6668010745845071,2478.8198388715073,10.661890464347882,9.799786986869295,8.896972833119705,20.461677451217174
19.59215039092379,0.5253753514261202,0.11387056406509606,4.9796076379145235,-5.331337847762818e-05,0.0,0.0,0.0,0.0,0.0,0.0,0.0,0.0,5.0095271660554275,1421382272.0474505,3552.418224939258,9.623296435624678,3.477659514583329,100.0,IMRPhenomXP,20.0,47.846740671399935,31.367191443513594,16.479549227886345,1.2028016105796437,3.659579175655791,0.032286188537566485,(4.139401117901976-0.7315948687324577j),2.9158835704700867,(3.861994067554545-2.808279505564848j),4.225430006281016,(0.9354837783363223+1.799720280147946j),0.7048905599211869,0.22579600039524728,0.0,0,0,0.0,0,0,0.0,0.0,0.0,0.0,0.0,0.0,0.0,1.0,1.0,0.5887480468821369,2235.9858923264246,19.7433391059524,10.372663721114805,12.331817137004643,30.116002827067206
19.51200524913854,0.6015638814681536,1.1617917165290879,6.04483235548607,-5.2067252360065314e-05,0.0,0.0,0.0,0.0,0.0,0.0,0.0,0.0,6.034020616338791,1421382272.072786,3985.513705154783,9.631387748206661,2.5620900405812934,100.0,IMRPhenomXP,20.0,46.57855074137102,29.08316757160661,17.49538316976441,1.626065010562197,3.0632294714145427,0.06187952564355026,(4.34781453945953+0.3566039476281552j),3.3764066313237238,(4.436443064643759-0.24622712182637582j),2.639984622603354,(0.6247510954055012-0.05875545661518443j),1.0203136122946355,0.23452720121056755,0.0,0,0,0.0,0,0,0.0,0.0,0.0,0.0,0.0,0.0,0.0,1.0,1.0,0.6473437819652139,2419.3576089445005,17.654583026325916,10.620359491018402,11.844525388538823,28.27494251734432
17.528837610387455,0.9100527770615173,1.1807612680555168,5.52469133904286,0.00012564305258571962,0.0,0.0,0.0,0.0,0.0,0.0,0.0,0.0,2.8764155246325918,1421382272.0714612,2643.2037617925803,9.63881331033875,2.5171537923047813,100.0,IMRPhenomXP,20.0,40.324371867863746,21.111653223477926,19.21271864438582,1.782712911713607,2.266652680016156,-0.027883876686450204,(4.482656337143452+0.03902813914087577j),4.2315227626592185,(4.278056552034108-0.6444274509955674j),3.5654790199179955,(0.7458069696424984-1.3456458058136067j),1.5966357334590864,0.24944559799485905,0.0,0,0,0.0,0,0,0.0,0.0,0.0,0.0,0.0,0.0,0.0,1.0,1.0,0.46019538342522226,1810.171289338664,14.458101609632346,13.157635520883508,12.004446671560867,27.615737130515853
18.732752766159575,0.7728931933040832,-0.13833658783659966,5.207577056609441,0.00015032916360754856,0.0,0.0,0.0,0.0,0.0,0.0,0.0,0.0,4.794047192429079,1421382272.0468607,3032.841187027967,9.644047200409853,3.4745576455674305,100.0,IMRPhenomXP,20.0,43.465932272964764,24.51694915245217,18.948983120512594,1.509301026645388,3.412947437006375,0.0031404452630441337,(4.037188983310304+1.0639278999209998j),3.2270096287066,(4.716301951244185+0.36019214256030746j),5.316083619952936,(0.26054880230411515-2.2284754150551267j),0.9771806516436249,0.24589762681249394,0.0,0,0,0.0,0,0,0.0,0.0,0.0,0.0,0.0,0.0,0.0,1.0,1.0,0.5163179425872882,2000.135405791772,16.16873906445965,12.496708367230694,12.354106114576433,28.665447431690342
19.715890667576943,0.5807104300577419,0.5948923205299217,0.4069070719162663,-2.1386886665405812e-05,0.0,0.0,0.0,0.0,0.0,0.0,0.0,0.0,0.3045230081344769,1421382272.0748408,2322.9186417602446,9.683000029268623,3.2956669038366995,100.0,IMRPhenomXP,20.0,47.322034520437136,29.937193821583442,17.384840698853694,1.6423132563913008,2.850980695174896,0.05276127522542917,(4.277045796599146+0.6408823632336119j),6.371323334942875,(4.6826621546944205-1.1652593572251726j),4.1631985932563875,(0.5614135889910734-0.5871478336175775j),1.1475796332032895,0.2324100951878841,0.0,0,0,0.0,0,0,0.0,0.0,0.0,0.0,0.0,0.0,0.0,1.0,1.0,0.4126914833929961,1644.3212662589144,21.19160069520659,12.30618355332536,13.956260725960778,33.49778424853195
18.557882207856515,0.8993545650786605,1.2677315424925562,5.805735951297625,-0.0001703437039881352,0.0,0.0,0.0,0.0,0.0,0.0,0.0,0.0,2.658519227096416,1421382272.0727193,3263.3944033928515,9.687646233465301,2.2749929536426645,100.0,IMRPhenomXP,20.0,42.70680693037097,22.484904985922046,20.221901944448927,2.0563423388774007,2.8997352512301475,-0.052766919431241455,(4.319961765455935+1.1374705456257457j),3.9235957789774116,(4.5511878892780455-1.2691359286755888j),3.227368308023395,(0.796922955183662-0.9292228086714771j),1.3482154602744187,0.24929803399473244,0.0,0,0,0.0,0,0,0.0,0.0,0.0,0.0,0.0,0.0,0.0,1.0,1.0,0.5487704589878848,2107.0872029110337,14.51790667586457,13.056745644324762,11.98233224307753,27.574652320189333
18.36552368664598,0.7027956489241701,0.45298914720037825,0.406566823103902,-0.00014213381058643957,0.0,0.0,0.0,0.0,0.0,0.0,0.0,0.0,3.584871849277356,1421382272.074572,3245.2243985981854,9.69942462758833,3.3778435301636884,100.0,IMRPhenomXP,20.0,42.983414941183256,25.242849879455747,17.740565061727512,2.0265088584112974,2.636029286897964,0.018633064619916317,(4.071099838172929+1.646972926294159j),4.192046932816123,(4.774932364124026-0.12707261203359657j),2.7828886129659027,(0.650107496640649+0.24579588655707785j),0.9375639000656651,0.24238402917762836,0.0,0,0,0.0,0,0,0.0,0.0,0.0,0.0,0.0,0.0,0.0,1.0,1.0,0.5462316832603236,2098.795696839091,16.325399455164224,11.473419704038434,11.877601452274703,27.798819159202655
17.770753449452314,0.7859421809634421,1.0756903187030271,0.19782602171675914,0.00017873321765513663,0.0,0.0,0.0,0.0,0.0,0.0,0.0,0.0,0.38873805695160185,1421382272.0761454,3265.9673392567065,9.7112035884454,2.739979332816449,100.0,IMRPhenomXP,20.0,41.18246676055675,23.059238535001455,18.12322822555529,2.0706120038340474,2.793646481975327,-0.01516079855469421,(4.3710823601860636+0.14820111632760408j),4.379174526348827,(4.503493531250386-1.376769034976112j),3.272524383657772,(0.34417197941384836+0.08049681896527533j),0.9758494071058015,0.2464085699532912,0.0,0,0,0.0,0,0,0.0,0.0,0.0,0.0,0.0,0.0,0.0,1.0,1.0,0.549129703390863,2108.2594483487155,14.88528590248285,11.698974066461751,11.471443230708326,26.584259968944604
17.320158633524322,0.9737263567318017,1.244653066912838,5.916461075060478,0.00012224589453927462,0.0,0.0,0.0,0.0,0.0,0.0,0.0,0.0,6.122722135877092,1421382272.0736248,2696.401971553863,9.720046251142165,2.34594675642428,100.0,IMRPhenomXP,20.0,39.79550669868799,20.162626173054427,19.632880525633556,1.904678614091246,2.214425627725002,-0.028625381601367517,(4.3622063844312455+0.021276665857956276j),4.601366006197118,(4.3468897234870045-1.225339191497621j),3.7406636934877073,(1.0429482720638752+0.7711538582241289j),1.5008409054671872,0.24995569969407716,0.0,0,0,0.0,0,0,0.0,0.0,0.0,0.0,0.0,0.0,0.0,1.0,1.0,0.4679600688403056,1836.8360582180985,13.735132583669651,13.374260609924908,11.7987941233356,27.109393193594563
19.049845616503422,0.9549368173129773,0.48399488319840533,4.803880090503587,5.3055797006126826e-05,0.0,0.0,0.0,0.0,0.0,0.0,0.0,0.0,1.6813009968739887,1421382272.0537336,3307.0800090625244,9.723393371593382,3.3621508701169978,100.0,IMRPhenomXP,20.0,43.77901123784155,22.394079875182335,21.384931362659216,1.3962290282571619,2.9854201842042523,-0.018589856691081375,(3.2802276410428375+2.7367831926390016j),2.694550142073125,(4.668035958925781+0.8071171431437076j),3.51306925252236,(1.052933061387842+0.6824838547862659j),1.0297668105605375,0.24986716323820324,0.0,0,0,0.0,0,0,0.0,0.0,0.0,0.0,0.0,0.0,0.0,1.0,1.0,0.5548616338289574,2126.9288209866854,14.402619106392972,13.753591250429983,12.25179475912067,28.156210356822957
17.895230425762026,0.6715729863849051,-0.3452327238555133,5.754916396362941,6.518772008682353e-05,0.0,0.0,0.0,0.0,0.0,0.0,0.0,0.0,1.2931651947544187,1421382272.0517771,3175.2119207855794,9.728776721651347,3.423341202430823,100.0,IMRPhenomXP,20.0,42.095122398077024,25.18294010548456,16.912182292592462,0.9782529268151379,3.271295767540023,0.048345426602081965,(4.151297846802355+1.4504589212917771j),2.225248486602756,(4.3535233537252624+1.9938323656249541j),3.883715682285845,(1.2461533627942805-0.9123068400413346j),1.5097642460091227,0.2403491167219084,0.0,0,0,0.0,0,0,0.0,0.0,0.0,0.0,0.0,0.0,0.0,1.0,1.0,0.536419735442339,2066.6305201735954,16.39066429866857,11.0075273718893,11.647357823485615,27.398191670557875
17.338752447494812,0.8946551558645361,0.7842240985350274,0.3060339124530232,0.000209912738820428,0.0,0.0,0.0,0.0,0.0,0.0,0.0,0.0,0.8775957389527382,1421382272.0768597,3869.3567541941047,9.731188048229718,3.138755923987799,100.0,IMRPhenomXP,20.0,39.90806361394805,21.063497222922287,18.84456639102576,2.02710459283042,2.0571627552077434,-0.011105117468292347,(4.467238595068976-0.44462622354267517j),3.6187745669595,(4.3818617086074285-0.6649147955352938j),2.343125107047984,(0.7867702314393563-0.5828296850814827j),0.6598138761606072,0.24922713039768107,0.0,0,0,0.0,0,0,0.0,0.0,0.0,0.0,0.0,0.0,0.0,1.0,1.0,0.6317719063007162,2371.2607987910387,12.908358785679775,11.548529741357694,10.625720654060265,24.45688852703747
18.629655672789724,0.859765420898881,0.5549852898434997,4.783692248686435,0.0001844258617220821,0.0,0.0,0.0,0.0,0.0,0.0,0.0,0.0,1.9114111998323837,1421382272.0552523,2043.0428075259483,9.734541645948859,3.3215298815380265,100.0,IMRPhenomXP,20.0,42.94638822784349,23.092368395088346,19.85401983275515,1.322144018646438,2.8624319581794726,-0.030999450100838377,(4.095613379491306+1.5566519975715756j),4.041666523200061,(4.649591839408189-0.9795413916732986j),5.16384416940141,(1.3524643819978523+0.6473581082422779j),1.7569721547846109,0.24857854242447905,0.0,0,0,0.0,0,0,0.0,0.0,0.0,0.0,0.0,0.0,0.0,1.0,1.0,0.3700070547637966,1491.2644449734412,16.855656556505622,14.49191065383104,13.598218788735851,31.34756721033666
17.295238288400704,0.8008610517498048,0.42252495690612507,4.8101070674763795,-0.00011813040980471819,0.0,0.0,0.0,0.0,0.0,0.0,0.0,0.0,2.152153296146783,1421382272.053521,2903.923094901312,9.737875102461548,3.3921034363478775,100.0,IMRPhenomXP,20.0,40.02842411231835,22.22738065961545,17.8010434527029,1.3009532130322548,2.4781912998084703,-0.014294226227592244,(4.0964279369655605+1.6489025444232512j),2.947377864880814,(4.466414915888526-0.8354502682573771j),3.9063038172924656,(1.9728934646156944+0.29604319538922635j),1.0400709809154933,0.24694302409288843,0.0,0,0,0.0,0,0,0.0,0.0,0.0,0.0,0.0,0.0,0.0,1.0,1.0,0.4979351755247485,1938.6173261233437,14.838679952774907,11.883720833558057,11.54605257356476,26.722400786332965
18.181284215578373,0.8293974333915441,1.0937761754808404,0.24136437852849618,1.2180181163162578e-05,0.0,0.0,0.0,0.0,0.0,0.0,0.0,0.0,0.2949685880381766,1421382272.0762935,4574.375772174452,9.75295109206144,2.705743694771847,100.0,IMRPhenomXP,20.0,41.98910543016323,22.952423931370163,19.03668149879307,2.139129642812887,3.076322070367196,-0.014149414273013639,(4.2200149609168065+1.430160895392234j),3.2297111505564104,(4.631754257393737-1.1902312952353626j),2.447469423787441,(0.643440599953587+0.3709633379701666j),0.7062108941103907,0.24782582249051782,0.0,0,0,0.0,0,0,0.0,0.0,0.0,0.0,0.0,0.0,0.0,1.0,1.0,0.7248361186008477,2652.0639924814254,13.307017219693142,11.036805928110574,10.540876329936008,24.343823147803715
17.498195831069097,0.8213201020888246,0.15215229093749966,4.995498251343755,-0.00010684937487129674,0.0,0.0,0.0,0.0,0.0,0.0,0.0,0.0,2.289787719289764,1421382272.050101,2880.28945574025,9.754160070625568,3.4725367278295485,100.0,IMRPhenomXP,20.0,40.43424500614787,22.20051541723769,18.233729588910183,1.527382822926218,2.94162751845925,-0.005664747348235966,(4.408047364357264+0.6770391858259119j),3.362383019373887,(4.511415753466727-0.2403018740448169j),4.900431049896874,(0.301129650420577+1.707444391848711j),0.7645546260280456,0.24759387138467462,0.0,0,0,0.0,0,0,0.0,0.0,0.0,0.0,0.0,0.0,0.0,1.0,1.0,0.4945458594013715,1927.2004596034403,14.854355440207055,12.200180726614546,11.708035401521812,27.0545361668216
18.805643627679338,0.8453995533635509,-0.30245474467791866,5.447138762209907,0.0002079353953600467,0.0,0.0,0.0,0.0,0.0,0.0,0.0,0.0,1.5458744350479305,1421382272.0476923,3188.0934713005154,9.759577128390472,3.4377025264566266,100.0,IMRPhenomXP,20.0,43.38698651289768,23.51089032931519,19.876096183582487,1.3512828578904763,3.3706497376642357,0.011069490396314219,(4.260859578603269+0.08622364608121423j),2.745364589735708,(4.682156883164269-0.7136489620449883j),4.837749924591538,(0.38927089084318744+1.583050634824321j),1.2606475138766962,0.24824538969840576,0.0,0,0,0.0,0,0,0.0,0.0,0.0,0.0,0.0,0.0,0.0,1.0,1.0,0.5382285898215032,2072.574588351689,15.2843930251247,12.921419036873392,12.225519504784105,28.205812061998095
18.785406738529716,0.7508272408782376,0.7989225985099264,0.34192123369991195,-8.832657101595458e-05,0.0,0.0,0.0,0.0,0.0,0.0,0.0,0.0,3.6865311993610748,1421382272.076233,3287.20073361002,9.766728269930006,3.1238742192355184,100.0,IMRPhenomXP,20.0,43.6906538688852,24.954291804923827,18.736362063961373,1.9756962425649052,2.6834417261269063,-0.002498533854642715,(4.421876348167618-0.08654284631272983j),4.5825325001041515,(4.497919111105671-1.0887587035956285j),3.0474926556021655,(0.37167741948294-0.025805608021613004j),0.7854076512689127,0.24493645655134272,0.0,0,0,0.0,0,0,0.0,0.0,0.0,0.0,0.0,0.0,0.0,1.0,1.0,0.5520920364212756,2117.9160939626754,16.077842820753077,12.071682364380013,12.10328144060582,28.14952518513309
17.597566185964258,0.6227939055597321,-0.0861309729002276,5.255657829645924,0.00022615165472869613,0.0,0.0,0.0,0.0,0.0,0.0,0.0,0.0,5.326988795651531,1421382272.048954,2360.1405411533015,9.809297834969087,3.480442959182776,100.0,IMRPhenomXP,20.0,41.79862894216315,25.757201083242922,16.041427858920223,1.186625490679809,3.413201681004283,0.003596156074632262,(4.382698494820914+0.03240981333341111j),3.4966641171916497,(4.450303369369105+0.2791573984029815j),6.09621627053745,(1.2618787498543447-1.241355626457197j),1.0653393082360305,0.23649263379305765,0.0,0,0,0.0,0,0,0.0,0.0,0.0,0.0,0.0,0.0,0.0,1.0,1.0,0.4182821425115437,1664.0839401975363,18.16084424332606,11.310463114563017,12.407662522494904,29.47130735788908
19.15874660217391,0.523539733699541,0.17666239885321403,4.964961552379554,-0.00020417248673783544,0.0,0.0,0.0,0.0,0.0,0.0,0.0,0.0,1.8373372705058053,1421382272.0485225,3811.8379628106904,9.817025149741875,3.468470173219999,100.0,IMRPhenomXP,20.0,46.81896909867776,30.73038927904389,16.088579819633868,1.1529156108210579,3.625814053292495,0.01739840970993467,(4.122286683674285-0.07659080941969652j),2.608422020518754,(4.486468772628466-1.6263951035302666j),3.7316382443714877,(0.6674765892008739+1.630943336921486j),0.6255378235003167,0.2255496085329669,0.0,0,0,0.0,0,0,0.0,0.0,0.0,0.0,0.0,0.0,0.0,1.0,1.0,0.6240231714543627,2347.157369724636,18.922383509789384,9.90661962367572,11.79708943747192,28.829003133465108
19.77304031907238,0.9079969026619992,0.6903501359392268,0.3422123027844327,-0.00016708380251919026,0.0,0.0,0.0,0.0,0.0,0.0,0.0,0.0,0.5060396120925125,1421382272.07529,3012.9973905171223,9.832538897890288,3.224119873135061,100.0,IMRPhenomXP,20.0,45.490009771325965,23.841762902161534,21.648246869164428,2.0500122750091947,2.8958163724425265,0.028020656115778753,(4.2859222169072-0.8888404210347414j),5.11190744468672,(4.600598985919793-1.2803295006684166j),3.2365864581239028,(0.04805831130809729+0.2839631087212432j),0.9244117740231778,0.24941871438629462,0.0,0,0,0.0,0,0,0.0,0.0,0.0,0.0,0.0,0.0,0.0,1.0,1.0,0.5134997682963648,1990.7485090950377,15.752736407088092,14.303435866086895,13.064448857715675,30.056172273174987
18.63437112572709,0.9074433021764451,-0.10349945070785176,5.300087725542949,5.308897567043709e-05,0.0,0.0,0.0,0.0,0.0,0.0,0.0,0.0,2.056805823724593,1421382272.048681,2894.336810013902,9.852386719005027,3.4787911687138697,100.0,IMRPhenomXP,20.0,42.87113744093387,22.475707347115762,20.395430093818113,1.3643142841523677,3.4633115169620767,0.009199649763510731,(3.962908330346737-1.7380607298661568j),2.9150405711339706,(4.4770358469932425-0.4375691041033579j),5.268607619497849,(1.8582788843644096-0.35793323436494395j),0.9592802689513208,0.24941135638592507,0.0,0,0,0.0,0,0,0.0,0.0,0.0,0.0,0.0,0.0,0.0,1.0,1.0,0.4965611339948201,1933.9916894537082,15.018235364111463,13.628197091672371,12.451460018867218,28.64643245578383
18.913761296087163,0.9051284112462161,0.4549960877569733,4.814399689553277,7.932025916077543e-06,0.0,0.0,0.0,0.0,0.0,0.0,0.0,0.0,1.8365702224729532,1421382272.053303,4254.792272020697,9.858043944498457,3.3768641651002094,100.0,IMRPhenomXP,20.0,43.517194560610136,22.842131954844923,20.67506260576521,1.4133250981855054,2.9978240266657608,-0.016629257449440216,(3.871306873557293+1.8444856507913951j),2.1275919922547657,(4.707389303645077-0.3316449569089943j),2.7952464428768367,(1.3143579884000474+0.24908560793525475j),0.7703355774179336,0.249380039745016,0.0,0,0,0.0,0,0,0.0,0.0,0.0,0.0,0.0,0.0,0.0,1.0,1.0,0.6830684010335855,2527.9972438725727,13.571719331678612,12.28414875656182,11.237666445684605,25.855868088240435
18.607436269143122,0.8980154018614851,0.0901535003423107,5.000501285870451,-4.628546050484755e-05,0.0,0.0,0.0,0.0,0.0,0.0,0.0,0.0,5.157518004951982,1421382272.0485873,2504.151327986788,9.862137237358613,3.4800874830872166,100.0,IMRPhenomXP,20.0,42.82288748091366,22.561928337839074,20.260959143074583,1.7378434829835836,3.491498380406366,-0.0038694042084078673,(4.216167965381865+1.5443050517903383j),4.186390744771796,(4.647048153350497-0.26270829875032325j),6.151037813121678,(-0.2985077073517545+1.2183260310124795j),0.9849552058902874,0.24927821189280291,0.0,0,0,0.0,0,0,0.0,0.0,0.0,0.0,0.0,0.0,0.0,1.0,1.0,0.4397352700779214,1739.3137252985662,15.670886729487412,14.072697643906452,12.924206731516726,29.743584373393865
19.485246688093802,0.6896674514339209,0.43722259097946115,0.4024540488482302,0.00022519421392880746,0.0,0.0,0.0,0.0,0.0,0.0,0.0,0.0,3.723137746291832,1421382272.0740814,3133.1300491041707,9.865079952395009,3.385364890872327,100.0,IMRPhenomXP,20.0,45.69656507740825,27.044709323499294,18.651855753908958,1.821136112689028,2.802127840234017,0.0514535663467548,(4.382819853799179+0.44624169007561937j),4.501825127649889,(4.5589943400112345-1.6419962632482368j),2.9876045932644595,(0.8750492934642949+0.23364427916773625j),1.0414872494196603,0.24156680411267117,0.0,0,0,0.0,0,0,0.0,0.0,0.0,0.0,0.0,0.0,0.0,1.0,1.0,0.5304991768973719,2047.129526388467,17.67051543165435,12.186779343272828,12.731301644731555,29.85729477492718
17.293527366311743,0.9252262204548984,0.8005566521801292,0.3374067196461259,-7.772163157441538e-05,0.0,0.0,0.0,0.0,0.0,0.0,0.0,0.0,0.8344217522050689,1421382272.077073,3267.309279980963,9.872739757745478,3.1221926100935082,100.0,IMRPhenomXP,20.0,39.76609519035165,20.655284437667586,19.110810752684063,2.0439034113821553,2.0855284201025395,-0.009029607743977097,(4.447395831482853-0.564885968930721j),4.353287476713875,(4.332340093895492-1.1686111839646076j),2.89330608176284,(0.860855565750636-0.5050016430277643j),0.7496633573028331,0.24962288384315204,0.0,0,0,0.0,0,0,0.0,0.0,0.0,0.0,0.0,0.0,0.0,1.0,1.0,0.5493170494159509,2108.870673548216,13.33186415618033,12.334990284840861,11.162032569660882,25.66685444102119
19.94169100667395,0.9023423879131296,-0.3562226558069079,5.998052960977285,0.000143584802839079,0.0,0.0,0.0,0.0,0.0,0.0,0.0,0.0,1.0131274975642715,1421382272.0542629,4091.053580535983,9.884663122185463,3.4193204529542944,100.0,IMRPhenomXP,20.0,45.886569321706865,24.1210886185659,21.765480703140966,1.2763170431970252,3.325957388190953,0.2086355114846432,(4.49519490454032-0.10615760136737172j),2.019884288723768,(4.819109270911682-0.5372513144187229j),2.913659638696884,(0.6998043565592287+1.2816082030220752j),1.4864010415874083,0.24934116776447893,0.0,0,0,0.0,0,0,0.0,0.0,0.0,0.0,0.0,0.0,0.0,1.0,1.0,0.6614064169299527,2462.4038636777777,14.518475655787045,13.100635992101521,12.002897547201853,27.619111647888566
17.883532583285987,0.9415140258440504,0.09772430152971523,5.005722720350857,0.0002048578871976603,0.0,0.0,0.0,0.0,0.0,0.0,0.0,0.0,5.507802672236999,1421382272.049261,2718.0390995536113,9.891172171130801,3.4793741875189665,100.0,IMRPhenomXP,20.0,41.10795501585285,21.17314346878419,19.934811547068666,1.652802990403269,3.3374400714439707,-0.004192365326116887,(4.469789266496049+0.18893855459224773j),3.7137947397766187,(4.343541055030796-1.5498909078314327j),5.470177477786286,(0.2796424966942534+1.5197787247683685j),0.8641160108152617,0.24977313766380477,0.0,0,0,0.0,0,0,0.0,0.0,0.0,0.0,0.0,0.0,0.0,1.0,1.0,0.47110852178770396,1847.6129213899633,14.392645515406572,13.55087762175676,12.156501249516086,27.94352313716333
19.241253193696537,0.9694547121302027,1.2658895073788632,5.981537804386878,1.8787126597975302e-05,0.0,0.0,0.0,0.0,0.0,0.0,0.0,0.0,2.89473577735496,1421382272.0733607,3064.5299110622814,9.895714055632071,2.280864770300883,100.0,IMRPhenomXP,20.0,44.21117295800214,22.448433409358486,21.76273954864366,2.01740392347466,3.0071225362681258,-0.02527545765948158,(4.404584280991585+0.8390549213633206j),4.473104642143659,(4.262300350528181-1.9970336854056872j),3.637461489828105,(0.9427835008483465-0.2709672679880223j),1.4345369081583916,0.2499398637342648,0.0,0,0,0.0,0,0,0.0,0.0,0.0,0.0,0.0,0.0,0.0,1.0,1.0,0.5208098860529644,2015.0644387497305,14.760841322264186,14.30996717487523,12.65197798235935,29.07080849713941
19.90513774644124,0.7322517957154948,-0.028594051810277563,0.2312909525537826,-8.443751681028839e-05,0.0,0.0,0.0,0.0,0.0,0.0,0.0,0.0,3.8199228064359056,1421382272.0663064,2818.426244943003,9.901354670944016,3.483747961135882,100.0,IMRPhenomXP,20.0,46.39830808987805,26.784967522988506,19.613340566889544,1.5729450756548307,2.738813268353516,0.21770891888126043,(4.401265455603816+0.7612974882660882j),3.742323406978006,(4.67376733887191-1.1680743384581074j),3.230503046925218,(1.0454803363961662-0.00027165698227825207j),2.0212587629224834,0.2440272944911507,0.0,0,0,0.0,0,0,0.0,0.0,0.0,0.0,0.0,0.0,0.0,1.0,1.0,0.485644799153534,1897.1063896228577,18.02918674655584,13.201904370455514,13.398315504340243,31.231091117011353
18.68664036469293,0.7475879678561467,0.48396657567695867,4.823471360648258,7.386429667018618e-05,0.0,0.0,0.0,0.0,0.0,0.0,0.0,0.0,2.169708849902863,1421382272.0540717,2714.208251015254,9.905544603864264,3.3621657508439595,100.0,IMRPhenomXP,20.0,43.47711327448678,24.878354666072877,18.598758608413906,1.3301139302623755,2.9659172645210203,-0.021301606807542006,(4.396093145470062-0.1691369414932461j),3.221600570125722,(4.061613188270083-2.2861989990008587j),4.197342837430204,(1.2722334708714167+0.053958453346183176j),1.1910396067303393,0.2447846672403697,0.0,0,0,0.0,0,0,0.0,0.0,0.0,0.0,0.0,0.0,0.0,1.0,1.0,0.4705514907025696,1845.7077348285536,16.91770388413058,12.64747186752922,12.707232955008747,29.5651757516598
17.130643468984157,0.7866861207800592,1.2229225400771264,5.840673605422681,-5.7528507802283427e-05,0.0,0.0,0.0,0.0,0.0,0.0,0.0,0.0,3.018990940345432,1421382272.0733068,2812.1734509670473,9.905743550004308,2.407989926501876,100.0,IMRPhenomXP,20.0,39.69636133231678,22.21787076679452,17.478490565522257,1.8116153952395022,2.0611542845577846,-0.027233944418122658,(4.439141832152045+0.053526487151192986j),4.254623882432504,(4.352267096120622-0.7279395608652229j),3.4636469339886635,(1.234320030215103+0.44400854722292954j),1.423406468316413,0.24643645942227727,0.0,0,0,0.0,0,0,0.0,0.0,0.0,0.0,0.0,0.0,0.0,1.0,1.0,0.48474274880587376,1894.0476115276958,14.96412141743987,11.77206662876757,11.53778557447863,26.736188046207445
19.67200981453766,0.5111274019966823,0.5453895081660272,0.394121558647073,0.00016348609278483322,0.0,0.0,0.0,0.0,0.0,0.0,0.0,0.0,3.5145981386095357,1421382272.074311,3548.920310243284,9.912536125619305,3.3274156419432304,100.0,IMRPhenomXP,20.0,48.293928056792964,31.958872556331947,16.335055500461017,1.3998490745414731,2.6960742091517513,0.06781647919534306,(4.282909527875109+0.30047970394289486j),3.984181664623613,(4.5959035215373545-1.295853875367133j),2.5690176034944385,(1.1553899190103707-0.8774111313488582j),0.7958131567137918,0.22383448801370195,0.0,0,0,0.0,0,0,0.0,0.0,0.0,0.0,0.0,0.0,0.0,1.0,1.0,0.5882686158703362,2234.4584963179386,20.12183092771067,10.284819165497245,12.385820394592278,30.40665009320791
18.209378940631147,0.751794254130938,-0.10250121845472922,5.302591826739079,-0.00017956324465280836,0.0,0.0,0.0,0.0,0.0,0.0,0.0,0.0,1.8892128901680934,1421382272.0487323,4478.497412808409,9.912604483054157,3.478894352130226,100.0,IMRPhenomXP,20.0,42.3462980090888,24.173100185270744,18.17319782381806,1.2764353660653418,3.5866027642906975,0.014719632585726616,(4.146308309732389-0.5257793435454918j),1.8239103385037394,(4.500406628030171+1.0258422084601282j),3.3063758088136006,(1.7387701005860765+0.6469173697258864j),0.6042021164886759,0.24498122789244758,0.0,0,0,0.0,0,0,0.0,0.0,0.0,0.0,0.0,0.0,0.0,1.0,1.0,0.7123736793989245,2615.3738908617074,14.116720244004194,10.612869166616246,10.63399838464171,24.729589410620434
15.424198931263103,0.8616545720999351,0.9000060660893386,0.2808077603644894,0.00012312870481461224,0.0,0.0,0.0,0.0,0.0,0.0,0.0,0.0,0.7406063070226255,1421382272.0775898,2241.1877176818907,9.915388248849446,3.0087067388902486,100.0,IMRPhenomXP,20.0,35.553439483840336,19.09776390135377,16.45567558248657,2.249027342872723,1.482638867817692,-0.02280112559274261,(4.51436548664118-0.7269522552284517j),5.761689267147919,(4.168478181507599-1.1836586769407138j),3.95401183302932,(0.9477764360959646-0.11483789367932212j),1.0891384473920114,0.2486193886860722,0.0,0,0,0.0,0,0,0.0,0.0,0.0,0.0,0.0,0.0,0.0,1.0,1.0,0.4003469594307139,1600.4517332577193,13.637880078746788,11.751141723602794,11.01455523389256,25.38902180234958
17.71583490423779,0.9958308300540469,0.24531743169850348,4.971151289730212,-0.00013759852277360534,0.0,0.0,0.0,0.0,0.0,0.0,0.0,0.0,5.378460035936028,1421382272.051372,3397.9948151997287,9.922384600849064,3.453759762732984,100.0,IMRPhenomXP,20.0,40.70040738573651,20.392714038110306,20.307693347626202,1.5617642310234219,3.0498007606387914,-0.004409882723002689,(4.362574502663091+0.8311571040762478j),2.8064783726243148,(4.497017939991905+0.5147144951170249j),3.9825064088538387,(0.2559468759083009+1.6727618101910233j),0.6435008637235031,0.24999890908289432,0.0,0,0,0.0,0,0,0.0,0.0,0.0,0.0,0.0,0.0,0.0,1.0,1.0,0.5674815211285854,2167.8053360315034,13.009859295456042,12.95561898108035,11.30210127866924,25.965478276536395
19.00187142185999,0.9213362067404581,0.23354529023023457,4.9568869022903534,-0.00015105173703396733,0.0,0.0,0.0,0.0,0.0,0.0,0.0,0.0,5.209978277750586,1421382272.0500734,3366.793108759529,9.937359792396311,3.456633543545638,100.0,IMRPhenomXP,20.0,43.698802134218035,22.74396432072289,20.954837813495146,1.5996281586895886,3.30471560505205,-0.00036834643064309613,(3.9732355976272666-0.9624156404794549j),3.0265918894535613,(4.413161469703396-1.569835497543504j),4.281815647951947,(0.587531036226558+1.0518117876253044j),0.7141196121626523,0.24958093340403376,0.0,0,0,0.0,0,0,0.0,0.0,0.0,0.0,0.0,0.0,0.0,1.0,1.0,0.5631589127139304,2153.839311930932,14.550001369493009,13.40544306983716,12.156071444373662,27.95544443933017
19.519195823707143,0.7214036468924908,-0.006996856490201408,0.19493459943536656,-6.987649077670863e-05,0.0,0.0,0.0,0.0,0.0,0.0,0.0,0.0,0.9919826896479671,1421382272.0665529,2051.330775303593,9.96276149236098,3.4841323485559084,100.0,IMRPhenomXP,20.0,45.56319638708229,26.46863010272681,19.094566284355484,1.4887636566552125,2.606429668020329,0.11442385882236916,(4.301157606470572-0.6908575871537561j),4.973147806247126,(4.653549557163195-1.2606180944816312j),4.1903337583856395,(0.7369574111926038-0.3872682234958735j),2.6958225301500693,0.2434517473785872,0.0,0,0,0.0,0,0,0.0,0.0,0.0,0.0,0.0,0.0,0.0,1.0,1.0,0.37128833861574784,1495.9149917520435,19.302016474117814,13.924545076807528,14.234202446008453,33.22656155092534
19.60965774731355,0.7334412834879405,0.9810669741402639,5.060949853696547,-0.00012661484543572196,0.0,0.0,0.0,0.0,0.0,0.0,0.0,0.0,2.11628146384294,1421382272.0647364,2713.0846185011083,9.979328468878396,2.8974146153920843,100.0,IMRPhenomXP,20.0,45.70269027895133,26.36529469691108,19.33739558204025,1.4004703978730602,2.7691973054167454,0.044613752311312815,(4.421297110610366-0.1359132479657137j),3.521712809061779,(4.341894000283744-0.006023258630936642j),3.393228947824039,(1.3862980207558802+1.6855040236895897j),1.6294842394797147,0.24408836631778763,0.0,0,0,0.0,0,0,0.0,0.0,0.0,0.0,0.0,0.0,0.0,1.0,1.0,0.47038806982800807,1845.1486736761462,17.930841005799945,13.151219041312103,13.336382516764639,31.082060047112048
17.688748089395023,0.5829463866336313,0.30082347310194646,4.943456409061957,3.5518717901581506e-06,0.0,0.0,0.0,0.0,0.0,0.0,0.0,0.0,5.402822481304077,1421382272.0516784,2454.9874899036035,9.987393671544929,3.4382100691881154,100.0,IMRPhenomXP,20.0,42.43061975519749,26.80483692529376,15.625782829903732,1.2834867452078909,3.3470861832070176,-0.004113442997202066,(4.292307296710876-0.2710042591755243j),3.6808224635530125,(4.498067066076711-1.0389670396024635j),5.109865585206998,(1.0243004731250058+1.2680421548482463j),0.9152539646988994,0.23264632844216535,0.0,0,0,0.0,0,0,0.0,0.0,0.0,0.0,0.0,0.0,0.0,1.0,1.0,0.4324423816511244,1713.847288580136,18.71268071138526,10.908489604930887,12.348662896308502,29.621170316316146
19.43781558386504,0.8663198209614158,-0.29455955108205395,5.966968384074736,-0.00011599143670402168,0.0,0.0,0.0,0.0,0.0,0.0,0.0,0.0,4.3875579173287225,1421382272.0550218,3092.307120976661,9.995592872115935,3.4401319016189236,100.0,IMRPhenomXP,20.0,44.794406726014344,24.00146331990353,20.792943406110812,1.073026019837659,3.1656052614938996,0.06097828697432783,(4.288607106294702-1.2398217822883386j),2.3682092087496893,(4.686840650927217+0.7825786591802966j),3.6835101521801525,(1.4277141575692949+0.44015395340178004j),1.831469846147154,0.24871736847826262,0.0,0,0,0.0,0,0,0.0,0.0,0.0,0.0,0.0,0.0,0.0,1.0,1.0,0.5247389344520101,2028.089566673254,15.741359243593811,13.637051521599517,12.748290966184957,29.37841076519333
18.418458706260203,0.8990095270809979,0.5262067034911465,0.3705777861252189,-0.00017518275152242222,0.0,0.0,0.0,0.0,0.0,0.0,0.0,0.0,0.7892431040267027,1421382272.0752962,2799.701519241981,9.998563568006357,3.3388055639055416,100.0,IMRPhenomXP,20.0,42.38647303124567,22.320305626059017,20.066167405186654,2.1844984995215375,2.569797258280599,0.012912128506542442,(4.551071078633666+0.14821914302346303j),4.9872149629032245,(4.655967303533675-0.8998666352277108j),3.1523754697776405,(0.20767521373784922-0.5445992794304364j),1.0464960250321005,0.2492929558498113,0.0,0,0,0.0,0,0,0.0,0.0,0.0,0.0,0.0,0.0,0.0,1.0,1.0,0.48294217855959604,1887.9370720158076,15.051366094218903,13.531321514286702,12.420213662106724,28.582687608505605
14.752008156811176,0.5717208908433997,0.232115282420079,4.942568989080577,0.00015171697175856422,0.0,0.0,0.0,0.0,0.0,0.0,0.0,0.0,5.359044324067773,1421382272.0518475,4331.990936641409,10.028406649089561,3.456972642504872,100.0,IMRPhenomXP,20.0,35.49696461655747,22.584776230536374,12.912188386021095,1.7544014950824813,2.2596304131817044,-0.005721652070537875,(4.247964966004366+2.1890336721309227j),1.8690122799783058,(4.433314955296611+0.722958588098342j),2.6365336597128555,(0.3068154140272972+1.748162114436688j),0.46159702995860025,0.2314372233789184,0.0,0,0,0.0,0,0,0.0,0.0,0.0,0.0,0.0,0.0,0.0,1.0,1.0,0.6932183000026209,2558.4361578840767,13.338372394452279,7.625826147757267,8.712407701232818,20.964198542209544
17.66864597263372,0.5456951373652901,0.2968756521799769,4.861171760750176,-0.00011338032528166386,0.0,0.0,0.0,0.0,0.0,0.0,0.0,0.0,4.651889866110277,1421382272.0503807,3144.4194750444485,10.039914666089228,3.4394263004908856,100.0,IMRPhenomXP,20.0,42.85305885588303,27.724133834650004,15.12892502123302,1.2396568755247142,3.382048133063697,-0.00914849128427897,(2.6605863521578272+2.752772179315193j),2.8916739815997516,(4.577810497368615+1.4615557839554905j),3.945501377097324,(1.5831445947643736+0.8022677152940679j),0.8448845795276709,0.2284033148000881,0.0,0,0,0.0,0,0,0.0,0.0,0.0,0.0,0.0,0.0,0.0,1.0,1.0,0.5320892133832111,2052.3735997210138,18.09563933514592,9.874702392705197,11.532387160155784,27.970341727851117
18.180483441915094,0.6590932795375196,1.146170781278777,6.158276494294109,-5.476899106953044e-05,0.0,0.0,0.0,0.0,0.0,0.0,0.0,0.0,3.2209501917957244,1421382272.0741444,3078.8523804554156,10.044459267986968,2.597375406349806,100.0,IMRPhenomXP,20.0,42.86297021278276,25.835178010443766,17.027792202338993,1.9407063664836528,2.9484171405526514,-0.02790754077423796,(4.457134089042665+0.3239126296934223j),4.298744733008749,(4.4522602733399665-0.4600473601776322j),3.3146165207876437,(0.7984760685702473+1.1005618528732488j),1.21708416701471,0.23944472564793498,0.0,0,0,0.0,0,0,0.0,0.0,0.0,0.0,0.0,0.0,0.0,1.0,1.0,0.522836757065734,2021.787542427355,16.965165760921135,11.18162673926315,11.938563577192618,28.146792500184286
19.730095483862417,0.6652395871091649,1.0668507150839652,0.07860772908018854,-9.431424329878224e-05,0.0,0.0,0.0,0.0,0.0,0.0,0.0,0.0,3.329138467763445,1421382272.074715,3105.0207103673924,10.047457332256274,2.7561788308447817,100.0,IMRPhenomXP,20.0,46.46376603318672,27.902150773299375,18.561615259887343,1.8274228508014039,3.135776907361431,0.053807628477470004,(4.397906368062639+0.4163600400648258j),4.766519772138831,(4.360288595038733-0.531274202991652j),3.504541449806822,(0.7414238152621457-0.7342648655754009j),1.1577290887385692,0.23989689782700233,0.0,0,0,0.0,0,0,0.0,0.0,0.0,0.0,0.0,0.0,0.0,1.0,1.0,0.52653464941442,2034.0322418819587,18.278098557410843,12.159314737472613,12.92476098818386,30.43741329488346
14.915258906151795,0.9520244991104587,1.1417070633303439,5.751899606818411,-2.791920888899974e-05,0.0,0.0,0.0,0.0,0.0,0.0,0.0,0.0,0.4059739460512072,1421382272.0735474,3080.8300927834207,10.06484240487473,2.607189690581696,100.0,IMRPhenomXP,20.0,34.27869174190844,17.560584796722225,16.71810694518621,2.109944434532135,1.7430797761170371,-0.006037116488523564,(4.014839955254643-2.609204699498302j),3.353029142846858,(3.728096782947477-1.9251045248439564j),2.7223806462472613,(1.2543077766904007-0.04084452188866479j),1.1432856673900793,0.24984898902346472,0.0,0,0,0.0,0,0,0.0,0.0,0.0,0.0,0.0,0.0,0.0,1.0,1.0,0.523116472564426,2022.7147097038064,11.529377505290839,10.976249844529901,9.792592473929073,22.50562734982074
18.557523027819467,0.7873431758883049,-0.13408438458167496,5.211728735289691,-0.000114259364178141,0.0,0.0,0.0,0.0,0.0,0.0,0.0,0.0,1.7511898333162483,1421382272.0470176,3611.13455095679,10.067010084432834,3.4751404499092997,100.0,IMRPhenomXP,20.0,43.00026215774697,24.058201434302593,18.942060723444378,1.5630605821995243,3.5373590004518185,0.0068861955348377135,(4.144871479303413+0.2225179476341561j),2.671755143452008,(4.753591219452018-0.3664622954967829j),4.422157197031077,(0.14464081437562407-2.0777395190159873j),0.8090424823542048,0.24646098206927047,0.0,0,0,0.0,0,0,0.0,0.0,0.0,0.0,0.0,0.0,0.0,1.0,1.0,0.5967803935667915,2261.5098347681424,15.066693911842716,11.862658634687234,11.621837982596213,26.929352546529948
18.92600993173457,0.9618707150632391,0.31703871483378926,4.91619848846847,0.0002243466204760469,0.0,0.0,0.0,0.0,0.0,0.0,0.0,0.0,1.9116855334610676,1421382272.0513232,2887.760515287321,10.081815034527345,3.4330348608398307,100.0,IMRPhenomXP,20.0,43.490410162998536,22.167826773231926,21.32258338976661,1.5568553680740296,3.2069343970405333,-0.005593586182098931,(4.09040629631252+0.726858205468869j),3.419672391877478,(4.662991611116843+0.12161821567454849j),4.697890215077052,(0.59771729570238+0.9365481744184365j),0.8945305184150503,0.24990556857113302,0.0,0,0,0.0,0,0,0.0,0.0,0.0,0.0,0.0,0.0,0.0,1.0,1.0,0.4956179487020652,1930.814294248889,14.821851257180835,14.2567046673055,12.654307838548633,29.078555924486334
17.533875456284154,0.8676762319365137,-0.4116792195176443,5.7819882441316475,-5.670515113437321e-05,0.0,0.0,0.0,0.0,0.0,0.0,0.0,0.0,1.5485662749611502,1421382272.051782,2984.737615713847,10.105804363559578,3.396909251905896,100.0,IMRPhenomXP,20.0,40.40407858725308,21.633341955291588,18.770736631961494,1.201530287843334,2.7914969130874168,0.1137661889175785,(4.426427936817487+0.6955524286334981j),2.634515586290306,(4.4075580047097604-1.208129774333523j),4.203219221382049,(1.682619600495439-0.23840809145271416j),1.6986345591794565,0.24874509010572085,0.0,0,0,0.0,0,0,0.0,0.0,0.0,0.0,0.0,0.0,0.0,1.0,1.0,0.5094792846300628,1977.329287668496,14.331658722029697,12.435239637330797,11.615843711681864,26.766898359360493
19.337192227463866,0.5417790024756651,1.0812977215254744,4.910285319113763,-0.00014377956346447226,0.0,0.0,0.0,0.0,0.0,0.0,0.0,0.0,1.4285800189197768,1421382272.0652866,4172.8109443853555,10.1122902927635,2.729524447161375,100.0,IMRPhenomXP,20.0,46.95984610623527,30.45822133446552,16.50162477176975,1.035010711486927,2.462057489231655,0.08566094912582045,(3.5412538039989307+2.3631915377479733j),2.108630348491435,(4.788320557202178-0.0732743522535354j),1.9347800713734302,(1.5385070177205005+1.964533670339552j),1.1577384146748673,0.22791762767627027,0.0,0,0,0.0,0,0,0.0,0.0,0.0,0.0,0.0,0.0,0.0,1.0,1.0,0.6722457372587005,2495.333566823598,18.21396261077959,9.867942494397228,11.563606829199143,28.081905105176816
17.834797290214883,0.6983698663787611,-0.2369468070867421,5.315446725002065,-8.212375265647e-05,0.0,0.0,0.0,0.0,0.0,0.0,0.0,0.0,5.007636991917897,1421382272.0474277,3806.300755650775,10.114901849798489,3.455818253983126,100.0,IMRPhenomXP,20.0,41.76914766212279,24.59366978241456,17.17547787970823,1.3628083098036372,3.52075758148246,0.03189108861799439,(4.327202235913356+0.5915815318001353j),2.3485581104446025,(4.71112633153381-0.7677067167620918j),4.007249438930309,(0.6450001676554945+1.193504571178051j),0.875533377130432,0.2421145785428931,0.0,0,0,0.0,0,0,0.0,0.0,0.0,0.0,0.0,0.0,0.0,1.0,1.0,0.6232758690891456,2344.826791149568,15.150640905057369,10.580751064417505,10.986917029834471,25.731391969474878
18.744555415316547,0.8547213110131029,1.189811768474005,5.880618916070074,2.7692911708909924e-05,0.0,0.0,0.0,0.0,0.0,0.0,0.0,0.0,2.807012986980861,1421382272.072595,3497.0994798181982,10.130706438593512,2.4948507171214054,100.0,IMRPhenomXP,20.0,43.22299128161435,23.304305086139703,19.91868619547465,1.9593674157827827,2.7777075457690854,-0.04545139268787901,(4.390192004301048+0.7062137786907827j),3.706071429270516,(4.420484330633502+0.27810227320606395j),2.9795975280236275,(1.0186164337101205-0.14530787593830027j),1.202716923588361,0.24846613722205776,0.0,0,0,0.0,0,0,0.0,0.0,0.0,0.0,0.0,0.0,0.0,1.0,1.0,0.581153687328563,2211.739140052102,14.738798178128702,12.597564901567697,11.854986371999294,27.336363079696397
17.369650981623305,0.568223872822388,0.4835860250103019,4.834235766262583,8.753119744200574e-06,0.0,0.0,0.0,0.0,0.0,0.0,0.0,0.0,2.3572756812130957,1421382272.0545177,3181.489719805604,10.143962513905201,3.3623656998294598,100.0,IMRPhenomXP,20.0,41.837823114,26.678476102205355,15.159347011794653,1.0902890393645226,2.818873635865664,-0.01411763133475663,(4.319329597341044-0.44347821351211103j),2.529061965438541,(3.9888488713847385-2.41366126996313j),3.2958179729183277,(1.7631268308888117+0.19144453451674384j),0.9258559972668332,0.23104860688854698,0.0,0,0,0.0,0,0,0.0,0.0,0.0,0.0,0.0,0.0,0.0,1.0,1.0,0.5373014788583035,2069.528824586181,17.354095126492993,9.861011142103978,11.298792865614816,27.215106268596966
19.756301416312727,0.9615577813966956,1.1805571477104442,5.9995655501862215,-0.000240142835467958,0.0,0.0,0.0,0.0,0.0,0.0,0.0,0.0,6.126977625636485,1421382272.0729485,2689.4943786085046,10.181742039285549,2.5176501755713474,100.0,IMRPhenomXP,20.0,45.39852450941561,23.144117874055343,22.25440663536026,1.9973899296830755,3.1617506182480337,0.0445667027561365,(4.481691013741788+0.07439312189820536j),5.185897169950952,(4.389043784077907-0.7475294777227398j),4.103227849862707,(0.6195561899354364-0.1974475320515054j),1.590636703978158,0.24990398155122162,0.0,0,0,0.0,0,0,0.0,0.0,0.0,0.0,0.0,0.0,0.0,1.0,1.0,0.46695376467336863,1833.3872852479926,15.776992043923487,15.170489466868386,13.467569252744417,30.947481510791874
17.885277038660732,0.8076466627728749,0.42233962996366337,4.8097833891450685,0.00018763945019151853,0.0,0.0,0.0,0.0,0.0,0.0,0.0,0.0,5.1082238267671904,1421382272.0532007,2912.806750738279,10.221350147775588,3.3921867395268626,100.0,IMRPhenomXP,20.0,41.37129186032146,22.88682446206559,18.484467398255873,1.3934497388558595,3.0283185836434887,-0.015545770764607836,(3.6442348040792707+2.400772880662704j),3.0192392382293587,(4.7563423795964965-0.1085212625526128j),4.000523960307463,(1.8450779703561218+0.179030011446608j),1.0651604997799158,0.24716917923791765,0.0,0,0,0.0,0,0,0.0,0.0,0.0,0.0,0.0,0.0,0.0,1.0,1.0,0.4992076136277297,1942.8975128024858,15.265947327124934,12.329491412818943,11.929820043657976,27.595438739943877
17.848466436314368,0.71170388112355,-0.26173484847715073,5.262265572560471,-0.0001767793662816748,0.0,0.0,0.0,0.0,0.0,0.0,0.0,0.0,1.8693221262336743,1421382272.046564,3054.8504945938307,10.224977966970044,3.4495058856855154,100.0,IMRPhenomXP,20.0,41.71917089198364,24.372890283218542,17.346280608765095,1.5091394000822458,3.542825206303278,0.03080570064326782,(4.231749639231697+1.2157433591051485j),3.1877917979225154,(4.408432683590779-1.8302316840266755j),5.171468448019387,(1.7915345260771973-0.03365631365318776j),1.1139189269370853,0.24290813712716544,0.0,0,0,0.0,0,0,0.0,0.0,0.0,0.0,0.0,0.0,0.0,1.0,1.0,0.5194389013802548,2010.5122395524552,16.040717570860046,11.416240951187818,11.746748368822768,27.456958522047866
18.221083625320748,0.981195659918529,1.1300221890040183,6.061831973374686,0.0002023628027931117,0.0,0.0,0.0,0.0,0.0,0.0,0.0,0.0,3.340769026906349,1421382272.073856,2900.6096334797476,10.234345572480311,2.632341504229685,100.0,IMRPhenomXP,20.0,41.8633204152043,21.130331174320162,20.732989240884137,2.074647634734082,2.863096194828433,-0.027647882845906357,(4.514068073163101-0.33913209674460526j),4.544913228181937,(4.271598428442153-0.5011909344705935j),3.507274778779236,(1.2156659451427103+0.5991031982263674j),1.3321406049804767,0.24997747828457284,0.0,0,0,0.0,0,0,0.0,0.0,0.0,0.0,0.0,0.0,0.0,1.0,1.0,0.49746035988592385,1937.0193170584303,14.110778315313711,13.845434441058305,12.167990628285361,27.956212756372018
18.340104891821937,0.7370453656753279,-0.22717966818363317,5.2205767370211,0.00011367075760179175,0.0,0.0,0.0,0.0,0.0,0.0,0.0,0.0,4.894339895428428,1421382272.0460851,3542.003792379516,10.242771597135537,3.458126451125051,100.0,IMRPhenomXP,20.0,42.72466600364468,24.59617166477065,18.12849433887402,1.6492812632128704,3.6615800865636468,0.01420581594936765,(4.2618224059272665+0.8194886476443627j),2.8596331994974133,(4.356079579395525-1.9915832175782062j),4.592706213752288,(0.9552587663016178-1.8300070810913989j),0.9353355973935452,0.24427099309886607,0.0,0,0,0.0,0,0,0.0,0.0,0.0,0.0,0.0,0.0,0.0,1.0,1.0,0.5873203167122422,2231.436048278985,15.495405310325637,11.420816673236375,11.554129748562103,26.916221983562018
18.66857246486675,0.9960837158839151,1.0912571684148382,0.19911873063010976,-8.442671002554939e-05,0.0,0.0,0.0,0.0,0.0,0.0,0.0,0.0,3.4335338994924083,1421382272.0757968,3592.5218030700053,10.243764894122995,2.710602657258141,100.0,IMRPhenomXP,20.0,42.88921601930255,21.486681985334542,21.40253403396801,2.16890268455266,2.9808782019561493,-0.01888312370375511,(4.433479469366105+0.13256029974706832j),4.173993897269428,(4.338732362734654-1.83513470475626j),3.1439359615487863,(0.7111726845290168-0.34813400360684194j),0.9367780101497474,0.2499990376547928,0.0,0,0,0.0,0,0,0.0,0.0,0.0,0.0,0.0,0.0,0.0,1.0,1.0,0.5942373201419044,2253.4422961206437,13.477718601783826,13.424936026502598,11.710033524497497,26.902654628286424
18.88558517687183,0.961276729422128,0.21670962362077814,4.932664204278543,-0.00018974899313696275,0.0,0.0,0.0,0.0,0.0,0.0,0.0,0.0,5.2154246160840785,1421382272.0499544,3554.202536047231,10.249797607339096,3.4604891671148374,100.0,IMRPhenomXP,20.0,43.397832500284196,22.127337692458607,21.27049480782559,1.6312398690665173,3.2952608265458316,-0.002893865418316821,(4.342143476239391+0.811130962909951j),2.9058295658337365,(4.534678798512748-0.9159168997122306j),4.091077631981658,(0.89560329592846+0.6827360215840848j),0.716554235290485,0.24990254450776447,0.0,0,0,0.0,0,0,0.0,0.0,0.0,0.0,0.0,0.0,0.0,1.0,1.0,0.5889925688179888,2236.764731970626,13.925387775047035,13.386151216332099,11.885257078905244,27.311538991379134
19.26319390482481,0.9190906451566887,0.2550063884417672,4.946798738244138,9.117011193127264e-06,0.0,0.0,0.0,0.0,0.0,0.0,0.0,0.0,1.773499952271959,1421382272.0502002,3247.7257069813954,10.271119177685886,3.451284074181956,100.0,IMRPhenomXP,20.0,44.30246335033105,23.08513329588654,21.217330054444513,1.6230636870929764,3.4592328335152116,0.004146692003613173,(3.909981679373274+0.9835218021613871j),3.151285623951055,(4.704174120746545+0.6877972352976767j),4.423643610370024,(0.031426555477673215+1.3161092176220561j),0.7588856359375306,0.24955562818201477,0.0,0,0,0.0,0,0,0.0,0.0,0.0,0.0,0.0,0.0,0.0,1.0,1.0,0.5465813589852444,2099.9384749968544,14.926556020973475,13.718858003283966,12.455338216066393,28.64541402425744
17.516226006061984,0.6505559704942414,0.44310490907401134,4.8676961738075635,0.00011461198307883934,0.0,0.0,0.0,0.0,0.0,0.0,0.0,0.0,2.367621193646566,1421382272.053998,2396.8245381144266,10.279924120141487,3.382594423492307,100.0,IMRPhenomXP,20.0,41.36433502548545,25.06084965607034,16.303485369415114,1.2501053557256352,2.868758705654769,-0.012844998172337752,(4.285514505186588-0.7594877957523013j),3.544894519265221,(4.1958331588127455-1.959549881383835j),4.679503135050819,(1.639397069286464+0.6197482100928224j),1.1524795078327084,0.23879440953193462,0.0,0,0,0.0,0,0,0.0,0.0,0.0,0.0,0.0,0.0,0.0,1.0,1.0,0.4237733211303226,1683.4312839078013,17.60171319699594,11.450899611232991,12.302678906889469,29.052612808228933
19.96287025441548,0.8144073801276591,0.07671980098635366,0.29254673822749977,0.00021932687834580147,0.0,0.0,0.0,0.0,0.0,0.0,0.0,0.0,0.719096129634568,1421382272.068764,2958.697046325575,10.295240623839028,3.481210971272569,100.0,IMRPhenomXP,20.0,46.152977930202,25.436943453655232,20.716034476546767,1.7718048535413011,2.749648012569671,0.1834196997926969,(4.368301647720812+0.9318750360252734j),3.907985179876286,(4.69810744120234-1.2005217702965914j),3.0904152326978247,(1.1427591910760113-0.18136958979637471j),1.7726897445922603,0.24738427666911758,0.0,0,0,0.0,0,0,0.0,0.0,0.0,0.0,0.0,0.0,0.0,1.0,1.0,0.505767090180024,1964.9101613996318,16.893013281764635,13.757794689263685,13.257608287898492,30.65080797102832
18.5194388405077,0.9093392980483403,-0.2822368165735192,5.432757166038579,-7.6911435347386e-05,0.0,0.0,0.0,0.0,0.0,0.0,0.0,0.0,4.625511149606449,1421382272.0481374,2805.901530640377,10.352850295342975,3.44378772725162,100.0,IMRPhenomXP,20.0,42.60415740110784,22.313560216697113,20.290597184410725,1.4245252986394492,3.5416541617955,0.021958955488378784,(3.8294973381265702+2.340823260066686j),3.055222091085815,(4.394715561550039+1.812107301806679j),5.445110802658547,(-0.11858680058799224+1.5207397063186638j),1.3742368887941439,0.24943634684704855,0.0,0,0,0.0,0,0,0.0,0.0,0.0,0.0,0.0,0.0,0.0,1.0,1.0,0.483837494781508,1890.9763044231927,15.03773849573921,13.674406567949998,12.480772932102411,28.71214506368921
19.50542966873855,0.9113118963146051,-0.2773257690590505,5.454217550188884,-0.0001172052828103667,0.0,0.0,0.0,0.0,0.0,0.0,0.0,0.0,1.7265216009021815,1421382272.0480826,2808.14180000804,10.36169719750575,3.445198760457081,100.0,IMRPhenomXP,20.0,44.8697007614496,23.4758653718252,21.393835389624396,1.3305978173423059,3.6978006457887247,0.0575975989225026,(4.385789978437393-0.647226492292031j),3.081841838322175,(4.647780850846932-1.0301656809354454j),5.586996866627127,(0.8729256645307483+1.4933253124691033j),1.4383699707811792,0.24946172077211545,0.0,0,0,0.0,0,0,0.0,0.0,0.0,0.0,0.0,0.0,0.0,1.0,1.0,0.48416089153664293,1892.073702701924,15.817601383849427,14.414768312264343,13.142395666108262,30.23236969611377
19.62997849185232,0.9846543487369257,0.8540650070607841,0.3228675503218716,-0.00010753779595648773,0.0,0.0,0.0,0.0,0.0,0.0,0.0,0.0,3.574961492596569,1421382272.0760064,3195.5249920398837,10.371314511033187,3.0639694884071984,100.0,IMRPhenomXP,20.0,45.099465818959935,22.72409089656451,22.375374922395427,2.054446242993353,3.085276256478794,0.016056755817968504,(4.436171714390465+0.019553634917201954j),4.954017970758718,(4.600374950688592-1.0644594624033434j),3.358286446968307,(0.4656660006640038-0.12319148355868345j),0.8698954938321225,0.2499850534521328,0.0,0,0,0.0,0,0,0.0,0.0,0.0,0.0,0.0,0.0,0.0,1.0,1.0,0.5392713991750446,2075.9984088993365,14.762887758937918,14.536341631753347,12.752772839391929,29.299229390691266
19.57962732882651,0.844730834763834,-0.3174111886854408,5.383414700454777,-0.00012340095367632174,0.0,0.0,0.0,0.0,0.0,0.0,0.0,0.0,1.3838586355592226,1421382272.046434,3359.5051846542588,10.37139785067878,3.4329125730444483,100.0,IMRPhenomXP,20.0,45.17446536839176,24.488377663061655,20.6860877053301,1.5121608606347303,3.772164336116763,0.06944398391550077,(4.023610332228464+1.5527236072665702j),2.9337761336760413,(4.7710814122808225-0.6655523239009962j),4.92484231501036,(0.7183039381438372+0.2831585328354379j),1.2189579720172747,0.24822889450374921,0.0,0,0,0.0,0,0,0.0,0.0,0.0,0.0,0.0,0.0,0.0,1.0,1.0,0.5621479876023346,2150.5678121288774,15.676093339048935,13.242079412130586,12.533785201028447,28.918172751179522
14.98034344532503,0.9117297034404521,1.0867237745050562,0.20376875841562722,-0.00017345269923955904,0.0,0.0,0.0,0.0,0.0,0.0,0.0,0.0,3.8287067509504755,1421382272.0776453,3133.757558523598,10.376689356839904,2.719272303456105,100.0,IMRPhenomXP,20.0,34.45989053478452,18.025503538899166,16.434386995885358,2.5502828443568664,1.903851907071619,-0.008570490752081827,(4.740190194822908+0.06182445058047604j),4.0059776379531975,(3.9932762593879825-1.9445659567483664j),3.014916304812631,(0.9392443598895982-1.0869961027219548j),0.9006449929944134,0.24946701350612555,0.0,0,0,0.0,0,0,0.0,0.0,0.0,0.0,0.0,0.0,0.0,1.0,1.0,0.5305875892247681,2047.421249829657,11.776852018007643,10.7373057978402,9.787315375340569,22.51415781584784
19.73649224225276,0.9981805050964376,1.1748993292418783,6.173754556943431,0.00012054696618023377,0.0,0.0,0.0,0.0,0.0,0.0,0.0,0.0,3.0197024548194875,1421382272.0737593,3138.8489114456884,10.391833939630066,2.5312953622505807,100.0,IMRPhenomXP,20.0,45.34257490161198,22.691931377552713,22.65064352405927,2.0275183678583284,3.2173092851298613,0.038017267181237546,(4.409181356716889+0.5216575826692647j),4.634363312328274,(4.582711288400621-0.7242570833029052j),3.614579099121264,(0.6762030439215573+0.5077815017272385j),1.3076023195882396,0.24999979271290723,0.0,0,0,0.0,0,0,0.0,0.0,0.0,0.0,0.0,0.0,0.0,1.0,1.0,0.5313047971537139,2049.787158524365,14.818690191352463,14.791727660071828,12.888676558016156,29.61041785142429
19.37781886701836,0.5520989194170194,-0.20871041462385212,5.320297834481533,0.00021623713538791912,0.0,0.0,0.0,0.0,0.0,0.0,0.0,0.0,1.314227957423724,1421382272.046224,3392.6987083693616,10.409228975144085,3.462216823704109,100.0,IMRPhenomXP,20.0,46.90272004563152,30.21889871764652,16.683821327984997,1.0681034068797102,3.7341900339830927,0.07116754365935973,(3.8392537537105276+0.331254436717718j),2.6359863421648533,(4.831359190765557-0.0831659472901428j),4.585104576876331,(1.0499837156652438+0.5850305208814163j),0.9888362481982824,0.22918073294885571,0.0,0,0,0.0,0,0,0.0,0.0,0.0,0.0,0.0,0.0,0.0,1.0,1.0,0.5667484320959241,2165.439353287428,19.28765211988824,10.64869189348168,12.36817504970827,29.93634401336992
19.16160583476634,0.7190880947312479,-0.3586120799300602,5.80964629220615,0.0002049407693615562,0.0,0.0,0.0,0.0,0.0,0.0,0.0,0.0,1.2855503952570995,1421382272.0518074,2804.8398285025396,10.427874255396237,3.418428104896038,100.0,IMRPhenomXP,20.0,44.74251602394572,26.026889582375066,18.715626441570652,1.0792355668807838,3.30284246590237,0.028564795120561648,(4.401174893383992-0.4303970568510104j),2.7192542457684223,(4.78333955142992-0.2891831611679737j),4.5413373916997815,(1.0933040188314909-0.045428625791954384j),1.8879855820005305,0.2433244964075849,0.0,0,0,0.0,0,0,0.0,0.0,0.0,0.0,0.0,0.0,0.0,1.0,1.0,0.48368420972028753,1890.456080192321,17.542068192045935,12.614292393863938,12.9148815558122,30.156360585909873
19.1686133772698,0.9019538839101062,0.26016933790720015,4.899581427243317,-0.00017704974568938096,0.0,0.0,0.0,0.0,0.0,0.0,0.0,0.0,4.917477435683662,1421382272.0500767,3192.272168886954,10.432808310705463,3.4499239417089083,100.0,IMRPhenomXP,20.0,44.108275362177004,23.19103303992713,20.917242322249873,1.6272237434661116,3.3881184227188577,0.0011780617978105479,(3.823174117720342+1.7526742721582051j),3.2271487415557574,(4.756178172094808+0.17454916265097853j),4.46712368999173,(0.8658788491337779+0.7713123113945536j),0.8505737074313595,0.2493356440440381,0.0,0,0,0.0,0,0,0.0,0.0,0.0,0.0,0.0,0.0,0.0,1.0,1.0,0.5388150191269226,2074.5002572195035,15.070708793240804,13.593084329341734,12.456736605121968,28.663793122582536
19.555354167792586,0.8184983488114537,-0.22656197946377538,5.356139571751067,-5.7549570467055485e-05,0.0,0.0,0.0,0.0,0.0,0.0,0.0,0.0,1.7728882483729365,1421382272.04767,3225.6847260244353,10.438095626025225,3.45826904150758,100.0,IMRPhenomXP,20.0,45.1970921613538,24.85407379714918,20.34301836420462,1.3845448702583552,3.757036503766293,0.05608487621859126,(4.324866936506358+1.0603180941160932j),2.834959297736415,(4.62419482910007+0.21246306215065125j),5.014692299170469,(0.577680956986398-0.22391477496583442j),1.1178444754711998,0.24750956421992837,0.0,0,0,0.0,0,0,0.0,0.0,0.0,0.0,0.0,0.0,0.0,1.0,1.0,0.5434980278782027,2089.853483942896,16.102433140983848,13.179814937742108,12.669503824811947,29.282248078725956
18.42385542693453,0.8911971982508546,0.2687426217759245,4.863175486374821,-8.313242945408886e-05,0.0,0.0,0.0,0.0,0.0,0.0,0.0,0.0,5.049444804469577,1421382272.0503428,3587.869168191742,10.457670043465836,3.4476022935696173,100.0,IMRPhenomXP,20.0,42.41118513364002,22.425575277324654,19.985609856315364,1.697801674841985,3.4421308369219226,-0.009363818597912021,(3.9499874475069463+1.738484058793183j),2.78615481122552,(4.715989914402867-0.9302140798014011j),3.8206146260817637,(1.7628880044423318-0.3606820201115175j),0.78567836566391,0.24917254090311944,0.0,0,0,0.0,0,0,0.0,0.0,0.0,0.0,0.0,0.0,0.0,1.0,1.0,0.5936011748377017,2251.422269578262,14.072263268511055,12.541161597945466,11.561145735733337,26.613424866456523
19.926473045086937,0.9427235313648001,-0.3886113935859788,5.779496073549357,-0.00010800850539533242,0.0,0.0,0.0,0.0,0.0,0.0,0.0,0.0,4.292050776068764,1421382272.0508845,3781.538095622987,10.468603921083709,3.4066666336889417,100.0,IMRPhenomXP,20.0,45.802905492481386,23.576646266442232,22.22625922603915,1.3053460456421577,3.589207162107246,0.1768948870846767,(4.380857032127387+1.058454589119348j),2.2269726320127416,(4.855066484034497-0.017123889780801475j),3.6433628818856194,(0.7737523764878691-0.5795473418576549j),1.4616975901091316,0.2497826946217853,0.0,0,0,0.0,0,0,0.0,0.0,0.0,0.0,0.0,0.0,0.0,1.0,1.0,0.6199309748100617,2334.38225483464,14.554105473047464,13.72049770740707,12.300816118059187,28.274603180454537
19.465487429685805,0.8922951051670454,0.18418626014472195,4.917922468197734,-0.00024146199619490098,0.0,0.0,0.0,0.0,0.0,0.0,0.0,0.0,5.014235789025449,1421382272.0489266,4626.791188609949,10.474068084978416,3.467097754467244,100.0,IMRPhenomXP,20.0,44.807097892937776,23.678705171613473,21.128392721324303,1.6823222403791922,3.6504734851052003,0.010211232853666985,(4.083457380254607+1.521773792427249j),2.335469432056712,(4.722089969653348-0.9057700574257627j),3.2848853165879426,(1.0147604820909+0.7969084467812516j),0.5901653579998033,0.24919009671827458,0.0,0,0,0.0,0,0,0.0,0.0,0.0,0.0,0.0,0.0,0.0,1.0,1.0,0.7316253206531619,2671.9355126359187,13.674265956495693,12.201480579733472,11.241165855869735,25.875746536229165
18.722075361447246,0.5768823718906994,-0.3671485014000973,5.955245550011316,-0.00010185285902028019,0.0,0.0,0.0,0.0,0.0,0.0,0.0,0.0,0.9725575784567173,1421382272.0537374,3171.3680602221125,10.475009184135345,3.415186847555291,100.0,IMRPhenomXP,20.0,44.98428126789732,28.527353764479383,16.456927503417937,0.9298860517931642,2.951380970435043,-0.013086383231533327,(4.064149832134805+1.5456822567984427j),2.382151697954443,(4.630378486036041+1.0198552652475317j),3.543410642392424,(1.4690384785517105+0.15535979298542282j),1.7531833922418827,0.23200036695778584,0.0,0,0,0.0,0,0,0.0,0.0,0.0,0.0,0.0,0.0,0.0,1.0,1.0,0.5358796611675609,2064.854525119726,18.573951127650954,10.714984981901212,12.18980616438068,29.288936109552168
17.635930478159146,0.8883241535614115,0.43063195132744164,4.866768950638386,0.00022796535112133877,0.0,0.0,0.0,0.0,0.0,0.0,0.0,0.0,5.3984604492190025,1421382272.0538106,4007.153221295584,10.511443286671048,3.3884188942237836,100.0,IMRPhenomXP,20.0,40.601993148049516,21.501601338665008,19.100391809384504,1.407887677098234,2.7610439279970267,-0.012215505627998446,(4.313125765419393-0.2443509423022386j),2.192686656294651,(4.486487600908396-1.126885494122092j),2.9057978613482494,(1.5881178994732732+0.9584331133589614j),0.6988252548958208,0.24912560952529655,0.0,0,0,0.0,0,0,0.0,0.0,0.0,0.0,0.0,0.0,0.0,1.0,1.0,0.6502337006971751,2428.233782957037,13.029428092264276,11.574355681449939,10.686929051750965,24.603783773714216
19.449513047892598,0.6291404944421896,1.0825804409183672,4.86677788207875,0.00022707288005400546,0.0,0.0,0.0,0.0,0.0,0.0,0.0,0.0,4.705866909811032,1421382272.065282,2810.4118262952416,10.518805359851385,2.727112961652465,100.0,IMRPhenomXP,20.0,46.13286169537657,28.317300964992747,17.81556073038383,1.175753687632013,2.474454642217519,0.05850895372588516,(4.136854085340193+1.037535241050189j),3.1414684702558318,(4.37739386408511-2.0689658864444405j),2.8793274802969977,(2.414643452373661+0.5952766828712688j),1.778079938160493,0.2370448704263672,0.0,0,0,0.0,0,0,0.0,0.0,0.0,0.0,0.0,0.0,0.0,1.0,1.0,0.4844885322070535,1893.1852848548908,19.075459561073323,12.001144059965664,13.101827751391358,31.076603621038984
18.4148759288341,0.5131660103811463,0.9247526194774117,5.038598145165124,-0.00024198766577760886,0.0,0.0,0.0,0.0,0.0,0.0,0.0,0.0,2.1820618244295646,1421382272.0635736,1835.6575029799276,10.565514955568752,2.9767123756886695,100.0,IMRPhenomXP,20.0,45.17289873972048,29.85323383542169,15.319664904298795,0.9849253383472769,2.3417213755237167,-0.0351896796543254,(4.216076537979494-0.767310590532969j),4.607680538765262,(4.22158528250739-0.331521669194337j),4.60402220535219,(2.519125157474865+0.17143091546987416j),2.1327018298013223,0.2241221233711949,0.0,0,0,0.0,0,0,0.0,0.0,0.0,0.0,0.0,0.0,0.0,1.0,1.0,0.3375737760397989,1372.3785143042492,22.318943724965358,11.453323307261792,13.767372132067107,33.77226703222715
19.362631567877852,0.733933227901298,-0.2655800789321894,5.307118481390163,-0.00020455752553934329,0.0,0.0,0.0,0.0,0.0,0.0,0.0,0.0,4.627527538081108,1421382272.0462258,3917.718350618652,10.577358179181163,3.448467896396365,100.0,IMRPhenomXP,20.0,45.124177059573306,26.024172288450973,19.100004771122332,1.4813190969612196,3.7322779550192706,0.046528597292926355,(3.952996400591529+1.8142412542546564j),2.5399284503335045,(4.820141045656229-0.29550857927755136j),4.227215566680087,(1.0142508620114017+0.7941844753989306j),0.9422250910568386,0.24411350808420487,0.0,0,0,0.0,0,0,0.0,0.0,0.0,0.0,0.0,0.0,0.0,1.0,1.0,0.6382674816398528,2391.378948710071,15.885179056598021,11.658660740799082,11.818968382682224,27.5438397973971
18.088145021825945,0.8879678920408097,0.2301948717280203,4.954417892454778,7.025515082828993e-05,0.0,0.0,0.0,0.0,0.0,0.0,0.0,0.0,5.229489184850167,1421382272.0506604,3354.530546886031,10.585346043928059,3.457424634534262,100.0,IMRPhenomXP,20.0,41.64368941806553,22.057414002443938,19.586275415621582,1.5941163934595686,3.4023443818618233,-0.005015085103981076,(4.200384013436958+1.1252750730963896j),2.9255577490721865,(4.6676335469463215+0.30201806962159616j),4.140560345850636,(0.7758138752847947+1.4674959782969497j),0.6941227053571077,0.24911968963461767,0.0,0,0,0.0,0,0,0.0,0.0,0.0,0.0,0.0,0.0,0.0,1.0,1.0,0.5614576660095342,2148.3326811362026,14.126168440297157,12.543584012544079,11.584140521754946,26.669752452841237
19.373190138283917,0.817239212743109,0.33053638379938494,4.877379389641434,2.0356061443472238e-05,0.0,0.0,0.0,0.0,0.0,0.0,0.0,0.0,2.012204249366554,1421382272.0512707,4311.10061082127,10.598729022808943,3.4285049908841385,100.0,IMRPhenomXP,20.0,44.78021168628178,24.64189159702667,20.13832008925511,1.5440208139732539,3.4717230514786905,0.008977054804307327,(4.320581623513625+0.7345119881744132j),2.3155694318393842,(4.580690955221674-1.227247329496638j),3.1468989812032966,(1.1312868373203733+0.5467100004777122j),0.6607978431171938,0.24747139000718063,0.0,0,0,0.0,0,0,0.0,0.0,0.0,0.0,0.0,0.0,0.0,1.0,1.0,0.6904755963887155,2550.2294335063875,14.57689874356542,11.91281325342742,11.46020101069188,26.48971199699284
14.830857344134815,0.643871854905306,0.9595301296644743,4.986341795023258,-3.326157078467742e-05,0.0,0.0,0.0,0.0,0.0,0.0,0.0,0.0,2.2378926519851796,1421382272.0659003,2468.864261574335,10.599986932479652,2.928865140392345,100.0,IMRPhenomXP,20.0,35.069384561796575,21.333405312068393,13.735979249728183,1.5145797191334776,1.4446849431913753,-0.007428193934530647,(4.561293411286395+1.210330325394946j),2.9321137715175807,(4.2974839478354365+1.1058625744595756j),2.89123473480444,(1.4308863502435454+0.48051388457871536j),1.4521083457974289,0.23826679430734973,0.0,0,0,0.0,0,0,0.0,0.0,0.0,0.0,0.0,0.0,0.0,1.0,1.0,0.4345040421394031,1721.0577245556863,14.871624397971019,9.575420386576603,10.338665426147035,24.44704478454762
17.269836614901713,0.5887782643859903,-0.18341741031936712,5.282086045671443,-9.02507577394904e-05,0.0,0.0,0.0,0.0,0.0,0.0,0.0,0.0,1.8775421428127068,1421382272.0476792,3907.2751700894564,10.636146146982274,3.467240683651066,100.0,IMRPhenomXP,20.0,41.361198552675475,26.033336104745988,15.327862447929482,1.161071460882459,3.2223612388931384,0.02298596481362636,(4.250103833769661+0.475577481812861j),2.166301467734324,(4.67730674163282+0.05649004975063679j),3.715876060588832,(1.614063712272547+0.4322065296779438j),0.7538764964763675,0.23325189971585075,0.0,0,0,0.0,0,0,0.0,0.0,0.0,0.0,0.0,0.0,0.0,1.0,1.0,0.6368663204834649,2387.045968296669,15.904375194827626,9.364150423354207,10.550547957881431,25.268525618181837
19.537232882362865,0.6191200011043381,-0.26355400739246027,5.288352120546807,-2.335744123592578e-05,0.0,0.0,0.0,0.0,0.0,0.0,0.0,0.0,4.62729527525369,1421382272.0455961,3863.519554118383,10.65449180965545,3.449016795372313,100.0,IMRPhenomXP,20.0,46.44436162054942,28.684940948707663,17.75942067184176,1.3367149084457388,3.7987185752391976,0.08146295463817976,(4.167329353906817+0.6544438365633859j),2.5955292615801118,(4.447767727823015-1.8819041227203583j),4.269885085298027,(1.6389369747944063-0.0133036254382132j),0.9439092334876371,0.23616566564509187,0.0,0,0,0.0,0,0,0.0,0.0,0.0,0.0,0.0,0.0,0.0,1.0,1.0,0.6309866948456768,2368.82345691541,17.587476979033124,10.888758766681507,11.978781276453924,28.47623574571463
19.671333654855612,0.5731130707722103,-0.30201066579044145,5.43835059111735,-0.0001595656180726971,0.0,0.0,0.0,0.0,0.0,0.0,0.0,0.0,1.4158992871415594,1421382272.0469086,3616.3581559986064,10.663874148706366,3.4378409832818964,100.0,IMRPhenomXP,20.0,47.31529413090601,30.077490938194202,17.23780319271181,1.0948148391974746,3.707205137244504,0.1257856323783324,(4.30697938321155+0.29887227448366693j),2.436352553150882,(4.701832939324738-1.0238722403548353j),4.267107415619991,(1.1342237992221402+1.0769124707621305j),1.1184336672351698,0.23159033675244875,0.0,0,0,0.0,0,0,0.0,0.0,0.0,0.0,0.0,0.0,0.0,1.0,1.0,0.5974935760561317,2263.7700717906555,18.82792606430948,10.790530522988544,12.313873401243908,29.618456587298024
19.992969956348098,0.575643036816156,0.08741908723440645,0.3012636368773364,-0.00013787294074465647,0.0,0.0,0.0,0.0,0.0,0.0,0.0,0.0,3.4586700581756182,1421382272.0684211,3759.945603495328,10.689018472697601,3.4803309016048285,100.0,IMRPhenomXP,20.0,48.05457729811995,30.498390926933595,17.556186371186353,1.3275130560307336,2.629973892606457,0.25155243945605577,(3.6783120951538524+2.265961164845443j),3.0009359730548804,(4.759436332972164+0.5979898221990493j),2.355255798470753,(1.7608657728815242+0.1814588889976488j),1.3500145814285676,0.23186627583861397,0.0,0,0,0.0,0,0,0.0,0.0,0.0,0.0,0.0,0.0,0.0,1.0,1.0,0.6170103667147477,2325.2452108007315,18.8609742737127,10.85718850823137,12.364156945367935,29.718162781944073
18.057213202686427,0.6745978537928223,-0.4095443068257095,5.797445852920864,5.6244920110269225e-05,0.0,0.0,0.0,0.0,0.0,0.0,0.0,0.0,4.351012352758525,1421382272.0514925,2890.851688312564,10.70216807761215,3.3978387051954897,100.0,IMRPhenomXP,20.0,42.453782348621765,25.35162830435232,17.102154044269444,1.1543910727077789,3.3405903480755548,0.028364610301814697,(3.950901937527727+2.054186482792443j),2.720616314677298,(4.791561326837384+0.2667383880098159j),4.319860631198991,(1.5430805675081678+0.013771165632952095j),1.7874896206219075,0.24056026561772548,0.0,0,0,0.0,0,0,0.0,0.0,0.0,0.0,0.0,0.0,0.0,1.0,1.0,0.4960613494876413,1932.3082437638966,16.945580682927567,11.431452359976044,12.069834708897808,28.37703304290361
17.990669784076776,0.9680702287512983,0.17296190035655093,4.933811035023482,-1.5550420434732004e-05,0.0,0.0,0.0,0.0,0.0,0.0,0.0,0.0,5.260400087840741,1421382272.0495293,2976.2068798753908,10.710045604248759,3.4691237371636747,100.0,IMRPhenomXP,20.0,41.33823441920315,21.00445086526787,20.333783553935273,1.6573501704312799,3.3786673645870735,-0.003769337380540083,(4.262263621101178+0.7333205464838312j),3.4140838621655396,(4.591632355159772-1.2419897559874935j),4.839927459112267,(1.5489896279546427+0.7427785745902167j),0.8431213113495112,0.24993419628094576,0.0,0,0,0.0,0,0,0.0,0.0,0.0,0.0,0.0,0.0,0.0,1.0,1.0,0.508263978656401,1973.2665443107817,13.926243126206034,13.48158136883247,11.928064343287778,27.407824495038508
18.954094873198045,0.9033314033377781,-0.19090347311946626,5.233671219610249,8.174047426475899e-05,0.0,0.0,0.0,0.0,0.0,0.0,0.0,0.0,1.8760356790359038,1421382272.0465248,3861.0554891568186,10.84976859492782,3.465822989785708,100.0,IMRPhenomXP,20.0,43.61261031096825,22.913829002393896,20.698781308574357,1.5749476548330765,3.3884622094963133,0.008738850153304667,(4.227856542184591-0.6887088670689243j),2.6053720468519606,(4.134235982553014-2.301970866479146j),4.290107080405411,(0.5647756575822008-2.3888500391053262j),0.8439776065014463,0.24935511539354688,0.0,0,0,0.0,0,0,0.0,0.0,0.0,0.0,0.0,0.0,0.0,1.0,1.0,0.6306551563354168,2367.793993311369,14.0519158286589,12.693536845086781,11.62360711248951,26.745452673745678
19.445538689499408,0.5269518207399876,1.0472910769819048,4.957539974451469,0.00018802735655405923,0.0,0.0,0.0,0.0,0.0,0.0,0.0,0.0,4.887951244971783,1421382272.0648339,3151.468673385465,10.89564022395628,2.7908476372880573,100.0,IMRPhenomXP,20.0,47.46219660728295,31.082969326616958,16.37922728066599,1.0197778331118599,2.5043994168383046,0.10564246763790441,(4.264447932895555+0.39429939174880924j),2.810788208160159,(4.445685869033701-1.4289195612962868j),2.625979603601722,(2.209061156486846+1.005775848578557j),1.4810222918048273,0.22600614163868435,0.0,0,0,0.0,0,0,0.0,0.0,0.0,0.0,0.0,0.0,0.0,1.0,1.0,0.533081408045103,2055.6433907456294,20.274832871564314,10.683860096869765,12.68395702110512,30.95869296843408
18.389320967337444,0.8355860171371385,-0.36634434027152185,5.975788637511698,0.0001019375679359227,0.0,0.0,0.0,0.0,0.0,0.0,0.0,0.0,1.3828685363695128,1421382272.054868,2772.6367423914176,11.000121043387724,3.4154957458275597,100.0,IMRPhenomXP,20.0,42.45224711923203,23.127353729487673,19.32489338974435,1.252035681314121,3.1169927403930577,0.0021664213249428244,(4.386753368945943+0.6945423722211215j),2.798559841190343,(4.7603594548675465-0.4773444651402006j),4.095979739510578,(1.320828528009995+0.8426409446036253j),2.04219285595615,0.24799429051924202,0.0,0,0,0.0,0,0,0.0,0.0,0.0,0.0,0.0,0.0,0.0,1.0,1.0,0.47902875480877755,1874.6334162143958,15.63685199107423,13.06593487578465,12.433376232577023,28.702786866858883
17.780499546411747,0.895002785400427,-0.3391185949345489,5.812874702174092,0.0001720499746618469,0.0,0.0,0.0,0.0,0.0,0.0,0.0,0.0,1.6213736510495529,1421382272.0529718,2938.1815292651877,11.023651021440887,3.425518981274469,100.0,IMRPhenomXP,20.0,40.92428961402193,21.59589945160653,19.3283901624154,1.0530302957210287,2.9508048937337064,0.0855969181583669,(4.297391588680385-1.2423023304857874j),2.393014016231642,(4.687972051759055-0.36058307781478033j),4.089504468260599,(1.8750901834147273+0.18236318446367533j),1.6938775897928824,0.2492325044614794,0.0,0,0,0.0,0,0,0.0,0.0,0.0,0.0,0.0,0.0,0.0,1.0,1.0,0.5028374341449741,1955.0893989308697,14.370083523966333,12.861264780386652,11.831286034292726,27.231348304352984
19.745823745179433,0.6126660104702011,1.0417456327904975,4.977373682032593,-0.00011907107276843608,0.0,0.0,0.0,0.0,0.0,0.0,0.0,0.0,4.669064163833276,1421382272.0646644,2175.3127030760616,11.031373644527637,2.8003935703624467,100.0,IMRPhenomXP,20.0,47.01043857824859,29.150759222947762,17.859679355300823,1.2295443478133343,2.6107633405129897,0.11200021114155234,(3.983492040197013+1.238337024271888j),4.249174500488371,(4.760913943413977+0.2140321395363343j),3.980209270567493,(1.5571925643646447+1.9002523068055421j),2.180414273550573,0.23557810392557418,0.0,0,0,0.0,0,0,0.0,0.0,0.0,0.0,0.0,0.0,0.0,1.0,1.0,0.3903265420291131,1564.6056047550326,20.966843645524932,12.845672448456247,14.20229215818708,33.81251609398118
18.484379825669517,0.9137654376767406,-0.34035318389794217,5.952950259948534,-0.00015208734012088352,0.0,0.0,0.0,0.0,0.0,0.0,0.0,0.0,1.3438643142421733,1421382272.0546052,2616.3939557554286,11.042302766023674,3.4250826284011158,100.0,IMRPhenomXP,20.0,42.517771744264685,22.21681450987019,20.300957234394495,1.2068252461227784,3.0962682401906427,0.0004474815724981873,(4.498169140232423-0.6979351588601763j),2.861924452521968,(4.777014773599028-0.3445118941329194j),4.36016070278025,(1.3496015057649986-0.3543316342943882j),2.122742684387003,0.2494923956659078,0.0,0,0,0.0,0,0,0.0,0.0,0.0,0.0,0.0,0.0,0.0,1.0,1.0,0.45626931462888276,1796.6415372030187,15.255979293590999,13.94038659639547,12.692968010783154,29.196365889986467
19.473720091418222,0.7770723502485993,0.9437262070173531,4.955545528501214,-6.695158129834051e-05,0.0,0.0,0.0,0.0,0.0,0.0,0.0,0.0,5.0392639503825,1421382272.0636032,2118.590438521352,11.073739422783438,2.9510426634137668,100.0,IMRPhenomXP,20.0,45.166681301034735,25.416343512809846,19.750337788224886,1.3361581184719968,2.6625693187862227,0.0167401939177223,(4.2240754019892535+1.3412312564372413j),4.211184595015359,(4.418017209460841+0.7910390870185783j),4.197721317203775,(2.1407188315115566-0.9501495913380192j),2.1098378571382814,0.24606578885627473,0.0,0,0,0.0,0,0,0.0,0.0,0.0,0.0,0.0,0.0,0.0,1.0,1.0,0.3816460819919184,1533.381429032279,18.39569759874187,14.294787967516857,14.094579172795807,32.69048556625873
17.708604218384245,0.8841836385407562,-0.39461366492493555,5.790798777154558,-0.00020027059306790328,0.0,0.0,0.0,0.0,0.0,0.0,0.0,0.0,1.4301253443000956,1421382272.0520918,3146.0009502210846,11.103051911402204,3.4041880400942697,100.0,IMRPhenomXP,20.0,40.77619721669175,21.6413073453242,19.134889871367545,1.1966400096763703,2.951527846701473,0.09671982008039315,(4.137911743992408+1.6838057112625622j),2.4517192626890525,(4.660166072001459+0.41526400154380894j),3.970390444034696,(1.8414017419748046+0.28288176308758683j),1.61517014926012,0.24905543165784394,0.0,0,0,0.0,0,0,0.0,0.0,0.0,0.0,0.0,0.0,0.0,1.0,1.0,0.5323118576709597,2053.1074974782887,14.1233047548284,12.487594986344137,11.556788606531097,26.61089974117254
18.40659833966656,0.6716957888081142,-0.18020112709607264,5.303297092928145,2.3649589572713014e-05,0.0,0.0,0.0,0.0,0.0,0.0,0.0,0.0,1.6318604120123128,1421382272.0473604,3091.274609692319,11.106456396508062,3.4678319635165016,100.0,IMRPhenomXP,20.0,43.29708500304825,25.90009814759312,17.39698685545514,1.340700101733204,3.5649057891127907,0.01711421885739195,(4.102755378490181+0.303580553314446j),2.8343335797219744,(4.749317578237523+0.4340906412159803j),4.951897831212764,(1.672867828158351+0.9867883716844958j),1.009828133872191,0.24035774930408343,0.0,0,0,0.0,0,0,0.0,0.0,0.0,0.0,0.0,0.0,0.0,1.0,1.0,0.5245930248219999,2027.6064156365298,16.98820454108861,11.410905449660103,12.073122492355346,28.39910999074871
19.91673558393184,0.9718392696076734,-0.23357710474791707,5.410893807356061,-0.00019005580176719252,0.0,0.0,0.0,0.0,0.0,0.0,0.0,0.0,1.5667798865175155,1421382272.0478508,3468.6201453763324,11.112460770884692,3.456625974778138,100.0,IMRPhenomXP,20.0,45.76224323055257,23.207897284476765,22.554345946075806,1.3688714686372254,3.787565059551298,0.09026464453755123,(4.39882880454122+0.514826272010668j),2.524802937280825,(4.668702783228908+0.732601378443199j),4.630043632407385,(1.2918008671910846+0.21750959894760843j),1.094865751168891,0.24994901002309716,0.0,0,0,0.0,0,0,0.0,0.0,0.0,0.0,0.0,0.0,0.0,1.0,1.0,0.5772336200549586,2199.1796798468963,14.714305470909304,14.29993988163269,12.627638246284556,29.014245352541995
18.543638593993613,0.5831103778123692,0.9876145116243787,4.990221261491648,-0.0002197060751940975,0.0,0.0,0.0,0.0,0.0,0.0,0.0,0.0,5.036746287838734,1421382272.0645328,3238.0534134312215,11.140637190975685,2.8875601978204974,100.0,IMRPhenomXP,20.0,44.479298282494504,28.096144719838485,16.38315356265602,1.130364850251122,2.3204745175897488,-0.04987657995848882,(4.207281260633222+1.0112630959433055j),2.6608699120865347,(4.417233723150958+0.5408442080262281j),2.5731090971636745,(2.1056257781026337+1.3166184130666367j),1.329153082414459,0.23266356541053212,0.0,0,0,0.0,0,0,0.0,0.0,0.0,0.0,0.0,0.0,0.0,1.0,1.0,0.5452288640920256,2095.5170349783452,18.18251352452424,10.60241233086384,12.000577406305329,28.784925855388078
19.76034482095497,0.7725739613434226,1.0284269337304808,4.9968452899888245,3.93365832875353e-05,0.0,0.0,0.0,0.0,0.0,0.0,0.0,0.0,1.9048922144564138,1421382272.0648994,2187.1368960867603,11.163748199120587,2.822831508245983,100.0,IMRPhenomXP,20.0,45.85172903218298,25.86731500751159,19.984414024671395,1.4302003745413687,2.712963068914582,0.06754768923782839,(4.223912807050733-0.6387105193390938j),4.3482683086314,(4.489205585333381-1.4206906473802672j),4.101985950116558,(2.0863741653091687+1.2971655806058218j),2.167642732067596,0.24588460380580968,0.0,0,0,0.0,0,0,0.0,0.0,0.0,0.0,0.0,0.0,0.0,1.0,1.0,0.3921299027483292,1571.0724192773857,18.581107234637077,14.355279622410496,14.19432538726759,32.93638685704757
17.924543788359816,0.5580796132078487,-0.2303464703377034,5.284489284480841,0.00010555555521213399,0.0,0.0,0.0,0.0,0.0,0.0,0.0,0.0,4.682306947718078,1421382272.0467503,3716.020455534079,11.168031701976204,3.457389095440319,100.0,IMRPhenomXP,20.0,43.3049947438042,27.79382669326236,15.511168050541839,1.249440756526245,3.6910274296948353,0.01902852043511727,(3.472621340856748+2.6071489323036126j),2.4226879801937957,(4.709825946712506+1.0128060163232329j),4.057335201391394,(1.4374868976595343+1.2926290244831993j),0.869894286563815,0.22988829951627582,0.0,0,0,0.0,0,0,0.0,0.0,0.0,0.0,0.0,0.0,0.0,1.0,1.0,0.6110576314679669,2306.572024906208,17.251913370682537,9.627941141005824,11.125948220751912,26.879854511688364
18.84337059553578,0.5830332775608691,1.0354063432389262,4.904985584304409,-0.00022891639261223614,0.0,0.0,0.0,0.0,0.0,0.0,0.0,0.0,4.75522215690938,1421382272.0648904,2303.292896265407,11.216230143203777,2.8111582749389648,100.0,IMRPhenomXP,20.0,45.199188409796754,28.552266746684865,16.64692166311189,1.0928471725670965,2.2865605490267447,-0.03894100514977783,(3.6792327506929134+2.28688917654629j),3.682288015307993,(4.661445115624525+0.3840385407632809j),3.4718982950846713,(2.2953130372675297+0.8199054970979296j),2.022326607686083,0.23265546298259165,0.0,0,0,0.0,0,0,0.0,0.0,0.0,0.0,0.0,0.0,0.0,1.0,1.0,0.40973592519129587,1633.8470553096324,20.253627815301954,11.808539007653483,13.366596011929543,32.06216682295543
18.8431150414171,0.7993596684502329,1.0201463551592245,4.967692538994132,-1.14195606668139e-05,0.0,0.0,0.0,0.0,0.0,0.0,0.0,0.0,5.150999385505918,1421382272.0651057,2268.895771044961,11.238322645449712,2.836444158346519,100.0,IMRPhenomXP,20.0,43.61631176193288,24.23990741078413,19.376404351148746,1.372533423189899,2.3466433544549847,-0.06090408115462442,(4.283723603220778-0.5340640027608899j),3.969948149721676,(4.3866336153947945-1.401027367337999j),3.772607959653284,(2.2470466140661447+0.8736299572662982j),2.025613711421707,0.2468915741018546,0.0,0,0,0.0,0,0,0.0,0.0,0.0,0.0,0.0,0.0,0.0,1.0,1.0,0.40454267233835556,1615.3982435838334,17.258220692168983,13.79552557053315,13.415836636736785,31.053746262702134
18.98435571824524,0.5413159796132649,-0.18118822643571117,5.272693061863358,-0.0001510610573159112,0.0,0.0,0.0,0.0,0.0,0.0,0.0,0.0,1.6235235042974079,1421382272.0467765,4037.001407747431,11.24064451090231,3.4676516329887486,100.0,IMRPhenomXP,20.0,46.11002646254878,29.91601142947882,16.19401503306996,1.1094951308166623,3.655821994747738,0.03733613309148476,(4.082523322185468+1.3705654819269761j),2.249251231166306,(4.687567172741789+0.37798990704110086j),3.827084336961799,(1.703835902405098-0.5657450889177571j),0.7745270248473018,0.22785968132222778,0.0,0,0,0.0,0,0,0.0,0.0,0.0,0.0,0.0,0.0,0.0,1.0,1.0,0.654214284658042,2440.4343873961247,18.084725604738104,9.789550956765902,11.476358228988254,27.874276561504008
14.920042533070035,0.9195287000003398,1.1669956818462826,5.545706876558637,5.346641090276332e-05,0.0,0.0,0.0,0.0,0.0,0.0,0.0,0.0,3.0739158423662376,1421382272.072728,1999.2323783438235,11.241311447262108,2.5499977708307027,100.0,IMRPhenomXP,20.0,34.31345268325286,17.87597793314931,16.437474750103547,2.0261400606160462,1.7133426245015189,-0.009083632838571498,(4.74243802680893+0.701495558318753j),4.917402028897579,(4.230411566818648+0.028855295017841027j),4.135916066515934,(1.6030616320358824-0.42051281666701334j),1.8458019176486673,0.24956062754826888,0.0,0,0,0.0,0,0,0.0,0.0,0.0,0.0,0.0,0.0,0.0,1.0,1.0,0.3632156853599257,1466.5561699183625,13.113095840317866,12.05786797102735,10.944740948407398,25.17096381134522
19.908468155497605,0.8962477592470318,0.8948099577139402,5.052489789229478,-0.0001720125449498064,0.0,0.0,0.0,0.0,0.0,0.0,0.0,0.0,5.440789793657871,1421382272.062903,3829.629866062256,11.24305354718091,3.0152199528235712,100.0,IMRPhenomXP,20.0,45.82000073202097,24.16350949319794,21.656491238823033,1.49939538491551,2.880045714017524,0.0596451870485728,(3.469644243854443-2.6289002117219216j),2.486012950500354,(4.07963454336585-1.4844294656647774j),2.5255900609706603,(2.1758084776640243-1.2516000010754516j),1.0862000295956251,0.24925158097732716,0.0,0,0,0.0,0,0,0.0,0.0,0.0,0.0,0.0,0.0,0.0,1.0,1.0,0.6264227623578819,2354.633724353949,14.856844144364565,13.315413273869126,12.240647767764639,28.17225741823369
18.969769990160778,0.6795472993916143,0.9909551409549808,5.0073928458960895,-0.00016775051734360625,0.0,0.0,0.0,0.0,0.0,0.0,0.0,0.0,2.07134326338839,1421382272.0647252,1862.9724129196943,11.262575294856092,2.8824780700208255,100.0,IMRPhenomXP,20.0,44.56161655453973,26.531921173450353,18.02969538108938,1.2976764309581696,2.452207101491732,-0.03612812029271151,(4.372168991809929-0.24599050266467037j),4.8456540982427905,(4.440650287718638-0.5507353311842332j),4.669933972942047,(2.235241867810613+1.0210789399428646j),2.369552477204478,0.24089911969263683,0.0,0,0,0.0,0,0,0.0,0.0,0.0,0.0,0.0,0.0,0.0,1.0,1.0,0.34188791187876033,1388.3219284881382,19.772084492737807,13.436066620382793,14.136627822812295,33.2081511131206
18.64213677783408,0.8746757607304658,0.986030600290061,4.947367908254236,0.00018724317135671356,0.0,0.0,0.0,0.0,0.0,0.0,0.0,0.0,5.257520601355767,1421382272.0648773,1752.5103715452626,11.263328962569625,2.889956931948351,100.0,IMRPhenomXP,20.0,42.94363789129259,22.90723483540409,20.0364030558885,1.416088086235388,2.3976243937112285,-0.06129066680275819,(4.450401710102612+0.7815533738474153j),4.991872631044053,(4.393911958608897-0.48585316452419536j),4.850033792420987,(2.129452654840318+0.006134608230788526j),2.566047850492666,0.24888273077923637,0.0,0,0,0.0,0,0,0.0,0.0,0.0,0.0,0.0,0.0,0.0,1.0,1.0,0.32435825010317304,1323.2902534870382,17.29685667274661,15.129141268480474,14.076354926155199,32.42599794122708
19.780659185527252,0.5797484880406287,0.9343287925687019,4.985758281163863,-0.00016509231121544137,0.0,0.0,0.0,0.0,0.0,0.0,0.0,0.0,1.694915182369986,1421382272.0627055,1742.7251180828973,11.343339509589267,2.963883960408558,100.0,IMRPhenomXP,20.0,47.490038700530825,30.06177189600162,17.428266804529205,1.1183172363023894,2.648870916814907,0.1076804730893004,(4.195812474810234+0.3039664359585323j),5.096951239612674,(4.5697774712234+0.45552985157923487j),5.090316801362582,(2.2520379491661227-1.0097067844064989j),2.488151600193245,0.2323077657419778,0.0,0,0,0.0,0,0,0.0,0.0,0.0,0.0,0.0,0.0,0.0,1.0,1.0,0.3227945503201592,1317.4571422381237,22.725956868151364,13.175339133587297,14.953689657051951,35.901296001738665
19.804211044741102,0.8045508681144767,-0.16021383686516522,5.250599652706909,6.877446666366026e-05,0.0,0.0,0.0,0.0,0.0,0.0,0.0,0.0,4.621255888098608,1421382272.0467086,3182.7054347837893,11.439900551554096,3.471267305336938,100.0,IMRPhenomXP,20.0,45.82140437170927,25.39213783404551,20.429266537663764,1.5120338843570051,3.813369576268032,0.059217900125835055,(3.8828142584122474+1.8313920004261064j),3.111389320883154,(4.615177403765217+1.3394890006313178j),5.253471001942785,(1.8760611924740669-1.321492429707911j),1.0083136075042642,0.24706728917210466,0.0,0,0,0.0,0,0,0.0,0.0,0.0,0.0,0.0,0.0,0.0,1.0,1.0,0.5374721837676395,2070.0897559562627,16.515510395655433,13.287568226178244,12.881020712979703,29.803078621833674
18.8493845484562,0.8222468275825475,-0.1973852626170933,5.258483489204833,-5.850554311399877e-05,0.0,0.0,0.0,0.0,0.0,0.0,0.0,0.0,1.8212596708671598,1421382272.0470934,4093.170776740225,11.52021083711107,3.464548529570787,100.0,IMRPhenomXP,20.0,43.55364371125437,23.901067106827707,19.65257660442666,1.5068133916340622,3.388747840596004,0.01246151259266215,(4.16912600171399+1.6132565120592848j),2.381126633767303,(4.6363358934675825-0.068025022500471j),3.9812428934018693,(2.0568796928631903-0.8833672545146375j),0.7999737100930069,0.24762118688639892,0.0,0,0,0.0,0,0,0.0,0.0,0.0,0.0,0.0,0.0,0.0,1.0,1.0,0.6616877007468543,2463.261141006196,14.383609565194016,11.826877334166765,11.343518123161315,26.21048689936078
19.42950861408683,0.7160620121115147,-0.19438961846604952,5.2526564776575455,-3.9476106560848266e-05,0.0,0.0,0.0,0.0,0.0,0.0,0.0,0.0,1.6044203697443025,1421382272.0463262,3084.719838587999,11.596934125486362,3.4651429617758858,100.0,IMRPhenomXP,20.0,45.38695108151693,26.448316413502404,18.93863466801453,1.4509648743400136,3.7666375377743044,0.046312900367606824,(4.18299414371209+0.7113752070381378j),3.2185086914589323,(4.791430839121173-0.6539523697743505j),5.361880683505465,(1.7184936794114682-1.5367077644438307j),1.074969294648354,0.24315582580784648,0.0,0,0,0.0,0,0,0.0,0.0,0.0,0.0,0.0,0.0,0.0,1.0,1.0,0.5236664971176255,2024.5374087075484,17.358336921849784,12.429645663169351,12.751811929213073,29.787982585019133
19.99721553018945,0.8178962644990921,-0.15846063648775321,5.264003897314621,0.00018830283941967944,0.0,0.0,0.0,0.0,0.0,0.0,0.0,0.0,1.682294114283823,1421382272.046709,2778.4203138302664,11.621023411495976,3.471549043851625,100.0,IMRPhenomXP,20.0,46.22037974793921,25.425202004403094,20.79517774353612,1.5240285162649867,3.811191568900856,0.07308159794514113,(4.18247941022104-0.6143906415299762j),3.5294425376157497,(4.697332641742534-1.052954368527591j),6.027604786766374,(1.2991119754120466-1.650651606920025j),1.1622400104244104,0.24749135318040083,0.0,0,0,0.0,0,0,0.0,0.0,0.0,0.0,0.0,0.0,0.0,1.0,1.0,0.47986573201046334,1877.4813404610616,17.180749208823038,14.052070599192094,13.512858023289954,31.232819808015133
19.82836666056741,0.602875210819317,0.9372197185879055,5.025729350268736,-0.0002173801333016296,0.0,0.0,0.0,0.0,0.0,0.0,0.0,0.0,1.7939083130765212,1421382272.0630221,2105.498667611946,11.64960143566027,2.959960514726691,100.0,IMRPhenomXP,20.0,47.31840967092293,29.520956685540046,17.797452985382883,1.195867689999706,2.706520771086824,0.10324551864894493,(4.20667927589837-0.18709102705689545j),4.345567270417925,(4.512411873872921+0.412125942389365j),4.31259957560349,(2.4917716166337094+0.10142353285978722j),2.037760971809842,0.23465402174606334,0.0,0,0,0.0,0,0,0.0,0.0,0.0,0.0,0.0,0.0,0.0,1.0,1.0,0.37963556200974263,1526.1267009782,21.397648406899776,12.900111794347325,14.372177121676273,34.2977602012471
19.836926984081572,0.7989211951472979,-0.22380333247573003,5.275197676939043,-0.00012206002321233847,0.0,0.0,0.0,0.0,0.0,0.0,0.0,0.0,4.6587703990248865,1421382272.0462239,2896.6411909888056,11.76811055056195,3.4589009585809256,100.0,IMRPhenomXP,20.0,45.918383985718776,25.525511684217452,20.392872301501324,1.5565700335814672,3.8234306840916705,0.0780368495625865,(4.090359363005971+1.5596244255967702j),3.5118328082787675,(4.842414909326163-0.16914119736492708j),5.859016866505573,(1.806119048147409-0.23342653220074233j),1.2245516628715458,0.24687645101101713,0.0,0,0,0.0,0,0,0.0,0.0,0.0,0.0,0.0,0.0,0.0,1.0,1.0,0.49689152194180275,1935.104271688165,17.05234568441216,13.62348039425543,13.252080523743393,30.67582607866759
19.00418381637579,0.8997615067651408,0.9723558257558692,4.983796998687562,7.164751122652041e-05,0.0,0.0,0.0,0.0,0.0,0.0,0.0,0.0,5.1770327360737705,1421382272.064277,2565.279964587169,11.78190249368987,2.910310954945282,100.0,IMRPhenomXP,20.0,43.733242392003625,23.020385578014647,20.712856813988974,1.4051376698696556,2.4195094976189093,-0.05047677464873357,(4.247965365806958-0.6331597690267291j),3.521953628626638,(4.49899027854637-0.6558419637040009j),3.441037582721869,(2.3587502332416896+0.01717353763151941j),1.734894363519358,0.2493039973376091,0.0,0,0,0.0,0,0,0.0,0.0,0.0,0.0,0.0,0.0,0.0,1.0,1.0,0.44875955908933857,1770.6733589506057,15.889721267816727,14.29695955000888,13.117555426741372,30.18668081782561
19.367660524320865,0.9251202939093937,-0.17725514512058643,5.265875338572982,-0.00024219217454559677,0.0,0.0,0.0,0.0,0.0,0.0,0.0,0.0,1.8235318018709907,1421382272.0471637,4484.8648201678725,11.812385303801705,3.468364172801752,100.0,IMRPhenomXP,20.0,44.535638804356395,23.13395113295319,21.401687671403206,1.5395076462604171,3.6604616456306536,0.02995041304636925,(4.404792227467962+0.6606464113556425j),2.171666519310893,(4.6982689188133095-0.3187828902516954j),3.6854758362101974,(1.7529715181457401-1.0327520036387114j),0.725926872448824,0.24962177300139002,0.0,0,0,0.0,0,0,0.0,0.0,0.0,0.0,0.0,0.0,0.0,1.0,1.0,0.7132031029895192,2617.8243763689457,13.503332496062328,12.492206927513447,11.30494130586416,25.995539423575774
19.406538108834656,0.8968679796999379,1.0090703992326429,4.913825636240549,-0.00020573380962311013,0.0,0.0,0.0,0.0,0.0,0.0,0.0,0.0,5.003253840129117,1421382272.0645847,2291.157085532648,11.829922062265553,2.8542617909083274,100.0,IMRPhenomXP,20.0,44.663780918347705,23.546067199369872,21.117713718977832,1.3956491007930465,2.5330448437707043,-0.009813740443692875,(4.37070658404887+0.591064746231518j),3.9038107054125653,(4.60582034542935-0.9768252746346643j),3.742008309330848,(2.222996156262241-0.6081222515417726j),2.0890242610734546,0.24926098568888438,0.0,0,0,0.0,0,0,0.0,0.0,0.0,0.0,0.0,0.0,0.0,1.0,1.0,0.4079055990262024,1627.351364561581,16.724180382303928,14.999381871614258,13.78397679663854,31.723562253918185
19.614756833606688,0.8480055077790521,-0.21554339257779606,5.279052583868673,3.217756185980075e-05,0.0,0.0,0.0,0.0,0.0,0.0,0.0,0.0,4.6496209003216,1421382272.0463562,3045.422274502628,11.838956773184403,3.460745219856455,100.0,IMRPhenomXP,20.0,45.246775859098754,24.484113098492163,20.762662760606588,1.5331215756496777,3.7868647042041452,0.05513570690755287,(4.068153779573035+1.112825945598062j),3.281071653143798,(4.844893794046791-0.10997830137287821j),5.5153455665243145,(1.9638564883335168-0.05609412475408247j),1.1440904638722857,0.24830882251625574,0.0,0,0,0.0,0,0,0.0,0.0,0.0,0.0,0.0,0.0,0.0,1.0,1.0,0.5181025725513243,2006.0714879816142,16.128101974917374,13.676719304752142,12.920574135278693,29.804821279669518
19.379561336958368,0.7675671870773629,-0.1975886389526789,5.269500585064847,0.00011804735153176228,0.0,0.0,0.0,0.0,0.0,0.0,0.0,0.0,1.5146261321279162,1421382272.0464044,3804.848161272178,11.844295174973436,3.464507834972947,100.0,IMRPhenomXP,20.0,44.9909557372873,25.453604290809984,19.537351446477317,1.4812203204793537,3.7175061105628595,0.03675556896386967,(4.023676125853243+0.6765223707360835j),2.5736758276023823,(4.823701540410316-0.17278452046676565j),4.336131487094976,(2.110897878810911-0.5905873768937705j),0.8788381987378054,0.24567702202011146,0.0,0,0,0.0,0,0,0.0,0.0,0.0,0.0,0.0,0.0,0.0,1.0,1.0,0.6230797863927409,2344.215101700181,15.682287774268978,12.037209513833359,11.939993030181848,27.719497288102335
19.555468893318462,0.5693474707044706,0.9624317092475936,4.992035366084385,0.00012035656325256184,0.0,0.0,0.0,0.0,0.0,0.0,0.0,0.0,1.8742558889749101,1421382272.0635421,2539.383183005494,11.898398338249518,2.924711973351978,100.0,IMRPhenomXP,20.0,47.087402125481674,30.004446436801167,17.08295568868051,1.1001870010295578,2.6271556734925943,0.08580744291159315,(4.304593498945342-0.036632870768047j),3.497366933314952,(4.498691336407217-0.3753511080931778j),3.4301341263031335,(2.499624040283136-0.3799237751662985j),1.7257311911655007,0.23117409817359433,0.0,0,0,0.0,0,0,0.0,0.0,0.0,0.0,0.0,0.0,0.0,1.0,1.0,0.44494227836107914,1757.4287994386289,20.765152273649026,11.82258692579526,13.533737081524935,32.58773919944428
18.60320616009416,0.9048712848778493,-0.19523900085984325,5.265542740059874,0.00013299638467910874,0.0,0.0,0.0,0.0,0.0,0.0,0.0,0.0,1.8013405382415832,1421382272.04703,2850.0749716450396,11.965761874078758,3.46497536428239,100.0,IMRPhenomXP,20.0,42.803026403808325,22.47029851497451,20.332727888833812,1.5914315450512637,3.5260878802449724,0.012707511949068717,(4.3549260983257465+0.2693452825563313j),3.3619213524189484,(4.681292059366292-0.8606045184495582j),5.658175095707001,(2.211924113205253-0.6542238847943505j),1.1371037228895078,0.24937650639937523,0.0,0,0,0.0,0,0,0.0,0.0,0.0,0.0,0.0,0.0,0.0,1.0,1.0,0.49020382701170245,1912.540353654871,15.078674546175389,13.644259610852645,12.483665538155991,28.722934157028035
19.704799971216058,0.8995723018098081,0.9685702590095416,4.953982128651627,0.00016369465072723374,0.0,0.0,0.0,0.0,0.0,0.0,0.0,0.0,2.0136634333971415,1421382272.0638833,2239.705706429766,12.034469345348567,2.915840367835351,100.0,IMRPhenomXP,20.0,45.345832525817386,23.871601245508987,21.474231280308402,1.409156559312133,2.6995422859720923,0.04020133779189772,(4.353656132632234-0.6115976392027783j),4.076827447838196,(4.424409458345585-1.2878553755106439j),3.9999182021388835,(2.0278602759236986-1.3339257855514073j),2.065913338630185,0.24930122820106101,0.0,0,0,0.0,0,0,0.0,0.0,0.0,0.0,0.0,0.0,0.0,1.0,1.0,0.40012222973935974,1599.6501265274778,17.04965519328467,15.337397567286642,14.073628396632353,32.38705276057131
19.577387626521556,0.830557712091147,0.9730085725601774,4.979633602741267,-9.173668056327601e-05,0.0,0.0,0.0,0.0,0.0,0.0,0.0,0.0,5.017855498582114,1421382272.0642056,2448.7559972831514,12.284194282447759,2.9093529657119364,100.0,IMRPhenomXP,20.0,45.20983908359309,24.697303332735352,20.512535750857733,1.4026169137992222,2.696250079425769,0.026355044796021687,(4.232732087631296+1.2905624696038323j),3.7580341309867746,(4.441029493378891+0.8248930145797192j),3.669539501504956,(2.4354115547993618+0.5036494526343662j),1.8614391169871425,0.24785801329176943,0.0,0,0,0.0,0,0,0.0,0.0,0.0,0.0,0.0,0.0,0.0,1.0,1.0,0.4315157477608024,1710.6036046982204,17.252554413995956,14.329242121816499,13.67598481340131,31.581796535812455
