chirp_mass,mass_ratio,dec,ra,time_jitter,a_1,a_2,tilt_1,tilt_2,phi_12,phi_jl,theta_jn,psi,phase,geocent_time,luminosity_distance,log_likelihood,log_prior,reference_frequency,waveform_approximant,minimum_frequency,total_mass,mass_1,mass_2,H1_log_likelihood,V1_log_likelihood,H1_matched_filter_snr,H1_optimal_snr,V1_matched_filter_snr,V1_optimal_snr,symmetric_mass_ratio,iota,spin_1x,spin_1y,spin_1z,spin_2x,spin_2y,spin_2z,phi_1,phi_2,chi_eff,chi_1_in_plane,chi_2_in_plane,chi_p,cos_tilt_1,cos_tilt_2,redshift,comoving_distance,mass_1_source,mass_2_source,chirp_mass_source,total_mass_source
5.9597770460731425,0.9549182323727176,-0.1782807499563552,5.719677475457648,-7.759577161503301e-05,0.0,0.0,0.0,0.0,0.0,0.0,0.0,0.0,2.9940850916450397,1415188782.888561,610.8725427624643,50.28086143059228,4.1613270885658045,100.0,IMRPhenomXP,20.0,13.696342835165705,7.006094990756836,6.690247844408868,54.395562735915924,-0.018671025894532456,(11.859532392469234-0.5315909601448529j),11.472393573761353,(-0.6740666777654557-0.016041677204503224j),2.3280722586982723,0.2498670511188474,0.0,0,0,0.0,0,0,0.0,0.0,0.0,0.0,0.0,0.0,0.0,1.0,1.0,0.1263275472901689,542.3578100915547,6.220299776572808,5.939877667473316,5.291335598078701,12.160177444046123
5.936557608107844,0.7118527806920424,1.4567046460963113,2.8667105996572477,0.00024330605231413273,0.0,0.0,0.0,0.0,0.0,0.0,0.0,0.0,6.068596516475911,1415188782.9187107,658.9669105218647,50.35452896653469,2.0043806427941817,100.0,IMRPhenomXP,20.0,13.87587152727232,8.10576217988955,5.770109347382768,54.618416374986374,-0.03353597548453191,(11.84471849226632+1.0535342570666357j),11.561079372771305,(0.3440561736681657-1.7468205169736215j),3.2754215038049974,0.2429166932596628,0.0,0,0,0.0,0,0,0.0,0.0,0.0,0.0,0.0,0.0,0.0,1.0,1.0,0.13548283598423527,580.340706487936,7.138603881108854,5.081635023026344,5.228223113528653,12.2202389041352
5.96922289549258,0.9694419249429809,-0.49846720681170437,5.388256184811539,0.00010697486715225552,0.0,0.0,0.0,0.0,0.0,0.0,0.0,0.0,6.168934231815622,1415188782.882975,997.7585589065396,50.5514907712474,4.047555611137106,100.0,IMRPhenomXP,20.0,13.7156543599624,6.964233972199762,6.751420387762639,51.00322423701485,-0.018485478212344697,(11.488595754889197-1.2864517491637033j),9.26118197379039,(0.7049945972599998+1.5911225876255097j),1.3375825587155652,0.24993981259242176,0.0,0,0,0.0,0,0,0.0,0.0,0.0,0.0,0.0,0.0,0.0,1.0,1.0,0.1975755360382108,833.1487486966702,5.815277418941493,5.637573735096091,4.984422874267967,11.452851154037583
5.956001610642074,0.9249173455572495,0.10808765422874748,1.7287331849594867,-0.00014217092308090363,0.0,0.0,0.0,0.0,0.0,0.0,0.0,0.0,5.068732272674324,1415188782.9187977,662.2588774073402,51.45341763067331,4.17145112699632,100.0,IMRPhenomXP,20.0,13.695804725875453,7.115009253506736,6.580795472368718,54.76719908480644,-0.029350512386010552,(11.66712992214521+2.339899023948519j),11.388838769070935,(-0.2657954746437646+0.623610616818211j),2.474999978254446,0.24961963979490154,0.0,0,0,0.0,0,0,0.0,0.0,0.0,0.0,0.0,0.0,0.0,1.0,1.0,0.1361061087534051,582.9199131221254,6.262627406619348,5.792412717144449,5.24246948832738,12.055040123763797
5.953003998854557,0.7550567838944466,-0.2659440425556107,2.8184160777466483,8.486614342394271e-05,0.0,0.0,0.0,0.0,0.0,0.0,0.0,0.0,5.254299158500322,1415188782.9072747,417.39527740391185,51.527603031401,4.141516005725925,100.0,IMRPhenomXP,20.0,13.838780241133824,7.885089740757996,5.953690500375829,52.121935543729904,-0.0026550860988476775,(11.774612585061034+0.9444449378244202j),11.150800925769198,(-0.2744267706035991+0.22821696659423082j),0.8381304293868098,0.245130453744073,0.0,0,0,0.0,0,0,0.0,0.0,0.0,0.0,0.0,0.0,0.0,1.0,1.0,0.08848960259742761,383.4628052275809,7.244065282701885,5.4696806346783005,5.469049942828206,12.713745917380184
5.953076854810066,0.8872261022752749,-0.5572113311226834,2.73567749768632,0.00015733579826177773,0.0,0.0,0.0,0.0,0.0,0.0,0.0,0.0,5.3140737447089705,1415188782.9030175,439.3197643966827,51.610577687182754,4.0132935155218465,100.0,IMRPhenomXP,20.0,13.70596519944249,7.262492386534037,6.443472812908452,53.511196576964714,-0.009939257708998867,(11.92184519342841+0.023459287303615812j),11.350054272523344,(0.04834147625769635+0.25031179797061864j),1.9989930192333936,0.24910729221696135,0.0,0,0,0.0,0,0,0.0,0.0,0.0,0.0,0.0,0.0,0.0,1.0,1.0,0.09286397184769302,401.98942732388264,6.645376344738881,5.895951352494991,5.447225828796666,12.541327697233873
5.960892828582075,0.9403274848180954,-0.7364826157771741,6.1435883048608995,0.00011043251394281896,0.0,0.0,0.0,0.0,0.0,0.0,0.0,0.0,5.63821071988069,1415188782.8873572,744.0175448683788,51.82054547999918,3.8773276223588344,100.0,IMRPhenomXP,20.0,13.702312820588347,7.061855757752631,6.640457062835717,54.2511517397617,-0.05400439557619596,(11.84534053646281-0.01847267252279656j),10.082569336297176,(0.8973898557589536+1.0178150117221036j),2.9325671308720347,0.24976355037754594,0.0,0,0,0.0,0,0,0.0,0.0,0.0,0.0,0.0,0.0,0.0,1.0,1.0,0.15145146798746736,646.156233637603,6.133003391011781,5.767031653050958,5.1768511259972225,11.900035044062738
5.919465543281097,0.6022808678494156,-0.7121180114263611,5.485036347298325,0.00021705101658285754,0.0,0.0,0.0,0.0,0.0,0.0,0.0,0.0,5.969823605744007,1415188782.8821445,768.6516037244246,51.921688161218114,3.8988850126533405,100.0,IMRPhenomXP,20.0,14.12828453651003,8.817607961251538,5.310676575258492,53.60798187474524,-0.021345685663500258,(11.531034624398576+2.608666353435055j),12.169106403156288,(-0.21412601541897924-0.13985403140036132j),1.7818061884604717,0.23459663236773365,0.0,0,0,0.0,0,0,0.0,0.0,0.0,0.0,0.0,0.0,0.0,1.0,1.0,0.15602600923901924,664.9085663491744,7.627516933685541,4.593907518356241,5.120529725086135,12.221424452041783
5.915693259335104,0.5894740971135652,-0.3685140109315762,2.8340619728843497,-0.00014353138528517238,0.0,0.0,0.0,0.0,0.0,0.0,0.0,0.0,2.1438248950735925,1415188782.9051719,360.6221588742408,52.01247851987125,4.107807801272116,100.0,IMRPhenomXP,20.0,14.165468970053139,8.912047699158597,5.253421270894541,51.74342815153548,-0.00013037903844490342,(11.736715711955103+0.2036572780648987j),12.674789447268692,(0.7381975158373216-0.030527710598854972j),0.8419985791052277,0.23332314207533525,0.0,0,0,0.0,0,0,0.0,0.0,0.0,0.0,0.0,0.0,0.0,1.0,1.0,0.07705089830132329,334.82369231547415,8.27449075360717,4.877597966057131,5.492491829926581,13.152088719664302
5.9200225754290505,0.5660455909171276,0.6657595352380427,1.7423137828038526,0.000167485873817854,0.0,0.0,0.0,0.0,0.0,0.0,0.0,0.0,4.900409568206931,1415188782.9230094,776.0737594846973,52.52811790515469,3.9370751804030517,100.0,IMRPhenomXP,20.0,14.26848283402422,9.111154181448912,5.157328652575307,52.36522899328877,-0.0022093403516437425,(11.613587856468365+0.14193945392328658j),12.45941795108948,(0.7171839638771139-0.9017305479906681j),0.3352398042159155,0.23080361652848289,0.0,0,0,0.0,0,0,0.0,0.0,0.0,0.0,0.0,0.0,0.0,1.0,1.0,0.15739998901980318,670.5320264813107,7.8720876688145704,4.455960516245577,5.114932289262151,12.328048185060148
5.94890394890569,0.9138736909127152,0.2674146129701425,6.049983805211626,-0.0002417925798951571,0.0,0.0,0.0,0.0,0.0,0.0,0.0,0.0,3.3209266988649606,1415188782.899143,406.37118608742577,52.59859330460249,4.141114265831333,100.0,IMRPhenomXP,20.0,13.683625475076443,7.149701435391383,6.53392403968506,52.3568631349524,0.0007185285394430939,(11.820752730342528-0.680884078202429j),10.256755307444285,(0.7250344873961717-1.3859969294701238j),0.39814088199032976,0.24949372656954383,0.0,0,0,0.0,0,0,0.0,0.0,0.0,0.0,0.0,0.0,0.0,1.0,1.0,0.08628116137582578,374.09392750717035,6.58181480965384,6.014947393002323,5.476394289459209,12.596762202656164
5.9387463709248225,0.7081488227212737,-0.36893451761598023,2.8944118590815107,0.00017030667976535593,0.0,0.0,0.0,0.0,0.0,0.0,0.0,0.0,5.394647976990984,1415188782.904645,354.3173949750017,52.86250832748996,4.107645319070951,100.0,IMRPhenomXP,20.0,13.88835799790623,8.130648695925984,5.7577093019802446,52.84411585153099,-0.0018138961775627143,(11.702523887303029-2.817135307264138j),12.301800428087079,(0.10534068956161725-0.35809073649124695j),0.5107533341602173,0.24270187166907603,0.0,0,0,0.0,0,0,0.0,0.0,0.0,0.0,0.0,0.0,0.0,1.0,1.0,0.07577041689251739,329.36153306219984,7.557977583555671,5.3521729279487245,5.52045889873004,12.910150511504396
5.953235489149506,0.8677518578902672,-0.6469821585846938,5.635415793393378,-9.551637478050036e-05,0.0,0.0,0.0,0.0,0.0,0.0,0.0,0.0,6.032744931165521,1415188782.8836462,830.6520278368416,52.970108326449015,3.9515401851700744,100.0,IMRPhenomXP,20.0,13.718250951260725,7.344793096207264,6.373457855053461,56.08860476595302,-0.026507572142624614,(11.895437641995454+1.2910673413736624j),10.796166757378746,(-0.48966252319670733-0.5664717120423881j),1.916010515022257,0.24874662561855596,0.0,0,0,0.0,0,0,0.0,0.0,0.0,0.0,0.0,0.0,0.0,1.0,1.0,0.16744346915134187,711.5137071602907,6.2913479669781935,5.459328886979483,5.099377954015311,11.750676853957676
5.95299245843093,0.7929401777397258,0.28058232729502725,1.0812995900381148,-0.00017475973084335944,0.0,0.0,0.0,0.0,0.0,0.0,0.0,0.0,4.636819302971533,1415188782.9162714,600.1236312372406,53.204800240763674,4.1374131894631745,100.0,IMRPhenomXP,20.0,13.78700830889827,7.689608655141464,6.097399653756806,54.88914257567435,-0.032175342893291825,(11.833573436711887+1.1201477077260562j),11.571421067972858,(0.7923616172924369+0.0664194376937242j),2.86093294657193,0.24666573522989294,0.0,0,0,0.0,0,0,0.0,0.0,0.0,0.0,0.0,0.0,0.0,1.0,1.0,0.124268476889004,533.7903226627594,6.839655129724533,5.423437354242198,5.294991882102421,12.26309248396673
5.943214732408729,0.7218112566339105,-0.37658574690490026,5.261927644149268,-3.169422301535705e-05,0.0,0.0,0.0,0.0,0.0,0.0,0.0,0.0,3.1563231502191806,1415188782.8835516,828.8062926167488,53.222741362807604,4.104653350749199,100.0,IMRPhenomXP,20.0,13.872345059244815,8.056832597531528,5.815512461713286,54.69642342321784,-0.014782094187706263,(12.025496688579713+0.4092738907263743j),10.79329635854956,(-0.01648557809918755-0.8873226364341886j),1.5715333215461256,0.2434739855876821,0.0,0,0,0.0,0,0,0.0,0.0,0.0,0.0,0.0,0.0,0.0,1.0,1.0,0.1671055149479231,710.1382737618752,6.903259811852598,4.982850639663696,5.092268570656115,11.886110451516295
5.9500319909640496,0.8963825670359866,-0.37672847585500213,5.3256598338731695,-9.729706435834438e-05,0.0,0.0,0.0,0.0,0.0,0.0,0.0,0.0,0.09181406192583706,1415188782.8839593,821.2137536453832,53.234379181367515,4.104596895498352,100.0,IMRPhenomXP,20.0,13.694128692491317,7.221184654684421,6.472944037806896,53.01485965983174,-0.01616032989776972,(11.902460420013476+0.15805928749520276j),10.84589984466632,(1.0066606719147964-0.7098469081945309j),1.660409468947051,0.24925363071693074,0.0,0,0,0.0,0,0,0.0,0.0,0.0,0.0,0.0,0.0,0.0,1.0,1.0,0.16571408463037135,704.4727025364848,6.194644767438097,5.552771578512204,5.1041949903613855,11.7474163459503
5.925808849789348,0.6227966269597895,-0.37677201988482323,2.913020253348452,-0.00010410283201007755,0.0,0.0,0.0,0.0,0.0,0.0,0.0,0.0,5.174807515778679,1415188782.904145,330.80220096962626,53.2408408714099,4.104579667328808,100.0,IMRPhenomXP,20.0,14.075272212710995,8.6734665200039,5.401805692707093,53.26697170680976,0.0006114833061127839,(11.894836925857515+1.010172872354252j),12.895929647565223,(0.262866555433195-0.4503656367209822j),0.548042185911027,0.23649287399600247,0.0,0,0,0.0,0,0,0.0,0.0,0.0,0.0,0.0,0.0,0.0,1.0,1.0,0.07097604667025,308.87917660127033,8.098655938170046,5.0438156012001745,5.533091863457788,13.142471539370222
5.956867886355059,0.932209692891596,-1.040982412154563,3.6352992049371733,0.0002164471696879714,0.0,0.0,0.0,0.0,0.0,0.0,0.0,0.0,4.577991532148457,1415188782.8883135,662.0134706873254,53.26333974792469,3.4948450569558434,100.0,IMRPhenomXP,20.0,13.695405871779613,7.087950092665214,6.6074557791143995,54.83128862024976,-0.026243668831896105,(11.880212586796201-0.9647626832006335j),11.006102570663145,(0.5723880003679276-0.6343891868249341j),2.4470784856251218,0.2496922722236488,0.0,0,0,0.0,0,0,0.0,0.0,0.0,0.0,0.0,0.0,0.0,1.0,1.0,0.13605966072101539,582.7277324037486,6.239065022489006,5.816116888545175,5.243446354370556,12.05518191103418
5.944444861570871,0.8090342995215692,-0.5649622343510093,6.105322445987761,5.798893542230323e-05,0.0,0.0,0.0,0.0,0.0,0.0,0.0,0.0,2.7500022720634174,1415188782.888271,637.7958324641936,53.37254199926761,4.008422313766137,100.0,IMRPhenomXP,20.0,13.748879447113731,7.600120932339349,6.148758514774381,53.48038993389682,-0.046146804930260465,(11.559768623672793-2.607217480037342j),10.783617857032622,(1.7545662214802369+0.4964421208491042j),3.138129766695647,0.24721415373379685,0.0,0,0,0.0,0,0,0.0,0.0,0.0,0.0,0.0,0.0,0.0,1.0,1.0,0.13146418678311111,563.6906921408037,6.7170671605147385,5.434337725046378,5.253763160168281,12.151404885561117
5.94374255254672,0.8518285625158335,0.41071439802959187,1.9778668603171905,-0.00012127080927904307,0.0,0.0,0.0,0.0,0.0,0.0,0.0,0.0,2.237750870406915,1415188782.9223812,739.9770755357307,53.43193570900272,4.090477147581283,100.0,IMRPhenomXP,20.0,13.707858261327624,7.4023365546887225,6.305521706638902,52.48150120473452,-0.01201448917257425,(11.718778646906864+0.041966158454112085j),12.430375893411648,(1.341681488215669+0.13302960631810465j),1.5001056929258627,0.2483994566534155,0.0,0,0,0.0,0,0,0.0,0.0,0.0,0.0,0.0,0.0,0.0,1.0,1.0,0.15069903109225685,643.0674344387462,6.432904134508863,5.4797314817008465,5.165332021618937,11.91263561620971
5.928234825301331,0.6787710170411929,-0.3922333696132496,4.300635662834284,0.0002176824300091623,0.0,0.0,0.0,0.0,0.0,0.0,0.0,0.0,0.7162649673326718,1415188782.8867743,617.7952565362117,53.470215965983016,4.098323192634162,100.0,IMRPhenomXP,20.0,13.927756956559328,8.296400649748396,5.6313563068109325,53.45594099401657,-0.017276942606357815,(11.662042459186264-1.3906980333476118j),12.291312139485983,(1.0373636300602018+0.049721827711037676j),2.296153543724224,0.24084651385505867,0.0,0,0,0.0,0,0,0.0,0.0,0.0,0.0,0.0,0.0,0.0,1.0,1.0,0.12765114371010702,547.8602653269456,7.357240487028856,4.993881607997219,5.257153205907928,12.351122095026076
5.94012673762602,0.6784970153927343,-0.1391949844104076,5.040578793426157,6.653305179627248e-05,0.0,0.0,0.0,0.0,0.0,0.0,0.0,0.0,3.3056062228999177,1415188782.885778,661.9010851556388,53.48535360525956,4.167584939545144,100.0,IMRPhenomXP,20.0,13.9563429925699,8.314785706845239,5.641557285724661,55.67857712316263,-0.022790074029870933,(11.874537975238718-1.5129342680354918j),11.77548410778054,(0.22648805082635046+0.46670178775784055j),2.3448952791231945,0.24082789791193884,0.0,0,0,0.0,0,0,0.0,0.0,0.0,0.0,0.0,0.0,0.0,1.0,1.0,0.13603838821149536,582.6397149283337,7.319106284722909,4.965991769526698,5.228808110065513,12.285098054249607
5.934532930339836,0.7205756794656967,-1.1169198784323757,5.898652011425127,1.6041280972320284e-05,0.0,0.0,0.0,0.0,0.0,0.0,0.0,0.0,2.592587085808855,1415188782.8846211,816.9949337769834,53.52846442344617,3.352800880958731,100.0,IMRPhenomXP,20.0,13.8543871619886,8.05218121314542,5.802205948843179,53.12859067369273,-0.04813120454307862,(11.598218107338324+2.490176029504299j),10.47669086382864,(1.1945910412778493+1.2200699753326882j),2.4725790730957593,0.24340642643277627,0.0,0,0,0.0,0,0,0.0,0.0,0.0,0.0,0.0,0.0,0.0,1.0,1.0,0.16494007077363673,701.31928183322,6.9120990986239885,4.98069050452521,5.094281739659545,11.892789603149199
5.9534795424584415,0.8491484912544913,1.1340858211688385,1.5069147468043633,-0.00012492102513005077,0.0,0.0,0.0,0.0,0.0,0.0,0.0,0.0,4.789269406124958,1415188782.9222467,821.847014020029,53.57988667472919,3.3168286819273067,100.0,IMRPhenomXP,20.0,13.732412018496618,7.426343575674841,6.3060684428217755,55.965158352010384,-0.011966506229798224,(11.84803705113982+1.5674703348154277j),11.286845707599799,(-0.7872183490123369-0.45734047213019835j),1.490303645635597,0.24833622057254645,0.0,0,0,0.0,0,0,0.0,0.0,0.0,0.0,0.0,0.0,0.0,1.0,1.0,0.16583021386232336,704.9457139315543,6.3700043860347595,5.4090796136859085,5.106643721931801,11.779083999720669
5.937265228132099,0.6877225563867224,0.15430568256579433,1.7161323018730315,0.00023872152462030912,0.0,0.0,0.0,0.0,0.0,0.0,0.0,0.0,1.9659024588538707,1415188782.9191556,720.9084362746893,53.590637723225676,4.165351339348684,100.0,IMRPhenomXP,20.0,13.928352662223052,8.252750198493839,5.675602463729214,56.290328344049136,-0.026264003215874243,(12.030835719421155-0.16120788025387242j),10.769573391280918,(-0.059278902129918515+0.5665066447971872j),2.121322806174122,0.24144107678787818,0.0,0,0,0.0,0,0,0.0,0.0,0.0,0.0,0.0,0.0,0.0,1.0,1.0,0.147139795154928,628.4399129480989,7.194197458191446,4.947611867098281,5.175712021506704,12.141809325289726
5.948018573661538,0.9451269848961479,0.4487834258979996,1.5833591059934913,4.7691651212612306e-05,0.0,0.0,0.0,0.0,0.0,0.0,0.0,0.0,1.9029657284260537,1415188782.922,851.376646470973,53.71034961878519,4.073026908629702,100.0,IMRPhenomXP,20.0,13.671487470884353,7.02858352027556,6.642903950608793,53.53309786075907,-0.00847322263937808,(11.585674466431131+2.001136126364888j),10.645768211827276,(0.7573406674558748-0.2629169462478385j),0.9346075378934153,0.249801041847772,0.0,0,0,0.0,0,0,0.0,0.0,0.0,0.0,0.0,0.0,0.0,1.0,1.0,0.17123015082270623,726.9080719307744,6.001026796773014,5.671732362715067,5.078437034329654,11.672759159488082
5.960031098299805,0.8321837500879015,-0.6808843784939266,4.747624841168505,0.0001793744215930561,0.0,0.0,0.0,0.0,0.0,0.0,0.0,0.0,0.3033154702525521,1415188782.8819757,858.6605440228377,53.81896269958977,3.925010087124553,100.0,IMRPhenomXP,20.0,13.76194505325741,7.511225362956725,6.250719690300686,53.9135567263605,-0.0016176515671536352,(11.719400807616944-0.4806657552306339j),11.273257552223985,(-0.5838437325724595+0.028637556302414827j),0.14988347128264645,0.247902654500022,0.0,0,0,0.0,0,0,0.0,0.0,0.0,0.0,0.0,0.0,0.0,1.0,1.0,0.17255755945221765,732.297133961865,6.405847885596111,5.330842515928026,5.082932646039265,11.736690401524136
5.921228068281482,0.5848839595314173,0.7416331559271774,0.923124696879167,-7.151677601722063e-05,0.0,0.0,0.0,0.0,0.0,0.0,0.0,0.0,1.1647197696858729,1415188782.9184864,615.3972606802026,53.86743679185575,3.8726335894136525,100.0,IMRPhenomXP,20.0,14.196030590737465,8.957141944281288,5.238888646456177,53.4033294258257,-0.017836628018675915,(11.816164305595239+0.42189966008086893j),12.344740156163459,(1.1835850331812627-0.3058548620081232j),2.1274675444261777,0.23284921118892854,0.0,0,0,0.0,0,0,0.0,0.0,0.0,0.0,0.0,0.0,0.0,1.0,1.0,0.1271928794870039,545.9555974414401,7.946414590870879,4.647730429986787,5.253074408149463,12.594145020857665
5.955947307416071,0.8511023149362225,0.5222834895322356,5.923505018183816,7.286951847365988e-05,0.0,0.0,0.0,0.0,0.0,0.0,0.0,0.0,3.266572938160784,1415188782.902105,366.5882204326527,53.99076399361087,4.0342211991192825,100.0,IMRPhenomXP,20.0,13.73656964950914,7.420751159280148,6.315818490228991,51.90961725433776,-0.006023648188846389,(11.895143287513294-0.8786444562907431j),13.409904778065705,(2.0969031908845412-0.8689646900691058j),1.985929487161509,0.2483824599134966,0.0,0,0,0.0,0,0,0.0,0.0,0.0,0.0,0.0,0.0,0.0,1.0,1.0,0.07826068246383895,339.98107091139036,6.882149446758682,5.857413325873357,5.523661767770905,12.73956277263204
5.948069185519399,0.8571398177797798,-0.5572673276159096,4.498698776645077,0.00012137507919937,0.0,0.0,0.0,0.0,0.0,0.0,0.0,0.0,3.77722108425672,1415188782.8841426,771.2328999437437,54.00648727303338,4.013258623525969,100.0,IMRPhenomXP,20.0,13.713822720820504,7.384378165568304,6.3294445552522,53.887931594417324,-0.007405790403388041,(11.858113712122993+0.43754027967824505j),11.475355403293962,(0.8618490024966594+0.36586217959306194j),1.055806136100885,0.2485206422709419,0.0,0,0,0.0,0,0,0.0,0.0,0.0,0.0,0.0,0.0,0.0,1.0,1.0,0.15650408118854445,666.8656965718712,6.3850861278235564,5.472911560110883,5.143145867160746,11.85799768793444
5.933425835327376,0.6292823562366705,-0.6050909346678464,5.320314471061074,0.00014295376995809449,0.0,0.0,0.0,0.0,0.0,0.0,0.0,0.0,3.1035246558669263,1415188782.8819416,779.9791460359118,54.07174330911425,3.9818368736409626,100.0,IMRPhenomXP,20.0,14.073230813815155,8.637686868666286,5.4355439451488685,54.972048918212025,-0.01588831134620039,(11.689550822039662-2.0640161047083305j),12.18701006699272,(0.24682960876550872+1.2404822932825041j),1.477647874338301,0.2370570339514983,0.0,0,0,0.0,0,0,0.0,0.0,0.0,0.0,0.0,0.0,0.0,1.0,1.0,0.15812215278338174,673.4860737739968,7.45835562156102,4.693411599186936,5.123316069092739,12.151767220747955
5.930231791593653,0.670486771964084,-0.5981700938042194,4.292868624087161,-0.00022772432806095742,0.0,0.0,0.0,0.0,0.0,0.0,0.0,0.0,0.7410429329446068,1415188782.8850887,653.9294783588781,54.08204857882208,3.9865882882160624,100.0,IMRPhenomXP,20.0,13.952408703158968,8.352301219814118,5.600107483344849,54.77435944061304,-0.010674400714368065,(11.872040843967424-1.1082541433832025j),12.500937520317926,(0.4051895806134907+0.7904955352517617j),1.7000988927931706,0.24027253595749845,0.0,0,0,0.0,0,0,0.0,0.0,0.0,0.0,0.0,0.0,0.0,1.0,1.0,0.13452826069691248,576.3888855935261,7.361915528383142,4.936066978097877,5.227046339022757,12.29798250648102
5.9290520829988145,0.6793218881653074,0.8175764160928966,1.2095621396878042,-7.982403042076518e-05,0.0,0.0,0.0,0.0,0.0,0.0,0.0,0.0,4.613162071906909,1415188782.9214418,702.4668783174752,54.132363442858555,3.79749377338681,100.0,IMRPhenomXP,20.0,13.928381024943752,8.294050785082534,5.634330239861217,52.97035230444015,-0.007671304446817601,(11.460611413747717+2.9489621085789377j),12.55740003710861,(1.4817887076750578+0.69576173520531j),1.306225894092844,0.24088386501883494,0.0,0,0,0.0,0,0,0.0,0.0,0.0,0.0,0.0,0.0,0.0,1.0,1.0,0.14368462433956042,614.2138009059606,7.252043621616467,4.926471966093672,5.184166995707093,12.17851558771014
5.944722873580373,0.7788918018333182,-0.6614467164734467,5.508012413761433,-2.5677324381252645e-06,0.0,0.0,0.0,0.0,0.0,0.0,0.0,0.0,6.224256172915047,1415188782.882841,851.8745256625402,54.143542077344364,3.940447358341121,100.0,IMRPhenomXP,20.0,13.785571482930093,7.749527806425744,6.036043676504349,56.541658579884206,-0.02112178542326859,(11.989711048720284-0.5873537872210588j),10.938857513691886,(-0.5086762853726571-0.11976641570965381j),1.6686166409855074,0.24613765883947247,0.0,0,0,0.0,0,0,0.0,0.0,0.0,0.0,0.0,0.0,0.0,1.0,1.0,0.17132094060344352,727.2767856893709,6.616058449730546,5.153193686945174,5.075229740636036,11.769252136675721
5.943724673462541,0.7348333100210124,-0.7307083137689266,4.485082760648737,0.00010165897689188864,0.0,0.0,0.0,0.0,0.0,0.0,0.0,0.0,0.5457774978016476,1415188782.8831072,662.5260595607037,54.21305675489251,3.882532682067426,100.0,IMRPhenomXP,20.0,13.85015665850555,7.9835662472596844,5.866590411245866,54.50120614528192,-0.005578997709873412,(12.025793323335604+0.3194078583885453j),13.782138789795978,(0.028160031834151174+0.8191872756423407j),0.9949652856803731,0.24415933309598123,0.0,0,0,0.0,0,0,0.0,0.0,0.0,0.0,0.0,0.0,0.0,1.0,1.0,0.13615667632383505,583.1291332978193,7.026818055667662,5.163539970761683,5.231430486061256,12.190358026429346
5.956288693668239,0.8785507858688306,-1.2141773705290624,4.552735990417774,-4.2549801864918664e-05,0.0,0.0,0.0,0.0,0.0,0.0,0.0,0.0,0.5779773064714089,1415188782.8836997,706.3515200283119,54.244422605684356,3.124929822538313,100.0,IMRPhenomXP,20.0,13.71838999176185,7.302645259823033,6.415744731938816,55.409823350461835,-0.022386087443936165,(11.849253392026654-0.2762432011789708j),12.684989933076281,(0.2899405064885247-0.36966161982344536j),2.030882267022516,0.2489550787880409,0.0,0,0,0.0,0,0,0.0,0.0,0.0,0.0,0.0,0.0,0.0,1.0,1.0,0.1444135139495065,617.2170403025606,6.3811246291742405,5.606142057687979,5.204664765896011,11.987266686862219
5.964826963977901,0.9603033436861224,0.8002679350892775,2.2530618208339157,-0.00010435139987900269,0.0,0.0,0.0,0.0,0.0,0.0,0.0,0.0,2.246785184161348,1415188782.9233103,1040.948130007883,54.31892052595025,3.815637310243826,100.0,IMRPhenomXP,20.0,13.706946629524216,6.992257945012683,6.714688684511534,53.64481424715956,-0.012057025786170517,(11.738527143740043+0.31149654339176236j),9.368251886814964,(1.186843373356718+0.0039967469207192585j),1.2012461908741128,0.24989748172220827,0.0,0,0,0.0,0,0,0.0,0.0,0.0,0.0,0.0,0.0,0.0,1.0,1.0,0.20522143550131094,863.6986542521001,5.801637557254579,5.57133194508656,4.949154394600388,11.372969502341139
5.9547810891470565,0.8904411576817427,0.6253360117605773,2.1950867706337833,-0.00017042502589767857,0.0,0.0,0.0,0.0,0.0,0.0,0.0,0.0,5.463730795161051,1415188782.9230657,761.0872266660555,54.41942456555765,3.967528792973978,100.0,IMRPhenomXP,20.0,13.70813781206329,7.25129039661496,6.456847415448329,56.02225091427068,-0.011063645914615283,(11.791484456463794-1.7861012294738627j),12.641345560450466,(-0.29522112252017685+1.1411222678748039j),1.5473827208336595,0.24916033016829814,0.0,0,0,0.0,0,0,0.0,0.0,0.0,0.0,0.0,0.0,0.0,1.0,1.0,0.15462365742078607,659.1647584750414,6.280219836143832,5.592166221391758,5.157335076997233,11.872386057535591
5.946522705252877,0.711609380422063,0.3091187258798784,2.4814761191190566,8.607763487886166e-05,0.0,0.0,0.0,0.0,0.0,0.0,0.0,0.0,2.287874209969752,1415188782.9189436,642.710232590853,54.420669415174785,4.128745958541914,100.0,IMRPhenomXP,20.0,13.899643847955085,8.120803734160182,5.778840113794903,54.48788744971901,-0.021679148795350933,(11.90385763532882+0.05799614934727602j),12.244472467139499,(1.0756294280628607+0.7172091667075262j),2.3672885258638696,0.24290270343459341,0.0,0,0,0.0,0,0,0.0,0.0,0.0,0.0,0.0,0.0,0.0,1.0,1.0,0.13239862458852206,567.5653585535514,7.171329563483907,5.103185387473206,5.251262740992516,12.274514950957114
5.943536089969301,0.7236805683226298,-0.6153339933750707,4.824670909551645,-2.6040123551981432e-05,0.0,0.0,0.0,0.0,0.0,0.0,0.0,0.0,3.453967660349392,1415188782.882,769.0636435062837,54.49580299158767,3.974674473611695,100.0,IMRPhenomXP,20.0,13.869630783847684,8.046520358087392,5.823110425760294,54.82038171654344,0.00010742409194450936,(12.01472820162012-0.47662014932253144j),12.520815675993568,(-0.7272935960825374+0.09351840952230453j),0.391539270179448,0.24357535269299588,0.0,0,0,0.0,0,0,0.0,0.0,0.0,0.0,0.0,0.0,0.0,1.0,1.0,0.15610233892240913,665.2210779762735,6.960041587310919,5.036846851454305,5.141012079872798,11.996888438765223
5.953386805309291,0.7971614555538542,0.3442175215551763,1.6472600776689403,0.00011232539769627167,0.0,0.0,0.0,0.0,0.0,0.0,0.0,0.0,1.726575490523193,1415188782.9210753,729.95539915292,54.51611341275178,4.116852903792378,100.0,IMRPhenomXP,20.0,13.782907462461301,7.669265006695598,6.113642455765702,54.75911042689033,-0.014241288316735934,(11.524817436164623+3.0201954355265506j),11.96699152634904,(0.29140022803666116+0.8224480799656448j),1.4644502216539226,0.24681531275530397,0.0,0,0,0.0,0,0,0.0,0.0,0.0,0.0,0.0,0.0,0.0,1.0,1.0,0.1488301361343277,635.3901940482343,6.675717119070129,5.321624375503727,5.18212973185201,11.997341494573856
5.9423582933925925,0.7621575953595041,-0.7501465862984074,5.388778296375405,-0.00024118746843724897,0.0,0.0,0.0,0.0,0.0,0.0,0.0,0.0,6.263266445706029,1415188782.8821125,916.7922904469508,54.570538903343675,3.8647675300703583,100.0,IMRPhenomXP,20.0,13.803386868153716,7.833230639815525,5.97015622833819,56.65274664289297,-0.01568189972751194,(11.958350777803723+0.8063761431961869j),10.551947143882874,(-0.6721662865609778-0.3601505287327401j),1.3390607703213118,0.24544562181648796,0.0,0,0,0.0,0,0,0.0,0.0,0.0,0.0,0.0,0.0,0.0,1.0,1.0,0.18308832981475215,774.9144936266222,6.6210023735438694,5.046247247889764,5.022751170509007,11.667249621433633
5.941753675174808,0.7226460578675737,-0.23265145272777918,2.7175493199419813,-0.00014128961087567433,0.0,0.0,0.0,0.0,0.0,0.0,0.0,0.0,5.342587779720689,1415188782.908958,444.31044703341536,54.570720187222385,4.149992933638886,100.0,IMRPhenomXP,20.0,13.867383508012765,8.050048032025162,5.817335475987603,54.928005491784646,-0.0033488668073483885,(11.975431829318007+1.2935945267718743j),11.550735086884002,(0.48030049685874154+0.1768313056627235j),1.4431475199923252,0.2435193795711568,0.0,0,0,0.0,0,0,0.0,0.0,0.0,0.0,0.0,0.0,0.0,1.0,1.0,0.09385645501197085,406.1871605251012,7.3593276294530465,5.318189099980161,5.431931811482324,12.677516729433208
5.958376495932621,0.9428875545716706,-0.8713624268142538,5.937300826474101,-2.3800251596733094e-05,0.0,0.0,0.0,0.0,0.0,0.0,0.0,0.0,5.78909868409248,1415188782.884957,704.6200436690515,54.58305830881141,3.7369129370925784,100.0,IMRPhenomXP,20.0,13.695856575672224,7.049227601178194,6.646628974494031,52.428241153332905,-0.04372705948008726,(11.906672063362373-0.1187010690897854j),12.053657759238316,(2.1007093697071024-0.7252334323662893j),2.8513508961251026,0.2497839739184462,0.0,0,0,0.0,0,0,0.0,0.0,0.0,0.0,0.0,0.0,0.0,1.0,1.0,0.14408870090751938,615.8788573099073,6.161434507295258,5.809539915237132,5.207967259187412,11.97097442253239
5.949052886617322,0.7733800164368971,-0.046966082625542555,5.398747647767834,-0.00024169446217040273,0.0,0.0,0.0,0.0,0.0,0.0,0.0,0.0,0.010716734729789162,1415188782.8880758,603.7940020731521,54.64341636098517,4.1762006951511434,100.0,IMRPhenomXP,20.0,13.803023725177885,7.7834550954911155,6.01956862968677,54.47931301694114,-0.0202186873524986,(11.994632237020713-0.4185202804542423j),12.034580837385198,(1.2716825451943523-0.40204119178417047j),2.594752683569619,0.245917437937019,0.0,0,0,0.0,0,0,0.0,0.0,0.0,0.0,0.0,0.0,0.0,1.0,1.0,0.12497211457452852,536.719084471876,6.918798248110235,5.350860302847069,5.288178088634037,12.269658550957304
5.956276606163467,0.9783784145617692,1.2383287898207291,1.8610507633176083,0.00017452362682243775,0.0,0.0,0.0,0.0,0.0,0.0,0.0,0.0,5.326069434238899,1415188782.9220393,907.028692401612,54.66572275713041,3.0576001490058617,100.0,IMRPhenomXP,20.0,13.68491103249416,6.917236324338641,6.7676747081555195,55.67884746596885,-0.02039293601346448,(11.543458666633361-3.0029172638137043j),10.056065422833043,(0.43134723940173886-0.07268987253854994j),1.687264078900322,0.24997013954980862,0.0,0,0,0.0,0,0,0.0,0.0,0.0,0.0,0.0,0.0,0.0,1.0,1.0,0.18132734505279535,767.8047051339621,5.855478037740251,5.728873319065565,5.042020428213546,11.584351356805815
5.953212471108135,0.7869511545913472,0.5584809681356466,1.654080761770864,-9.31200110479896e-06,0.0,0.0,0.0,0.0,0.0,0.0,0.0,0.0,5.008974526522873,1415188782.9227922,803.6084330041468,54.72115011842645,4.012501321396557,100.0,IMRPhenomXP,20.0,13.794880238585108,7.7197858504083285,6.07509438817678,55.35534500292525,-0.0012688458744646372,(11.913916924860867-0.044988073750815136j),11.811593457646225,(-0.8383715464893832+0.6770552916845132j),0.5700983065994147,0.2464463633877704,0.0,0,0,0.0,0,0,0.0,0.0,0.0,0.0,0.0,0.0,0.0,1.0,1.0,0.16247998680989523,691.2879742518123,6.640790325855971,5.225977614331406,5.12113114948764,11.866767940187376
5.9372110701091545,0.6491485279875067,0.5197650667503184,1.291669766224386,-7.237427778061844e-05,0.0,0.0,0.0,0.0,0.0,0.0,0.0,0.0,1.6379025741807514,1415188782.9204497,866.0273528915212,54.75897803111022,4.0356665801200755,100.0,IMRPhenomXP,20.0,14.024512320594248,8.504092919822497,5.520419400771751,55.102254666674256,-0.010155203377953587,(11.773512298673028-1.061282897134373j),9.787832031219459,(0.4270136201170851-0.7086646511348355j),1.1424641509696634,0.2386846739743007,0.0,0,0,0.0,0,0,0.0,0.0,0.0,0.0,0.0,0.0,0.0,1.0,1.0,0.1738982649283417,737.7362886911345,7.24431850177546,4.7026386917002,5.057687916824359,11.946957193475658
5.954539434186331,0.9594730152072537,-0.3855181878614134,5.378274603925126,0.0001326829073860154,0.0,0.0,0.0,0.0,0.0,0.0,0.0,0.0,0.10815103629901289,1415188782.8840997,702.935860957707,54.76019461681701,4.101074692312776,100.0,IMRPhenomXP,20.0,13.683451625704253,6.9832304499773645,6.700221175726889,53.83390835616174,-0.01942087538578452,(11.84337076595629-1.4273729017294468j),12.607791629601337,(1.4942456644565332+0.33866804606954604j),1.9929206901451684,0.24989305757654112,0.0,0,0,0.0,0,0,0.0,0.0,0.0,0.0,0.0,0.0,0.0,1.0,1.0,0.1437726509504807,614.5765575285542,6.105435764856124,5.8580008624607105,5.206051595339406,11.963436627316835
5.948587002319108,0.8508480094718402,-0.9561474914351429,4.816494884368953,0.00013547998526714194,0.0,0.0,0.0,0.0,0.0,0.0,0.0,0.0,0.43294644775014746,1415188782.8819916,930.1864355885255,54.76098813702054,3.6268217943396794,100.0,IMRPhenomXP,20.0,13.719792180706134,7.412706019345817,6.307086161360317,56.07426975730239,-0.007309517243632158,(11.93858758885562+0.153947282953205j),10.518388033793006,(-1.1082351575960216-0.8446400701303982j),0.784326297169438,0.2483764838857363,0.0,0,0,0.0,0,0,0.0,0.0,0.0,0.0,0.0,0.0,0.0,1.0,1.0,0.18549914424239125,784.6369522930106,6.252814314836983,5.320194613376076,5.017791055530986,11.573008928213058
5.9476779911620605,0.8733509670286345,0.6860664427531906,2.4156663868484296,0.00010264226257417422,0.0,0.0,0.0,0.0,0.0,0.0,0.0,0.0,5.530523695760417,1415188782.9223707,842.9854573657022,54.76999750897912,3.9207896651262715,100.0,IMRPhenomXP,20.0,13.701784825017079,7.3140511661569745,6.387733658860105,55.05405924955851,-0.021022158503326616,(11.655465716454188+1.9308080188827805j),10.985625872390882,(0.8667237881860004-0.45744803203875084j),1.7679303152028008,0.24885737040839212,0.0,0,0,0.0,0,0,0.0,0.0,0.0,0.0,0.0,0.0,0.0,1.0,1.0,0.1696987234881274,720.6859665859519,6.252935922120132,5.461007634351703,5.084794803764211,11.713943556471834
5.9611875476966825,0.8760585451067671,0.8486676683563597,1.3224837408327543,-0.0001145527659883149,0.0,0.0,0.0,0.0,0.0,0.0,0.0,0.0,1.5617225035472568,1415188782.9221485,839.1968995528059,54.81398130338266,3.7632776275952122,100.0,IMRPhenomXP,20.0,13.731202501474046,7.319175905937732,6.412026595536314,54.1544770058968,-0.004327380947958842,(11.768514321608876-0.4139695437508742j),11.013767191664813,(1.134963691226221+0.26840823426258326j),0.9141272854488901,0.2489088601572008,0.0,0,0,0.0,0,0,0.0,0.0,0.0,0.0,0.0,0.0,0.0,1.0,1.0,0.16900651342924478,717.871881505922,6.2610223483418865,5.485022129369348,5.099362132901827,11.746044477711234
5.9558041652679785,0.9139401291873275,-1.0699637706505953,4.861633811330728,-1.2086128953818509e-05,0.0,0.0,0.0,0.0,0.0,0.0,0.0,0.0,0.3792587108777848,1415188782.8823147,825.1365726863402,54.84049479826646,3.4436597984222654,100.0,IMRPhenomXP,20.0,13.699470423041394,7.1577319552092185,6.541738467832175,55.994231823510376,-0.011564257879321055,(11.915419929524031-0.7349368344993177j),11.66513311573187,(-0.3131283996555179-0.49684182405888644j),1.2847047556356288,0.24949454244564628,0.0,0,0,0.0,0,0,0.0,0.0,0.0,0.0,0.0,0.0,0.0,1.0,1.0,0.16643323991029513,707.4014561673936,6.136426595455806,5.6083265153994315,5.105996606994851,11.744753110855237
5.924537467017163,0.6186517868186239,0.7719003870046566,1.904472880260111,-0.00013688305282304083,0.0,0.0,0.0,0.0,0.0,0.0,0.0,0.0,5.173769614059499,1415188782.9236631,863.2918164042243,54.87390320077507,3.8440476210665127,100.0,IMRPhenomXP,20.0,14.085452537441322,8.701965828688547,5.383486708752776,55.5717806598539,-0.002392828501458319,(11.910531194584198-0.09914386278751412j),11.446471741715014,(-0.6680258690722981+1.3420444732987735j),0.6814646024793122,0.23612360741197244,0.0,0,0,0.0,0,0,0.0,0.0,0.0,0.0,0.0,0.0,0.0,1.0,1.0,0.1734006307622874,735.7178756183041,7.416022797802151,4.58793575494795,5.049032113753296,12.0039585527501
5.941203660425096,0.7240787219702667,-0.5084436562185192,3.278483988252405,0.00015694327617660626,0.0,0.0,0.0,0.0,0.0,0.0,0.0,0.0,1.6697628951816874,1415188782.8976853,315.35584963049035,54.885098578785076,4.042060546485228,100.0,IMRPhenomXP,20.0,13.863455065181343,8.041080078604688,5.822374986576654,53.454861857247494,-0.01127789794298345,(12.02048851151681-0.19687539925250522j),11.899518755685092,(2.0065121893590914+0.8778559832699565j),3.231049708777954,0.24359681262513166,0.0,0,0,0.0,0,0,0.0,0.0,0.0,0.0,0.0,0.0,0.0,1.0,1.0,0.06781066528780219,295.32936927834317,7.530436190611949,5.452628612776944,5.563911144138825,12.983064803388894
5.951602914041848,0.8677207747852502,-1.22713595324396,5.88885974968252,0.00019825305210778024,0.0,0.0,0.0,0.0,0.0,0.0,0.0,0.0,5.730923293017532,1415188782.8849647,839.8533808691693,54.891538476895285,3.0894407935714607,100.0,IMRPhenomXP,20.0,13.714509824122713,7.342912286072099,6.371597538050614,55.92110025679682,-0.04615135025381323,(11.909987508105479+1.149185228170331j),10.043507748439275,(0.9088050333582155+1.1721243589389683j),2.452280909859784,0.24874599463459457,0.0,0,0,0.0,0,0,0.0,0.0,0.0,0.0,0.0,0.0,0.0,1.0,1.0,0.16912649457458903,718.3597230431027,6.280682475461281,5.4498786637874055,5.090640697700947,11.730561139248685
5.933692306020577,0.6786113932901221,-0.06822494872483575,2.5505925909630465,0.00011043941769805929,0.0,0.0,0.0,0.0,0.0,0.0,0.0,0.0,2.31705592222602,1415188782.9133735,542.3947884039125,54.90509057572814,4.174974877781894,100.0,IMRPhenomXP,20.0,13.940955270212289,8.305052215145313,5.635903055066976,55.14748628297628,-0.016140560137250237,(11.93244093905469+0.825210157878769j),11.330496672903735,(1.0422453331484018-0.17573885174218404j),2.1586790873226223,0.24083567189789193,0.0,0,0,0.0,0,0,0.0,0.0,0.0,0.0,0.0,0.0,0.0,1.0,1.0,0.11312647572564312,487.27148264376495,7.461013996393608,5.063129103449768,5.330654184783831,12.524143099843375
5.933991880323658,0.6422676995140166,-1.0139758421173037,6.052368754242668,-3.165540347615218e-05,0.0,0.0,0.0,0.0,0.0,0.0,0.0,0.0,2.4385292106434875,1415188782.8850524,663.5353125368764,54.92860484420478,3.539571962761066,100.0,IMRPhenomXP,20.0,14.03621591850152,8.54685014060445,5.48936577789707,55.16953918753294,-0.050335029748010296,(11.821645919422007-1.659522341702809j),12.399911769010908,(1.5204285992001614+0.9572445905218648j),3.2326615359320163,0.23813771327804012,0.0,0,0,0.0,0,0,0.0,0.0,0.0,0.0,0.0,0.0,0.0,1.0,1.0,0.13634766368517268,583.919281709383,7.521333843277362,4.830709784798668,5.221986254699321,12.35204362807603
5.94564265969828,0.7024698783869382,0.7663466678326157,2.270677335374102,-3.6837396502272435e-05,0.0,0.0,0.0,0.0,0.0,0.0,0.0,0.0,2.1465682510949446,1415188782.922959,894.0284253050814,54.93604784499649,3.849423476878401,100.0,IMRPhenomXP,20.0,13.916098822247541,8.174064633338954,5.742034188908588,54.1996047000389,-0.012986018354200823,(11.812454277301171+1.324987694390071j),10.774529779098671,(1.1814838517270942+0.4791152954916293j),1.4156992762836775,0.2423644027167619,0.0,0,0,0.0,0,0,0.0,0.0,0.0,0.0,0.0,0.0,0.0,1.0,1.0,0.17897778876072057,758.3081103926115,6.933179497750421,4.870349758619552,5.043048916085203,11.803529256369972
5.9414846284759655,0.6895345652566569,-0.895586465786463,4.995940932284048,-8.9038999410079e-05,0.0,0.0,0.0,0.0,0.0,0.0,0.0,0.0,0.13776689036202,1415188782.8812973,767.3454400388056,54.98850695253001,3.7073982019473872,100.0,IMRPhenomXP,20.0,13.93419392431188,8.247356526970574,5.686837397341306,56.363363795204144,-0.004477870796724903,(11.976635097140143-0.016045840447637814j),12.90605999288536,(-1.3014718386712412+0.049826791983974224j),0.9054475458642879,0.24155825250762447,0.0,0,0,0.0,0,0,0.0,0.0,0.0,0.0,0.0,0.0,0.0,1.0,1.0,0.1557840107498573,663.917684159224,7.135724711764959,4.920328836918034,5.140653074635639,12.056053548682993
5.955632086148465,0.8995666987452832,-0.594621354190262,3.313113184706614,0.00024274923785671317,0.0,0.0,0.0,0.0,0.0,0.0,0.0,0.0,1.6297757508542114,1415188782.8962007,364.17185113549584,54.997120022789765,3.9889973842016015,100.0,IMRPhenomXP,20.0,13.705449886252156,7.215040090619081,6.4904097956330755,53.370596395920764,-0.011480803436660802,(11.920280069255925+0.6881600052413748j),12.094782593577875,(2.015949805719762+0.26772433947293894j),3.1968712715112204,0.24930114610436402,0.0,0,0,0.0,0,0,0.0,0.0,0.0,0.0,0.0,0.0,0.0,1.0,1.0,0.07777091927570653,337.89355808409636,6.6944096946573755,6.022068029071354,5.525879367900205,12.716477723728728
5.953689383081777,0.9780261200547646,-0.34954121064230187,5.358844373462772,0.00018534761359657891,0.0,0.0,0.0,0.0,0.0,0.0,0.0,0.0,0.07183604588772598,1415188782.884391,812.791623792342,55.03856438887385,4.114928406013006,100.0,IMRPhenomXP,20.0,13.678999299098464,6.915479608894012,6.763519690204451,54.4764328994831,-0.019669059714406356,(11.899938637781977+0.33492902235122285j),10.77402947327089,(1.2167895950613044-0.2579991078498399j),1.7385497096273987,0.24996914756407182,0.0,0,0,0.0,0,0,0.0,0.0,0.0,0.0,0.0,0.0,0.0,1.0,1.0,0.16416828690220497,698.1736499403622,5.940274861202211,5.809743974560454,5.114114041814568,11.750018835762667
5.923580781094736,0.6118508849825802,0.6766438884456508,1.476781446355476,-6.09473856475471e-06,0.0,0.0,0.0,0.0,0.0,0.0,0.0,0.0,4.77948318187496,1415188782.922309,949.9441123160432,55.128388439708374,3.928430557013788,100.0,IMRPhenomXP,20.0,14.105445078707623,8.751085606073335,5.35435947263429,55.59700815904206,-0.0008236005786513081,(11.853717077344768+1.1905458633799548j),9.798687113423007,(-0.8036469055096551+1.0144557218336074j),0.4162113305670439,0.23550268801050453,0.0,0,0,0.0,0,0,0.0,0.0,0.0,0.0,0.0,0.0,0.0,1.0,1.0,0.18904492395959474,798.9135635647204,7.3597602830107265,4.503075842419758,4.981797291029877,11.862836125430483
5.954280498000902,0.9852053820101079,-0.7976202986113359,5.109021805594145,0.00016744982817188054,0.0,0.0,0.0,0.0,0.0,0.0,0.0,0.0,0.23419062712392952,1415188782.8814945,846.6541707737372,55.13655011364945,3.818357669005803,100.0,IMRPhenomXP,20.0,13.679800287506435,6.890874068483048,6.788926219023387,55.97307029372642,-0.007246933999300223,(11.837977056145325-1.3743993221767565j),11.819420244344029,(-0.43913247202011385+1.2926155908068264j),0.8693493403160638,0.24998611529578713,0.0,0,0,0.0,0,0,0.0,0.0,0.0,0.0,0.0,0.0,0.0,1.0,1.0,0.17036857352279167,723.4081580908851,5.887781186521115,5.800673713058461,5.087525957808835,11.688454899579575
5.952368218828261,0.9733112434445443,0.8510073603748969,1.791459193575503,1.8581175608247823e-05,0.0,0.0,0.0,0.0,0.0,0.0,0.0,0.0,2.053913131507969,1415188782.9238582,872.4691955275194,55.16439322424046,3.7606151494692637,100.0,IMRPhenomXP,20.0,13.676452250401582,6.9307121701330985,6.745740080268482,55.26814651628048,-0.0038856120200256583,(11.848930042374551-0.7795952900061011j),11.429091689021499,(0.18883865092374508+0.9562572844742198j),0.597803725814572,0.24995426954648728,0.0,0,0,0.0,0,0,0.0,0.0,0.0,0.0,0.0,0.0,0.0,1.0,1.0,0.17506914718320013,742.4832830552853,5.8981313455016275,5.740717553889432,5.065547191922189,11.63884889939106
5.949092852319826,0.7278134915974983,0.8400522080934394,1.0878144811282102,0.00017936717304653922,0.0,0.0,0.0,0.0,0.0,0.0,0.0,0.0,4.461442344789962,1415188782.9205408,822.232570642483,55.25505673689094,3.7729741773367746,100.0,IMRPhenomXP,20.0,13.87506157921856,8.030416272759847,5.8446453064587125,54.885332776465894,-0.012806415661006876,(11.86144038191511+0.434868533192257j),10.351707973600734,(1.0327906960635391-0.12494060688174773j),1.3481839235822157,0.24379589019057427,0.0,0,0,0.0,0,0,0.0,0.0,0.0,0.0,0.0,0.0,0.0,1.0,1.0,0.1659009110694015,705.2336596714171,6.8877347950556915,5.0129863103870616,5.10257157862852,11.900721105442754
5.947807339833798,0.7210867741171856,0.8061949030655506,0.9824885078041272,0.00016792161307421294,0.0,0.0,0.0,0.0,0.0,0.0,0.0,0.0,1.3443036899633913,1415188782.919772,670.7593247442954,55.25564787481046,3.8094950491739943,100.0,IMRPhenomXP,20.0,13.88441848774813,8.067239082044544,5.817179405703586,54.9313803692948,-0.015752263891622875,(11.811823574000327-0.23879017225506943j),12.045683326329938,(0.9856154301103096-0.43430610261093977j),1.8474917639872177,0.24343442613531402,0.0,0,0,0.0,0,0,0.0,0.0,0.0,0.0,0.0,0.0,0.0,1.0,1.0,0.13771354001383196,589.5678522909906,7.090747185751577,5.1130440142541165,5.227860204389837,12.203791200005695
5.948003780182903,0.7676260025265199,-0.8222717948375571,6.088813666155617,-3.166832089658144e-05,0.0,0.0,0.0,0.0,0.0,0.0,0.0,0.0,5.672915309350049,1415188782.886219,823.3186082882298,55.35131079722019,3.7924624172841073,100.0,IMRPhenomXP,20.0,13.808607561992927,7.811950911706367,5.996656650286561,55.90413245554148,-0.05037752495429715,(11.97124769744213-0.7984604152486243j),9.602608773996996,(1.4489126581608045+0.9258892798774395j),2.6172262633590133,0.24567949707273676,0.0,0,0,0.0,0,0,0.0,0.0,0.0,0.0,0.0,0.0,0.0,1.0,1.0,0.1661000258132638,706.0445844150736,6.699211678910769,5.14248908116125,5.10076635667222,11.841700760072019
5.9458272337297995,0.821569478970024,-1.3524003432205787,4.591555329568622,-0.00019343542235072253,0.0,0.0,0.0,0.0,0.0,0.0,0.0,0.0,3.793184791681012,1415188782.884951,771.3793247553574,55.3557138459946,2.64789643698162,100.0,IMRPhenomXP,20.0,13.739173148318374,7.5424919592344954,6.19668118908388,54.11302479258174,-0.03322124595072573,(11.871784915907156+1.0544138559910676j),10.960826710069998,(1.658913814986282-0.7417186214124243j),2.251382813911803,0.24760123991209,0.0,0,0,0.0,0,0,0.0,0.0,0.0,0.0,0.0,0.0,0.0,1.0,1.0,0.15653119315887223,666.9766726478617,6.521650262310207,5.3579888080309175,5.1410867851214315,11.879639070341122
5.949798126856145,0.8802432579866776,-0.6865280501344725,4.523868426098998,-1.8190055845058084e-05,0.0,0.0,0.0,0.0,0.0,0.0,0.0,0.0,3.768568871164247,1415188782.8832068,741.3778608472312,55.364561621393705,3.9204115486383646,100.0,IMRPhenomXP,20.0,13.702425651982658,7.287581324267005,6.414844327715654,55.50688320533246,-0.002292733087962656,(11.904249070157507-0.48980354371176776j),12.414039086628147,(0.11059328720631952+0.4357919444699229j),0.8035273719270426,0.2489858273988801,0.0,0,0,0.0,0,0,0.0,0.0,0.0,0.0,0.0,0.0,0.0,1.0,1.0,0.15095996131112385,644.1387079517929,6.331741823551626,5.573473051493591,5.169422331666857,11.905214875045216
5.932742641258713,0.6902527115679891,-0.2253473781395566,5.37547759653492,-0.00016507775420712678,0.0,0.0,0.0,0.0,0.0,0.0,0.0,0.0,3.2351501815458734,1415188782.8855412,717.0373131250507,55.367505272777315,4.151695434994613,100.0,IMRPhenomXP,20.0,13.912097288741371,8.230779452994103,5.68131783574727,55.54188688283554,-0.02008049477689916,(11.83697565312168-1.4438789844166557j),11.339087437979325,(0.8752273042719801-0.9363610236050447j),2.0831475710744387,0.24160439973816014,0.0,0,0,0.0,0,0,0.0,0.0,0.0,0.0,0.0,0.0,0.0,1.0,1.0,0.14641557502281005,625.4601959935314,7.17957748683791,4.955722828202355,5.1750366712705125,12.135300315040263
5.952572592998118,0.8556705807322569,-1.3166788569593886,3.7978266953277986,-0.00016480608595563663,0.0,0.0,0.0,0.0,0.0,0.0,0.0,0.0,4.4594516246956095,1415188782.886747,679.6806440318492,55.38144135295209,2.7965594911405462,100.0,IMRPhenomXP,20.0,13.725298529235726,7.396408970292375,6.328889558943351,54.011331131481384,-0.03595647655356493,(11.891468614034208+1.3500532467156192j),11.455735474957502,(1.8550328202514705+1.4695794376085247j),2.668296326345456,0.24848766510929512,0.0,0,0,0.0,0,0,0.0,0.0,0.0,0.0,0.0,0.0,0.0,1.0,1.0,0.1393975132625617,596.5263521618881,6.491508787932516,5.554593094398766,5.224315942162683,12.04610188233128
5.955662667170076,0.8395071375772173,0.6559569922255921,0.9482179566831606,0.0001951787265406612,0.0,0.0,0.0,0.0,0.0,0.0,0.0,0.0,1.4719215429423387,1415188782.9186468,639.9681313921031,55.3871070257812,3.944696569845523,100.0,IMRPhenomXP,20.0,13.745395108292765,7.472324965477755,6.273070142815009,55.11490247763111,-0.019847865102457174,(11.688709016138418-2.3614782491015776j),11.779026950934163,(1.2238774827175454+0.1862172689349324j),2.1049214079170793,0.24809695744555357,0.0,0,0,0.0,0,0,0.0,0.0,0.0,0.0,0.0,0.0,0.0,1.0,1.0,0.1318773524964028,565.4041254413864,6.601709053544742,5.542181870658947,5.261756191193872,12.143890924203689
5.936536166555242,0.7094099376288813,-0.8004394461961067,4.473576872659003,0.00023330632317592934,0.0,0.0,0.0,0.0,0.0,0.0,0.0,0.0,0.679728088965546,1415188782.8831062,843.4273017778537,55.389185152101575,3.8154605907759493,100.0,IMRPhenomXP,20.0,13.880663514684594,8.120149069648228,5.7605144450363674,56.51361064258752,-0.003981568459420479,(11.980096287794497-0.40672617070120587j),10.867344222531635,(-0.7976338399211633+0.9890795182904976j),0.8329637380410242,0.24277547869362398,0.0,0,0,0.0,0,0,0.0,0.0,0.0,0.0,0.0,0.0,0.0,1.0,1.0,0.169779422583356,721.0139698798434,6.941607035380727,4.924445014013645,5.074919298413472,11.86605204939437
5.924947082809313,0.6223004817702705,0.6593463358376818,1.8453510787840697,-2.920305262841497e-05,0.0,0.0,0.0,0.0,0.0,0.0,0.0,0.0,5.107028319573902,1415188782.9233742,961.266969258762,55.40911040567533,3.942078809961192,100.0,IMRPhenomXP,20.0,14.074790855559339,8.67582239771068,5.39896845784866,55.816232145473954,-0.0014467144354788908,(11.930986288575086+0.14740102198353525j),10.159644336277083,(-0.44905971128875216-1.296876857817574j),0.4988586786299394,0.2364490333609536,0.0,0,0,0.0,0,0,0.0,0.0,0.0,0.0,0.0,0.0,0.0,1.0,1.0,0.19107142923787512,807.0607217256711,7.284048785606449,4.532867068521047,4.974468312618732,11.816915854127494
5.951426403334855,0.8613820825844534,-0.4492803948628835,6.005495478301516,0.00010368184346293892,0.0,0.0,0.0,0.0,0.0,0.0,0.0,0.0,5.796440144958199,1415188782.8883717,638.6401734034149,55.42283496394338,4.072787438344393,100.0,IMRPhenomXP,20.0,13.718486557202633,7.370054050458609,6.348432506744023,54.60830579928387,-0.037405359794373205,(11.70341652642877+2.510983964314575j),10.57953427557953,(1.9506069287779544-0.9298967876714064j),2.807192689648133,0.24861353889730717,0.0,0,0,0.0,0,0,0.0,0.0,0.0,0.0,0.0,0.0,0.0,1.0,1.0,0.1316248014270322,564.3568185534599,6.512807108119779,5.610015350263046,5.259186963585303,12.122822458382826
5.935328597612273,0.6665190850865012,-0.33123614789623995,4.5871607976968445,0.00019706258453610785,0.0,0.0,0.0,0.0,0.0,0.0,0.0,0.0,0.46976826745407796,1415188782.8850858,705.1907339286147,55.432021653522526,4.121411791679715,100.0,IMRPhenomXP,20.0,13.97428396202843,8.385312887852761,5.588971074175669,55.883812823934605,-0.012221856993522351,(11.89410579804645-1.7147136392949711j),11.730074911993876,(0.6306002210381444+0.44228021193557443j),1.7180725166607504,0.23998937036200502,0.0,0,0,0.0,0,0,0.0,0.0,0.0,0.0,0.0,0.0,0.0,1.0,1.0,0.144195771823864,616.3199993367454,7.328564826355245,4.8846283230594105,5.187336593764261,12.213193149414655
5.9481239042160645,0.7472477259984966,-1.148946109379372,4.528936544734346,0.00011015543740607118,0.0,0.0,0.0,0.0,0.0,0.0,0.0,0.0,0.6831492441360945,1415188782.8834667,755.3719887845986,55.44023657414898,3.284361490126998,100.0,IMRPhenomXP,20.0,13.839698406170262,7.920856441957201,5.918841964213062,56.23821332423781,-0.02005498338231626,(11.851938674845282-1.3821900892957202j),12.013329542732782,(0.2586795230829639-0.5908498117271277j),1.703252095292698,0.24476856077891515,0.0,0,0,0.0,0,0,0.0,0.0,0.0,0.0,0.0,0.0,0.0,1.0,1.0,0.153562737502866,654.8165648142431,6.866428833427468,5.130923331509186,5.156307247832965,11.997352164936652
5.944223987680174,0.7096651221891271,-0.3778540952676829,4.669678009011584,-2.7289791216223997e-05,0.0,0.0,0.0,0.0,0.0,0.0,0.0,0.0,3.4681524866531004,1415188782.884254,692.5753140370044,55.44085936330484,4.104150840305939,100.0,IMRPhenomXP,20.0,13.898129417294353,8.129153035243887,5.768976382050466,56.01504538158862,-0.00838634856542897,(11.929365826090885+0.9288548409971796j),12.496998567204821,(0.2308661730457351+0.4378591940610584j),1.4768657567353922,0.2427903144099741,0.0,0,0,0.0,0,0,0.0,0.0,0.0,0.0,0.0,0.0,0.0,1.0,1.0,0.14182603154980217,606.5506429478536,7.119432217016611,5.052412734206301,5.205892862340921,12.171844951222912
5.938741722412125,0.7573504731188831,0.8478710322214711,1.5582505083108318,-6.027052006723311e-05,0.0,0.0,0.0,0.0,0.0,0.0,0.0,0.0,1.9751334937335647,1415188782.9233525,930.7160097510621,55.461562440917895,3.7641813056806557,100.0,IMRPhenomXP,20.0,13.802137722685822,7.8539471402026475,5.948190582483174,55.01468291244322,-0.0009239369132795008,(11.743125252708177-1.7393016381356732j),10.39795789416846,(1.2493440911388385+0.9011884770764094j),0.47821347109979956,0.2452336915832706,0.0,0,0,0.0,0,0,0.0,0.0,0.0,0.0,0.0,0.0,0.0,1.0,1.0,0.18559434504785244,785.0206233624068,6.624480939039608,5.01705377334867,5.0090840490407595,11.64153471238828
5.956026109548612,0.9686009852315853,0.6869701858921844,2.3888431294395587,-0.00021931115559399169,0.0,0.0,0.0,0.0,0.0,0.0,0.0,0.0,2.3692697291932974,1415188782.9225183,894.3064605814438,55.47373651876197,3.9200490479785985,100.0,IMRPhenomXP,20.0,13.68544383894369,6.951862739890756,6.733581099052935,55.32088759772427,-0.017201242375999293,(11.887083308796326+0.9203554214998421j),10.450319144165038,(0.9834867281294682-0.3473428891171577j),1.6273285295848288,0.2499364000675176,0.0,0,0,0.0,0,0,0.0,0.0,0.0,0.0,0.0,0.0,0.0,1.0,1.0,0.17902809815419624,758.5115801665713,5.896265534955532,5.711128606344969,5.051640515499969,11.607394141300501
5.9518126139385075,0.9537428640009369,0.5293844209615809,1.8249709930746085,-0.00012191523901339881,0.0,0.0,0.0,0.0,0.0,0.0,0.0,0.0,5.1804500139634175,1415188782.9231431,769.6546051315488,55.48866640682021,4.030100261442336,100.0,IMRPhenomXP,20.0,13.67827573621422,7.001062416270794,6.6772133199434265,55.15599509143051,-0.0038030441368185203,(11.849301044472956+1.0618831994394717j),12.46502211145838,(0.7687710883895872+0.8490866082999479j),0.885393491723582,0.24985985981736575,0.0,0,0,0.0,0,0,0.0,0.0,0.0,0.0,0.0,0.0,0.0,1.0,1.0,0.1562118008340065,665.6692186424814,6.055172946012781,5.77507798755122,5.147683676680437,11.830250933564
5.954064903749265,0.8474701272813321,0.49996322967227064,5.928331530640301,-0.00019118798778562776,0.0,0.0,0.0,0.0,0.0,0.0,0.0,0.0,3.2922328457612955,1415188782.9018078,410.37504417445086,55.5198731107772,4.046739853716046,100.0,IMRPhenomXP,20.0,13.735100296368522,7.434545270066467,6.300555026302054,53.451499629159464,-0.0029342533310268287,(11.931342273026175-0.6829980717130526j),11.912967397349652,(2.1450874277125522-0.8851341599776034j),1.6280107063147646,0.24829590039881488,0.0,0,0,0.0,0,0,0.0,0.0,0.0,0.0,0.0,0.0,0.0,1.0,1.0,0.08708394514959406,377.50078527267664,6.838979918007525,5.795831181588311,5.477097633826175,12.634811099595836
5.9458419527557735,0.8382176024320429,0.8677100331964337,1.9272189891747225,0.00019279241983957728,0.0,0.0,0.0,0.0,0.0,0.0,0.0,0.0,2.111146611431217,1415188782.9238422,801.8443615071329,55.54627600306172,3.741238150085971,100.0,IMRPhenomXP,20.0,13.723838527379433,7.465840012206493,6.2579985151729405,55.206057895334474,-0.006563669251457127,(11.774373117152761+0.13930344052724478j),12.441343198152639,(0.8196020697958963+1.0223236789733425j),0.9319800393080814,0.2480635392347666,0.0,0,0,0.0,0,0,0.0,0.0,0.0,0.0,0.0,0.0,0.0,1.0,1.0,0.16215532965064042,689.9631608604964,6.424132662585496,5.38482107813779,5.116219666215509,11.808953740723286
5.931963342439093,0.6687438530242819,-0.9592934796155488,4.328927252083491,-4.2960835991751446e-05,0.0,0.0,0.0,0.0,0.0,0.0,0.0,0.0,0.7287742814761505,1415188782.883585,895.4231813639785,55.549975842450664,3.6223499189965835,100.0,IMRPhenomXP,20.0,13.960796333494265,8.366051091779585,5.59474524171468,56.027030493657875,-0.011681936973661322,(11.965076269069423-0.05819000473865033j),9.899342714743858,(0.2661119964106043-1.1411122147034654j),1.1927781189948752,0.24014881346029648,0.0,0,0,0.0,0,0,0.0,0.0,0.0,0.0,0.0,0.0,0.0,1.0,1.0,0.1792301295364502,759.3286142400797,7.0945024912722,4.7444049313037375,5.030369555407238,11.838907422575938
5.952091303728043,0.8164164089415908,-1.4194962874454307,4.476444289531128,2.0649165837424168e-05,0.0,0.0,0.0,0.0,0.0,0.0,0.0,0.0,3.830056249276411,1415188782.8856049,789.8630087263194,55.55749936685249,2.2849954100361662,100.0,IMRPhenomXP,20.0,13.75881557840765,7.574703416396015,6.184112162011634,54.85777869695361,-0.04077919330786417,(11.967898841617743+0.4159245879774726j),10.249785061408545,(1.5018092310440927+1.688493034544416j),2.3791364521493303,0.24744625871708584,0.0,0,0,0.0,0,0,0.0,0.0,0.0,0.0,0.0,0.0,0.0,1.0,1.0,0.15994739348005246,680.9472644289214,6.530212886353865,5.3313729543011235,5.1313459017056715,11.861585840654987
5.946958448873774,0.7624979501304934,0.26520511426327775,2.5230681027523425,-0.00011456541536637049,0.0,0.0,0.0,0.0,0.0,0.0,0.0,0.0,5.584222318756041,1415188782.918178,753.0034496441554,55.584269429991465,4.1417169938957485,100.0,IMRPhenomXP,20.0,13.813573425168755,7.837497583555211,5.976075841613544,55.81302230896927,-0.01894192971381592,(11.775563481945259-2.233477358017119j),10.030367694384577,(1.0412632922637997-0.09549198272874143j),1.99651105538487,0.2454604009938415,0.0,0,0,0.0,0,0,0.0,0.0,0.0,0.0,0.0,0.0,0.0,1.0,1.0,0.15312271612490833,653.0124150227508,6.796759333554088,5.182515059365291,5.157264153860957,11.979274392919379
5.942119660164677,0.7586067810409152,-0.1786721226081261,5.37190127035565,-5.54663562621379e-06,0.0,0.0,0.0,0.0,0.0,0.0,0.0,0.0,3.1912647637122786,1415188782.8862011,684.0599915211385,55.58844958616861,4.161256486523264,100.0,IMRPhenomXP,20.0,13.80809775706741,7.851725528372198,5.956372228695212,56.10680999794538,-0.01992171064131054,(11.990495625717433+0.2212523092512647j),11.614572563806904,(0.8749596053514934-0.9681819110381584j),2.2276487095796447,0.24528965568791367,0.0,0,0,0.0,0,0,0.0,0.0,0.0,0.0,0.0,0.0,0.0,1.0,1.0,0.14022301861362427,599.9352559365598,6.88613139727609,5.223865973112395,5.211366165357361,12.109997370388486
5.955044562025449,0.8820728916910174,-0.5713025345719155,5.091084149726561,-0.00022899048275715862,0.0,0.0,0.0,0.0,0.0,0.0,0.0,0.0,3.289766283642498,1415188782.8820066,1043.6796826093903,55.612920890423425,4.004375047785736,100.0,IMRPhenomXP,20.0,13.71342885612835,7.2863431149082745,6.427085741220077,56.097699431803434,-0.005049692455194099,(11.930615221020453-0.019941084096924196j),9.313665556458258,(-0.025867008089275095-0.6933270309521226j),0.7690583821971951,0.24901849067846393,0.0,0,0,0.0,0,0,0.0,0.0,0.0,0.0,0.0,0.0,0.0,1.0,1.0,0.20570314651806385,865.619109779212,6.043231400656472,5.330570596735012,4.939063632058151,11.373801997391483
5.9328037651365975,0.6233734543231028,0.8217060125955885,1.2506314148386337,-6.251796085422458e-05,0.0,0.0,0.0,0.0,0.0,0.0,0.0,0.0,4.505730143132162,1415188782.9212377,737.6640017249057,55.65029973905687,3.7930711968365878,100.0,IMRPhenomXP,20.0,14.09006930085078,8.679499632896185,5.410569667954597,54.69931040850301,-0.006213422571520272,(11.785672934737624-0.15423628527670286j),12.098260918370244,(1.417469443442825+0.3867653956596311j),1.1546978236633798,0.23654372101421087,0.0,0,0,0.0,0,0,0.0,0.0,0.0,0.0,0.0,0.0,0.0,1.0,1.0,0.15026800793298645,641.2975049219784,7.545632472638364,4.703746979521152,5.157757778378756,12.249379452159515
5.9471297986404,0.852402083028219,0.8918071476416547,1.5099225447384148,-9.038737547833618e-05,0.0,0.0,0.0,0.0,0.0,0.0,0.0,0.0,4.893775115482035,1415188782.92309,874.9594111211477,55.661966508188236,3.7120995893323476,100.0,IMRPhenomXP,20.0,13.715227906432995,7.404023150315179,6.311204756117815,55.22559128184544,-0.0023434999098602693,(11.754365381234454+1.2558578008898185j),10.995539031763403,(0.839248938963249+0.5078552296742235j),0.6861258348982453,0.24841280625210183,0.0,0,0,0.0,0,0,0.0,0.0,0.0,0.0,0.0,0.0,0.0,1.0,1.0,0.17552140220598667,744.3160182199953,6.298501359839787,5.368855679083504,5.059142085784233,11.667357038923292
5.959304886043992,0.9531008761589956,0.40639227680770157,2.0256329735562835,-0.0001079785158796434,0.0,0.0,0.0,0.0,0.0,0.0,0.0,0.0,2.070178595056177,1415188782.9221375,783.5497690974241,55.717761894055805,4.09234825065546,100.0,IMRPhenomXP,20.0,13.695626184136168,7.01224721739424,6.683378966741929,54.59413004659335,-0.01249970424272645,(11.83974004141943+1.0592110794971865j),11.728336602720217,(1.5237941291957544-0.6542611292877034j),1.4968350184570738,0.24985584818404816,0.0,0,0,0.0,0,0,0.0,0.0,0.0,0.0,0.0,0.0,0.0,1.0,1.0,0.15878193835768425,676.183969987809,6.051394990961406,5.767589867869474,5.14273194013533,11.81898485883088
5.939838363372189,0.7135316930928934,0.6634304659320858,1.1640296589348593,5.111646783623994e-05,0.0,0.0,0.0,0.0,0.0,0.0,0.0,0.0,1.6427924432049206,1415188782.9205213,810.8661034045417,55.723968331745056,3.9388999937100655,100.0,IMRPhenomXP,20.0,13.880248324029182,8.100374437181017,5.779873886848165,56.61459893080866,-0.01288059299836583,(11.866210921388062-2.0582340942860315j),10.374080430614056,(0.31778528250981647+1.4130088288152078j),1.2705057959857968,0.24301270807274414,0.0,0,0,0.0,0,0,0.0,0.0,0.0,0.0,0.0,0.0,0.0,1.0,1.0,0.1638145306198032,696.7313796513496,6.960193591041579,4.9663187172702035,5.103767144244933,11.926512308311782
5.951506900061196,0.7702840773785495,-1.0902007557948523,5.707605550215316,-0.000173747089704327,0.0,0.0,0.0,0.0,0.0,0.0,0.0,0.0,5.815499158938632,1415188782.8835802,842.485756026715,55.75647442674641,3.4057786840677347,100.0,IMRPhenomXP,20.0,13.812997871124137,7.80270129954427,6.010296571579867,55.71591205868281,-0.03640586455038719,(11.857179081594605+1.3550347428528073j),10.66539477924206,(1.3551088538643128-1.8820657869287982j),2.166708731540217,0.245790444104648,0.0,0,0,0.0,0,0,0.0,0.0,0.0,0.0,0.0,0.0,0.0,1.0,1.0,0.16960745230234284,720.314975726292,6.671213734304488,5.13872971632384,5.088465269561857,11.809943450628328
5.9376647807131375,0.7369509690039544,-0.6933016924418127,4.703385675481202,-1.124047918483139e-05,0.0,0.0,0.0,0.0,0.0,0.0,0.0,0.0,3.591274798188637,1415188782.8822627,776.9942566727508,55.76602977780869,3.914821950505787,100.0,IMRPhenomXP,20.0,13.832401612093136,7.963610866934981,5.868790745158155,55.73175275400177,0.00058789879815975,(11.882188051274928+0.9929927728767822j),12.320604398096057,(0.1660919968352898+0.7073905847870664j),0.2543303483670115,0.24426625594624235,0.0,0,0,0.0,0,0,0.0,0.0,0.0,0.0,0.0,0.0,0.0,1.0,1.0,0.15757025252368279,671.2285999481011,6.879591842977195,5.069921875033745,5.129420670381005,11.94951371801094
5.946502378715319,0.7893234757214154,0.20820738804673886,2.5150480014904737,0.00017660941448512162,0.0,0.0,0.0,0.0,0.0,0.0,0.0,0.0,5.533983702444416,1415188782.9177034,705.5700014887431,55.788385616784,4.155470410414803,100.0,IMRPhenomXP,20.0,13.776383280337255,7.699213399512866,6.077169880824389,55.93100008077789,-0.021043902258484348,(12.006094496979534+0.3699254891920132j),10.43183902750633,(1.1065224288384516+0.271419629954126j),2.0805581642839295,0.24653427117436513,0.0,0,0,0.0,0,0,0.0,0.0,0.0,0.0,0.0,0.0,0.0,1.0,1.0,0.14426692009325592,616.6131230151683,6.728511734731781,5.310972268890819,5.196779068148444,12.0394840036226
5.95895618632132,0.9272461122644993,0.6290807419438599,1.7269586726374868,-1.5080126747561825e-05,0.0,0.0,0.0,0.0,0.0,0.0,0.0,0.0,5.070417717686914,1415188782.9233713,888.9053387075807,55.794195303001636,3.9648144289622125,100.0,IMRPhenomXP,20.0,13.701805347964983,7.109525483419172,6.592279864545812,55.247288969015614,1.3088171014027233e-05,(11.892208273354232-0.053807893219388725j),10.980196967331946,(1.6664546511186344+0.23054847939675696j),0.35242628377542196,0.24964373097657894,0.0,0,0,0.0,0,0,0.0,0.0,0.0,0.0,0.0,0.0,0.0,1.0,1.0,0.1780503716252121,754.5563061711493,6.034992776761343,5.595923589796291,5.058320365453029,11.630916366557633
5.944911062877471,0.7233695840930552,-0.7351858452027319,5.9628573500339135,-9.304079029351928e-06,0.0,0.0,0.0,0.0,0.0,0.0,0.0,0.0,5.685270564703534,1415188782.8854551,776.1942575736444,55.86635610844091,3.878501821866822,100.0,IMRPhenomXP,20.0,13.87341328947518,8.05016719427379,5.823246095201388,54.460029299425415,-0.04284333165651588,(11.9369552364093+0.7036990868170123j),10.392971098298345,(2.0721312637432985-0.9277389941340707j),2.550320540421681,0.24355855918897643,0.0,0,0,0.0,0,0,0.0,0.0,0.0,0.0,0.0,0.0,0.0,1.0,1.0,0.1574222795190056,670.6232238291632,6.9552550842716006,5.031219977570655,5.136337158939104,11.986475061842256
5.959332228886548,0.9680823794088326,0.9677687067023757,1.673892183051966,5.323507075517201e-05,0.0,0.0,0.0,0.0,0.0,0.0,0.0,0.0,4.939683867198864,1415188782.9234264,921.9002402222666,55.89433831319001,3.6101525954115603,100.0,IMRPhenomXP,20.0,13.693111236186034,6.957590484753557,6.735520751432476,55.432042722796595,-0.00644792224366697,(11.75567249292413+1.7952387068236604j),10.620335390853178,(1.013800890604138-0.16812679977148232j),0.8291163330678047,0.2499342471656377,0.0,0,0,0.0,0,0,0.0,0.0,0.0,0.0,0.0,0.0,0.0,1.0,1.0,0.18400838863047195,778.6264481155515,5.876301681275516,5.688744113733325,5.033184127841894,11.565045795008842
5.946806710615901,0.7759989611485287,-0.8861334319837261,4.943122219479137,0.00018442183126327635,0.0,0.0,0.0,0.0,0.0,0.0,0.0,0.0,3.405553684425097,1415188782.881439,892.5998491869403,55.95566359827721,3.7190896742471455,100.0,IMRPhenomXP,20.0,13.794259374627417,7.767042479409304,6.027216895218113,57.108697642968984,-0.0056338210385156184,(11.944860689917329-0.6126881160781722j),11.120777899852216,(-1.2194495484799308+0.46579757233064517j),0.688240864760641,0.24602300853638778,0.0,0,0,0.0,0,0,0.0,0.0,0.0,0.0,0.0,0.0,0.0,1.0,1.0,0.17871926491266407,757.2624575593251,6.589391308527391,5.1133608100184,5.045142543807089,11.70275211854579
5.95373874117509,0.9144283277404447,0.4702964684214988,1.4872300355391093,0.00018729942439552392,0.0,0.0,0.0,0.0,0.0,0.0,0.0,0.0,4.980926196811369,1415188782.9216228,763.1622767162075,55.96255591240785,4.062380110773438,100.0,IMRPhenomXP,20.0,13.694522839345415,7.153322295177665,6.541200544167752,55.743701887052666,-0.008772572146503399,(11.941311630154885+0.30236775033551216j),11.728829120532186,(0.7473480479552929-0.13328276424595364j),1.0688494713859116,0.24950051572148133,0.0,0,0,0.0,0,0,0.0,0.0,0.0,0.0,0.0,0.0,0.0,1.0,1.0,0.15500855629974417,660.7416674977179,6.193306756180651,5.66333514023787,5.154713970473821,11.856641896418521
5.9248792872950045,0.5889654714654808,-0.8926084124521354,5.922188541068337,-7.230260736472926e-05,0.0,0.0,0.0,0.0,0.0,0.0,0.0,0.0,5.540280110673574,1415188782.8842938,725.4294041336183,56.00878220359212,3.71110587046906,100.0,IMRPhenomXP,20.0,14.189364911099613,8.929939111900875,5.259425799198736,53.72429314535344,-0.04354703228671719,(11.616014672733968+1.907796275399247j),11.63218207493222,(2.2405062328962493-0.3449617282080562j),2.7177362889308645,0.23327108785437897,0.0,0,0,0.0,0,0,0.0,0.0,0.0,0.0,0.0,0.0,0.0,1.0,1.0,0.14798487896917606,631.915471497908,7.778795065593062,4.581441703240373,5.161112655608498,12.360236768833438
5.934876188671824,0.6984326037933805,0.7429361156852452,1.7216990632279106,0.0002135150396238482,0.0,0.0,0.0,0.0,0.0,0.0,0.0,0.0,1.961648400008432,1415188782.9236486,866.378742019372,56.015915885668896,3.871438400130609,100.0,IMRPhenomXP,20.0,13.899364440869503,8.183642029613559,5.715722411255943,56.407796394366535,0.0005898298342094967,(11.962776583092385+0.5872225758860273j),11.342566855170091,(-1.5128760276969773-0.22540931491650462j),0.226036433683104,0.24211844074758013,0.0,0,0,0.0,0,0,0.0,0.0,0.0,0.0,0.0,0.0,0.0,1.0,1.0,0.17396217076017453,737.9954528554947,6.970958889002712,4.868744967782774,5.05542370656528,11.839703856785487
5.944397522307681,0.7931007142700603,-0.6557190249818448,4.784127684914138,-0.00021243829577750797,0.0,0.0,0.0,0.0,0.0,0.0,0.0,0.0,0.3993668675514335,1415188782.8822317,791.3915496949202,56.042502115185115,3.944879675509825,100.0,IMRPhenomXP,20.0,13.766909584350648,7.677711282355332,6.0891983019953155,56.189350852068046,0.000704427237046043,(11.808927415788771+1.5901878992759515j),12.21792677067549,(-0.562171191872595+0.11460116424955888j),0.21171040860604454,0.2466714995169835,0.0,0,0,0.0,0,0,0.0,0.0,0.0,0.0,0.0,0.0,0.0,1.0,1.0,0.16022935800385207,682.099229439981,6.617408212773255,5.248271180167033,5.123467598281499,11.865679392940288
5.958767935998953,0.9531190487284003,-0.5316708941578473,5.268027773185151,0.00015064651721543763,0.0,0.0,0.0,0.0,0.0,0.0,0.0,0.0,3.1657127248146395,1415188782.882562,845.7955892978392,56.0485889811191,4.028758955954812,100.0,IMRPhenomXP,20.0,13.694388408740656,7.011548229820675,6.682840178919981,55.0803061928323,-0.013841268495112802,(11.885413212500334+0.5975034023949172j),11.24253897563262,(1.4017801744878788+0.16892681966567777j),1.351392746812285,0.2498559625552886,0.0,0,0,0.0,0,0,0.0,0.0,0.0,0.0,0.0,0.0,0.0,1.0,1.0,0.17021185029353117,722.7713408165428,5.991691357476791,5.710795166912456,5.092042038802017,11.702486524389247
5.94005610251158,0.7205185473929829,0.4137550709918202,1.2272936546647273,-0.00016853590972851576,0.0,0.0,0.0,0.0,0.0,0.0,0.0,0.0,4.712539703757362,1415188782.919137,640.3904591096446,56.071693070744416,4.089147488420998,100.0,IMRPhenomXP,20.0,13.867388365095424,8.060005157228904,5.807383207866521,56.21106925772385,-0.01837807750128173,(11.859573114136058+1.9869293758202096j),12.42029086323137,(0.8846218486228405+0.3372510735355098j),2.017078439818277,0.24340329178410008,0.0,0,0,0.0,0,0,0.0,0.0,0.0,0.0,0.0,0.0,0.0,1.0,1.0,0.13195765757010952,565.7371145673935,7.120412237442455,5.130389082161257,5.24759567002061,12.250801319603712
5.944453857604206,0.7340616638202391,-0.5894711432268075,6.067244795778929,-4.433976487012073e-05,0.0,0.0,0.0,0.0,0.0,0.0,0.0,0.0,5.8058357846846915,1415188782.887596,668.6752050895982,56.08956182324552,3.9924610322317786,100.0,IMRPhenomXP,20.0,13.853192801182258,7.988869767562282,5.864323033619976,56.02570910461955,-0.04295047685543674,(11.942804008304478-1.4721650946951115j),10.669687103551128,(1.5767241661366107-0.3204549215107277j),2.971629547025187,0.24412006088474725,0.0,0,0,0.0,0,0,0.0,0.0,0.0,0.0,0.0,0.0,0.0,1.0,1.0,0.13731969546181266,587.9395255501257,7.024295630718303,5.156266137850313,5.226721986196185,12.180561768568616
5.9522513746439,0.8858435260593662,0.8778573291356535,1.9905783542350113,-2.263782546491522e-05,0.0,0.0,0.0,0.0,0.0,0.0,0.0,0.0,5.338689508127927,1415188782.9238749,858.6408964560212,56.09377891373949,3.7291418980899227,100.0,IMRPhenomXP,20.0,13.704835936888594,7.267217957115476,6.437617979773117,55.68267215628366,-0.005587651685803774,(11.925405527229705-0.8065314449829926j),11.613009752196456,(0.9719276902508753+0.39847931456676644j),1.0048160942716655,0.24908392761836665,0.0,0,0,0.0,0,0,0.0,0.0,0.0,0.0,0.0,0.0,0.0,1.0,1.0,0.17255398091125287,732.282610822466,6.197768354739406,5.490252973061512,5.07631330543784,11.688021327800918
5.939042424896755,0.715529105290022,-0.8519936617863748,5.947929026959844,-4.252827821929684e-05,0.0,0.0,0.0,0.0,0.0,0.0,0.0,0.0,2.597098100488469,1415188782.884993,719.191875102783,56.09649344130347,3.7594890065957007,100.0,IMRPhenomXP,20.0,13.87451318254254,8.087599994520033,5.786913188022506,54.19345098051389,-0.044263012907216015,(11.956068304653892+1.3633734197160736j),11.645325334330868,(2.1797074303839055-0.21306224982594835j),2.786139472371899,0.24312584208146196,0.0,0,0,0.0,0,0,0.0,0.0,0.0,0.0,0.0,0.0,0.0,1.0,1.0,0.14681872699524678,627.1190567750835,7.052204331987294,5.046057455989286,5.178710710852711,12.098261787976579
5.944714412723352,0.7288375632024586,-0.6552807498102285,5.950332027144309,0.0001953864926489759,0.0,0.0,0.0,0.0,0.0,0.0,0.0,0.0,5.964780558376471,1415188782.8860254,610.0201628437824,56.110184062680894,3.9452166737370646,100.0,IMRPhenomXP,20.0,13.863011239805294,8.018689282829888,5.844321956975406,56.3475632248174,-0.040267390884584864,(11.603922374593004-2.996927080163414j),12.879350639484574,(0.7545975375607527-2.3141880824532746j),3.1558096920613115,0.2438497795277779,0.0,0,0,0.0,0,0,0.0,0.0,0.0,0.0,0.0,0.0,0.0,1.0,1.0,0.12616444021616705,541.6794795060796,7.120353827981553,5.189581333125374,5.27872680084115,12.309935161106926
5.9447652809432086,0.7374466047192487,0.45613502642133563,5.952851071701922,0.0001236686816491743,0.0,0.0,0.0,0.0,0.0,0.0,0.0,0.0,3.2651954101849188,1415188782.9011624,386.0295609534883,56.12628820638233,4.069453336393737,100.0,IMRPhenomXP,20.0,13.848097853882823,7.970373199538132,5.877724654344691,53.86055854951172,-0.003937086657803013,(12.01320212280332-0.6548482033144498j),12.376969981623587,(2.391381984372884-0.03537820321944737j),1.3605029471208958,0.2442911010882533,0.0,0,0,0.0,0,0,0.0,0.0,0.0,0.0,0.0,0.0,0.0,1.0,1.0,0.08219021471285705,356.71137683705535,7.365039057993101,5.4313230469416665,5.493272070031203,12.796362104934767
5.930040749241324,0.6526890346675251,-1.3312325081551408,5.2883556140385295,0.00014830150010968033,0.0,0.0,0.0,0.0,0.0,0.0,0.0,0.0,2.985637063748585,1415188782.8841863,846.4297890779156,56.17729895035835,2.7387850732905497,100.0,IMRPhenomXP,20.0,13.997912116702972,8.469779748686335,5.528132368016638,54.020342656142844,-0.03942308584818599,(11.723089542470975+2.4939799360063026j),10.114300924589335,(2.0013183517959416+0.2772235966189602j),2.13522394001997,0.23895934834437635,0.0,0,0,0.0,0,0,0.0,0.0,0.0,0.0,0.0,0.0,0.0,1.0,1.0,0.17032761740357735,723.2417452599676,7.237101494260991,4.72357678808011,5.066992063638879,11.960678282341101
5.947828092712704,0.7584020062899686,0.770201571039164,2.0489226057259438,-4.3202437319624846e-05,0.0,0.0,0.0,0.0,0.0,0.0,0.0,0.0,5.171384818620244,1415188782.9237056,887.7428385217644,56.19746184505085,3.8456983775833145,100.0,IMRPhenomXP,20.0,13.821670282290865,7.860358571503818,5.961311710787047,56.739431739038636,-0.005819628322185855,(11.755871294907942+2.4354482457651248j),11.177966506645703,(-0.300391087984989+1.1630178550319938j),0.9859580262924633,0.24528056168098794,0.0,0,0,0.0,0,0,0.0,0.0,0.0,0.0,0.0,0.0,0.0,1.0,1.0,0.1778398086068872,753.7042267814094,6.673537873372449,5.0612245122177555,5.049776760175573,11.734762385590203
5.944153975495002,0.7677356362953152,0.287568898888204,1.8056901569764523,0.00015709209469552205,0.0,0.0,0.0,0.0,0.0,0.0,0.0,0.0,5.149337354745041,1415188782.921105,704.8645704741654,56.19778897756296,4.135373296177763,100.0,IMRPhenomXP,20.0,13.79951463130411,7.80632259030772,5.99319204099639,56.517153077036895,-0.01837770988893811,(11.852548794009726+1.7282585485694184j),12.203190626915655,(0.7503576990747248-0.43730166250256514j),1.7517875254471342,0.24568410831422288,0.0,0,0,0.0,0,0,0.0,0.0,0.0,0.0,0.0,0.0,0.0,1.0,1.0,0.14413457942987534,616.0678840848454,6.822905915663895,5.23818801454529,5.195327614743526,12.061093930209186
5.9339974278030745,0.6651562050168759,-0.42655208077484713,4.571770286277502,-2.69068743536749e-07,0.0,0.0,0.0,0.0,0.0,0.0,0.0,0.0,3.5555696194445243,1415188782.8843408,908.9450725113886,56.20159167687916,4.083430244171051,100.0,IMRPhenomXP,20.0,13.974592146678635,8.392361091755356,5.5822310549232785,56.58338663927711,-0.008134745042326696,(11.972510963150933+0.9471541610362113j),9.455320023188657,(0.31327803324658937+0.4347167104222869j),1.0854344265845364,0.23989085189291087,0.0,0,0,0.0,0,0,0.0,0.0,0.0,0.0,0.0,0.0,0.0,1.0,1.0,0.1816732302105426,769.2017123829255,7.10209969828974,4.7240056829659025,5.0216906637935725,11.826105381255642
5.94505307813821,0.7907379654139232,0.6882863687072704,1.0383648377603907,0.00020651378344095455,0.0,0.0,0.0,0.0,0.0,0.0,0.0,0.0,1.424865764142363,1415188782.9198167,689.8428913546724,56.219265633552126,3.918967992281137,100.0,IMRPhenomXP,20.0,13.771290233962336,7.690287747252373,6.081002486709965,55.361145446970085,-0.014186530981714962,(11.601651682018428+2.797198799287076j),11.605015166067073,(0.9935431489544587+1.241212047117652j),1.7543051148434976,0.2465860526956284,0.0,0,0,0.0,0,0,0.0,0.0,0.0,0.0,0.0,0.0,0.0,1.0,1.0,0.14131195614861342,604.4297392693167,6.738111964763296,5.328080945748141,5.208964162786786,12.066192910511434
5.9449499085621,0.7603343234611042,0.7312387546661857,5.885558122771422,0.0001140548924959639,0.0,0.0,0.0,0.0,0.0,0.0,0.0,0.0,3.249130470551192,1415188782.9055395,401.4635025588503,56.220794310474474,3.8820570504015546,100.0,IMRPhenomXP,20.0,13.812097342898413,7.84629212690779,5.965805215990623,53.84322567073434,-0.015479906078936678,(12.033450180382806-0.05518669481155291j),12.625495844826652,(2.378777198269155+0.3099374577307817j),3.1535045233297483,0.24536594293476122,0.0,0,0,0.0,0,0,0.0,0.0,0.0,0.0,0.0,0.0,0.0,1.0,1.0,0.08529606902631398,369.91150698262055,7.229632863175467,5.4969380118946845,5.477721774018477,12.726570875070152
5.947084730522096,0.7145930030651585,-0.588767501827487,5.168960570413773,2.150788417295906e-05,0.0,0.0,0.0,0.0,0.0,0.0,0.0,0.0,6.277150543561598,1415188782.8818479,891.3947553171934,56.23765604615198,3.99293126237283,100.0,IMRPhenomXP,20.0,13.895114407583195,8.10403074242287,5.791083665160325,55.49327643324724,-0.009682000581660882,(11.872836472759943+0.7099859383736471j),10.862251127996943,(1.2628625089809042-0.601887977593579j),1.0266894470079664,0.2430729687598001,0.0,0,0,0.0,0,0,0.0,0.0,0.0,0.0,0.0,0.0,0.0,1.0,1.0,0.178501131930886,756.3800607450127,6.876557453233007,4.913939841255873,5.046312277000738,11.790497294488882
5.946863546457098,0.8438264818423874,-1.281289074443873,5.543373516124924,-6.867128072420427e-05,0.0,0.0,0.0,0.0,0.0,0.0,0.0,0.0,6.048538474239747,1415188782.8843918,654.8196019753071,56.24935012065701,2.9237207654621233,100.0,IMRPhenomXP,20.0,13.721454218533104,7.441835961061997,6.279618257471107,53.75301274966017,-0.0382927205589334,(11.73605834319464+1.9243806531797327j),13.263183186326055,(2.3166398452599823+0.411247743515321j),2.8547695747633046,0.24820644499602704,0.0,0,0,0.0,0,0,0.0,0.0,0.0,0.0,0.0,0.0,0.0,1.0,1.0,0.13469700891055578,577.0876252696023,6.558434456619434,5.534180673923067,5.240926432129045,12.0926151305425
5.947198226575362,0.7361188346869558,0.9747463007258114,1.3236678465488179,-0.00019665803752740813,0.0,0.0,0.0,0.0,0.0,0.0,0.0,0.0,1.453502266314261,1415188782.9219992,767.3808510063985,56.26170249717028,3.5999432444629873,100.0,IMRPhenomXP,20.0,13.856035733028374,7.981041076330926,5.8749946566974485,56.13015011824249,-0.007063194145103924,(11.85966773222043+1.2673454756274416j),12.00070565312103,(0.8452116548053199-0.7152885784717825j),1.244060758818614,0.24422438949126,0.0,0,0,0.0,0,0,0.0,0.0,0.0,0.0,0.0,0.0,0.0,1.0,1.0,0.15579057116397496,663.9445479765603,6.905265776907464,5.083096196900838,5.145567350135113,11.988361973808301
5.944915082088418,0.7294706692047415,0.7471564852388746,2.094872672808188,-0.000204517195537201,0.0,0.0,0.0,0.0,0.0,0.0,0.0,0.0,2.2446307207473635,1415188782.9236817,870.6386981737296,56.269173080357845,3.867545579590825,100.0,IMRPhenomXP,20.0,13.862347966988482,8.015370375354658,5.846977591633823,56.93610918841548,-0.007144373082902528,(11.927917840122786-1.0263460081943707j),11.326108805445996,(0.10009284490210592+1.2204576577294328j),1.0997976567663736,0.24388294587814033,0.0,0,0,0.0,0,0,0.0,0.0,0.0,0.0,0.0,0.0,0.0,1.0,1.0,0.174736573401184,741.1352646924083,6.823121503868706,4.977267009492367,5.060636756099506,11.800388513361074
5.949828474226446,0.7524093698174527,-1.2110761896362967,3.597422308013967,-2.0879664877228158e-07,0.0,0.0,0.0,0.0,0.0,0.0,0.0,0.0,4.630177954034795,1415188782.8876917,631.9736170280579,56.27793076763395,3.1332148372380813,100.0,IMRPhenomXP,20.0,13.835492031545689,7.895125573875996,5.940366457669692,54.855658673116864,-0.0338262056444939,(11.899447749662635-0.4788154499737938j),11.801484460340491,(1.9184477672958673+0.9941643634346204j),2.7865494919060967,0.2450095778400056,0.0,0,0,0.0,0,0,0.0,0.0,0.0,0.0,0.0,0.0,0.0,1.0,1.0,0.130355875895286,559.0926102638833,6.9846370884061155,5.2553063900912536,5.263677219808274,12.23994347849737
5.936086501315739,0.6464529545191439,-1.2625029338493223,5.399851074145472,0.00015824159023530068,0.0,0.0,0.0,0.0,0.0,0.0,0.0,0.0,5.8768792218954315,1415188782.8834999,735.2587136985143,56.28747937984046,2.984709338471073,100.0,IMRPhenomXP,20.0,14.029340535396862,8.52094831916665,5.508392216230213,55.3498928653669,-0.03626650982150015,(11.419491077662606+3.403067236171234j),11.975357464548324,(1.9437590981002733-1.0388597449160828j),2.379547751959792,0.23847248272513508,0.0,0,0,0.0,0,0,0.0,0.0,0.0,0.0,0.0,0.0,0.0,1.0,1.0,0.14981959005572268,639.4557190261768,7.410682852214848,4.790657824818644,5.162624252234269,12.20134067703349
5.948768307294367,0.7836475979644913,1.0213616063420468,1.301285623915894,0.00011151209127455245,0.0,0.0,0.0,0.0,0.0,0.0,0.0,0.0,4.717025333270203,1415188782.9220295,731.1156296830163,56.29751300724499,3.527609401344102,100.0,IMRPhenomXP,20.0,13.788767039343579,7.730656579853216,6.058110459490362,56.68278297358596,-0.011285438633479833,(12.012780055166425+0.16828567421590196j),12.512879846877057,(0.3650631037225424-0.9198140074875795j),1.4534050309465854,0.2463217152666154,0.0,0,0,0.0,0,0,0.0,0.0,0.0,0.0,0.0,0.0,0.0,1.0,1.0,0.14904669236283946,636.2801741793227,6.727887240122765,5.272292675098155,5.177133659435224,12.00017991522092
5.948476968793857,0.8136526494781522,-0.5500944171546184,4.739089068336929,-9.46970893930479e-05,0.0,0.0,0.0,0.0,0.0,0.0,0.0,0.0,0.48269564846289736,1415188782.8826947,796.2838189676182,56.29894772199107,4.017692808174226,100.0,IMRPhenomXP,20.0,13.753312031255144,7.583211722052966,6.170100309202177,56.32198059151733,-0.0012544152739777034,(11.722759835208652-2.311791131544055j),11.783877594082167,(0.3627476452594078+0.5345185780194908j),0.6236942649661175,0.24736076401481488,0.0,0,0,0.0,0,0,0.0,0.0,0.0,0.0,0.0,0.0,0.0,1.0,1.0,0.16113125721790994,685.7827757089789,6.530882426007951,5.3138697893516715,5.1230013246275945,11.844752215359623
5.945391299215383,0.792276673879489,0.6573282412213522,1.5814252015387713,-0.00022142341680952006,0.0,0.0,0.0,0.0,0.0,0.0,0.0,0.0,5.039460255299735,1415188782.9230905,759.9587664327827,56.31470536893978,3.943639694216043,100.0,IMRPhenomXP,20.0,13.77020432696276,7.683079586789655,6.087124740173107,56.420537917550675,0.000475373706640355,(11.985784406104935+0.16255169573933406j),12.60202923146723,(-0.27360694422184356+1.4327701715167858j),0.28904975718635106,0.24664184730526406,0.0,0,0,0.0,0,0,0.0,0.0,0.0,0.0,0.0,0.0,0.0,1.0,1.0,0.1544142755537568,658.3067977280457,6.655392045549841,5.272911873212237,5.15013667546987,11.928303918762076
5.950459522272663,0.8759447902224007,0.7767823574456056,5.8634359074475775,2.0654808243523917e-05,0.0,0.0,0.0,0.0,0.0,0.0,0.0,0.0,3.196332966973106,1415188782.9063025,529.3388939030345,56.32589999249724,3.839272413613031,100.0,IMRPhenomXP,20.0,13.706561789471252,7.306484636920623,6.400077152550629,54.1300043947174,-0.01756941985150562,(11.798922055047248+1.811671894812021j),9.617661765320642,(2.2724165970840433+0.42214084374460126j),2.627269508734861,0.24890672373912315,0.0,0,0,0.0,0,0,0.0,0.0,0.0,0.0,0.0,0.0,0.0,1.0,1.0,0.1105866333987964,476.62998862772855,6.578941630658871,5.762789646552903,5.357942679412687,12.341731277211775
5.940676983279516,0.7540988597873464,0.5493883568865889,1.8377462478428803,-5.7033771498664874e-05,0.0,0.0,0.0,0.0,0.0,0.0,0.0,0.0,2.0301263099432276,1415188782.9232733,919.2761132012106,56.33350337303003,4.018125446236041,100.0,IMRPhenomXP,20.0,13.811595409429016,7.873897946153063,5.937697463275953,55.7325987147487,-0.0035279985442498996,(11.745240270274499+2.0634709949528913j),10.455100303275136,(1.0853285081195931+0.5944725276723767j),0.7107785075032754,0.24508692989469805,0.0,0,0,0.0,0,0,0.0,0.0,0.0,0.0,0.0,0.0,0.0,1.0,1.0,0.183535827295097,776.7201413177851,6.652859815953695,5.016914001535737,5.019431474969872,11.669773817489432
5.948701001538752,0.7895214310801808,-1.3433944805460247,5.077586579746863,-7.143151619673908e-05,0.0,0.0,0.0,0.0,0.0,0.0,0.0,0.0,3.323529535803785,1415188782.8843563,705.0098893321518,56.368502553595846,2.6876339235999867,100.0,IMRPhenomXP,20.0,13.781232868851367,7.701071710849988,6.0801611580013795,54.28189727091484,-0.03441457632250744,(11.979267461931864-0.753387488580078j),12.217437745765736,(2.0925384613103213-0.765906274780714j),2.5176032542512385,0.24654154630323616,0.0,0,0,0.0,0,0,0.0,0.0,0.0,0.0,0.0,0.0,0.0,1.0,1.0,0.14416184400028617,616.1802162705218,6.730753827557339,5.314074394181475,5.199177924637438,12.044828221738813
5.950077767643753,0.8225852269659254,0.7730771300609043,1.7428147852968028,-4.963996898745774e-05,0.0,0.0,0.0,0.0,0.0,0.0,0.0,0.0,1.8893800403745558,1415188782.9238188,885.2194194073338,56.37499526929894,3.842900874286291,100.0,IMRPhenomXP,20.0,13.747999685801052,7.543131307328478,6.2048683784725736,56.77177436986528,0.00021268797378720325,(11.716543214835983+2.5052006798954105j),11.203272656175669,(-1.2233794232535808+0.7091501578909811j),0.32201297586608646,0.24763111555003237,0.0,0,0,0.0,0,0,0.0,0.0,0.0,0.0,0.0,0.0,0.0,1.0,1.0,0.1773825878249372,751.8536722072126,6.406695143388728,5.270052778625908,5.05364851593037,11.676747922014636
5.958148960873084,0.8390631701705015,-1.0178525596233134,5.888567243996169,0.0001760256420756977,0.0,0.0,0.0,0.0,0.0,0.0,0.0,0.0,2.574114232378713,1415188782.884433,802.8401456166328,56.385793660062745,3.533317577994837,100.0,IMRPhenomXP,20.0,13.75151472771537,7.477456430406604,6.274058297308767,54.3465511259811,-0.0457556429880831,(11.787807642406223+1.040391426397796j),10.839586008522462,(2.122484673426172-0.023949984638626683j),2.480227503290551,0.2480854901772524,0.0,0,0,0.0,0,0,0.0,0.0,0.0,0.0,0.0,0.0,0.0,1.0,1.0,0.16233860559453892,690.7110746409627,6.4331137195446315,5.397788791588465,5.126001091416453,11.830902511133097
5.942776805203017,0.7326660883696618,-0.5287543079988936,4.305952685812826,-0.0002003609311370075,0.0,0.0,0.0,0.0,0.0,0.0,0.0,0.0,3.831919134604017,1415188782.8856046,643.453459746215,56.38808583969731,4.030468668074673,100.0,IMRPhenomXP,20.0,13.85171718615659,7.994452756439789,5.8572644297168015,56.61879985929612,-0.011606387355537373,(12.032129087585115-0.44308969472086274j),12.536822373702993,(0.7093153528666453+0.717196003456705j),1.8434339973041396,0.24404861064630715,0.0,0,0,0.0,0,0,0.0,0.0,0.0,0.0,0.0,0.0,0.0,1.0,1.0,0.13253986017476427,568.150830715277,7.0588709833189895,5.171795391654433,5.247300350458285,12.23066637497342
5.94512029838622,0.712697383916726,0.46476876970547115,1.5014632806555537,1.7382192864070774e-05,0.0,0.0,0.0,0.0,0.0,0.0,0.0,0.0,1.8318927113806038,1415188782.9214158,819.6485296608,56.44325358717552,4.065170865386794,100.0,IMRPhenomXP,20.0,13.894224420590954,8.112480670004055,5.781743750586899,56.05343409098666,-0.0088623738639175,(11.788738741275443-2.03441601369939j),10.87980961837993,(0.8972731601984824-0.10895003566144079j),0.9898995294894648,0.2429651004426129,0.0,0,0,0.0,0,0,0.0,0.0,0.0,0.0,0.0,0.0,0.0,1.0,1.0,0.165426989937718,703.3031979380004,6.9609514281436,4.9610518724093415,5.101237872227358,11.92200330055294
5.937858617910063,0.7077611509296794,0.9114795252620135,1.2119084307425458,8.31926665593323e-05,0.0,0.0,0.0,0.0,0.0,0.0,0.0,0.0,4.686678440693381,1415188782.921539,802.9244644205261,56.49828041835486,3.6872233566409607,100.0,IMRPhenomXP,20.0,13.887062053774864,8.131735545228299,5.755326508546565,55.766982084561846,-0.01051538105943231,(11.983183487652925-0.7412270365723118j),11.121861090986902,(1.1545639646879922-0.5866432155764346j),1.2288879542517603,0.24267914766921023,0.0,0,0,0.0,0,0,0.0,0.0,0.0,0.0,0.0,0.0,0.0,1.0,1.0,0.16235412192463977,690.7743904408807,6.995919222761196,4.951439840912532,5.108476415154863,11.947359063673728
5.940875652015148,0.7196243353458408,0.42486149096570325,1.4658771336788636,0.00015220877500366783,0.0,0.0,0.0,0.0,0.0,0.0,0.0,0.0,4.924522018501479,1415188782.9209454,794.5208740106902,56.49885477503079,4.084196816952434,100.0,IMRPhenomXP,20.0,13.870983540644154,8.066287069527021,5.804696471117133,56.66704730169971,-0.011927719223653627,(12.03598045597066+0.04992754325155041j),10.950471679527611,(0.592240670287738+0.6811778890049359j),1.1994100717761296,0.24335410499105092,0.0,0,0,0.0,0,0,0.0,0.0,0.0,0.0,0.0,0.0,0.0,1.0,1.0,0.16080635315981223,684.4560027409991,6.948865370670923,5.000572623776793,5.117886920452826,11.949437994447715
5.928946272535146,0.6392926351713848,0.9711710277800878,1.9399720831962242,0.00015125210507650657,0.0,0.0,0.0,0.0,0.0,0.0,0.0,0.0,5.208455286479075,1415188782.9234698,1020.8893383170916,56.500787686817795,3.6051935495532943,100.0,IMRPhenomXP,20.0,14.032836958351579,8.560300130235426,5.472536828116154,55.91752387649711,-0.010060731850514565,(11.941389032745876+0.27093128883427947j),9.578614922482327,(1.1012080947683431-0.22078903891504684j),0.9310344052866404,0.237895773198234,0.0,0,0,0.0,0,0,0.0,0.0,0.0,0.0,0.0,0.0,0.0,1.0,1.0,0.20167731742693973,849.5536381415211,7.123626289763832,4.554081822759276,4.9338921410535965,11.677708112523106
5.94229901916823,0.7428227642909826,0.24763977073351312,2.0902858795102297,-0.00011304188776072347,0.0,0.0,0.0,0.0,0.0,0.0,0.0,0.0,2.1626900333914274,1415188782.9203546,767.4110559707624,56.50556624554646,4.146322655788737,100.0,IMRPhenomXP,20.0,13.833346263564072,7.937322455844655,5.896023807719417,55.79850997980755,-0.020876103903083643,(12.011289417296885+0.01979744698620182j),10.957690803875256,(1.3730938722269426-0.6874063378686883j),1.8733792319980054,0.2445562445304035,0.0,0,0,0.0,0,0,0.0,0.0,0.0,0.0,0.0,0.0,0.0,1.0,1.0,0.1557961679843284,663.9674659619877,6.867406793437541,5.101266097811947,5.141303617169288,11.968672891249488
5.950779359037319,0.8653684832928076,-1.3511056412513434,4.047713613297777,-5.304759292991599e-05,0.0,0.0,0.0,0.0,0.0,0.0,0.0,0.0,4.303167830442129,1415188782.8860335,730.7923002374449,56.510475001095905,2.6537123300351437,100.0,IMRPhenomXP,20.0,13.714209047401992,7.352010699351602,6.36219834805039,54.47498385992995,-0.03553683616080139,(11.956810223374116-0.16757998009730557j),10.98217190403911,(1.9621825557505825+0.5668029835203625j),2.465245606228314,0.2486977204645132,0.0,0,0,0.0,0,0,0.0,0.0,0.0,0.0,0.0,0.0,0.0,1.0,1.0,0.14898634820846884,636.0321883079571,6.398692822430014,5.537227102802835,5.179155843162052,11.93591992523285
5.958112659337383,0.9745402553947233,-1.3747968695955033,4.857744544968832,-1.8576428937715174e-05,0.0,0.0,0.0,0.0,0.0,0.0,0.0,0.0,3.5072509181474674,1415188782.8848505,712.7104074905438,56.53208483007869,2.541249768173322,100.0,IMRPhenomXP,20.0,13.68951404119794,6.933013395799985,6.7565006453979555,54.429001535874285,-0.035527213572986605,(11.912501339736338+0.002081419294214596j),11.882853922212837,(2.080178592268648-0.10822517754509905j),2.5326182955845256,0.2499584361173655,0.0,0,0,0.0,0,0,0.0,0.0,0.0,0.0,0.0,0.0,0.0,1.0,1.0,0.14560541924402998,622.1255598382534,6.051833623810011,5.897755485354183,5.200841894820176,11.949589109164194
5.933178522022379,0.672548079820118,0.7644156275723332,1.4363567247477078,-0.0002062160342854219,0.0,0.0,0.0,0.0,0.0,0.0,0.0,0.0,1.7415772140180075,1415188782.9225864,829.7749790303936,56.56592517439166,3.8512787180897057,100.0,IMRPhenomXP,20.0,13.954290084099608,8.343132405258201,5.611157678841406,56.468873510239966,-0.0013780471250546614,(12.005705810647717-0.312526751501119j),11.29167418553561,(0.4733720858383266+1.3169246909684882j),0.5776060475174415,0.24041752114633355,0.0,0,0,0.0,0,0,0.0,0.0,0.0,0.0,0.0,0.0,0.0,1.0,1.0,0.16728289495354234,710.8602202393295,7.147481078775044,4.807024675080782,5.082896826187553,11.954505753855827
5.943786192968707,0.7465271323096816,0.7841765796022324,1.3441977303723252,0.00022942052445403525,0.0,0.0,0.0,0.0,0.0,0.0,0.0,0.0,4.8128121882443695,1415188782.9222941,857.1946242364437,56.579081490732264,3.8319505097780304,100.0,IMRPhenomXP,20.0,13.830765723514086,7.919009941302025,5.911755782212061,56.04576154320093,-0.0034067895772858653,(12.000654789198892+0.5615531640729888j),10.7347878582255,(0.8601752423703047+1.3172413493208723j),0.7832009389025825,0.24473434632799654,0.0,0,0,0.0,0,0,0.0,0.0,0.0,0.0,0.0,0.0,0.0,1.0,1.0,0.17229055624918702,731.2134525100554,6.755159716239092,5.0429100112578515,5.070232939507934,11.798069727496943
5.938738431748847,0.7292562413002535,-0.7764895952294328,4.803081787426883,-0.0001501728874148128,0.0,0.0,0.0,0.0,0.0,0.0,0.0,0.0,0.4422333478683872,1415188782.88182,856.5002871724162,56.5847817553232,3.839560089793309,100.0,IMRPhenomXP,20.0,13.84832753761257,8.00825650176622,5.840071035846351,56.380349738343426,0.0005576418752133144,(11.968052168690955-0.135997292597427j),11.439820169208105,(0.9553690922574536+0.9182484364692167j),0.23174838882180393,0.24387172546304567,0.0,0,0,0.0,0,0,0.0,0.0,0.0,0.0,0.0,0.0,0.0,1.0,1.0,0.17216406371815693,730.7000052510615,6.8320269744183015,4.982298311826233,5.066473726306625,11.814325286244534
5.943032821206534,0.7446183313144257,-0.8931944413055934,6.055267996616171,-8.104850055414546e-05,0.0,0.0,0.0,0.0,0.0,0.0,0.0,0.0,5.700938169089509,1415188782.885786,820.1099282096163,56.606631956087284,3.7103780520605096,100.0,IMRPhenomXP,20.0,13.832109307298941,7.9284443244830465,5.903664982815895,56.43752207690469,-0.049968845276942786,(11.987595624548762+0.682891357094512j),9.929010929154929,(1.5869919579634233+0.8644489713522934j),2.6057066492316885,0.2446430377433496,0.0,0,0,0.0,0,0,0.0,0.0,0.0,0.0,0.0,0.0,0.0,1.0,1.0,0.16551162937731048,703.648002501119,6.802544157126016,5.065299078971871,5.099076381058228,11.867843236097887
5.952071318766239,0.87895785183245,0.9664376350369522,2.0160862324536946,-0.00021325661292853257,0.0,0.0,0.0,0.0,0.0,0.0,0.0,0.0,5.372681320755005,1415188782.9236357,848.6515481096989,56.632456947974596,3.6120828822229667,100.0,IMRPhenomXP,20.0,13.70843074128012,7.295762769724185,6.412667971555935,56.16602168838298,-0.008512502711291864,(11.898267919829296-1.1684663578800132j),11.624246827763255,(0.9276608937685296-0.8167193620712832j),1.2245813244649604,0.2489625213281167,0.0,0,0,0.0,0,0,0.0,0.0,0.0,0.0,0.0,0.0,0.0,1.0,1.0,0.1707330703303319,724.88902018163,6.231790110503692,5.477480848599031,5.084054999050137,11.709270959102723
5.941652037418112,0.7656146145386905,0.70350037873987,1.0224444051316621,-0.00020350811232539175,0.0,0.0,0.0,0.0,0.0,0.0,0.0,0.0,1.5428051366218698,1415188782.919681,760.3601060390966,56.63946178416419,3.9062594281109035,100.0,IMRPhenomXP,20.0,13.796730578096213,7.814123458476777,5.982607119619437,55.566825085115404,-0.014652210233582263,(11.92256049971508-0.9556587454932488j),10.486831119128418,(1.4907059869021015+0.249682966016796j),1.6066555758756902,0.2455943576689743,0.0,0,0,0.0,0,0,0.0,0.0,0.0,0.0,0.0,0.0,0.0,1.0,1.0,0.1544887486999628,658.6119689442606,6.768470864073851,5.182040211614259,5.14656556342263,11.950511075688109
5.940368862998662,0.7444778339366597,-0.5611605986444169,4.703047174016574,2.5589275454434722e-05,0.0,0.0,0.0,0.0,0.0,0.0,0.0,0.0,3.592343360544479,1415188782.8828459,769.1432952845,56.6427985858446,4.010821995818237,100.0,IMRPhenomXP,20.0,13.826138297664635,7.925660062108103,5.900478235556532,56.52922281528395,-0.0036919889526504795,(11.986524985209519+0.3424731888740968j),12.119977541914754,(0.47397599706681265+0.8601273330872725j),0.6394426765506097,0.2446362780256354,0.0,0,0,0.0,0,0,0.0,0.0,0.0,0.0,0.0,0.0,0.0,1.0,1.0,0.15611709284117253,665.2814825216241,6.855412925892041,5.103702965809485,5.138206934039985,11.959115891701526
5.946221558865423,0.7492726040844622,0.4587677526109615,1.3820485311927155,-8.792231268569734e-05,0.0,0.0,0.0,0.0,0.0,0.0,0.0,0.0,1.739513888048137,1415188782.9207911,694.9471885100426,56.657810566865166,4.068157300835894,100.0,IMRPhenomXP,20.0,13.83203784401481,7.907308335886418,5.924729508128391,56.48917071846747,-0.00981861296444625,(12.017746208813652+0.1275704841596829j),12.396775032600157,(0.7981921371105285+0.32365310470581427j),1.4058074882988607,0.2448639576081487,0.0,0,0,0.0,0,0,0.0,0.0,0.0,0.0,0.0,0.0,0.0,1.0,1.0,0.1422720407478058,608.3902644337322,6.9224388357696105,5.186793773092509,5.205608950187242,12.10923260886212
5.946623928397596,0.7670614572864092,-0.7658893628800237,4.5513025180587725,-6.0045441451389846e-05,0.0,0.0,0.0,0.0,0.0,0.0,0.0,0.0,0.4591961428257015,1415188782.8828115,1041.1889341072265,56.673513858863075,3.8498634794796134,100.0,IMRPhenomXP,20.0,13.806206423541703,7.813087862118405,5.993118561423299,56.95283925150625,-0.0017937047042622944,(11.627971727576538+2.9331810378929366j),8.986184320474676,(-0.3708718137114898+1.0174465222706726j),0.5140883833005732,0.24565570399917883,0.0,0,0,0.0,0,0,0.0,0.0,0.0,0.0,0.0,0.0,0.0,1.0,1.0,0.2052639101553698,863.8680098904072,6.4824705994152145,4.972453344803737,4.933877035802906,11.454923944218951
5.944797030696886,0.7742564782938167,0.73002211276685,1.2782065286960653,-0.00013202168049198564,0.0,0.0,0.0,0.0,0.0,0.0,0.0,0.0,1.676880660106558,1415188782.9217362,864.7872113594962,56.6749326717531,3.88314722688116,100.0,IMRPhenomXP,20.0,13.791954071195946,7.773371121890303,6.0185829493056415,56.64961597361365,-0.00532948543018108,(12.00846050561635-0.36231181528005457j),10.351442416109018,(0.5730676263382264+1.27105216338339j),0.9120565438067859,0.24595295716289112,0.0,0,0,0.0,0,0,0.0,0.0,0.0,0.0,0.0,0.0,0.0,1.0,1.0,0.17367269587552406,736.8214433301105,6.623116605853734,5.127990938577609,5.065123395634801,11.751107544431344
5.949154515273473,0.8544564294568032,-0.8987419095019165,5.930758670730785,-0.00023736249152373054,0.0,0.0,0.0,0.0,0.0,0.0,0.0,0.0,2.6990976762100187,1415188782.8848453,772.7630006361389,56.67660789077759,3.7034449108398806,100.0,IMRPhenomXP,20.0,13.71833033708339,7.397494014513829,6.320836322569559,54.55458143549295,-0.043830712728407994,(11.932709469653721-0.2640272030044002j),11.03945276043666,(2.208211053135814-0.5381157032336551j),2.595031086431201,0.24846009903652472,0.0,0,0,0.0,0,0,0.0,0.0,0.0,0.0,0.0,0.0,0.0,1.0,1.0,0.15678735161090682,668.0251144980328,6.39486073582349,5.464129871205244,5.142824657434974,11.858990607028735
5.946515652929974,0.8127529054323294,0.9662912847760557,1.4599924053530846,5.5493616335872576e-05,0.0,0.0,0.0,0.0,0.0,0.0,0.0,0.0,4.935246194545604,1415188782.922902,923.7727607239277,56.73601877125486,3.6122947805033094,100.0,IMRPhenomXP,20.0,13.749717644008177,7.58499274931735,6.164724894690828,56.096357696957156,-0.007497241060115678,(11.952689585156504+0.0005657783207779092j),10.268088357457351,(1.1451040765338374-0.6157857536867647j),0.8895771136633389,0.24733257041169615,0.0,0,0,0.0,0,0,0.0,0.0,0.0,0.0,0.0,0.0,0.0,1.0,1.0,0.18434546082274467,779.9858962419269,6.40437524373014,5.2051745868205535,5.020929998582534,11.609549830550693
5.9375964716086775,0.6857004642097813,-0.7788029028826285,4.605973972519146,-4.62015487531775e-05,0.0,0.0,0.0,0.0,0.0,0.0,0.0,0.0,3.5887446620257544,1415188782.8823528,805.9073285349782,56.74610376695266,3.8372823700878422,100.0,IMRPhenomXP,20.0,13.933701438210955,8.265822863579007,5.667878574631949,56.95850964121312,-0.000973544632876279,(11.994234077995008+0.941987046419051j),11.730724202070402,(-0.2538934663574674+1.1836230610566405j),0.5447538521615447,0.24130906153424075,0.0,0,0,0.0,0,0,0.0,0.0,0.0,0.0,0.0,0.0,0.0,1.0,1.0,0.16290290767427773,693.0134243171195,7.107921743965761,4.87390523940412,5.105840248936555,11.98182698336988
5.959338437221458,0.9298023563008948,-1.250252026844062,5.4823706613000445,9.822549223133844e-05,0.0,0.0,0.0,0.0,0.0,0.0,0.0,0.0,6.110616642064662,1415188782.8839395,843.3117162992856,56.78741762632268,3.0223854046314154,100.0,IMRPhenomXP,20.0,13.70184541653869,7.100128866462167,6.601716550076524,55.108630184856345,-0.03777387018413436,(11.866745062004192-0.5796349023067191j),10.527114045217033,(1.8017763235321347-1.353664711054164j),2.1315589780875093,0.249669204637001,0.0,0,0,0.0,0,0,0.0,0.0,0.0,0.0,0.0,0.0,0.0,1.0,1.0,0.16975831192309818,720.9281664924594,6.069740042957644,5.643658594075911,5.0945040325674,11.713398637033556
5.9300341444530975,0.6648457793212716,-1.1828888575742882,3.5939811060364213,2.6761808529890375e-05,0.0,0.0,0.0,0.0,0.0,0.0,0.0,0.0,1.535595304032275,1415188782.8877096,639.1963535508116,56.798481057079684,3.2051098536156966,100.0,IMRPhenomXP,20.0,13.966045599475224,8.388792387225761,5.577253212249462,55.42136193439375,-0.03649074447607226,(11.910388342259516-1.0241972040092533j),11.549054789520936,(1.9392813123671961+0.7715758129621544j),2.703132424911575,0.2398683220730062,0.0,0,0,0.0,0,0,0.0,0.0,0.0,0.0,0.0,0.0,0.0,1.0,1.0,0.13173058524060716,564.7955114289015,7.412358114755991,4.928075007413299,5.239793129026698,12.34043312216929
5.941461562533907,0.7197554788923328,-0.37435555843625784,5.348960935058099,0.00021426396306407583,0.0,0.0,0.0,0.0,0.0,0.0,0.0,0.0,0.08614332916871154,1415188782.8838942,864.2581110161216,56.817430319970406,4.105532425123466,100.0,IMRPhenomXP,20.0,13.872104324654641,8.066323669216883,5.805780655437757,56.27391231358463,-0.017010239475515776,(11.886272718581333-1.9492283454747328j),10.204698082315364,(1.16317351303324-0.42953843884700177j),1.5955468144869873,0.2433613332755438,0.0,0,0,0.0,0,0,0.0,0.0,0.0,0.0,0.0,0.0,0.0,1.0,1.0,0.17357644170873263,736.4310294995724,6.873283565127022,4.9470835039808,5.062696686279005,11.820367069107824
5.947112303358763,0.7905719442294821,-0.38460552351157856,5.4014926442112605,-0.00015552635519112663,0.0,0.0,0.0,0.0,0.0,0.0,0.0,0.0,3.2392717486538687,1415188782.8841803,863.033325239239,56.84508943766806,4.101444589762826,100.0,IMRPhenomXP,20.0,13.776263193456053,7.693778090209186,6.082485103246867,56.619949660807876,-0.0179333405734734,(11.903992484936735-1.48135600566838j),10.18303415059928,(1.1589113180060728+0.8345769222869478j),1.6405878872766642,0.24657999941960393,0.0,0,0,0.0,0,0,0.0,0.0,0.0,0.0,0.0,0.0,0.0,1.0,1.0,0.1733535944088014,735.5270674628841,6.557084008495942,5.183846653072683,5.068474099962371,11.740930661568626
5.948045244511455,0.7638739030621574,-0.902240401110261,3.4069915398136215,0.00012961543898157057,0.0,0.0,0.0,0.0,0.0,0.0,0.0,0.0,4.682121651117679,1415188782.8912134,586.9076638233544,56.85549519507773,3.699031796507421,100.0,IMRPhenomXP,20.0,13.814090640244753,7.831676978871861,5.9824136613728935,55.53543353340861,-0.026154688190417774,(11.992608484864867+0.02986153416292315j),10.70914170753012,(1.8627214597283752+0.3064794529210859j),2.6226171141093184,0.24551984627402174,0.0,0,0,0.0,0,0,0.0,0.0,0.0,0.0,0.0,0.0,0.0,1.0,1.0,0.12173021892169081,523.2164139568912,6.981783005186738,5.333201834505032,5.302563079943819,12.31498483969177
5.954455226288794,0.9434656064980547,0.29674373186660963,2.0630330727485724,0.00023291206041580294,0.0,0.0,0.0,0.0,0.0,0.0,0.0,0.0,2.0867941550931977,1415188782.9210453,611.9316059734234,56.887534808997515,4.132613828100277,100.0,IMRPhenomXP,20.0,13.686696012253218,7.042417404502146,6.644278607751073,55.65354646731894,-0.017986319867418443,(11.763264085257136+1.82591873807356j),14.21652270931248,(1.646438864267672-0.12381542762380125j),2.2326690353246375,0.2497884506160826,0.0,0,0,0.0,0,0,0.0,0.0,0.0,0.0,0.0,0.0,0.0,1.0,1.0,0.12653016393949099,543.2003733079544,6.251423734518319,5.89800328516366,5.285659822428531,12.149427019681978
5.951945067459977,0.7930772281415812,0.6795743608549535,2.353468232273052,0.00023489743591868426,0.0,0.0,0.0,0.0,0.0,0.0,0.0,0.0,2.438993992406581,1415188782.922612,792.5712992807737,56.92077195187088,3.926069945104009,100.0,IMRPhenomXP,20.0,13.784417561370928,7.687576053630252,6.096841507740676,56.255714082045316,-0.015971879629708363,(11.775557996939122-2.125535525335239j),11.851335353947679,(1.2714801707440837-0.03623731801507336j),1.7691421539545917,0.24667065659078016,0.0,0,0,0.0,0,0,0.0,0.0,0.0,0.0,0.0,0.0,0.0,1.0,1.0,0.16044692482406087,682.9879798425128,6.624668383515939,5.25387363895599,5.129011021647863,11.878542022471928
5.937921068421665,0.7201313309252411,0.910722109131047,1.2104440825317737,-0.00019557258981299378,0.0,0.0,0.0,0.0,0.0,0.0,0.0,0.0,4.73614788060454,1415188782.921609,792.3830118357721,57.02216259204421,3.6881998902898414,100.0,IMRPhenomXP,20.0,13.863130902300316,8.059344454149022,5.803786448151295,56.36509634304362,-0.008171169671041117,(11.957622257641566-0.9752086899234003j),11.26966252862856,(1.123688410297288-0.6300094812413304j),1.2470517774617027,0.24338202135999665,0.0,0,0,0.0,0,0,0.0,0.0,0.0,0.0,0.0,0.0,0.0,1.0,1.0,0.16041220471612083,682.846156701381,6.945242752010378,5.001486906604117,5.117079124373995,11.946729658614494
5.9488163904661375,0.7531630629364723,0.9545132345462878,1.8722872553372676,0.00023540555764082658,0.0,0.0,0.0,0.0,0.0,0.0,0.0,0.0,1.9296539606560152,1415188782.9236252,856.6146984179604,57.03052816747982,3.6291330515288216,100.0,IMRPhenomXP,20.0,13.831966592047895,7.889720519710214,5.942246072337681,56.51752247322499,-0.005375933421070761,(11.799517340637461+1.9915444821582757j),11.524581875939411,(1.0379383573605403+0.0024871217707492788j),0.990793000515202,0.24504417819593374,0.0,0,0,0.0,0,0,0.0,0.0,0.0,0.0,0.0,0.0,0.0,1.0,1.0,0.1721849085484916,730.7846191318368,6.73078151934237,5.069376025064102,5.07498121421177,11.800157544406472
5.94234775715108,0.7490937250542269,0.7802162067048458,1.5093800770066372,0.00021722665072882726,0.0,0.0,0.0,0.0,0.0,0.0,0.0,0.0,5.021800221787428,1415188782.9230242,765.2995541974182,57.03536194184808,3.8358856133414516,100.0,IMRPhenomXP,20.0,13.823310603760344,7.903127434369924,5.920183169390421,56.956462570931585,-0.00029228748113636904,(11.867306278385277-1.9086416954751613j),12.508441525070596,(0.6303664445190417+1.386743438652333j),0.4702332207321672,0.24485557439980105,0.0,0,0,0.0,0,0,0.0,0.0,0.0,0.0,0.0,0.0,0.0,1.0,1.0,0.1554048329498657,662.3648546539068,6.840137074892129,5.123903761312469,5.143087156715161,11.964040836204598
5.93609958607442,0.6876457264299056,0.9890869748908573,1.425313256083801,0.00019703101020869724,0.0,0.0,0.0,0.0,0.0,0.0,0.0,0.0,4.927544912990686,1415188782.9225612,731.8053350144489,57.1242169901336,3.5784718651857306,100.0,IMRPhenomXP,20.0,13.925790906475667,8.251607957989314,5.674182948486353,56.80934824815527,-0.006413447920873283,(11.839312833840221-2.0412506726270343j),12.78851930224765,(0.6963837411591561-0.9209868662204913j),1.2246652133743168,0.24143608505750047,0.0,0,0,0.0,0,0,0.0,0.0,0.0,0.0,0.0,0.0,0.0,1.0,1.0,0.14917540289985012,636.8090870933277,7.180459951689756,4.9376125995805475,5.165529623323957,12.118072551270304
5.955495616654142,0.8660560780298373,-1.187383175103914,5.607491095505256,-1.682832448920209e-05,0.0,0.0,0.0,0.0,0.0,0.0,0.0,0.0,5.964260888017025,1415188782.8837137,771.3566166041132,57.1390819714063,3.19403972801591,100.0,IMRPhenomXP,20.0,13.724607397979852,7.354874035977606,6.369733362002246,55.84485612363353,-0.036088014443675265,(11.915276107214144-0.08667278893859993j),11.592921989575236,(1.7135933438929465-1.4796821859973843j),2.3518031281365754,0.24871193835175873,0.0,0,0,0.0,0,0,0.0,0.0,0.0,0.0,0.0,0.0,0.0,1.0,1.0,0.15652698860236672,666.9594624509602,6.359448684259226,5.507639185921554,5.149465317580877,11.86708787018078
5.957527244793576,0.9150660852156984,-1.3917584658280808,4.260008544325035,-2.7613212002395356e-05,0.0,0.0,0.0,0.0,0.0,0.0,0.0,0.0,4.117172526260788,1415188782.885769,687.4299410138024,57.24574511597522,2.451797879697927,100.0,IMRPhenomXP,20.0,13.70298176098447,7.155357126718199,6.5476246342662705,55.06173995533556,-0.03684810189436327,(11.850212227199155-1.2754545501073369j),11.784000314988216,(2.261610481512167+0.8882352751848386j),2.6793860391536715,0.24950826087690506,0.0,0,0,0.0,0,0,0.0,0.0,0.0,0.0,0.0,0.0,0.0,1.0,1.0,0.14085774774278834,602.5553505955276,6.2719100088290825,5.739212138604385,5.221972026381617,12.011122147433468
5.942217968292803,0.719079057538152,-0.7652620883764367,4.846179315181105,-0.00018684477030177205,0.0,0.0,0.0,0.0,0.0,0.0,0.0,0.0,3.4479331069593444,1415188782.8816068,1025.8889159166965,57.256585606022284,3.850466366036582,100.0,IMRPhenomXP,20.0,13.875147655421522,8.071267923705474,5.803879731716049,56.98914235102745,0.0005178142818130643,(12.032158779350947+0.3907744484067864j),9.593067069349495,(1.1887717871408034+0.5613642947698992j),0.20345814958061975,0.24332399669565297,0.0,0,0,0.0,0,0,0.0,0.0,0.0,0.0,0.0,0.0,0.0,1.0,1.0,0.20256178880609071,853.0862365541005,6.7117282445159585,4.82626322051873,4.941299502117281,11.537991465034688
5.951593121882578,0.8103574349584884,-1.3707107726712002,4.017049333521667,-3.8270943033475254e-05,0.0,0.0,0.0,0.0,0.0,0.0,0.0,0.0,1.146784732982853,1415188782.8860781,676.8996431214447,57.38060519840283,2.5616124757283263,100.0,IMRPhenomXP,20.0,13.763993425011046,7.602914849424006,6.16107857558704,55.775737513828325,-0.03681206796938241,(11.945357299833123-0.7002905464912789j),11.730945883303386,(2.0361359360783093+1.3316592912578553j),2.714325100399354,0.2472566388103442,0.0,0,0,0.0,0,0,0.0,0.0,0.0,0.0,0.0,0.0,0.0,1.0,1.0,0.13887290858540666,594.359243497748,6.675823783417223,5.409803437364853,5.225862409243757,12.085627220782076
5.941804854110746,0.7029943986047106,-0.43300350621078937,5.340123589250624,-4.782518479852331e-05,0.0,0.0,0.0,0.0,0.0,0.0,0.0,0.0,3.1226304143246906,1415188782.883281,761.2898671660146,57.39176597702293,4.080473207318652,100.0,IMRPhenomXP,20.0,13.906028940046914,8.165633986488938,5.740394953557977,56.63864073846048,-0.015876727045979144,(12.005819474873839-0.5256816341947499j),11.87576345075911,(1.3174845090218112+0.08579700663433328j),1.7347846860153546,0.24239598701788562,0.0,0,0,0.0,0,0,0.0,0.0,0.0,0.0,0.0,0.0,0.0,1.0,1.0,0.1546612535439376,659.318801843463,7.071887067680336,4.971496996144369,5.145929021064745,12.043384063824705
5.94637208228412,0.8078505172371176,-1.255753651683505,3.771295128918187,6.289388800977737e-05,0.0,0.0,0.0,0.0,0.0,0.0,0.0,0.0,1.465246708890828,1415188782.8868616,763.8102481095093,57.41239352760615,3.0056597784446577,100.0,IMRPhenomXP,20.0,13.754616870598522,7.608271115036258,6.146345755562263,55.55373894927669,-0.035906963422325355,(11.894047254981245-1.3656904571131896j),10.175801105973921,(2.08213588407351-0.009133234785052919j),2.2886219899784748,0.24717581324119248,0.0,0,0,0.0,0,0,0.0,0.0,0.0,0.0,0.0,0.0,0.0,1.0,1.0,0.15512871542606788,661.2338868082561,6.586513704864445,5.320918503264106,5.147800416415765,11.907432208128553
5.958040600989712,0.9879585297438815,-1.109782492245507,5.801459185459346,-1.914182657436215e-05,0.0,0.0,0.0,0.0,0.0,0.0,0.0,0.0,5.752357079165803,1415188782.8840919,860.6164762908313,57.4359984398216,3.3673000991149786,100.0,IMRPhenomXP,20.0,13.688284208522319,6.885598468840216,6.802685739682102,54.92733163809805,-0.04094383105081645,(11.783075335183657+1.375758656116668j),10.24516612979425,(2.4065403232973432-0.19133255795148219j),2.2503598758937566,0.24999082757008106,0.0,0,0,0.0,0,0,0.0,0.0,0.0,0.0,0.0,0.0,0.0,1.0,1.0,0.17291370318394708,733.7423672324968,5.870507310255504,5.799817771090736,5.079692209935173,11.67032508134624
5.954035496551963,0.8278338334753256,-1.3663585121677848,5.076839632713498,-0.00020419590767409664,0.0,0.0,0.0,0.0,0.0,0.0,0.0,0.0,0.16901922946249961,1415188782.8846974,745.0434880208804,57.44443014320217,2.5828370389624498,100.0,IMRPhenomXP,20.0,13.752117380314582,7.523724054372705,6.228393325941875,55.248545224931625,-0.036259753574205744,(11.939681587258244-0.06092647183870016j),11.420731892633755,(2.2181837315161044-0.13456996014441622j),2.4463482294048844,0.24778199661883693,0.0,0,0,0.0,0,0,0.0,0.0,0.0,0.0,0.0,0.0,0.0,1.0,1.0,0.15164242940060135,646.9399464438073,6.533038261093419,5.40827010792194,5.1700383248738735,11.94130836901536
5.949520030469147,0.7907703453895853,0.8129227339263567,1.1872773719746312,-1.831900656273401e-05,0.0,0.0,0.0,0.0,0.0,0.0,0.0,0.0,4.593918142513267,1415188782.9214098,745.8956606755579,57.45286326268501,3.8024339492534938,100.0,IMRPhenomXP,20.0,13.781598044883793,7.695904771019414,6.08569327386438,56.532899951810414,-0.007634015152117923,(11.724210631090635+2.4868647524549607j),11.801144462577165,(1.2764043862510979+0.5220222009177794j),1.2824135486692037,0.24658723254199025,0.0,0,0,0.0,0,0,0.0,0.0,0.0,0.0,0.0,0.0,0.0,1.0,1.0,0.15180101492420126,647.5907272549988,6.681627009614914,5.283632498157568,5.1654061364589765,11.965259507772481
5.94622074004174,0.7722724313531204,0.970427977526999,1.8863099647134642,-0.00023814739043981012,0.0,0.0,0.0,0.0,0.0,0.0,0.0,0.0,5.174484162765368,1415188782.923659,828.3397912529829,57.54061895987327,3.6062796706552005,100.0,IMRPhenomXP,20.0,13.797972867598693,7.785469447868134,6.012503419730559,57.07775108807405,-0.0063001228500499384,(11.948535243898933+1.2609853978540102j),11.89361258566765,(0.9764000027853652-0.16122471570395913j),1.0856132606508462,0.24587227967604766,0.0,0,0,0.0,0,0,0.0,0.0,0.0,0.0,0.0,0.0,0.0,1.0,1.0,0.16702007943508582,709.7905220724828,6.671238640244143,5.152013684838229,5.0952171644896636,11.823252325082372
5.946125736990014,0.75564821655249,-1.379897862221791,4.36133877213784,3.8361492951852184e-05,0.0,0.0,0.0,0.0,0.0,0.0,0.0,0.0,0.8181486373819463,1415188782.8854742,717.957017042045,57.542223045288466,2.515209316881272,100.0,IMRPhenomXP,20.0,13.82188550592448,7.872810381721044,5.949075124203436,55.69007570693951,-0.03768458879077685,(11.99210607552554+0.6435002124399072j),11.3985173049245,(2.094053268994664+0.4879503618175305j),2.5111196750649554,0.24515720555400988,0.0,0,0,0.0,0,0,0.0,0.0,0.0,0.0,0.0,0.0,0.0,1.0,1.0,0.14658768723328347,626.1684340554223,6.866295940014966,5.188504281393913,5.185931964207655,12.054800221408879
5.929237431450108,0.6657034390389001,-1.114653678058482,5.782644659160018,-0.00023162727294416628,0.0,0.0,0.0,0.0,0.0,0.0,0.0,0.0,5.913774275096518,1415188782.884009,783.3570746591486,57.59641079370928,3.3574328930473856,100.0,IMRPhenomXP,20.0,13.961998281362002,8.382043258203263,5.579955023158739,55.18998493706102,-0.04126424134642215,(11.914671858252735-0.19812019174048007j),11.177414592192326,(2.2106372683733944-0.605609383467366j),2.430001525313529,0.23993048712338616,0.0,0,0,0.0,0,0,0.0,0.0,0.0,0.0,0.0,0.0,0.0,1.0,1.0,0.1587463425293717,676.0384409900461,7.233717122167136,4.815510365261238,5.116941658264448,12.049227487428375
5.946860052693242,0.7742281355053523,0.9145293547132956,1.5648304110866715,-9.721874659403984e-05,0.0,0.0,0.0,0.0,0.0,0.0,0.0,0.0,4.941327750199001,1415188782.923227,902.5634713765496,57.6137719211414,3.6832757212619116,100.0,IMRPhenomXP,20.0,13.796778849701923,7.776214666876645,6.020564182825279,57.04836055802056,-0.0025206554853493407,(12.023533136025465+0.2954615428453474j),10.72397880457983,(1.1281436566326777+0.4652398307547723j),0.6899680599343152,0.2459518115277099,0.0,0,0,0.0,0,0,0.0,0.0,0.0,0.0,0.0,0.0,0.0,1.0,1.0,0.1805209599519797,764.5467578246883,6.5871042791082335,5.099921464393295,5.0374879010493325,11.687025743501527
5.9495294835693535,0.8280131858328873,-0.867898053044514,5.953363102150939,0.00023325290142193334,0.0,0.0,0.0,0.0,0.0,0.0,0.0,0.0,5.7875882731200345,1415188782.885054,693.0504816185777,57.63805663455196,3.741016275890601,100.0,IMRPhenomXP,20.0,13.741541640868842,7.517200503456906,6.224341137411938,55.475784083772325,-0.044488796585957946,(11.97796363704725+0.17162206809754632j),12.150888569325225,(2.148788892576855-0.1670258932758913j),2.9178012571515928,0.24778704968037282,0.0,0,0,0.0,0,0,0.0,0.0,0.0,0.0,0.0,0.0,0.0,1.0,1.0,0.1419154001063333,606.9192894083826,6.58297497586679,5.450790082025636,5.210131576310594,12.033765057892424
5.9392910548445705,0.7404240206822889,-1.3766887528010485,4.6032829928598575,-0.00020552766064130723,0.0,0.0,0.0,0.0,0.0,0.0,0.0,0.0,3.82453653693938,1415188782.8850858,769.3580811507879,57.64026643820126,2.531673708133373,100.0,IMRPhenomXP,20.0,13.830325166769862,7.9465262501651965,5.8837989166046665,55.93549134776662,-0.0354092328413359,(11.96110351560416-0.4953091857681219j),10.823102309434443,(1.9343092416323702+0.0324185169195603j),2.3188390354684447,0.24443892344434295,0.0,0,0,0.0,0,0,0.0,0.0,0.0,0.0,0.0,0.0,0.0,1.0,1.0,0.15615687873457124,665.4443690123908,6.873224902543306,5.089100817394748,5.137097883589294,11.962325719938052
5.937453916154642,0.7085071484128833,0.9369919016144578,1.7544901619375133,0.00018239561763450134,0.0,0.0,0.0,0.0,0.0,0.0,0.0,0.0,5.03561306998062,1415188782.9235466,985.8405381861991,57.64063567647676,3.653417742133769,100.0,IMRPhenomXP,20.0,13.884615907798132,8.12675318373484,5.757862724063292,56.91521165706191,-0.006058717052413912,(11.903269833106492+1.6678046317908672j),9.961070566914145,(1.2617061122092432+0.39219391944072546j),0.7146899494599146,0.24272283493675945,0.0,0,0,0.0,0,0,0.0,0.0,0.0,0.0,0.0,0.0,0.0,1.0,1.0,0.19545580552696679,824.6566150820046,6.7980373228038316,4.816458038384095,4.966686253648133,11.614495361187926
5.939432970537483,0.6896842472825144,0.8419215234092854,1.281849953510001,-4.6470950088965896e-05,0.0,0.0,0.0,0.0,0.0,0.0,0.0,0.0,4.6100178502840805,1415188782.9217734,866.2618215602108,57.735884228693266,3.770884561945403,100.0,IMRPhenomXP,20.0,13.929049051412141,8.24358105593631,5.68546799547583,56.799129563225826,-0.005492727715767309,(11.942202187429256+1.1872193089571945j),10.464770609434408,(1.3773126564998124+0.27859174635826256j),0.9456576584459597,0.24156788456929507,0.0,0,0,0.0,0,0,0.0,0.0,0.0,0.0,0.0,0.0,0.0,1.0,1.0,0.1739409079234135,737.9092243824788,7.02214310813855,4.843061483846633,5.059396883139338,11.865204591985183
5.947893765973935,0.7623474833329389,-1.3650950141907114,5.385793003576418,-2.8012248286451893e-05,0.0,0.0,0.0,0.0,0.0,0.0,0.0,0.0,6.149294112307074,1415188782.8847468,681.7989390514696,57.763404703739155,2.5889117610302845,100.0,IMRPhenomXP,20.0,13.815966506864253,7.839524632642592,5.976441874221662,56.44080716562688,-0.03975267717947195,(12.010447632843613-0.24213326638202695j),12.33673983519108,(1.8403332707557576+1.233494332527293j),2.7963731369119325,0.2454538709612174,0.0,0,0,0.0,0,0,0.0,0.0,0.0,0.0,0.0,0.0,0.0,1.0,1.0,0.1397969042384812,598.1758114847024,6.878001338212371,5.243427010546786,5.218380348161964,12.121428348759158
5.943012626029656,0.7295550570350451,-1.3527004130639264,4.483151927936517,9.348101117866701e-05,0.0,0.0,0.0,0.0,0.0,0.0,0.0,0.0,3.8056697576198006,1415188782.8848765,718.7067502144889,57.80555210069951,2.6465434200908016,100.0,IMRPhenomXP,20.0,13.85776139781949,8.01232741418228,5.845433983637209,56.3739143932644,-0.035442307182522614,(12.018769169435991+0.11672897960069181j),11.639848456211492,(1.828981909423732-0.7609352251598966j),2.4171563576396777,0.2438873580767227,0.0,0,0,0.0,0,0,0.0,0.0,0.0,0.0,0.0,0.0,0.0,1.0,1.0,0.14672796742308117,626.7456365364362,6.987121306710191,5.097489683427732,5.182582787602844,12.084610990137923
5.940423366627006,0.7113394007806924,0.919748073385302,1.7451503431493853,0.00018646648145084917,0.0,0.0,0.0,0.0,0.0,0.0,0.0,0.0,1.9225292174250879,1415188782.9235363,884.7345266654536,57.8796954994606,3.676462658776398,100.0,IMRPhenomXP,20.0,13.885919976628736,8.114065491797914,5.771854484830822,57.24655103103422,-0.005328275580502209,(12.042759797632305-0.010934410875369574j),11.118815762375453,(1.2103500542395285+0.6141327984230255j),0.7370203961569284,0.2428871651100036,0.0,0,0,0.0,0,0,0.0,0.0,0.0,0.0,0.0,0.0,0.0,1.0,1.0,0.17729470377779238,751.497918348364,6.89212774487211,4.902642020141311,5.045825270057638,11.79476976501342
5.952357707211551,0.8869089130498296,-0.9884000314237225,5.913932012571296,-8.372304335837457e-05,0.0,0.0,0.0,0.0,0.0,0.0,0.0,0.0,5.7952361351239166,1415188782.8845992,796.9900155304746,57.89046428009518,3.5795156835761723,100.0,IMRPhenomXP,20.0,13.704485438371055,7.262928985915043,6.441556452456012,55.78902080411899,-0.04380992989727206,(11.937775218727731+0.06642210279651588j),10.84310895571497,(2.1906708343018204+0.12240105852560051j),2.5228796237367237,0.24910196162934384,0.0,0,0,0.0,0,0,0.0,0.0,0.0,0.0,0.0,0.0,0.0,1.0,1.0,0.16126137748683214,686.3140684309388,6.254344738161586,5.5470340935618125,5.1257691184851675,11.8013788317234
5.953136796027644,0.8133589245039077,-1.36031313831249,5.31728560430368,-0.00015877891228909197,0.0,0.0,0.0,0.0,0.0,0.0,0.0,0.0,6.095829909491901,1415188782.8846183,771.0043752512565,57.91110035162953,2.6115597164107616,100.0,IMRPhenomXP,20.0,13.764392532178332,7.590550522668283,6.173842009510049,55.535155451277085,-0.038682804202181176,(11.766404578322046+2.0250649340304667j),10.998451645454614,(2.028100500478618+1.255098224506977j),2.437116602969433,0.2473515796435638,0.0,0,0,0.0,0,0,0.0,0.0,0.0,0.0,0.0,0.0,0.0,1.0,1.0,0.1564617664042789,666.6924883868866,6.563598333448716,5.338561281369489,5.147716049910923,11.902159614818205
5.933084721052451,0.6615980181315159,-1.4010376933064796,4.37713681996834,0.0001153770637309842,0.0,0.0,0.0,0.0,0.0,0.0,0.0,0.0,3.9744707654648006,1415188782.8854125,670.0898799612287,57.95691384652536,2.3991187323388674,100.0,IMRPhenomXP,20.0,13.981545847158436,8.41451764782485,5.567028199333585,56.20691668346092,-0.03983713976863401,(11.928412240699776-1.4265796060716118j),12.036787091666707,(2.127271897412299+1.0512143800774372j),2.7378117487276685,0.23963059413634918,0.0,0,0,0.0,0,0,0.0,0.0,0.0,0.0,0.0,0.0,0.0,1.0,1.0,0.1375870508900757,589.0449271703193,7.3968120868122815,4.893716217126247,5.215499522792793,12.290528303938531
5.949733498516152,0.8512686449014862,-1.383177916913714,5.153097379486333,0.00016005271809279475,0.0,0.0,0.0,0.0,0.0,0.0,0.0,0.0,0.2512868351161583,1415188782.8849723,827.2382270620203,57.961355512882974,2.498085216589234,100.0,IMRPhenomXP,20.0,13.722109022787976,7.4122732325098,6.309835790278176,55.87832711850816,-0.04061776963422625,(11.755125252971474-2.1597009699233514j),10.165931342593163,(2.2384462603681423+0.5999425978072734j),2.26264458384654,0.24838636172255021,0.0,0,0,0.0,0,0,0.0,0.0,0.0,0.0,0.0,0.0,0.0,1.0,1.0,0.16681830887075588,708.9691840417426,6.352551357960248,5.407727786157916,5.099108792931345,11.760279144118165
5.946590126180946,0.8071592670526206,-1.0938312172383453,5.864236501523014,0.00017899457767267193,0.0,0.0,0.0,0.0,0.0,0.0,0.0,0.0,5.74269867921409,1415188782.8843899,882.1247008623211,58.136906932890156,3.39878436921527,100.0,IMRPhenomXP,20.0,13.755873646349041,7.611876770985509,6.143996875363532,56.16557130515843,-0.04533410350833311,(11.805759424504174+1.965729078547483j),9.848489144829923,(2.00019172444901+0.8684857109473042j),2.251654747186986,0.24715328036172968,0.0,0,0,0.0,0,0,0.0,0.0,0.0,0.0,0.0,0.0,0.0,1.0,1.0,0.17682156591736922,749.5823716000987,6.468165600833302,5.220839805543582,5.053094112483733,11.689005406376884
5.946846153355958,0.7630285275533233,-1.2834192873119785,5.581089927265353,-0.0001071472928462076,0.0,0.0,0.0,0.0,0.0,0.0,0.0,0.0,2.7725862848454823,1415188782.8842435,860.1005793991145,58.146306190949964,2.916541456966381,100.0,IMRPhenomXP,20.0,13.812536724382316,7.834550892690845,5.97798583169147,55.39040154078907,-0.03918508613261884,(11.9394716701574+1.1641960529423054j),10.031228850517348,(2.2787829288132366+0.7555062984645602j),2.19854404897449,0.2454833809338099,0.0,0,0,0.0,0,0,0.0,0.0,0.0,0.0,0.0,0.0,0.0,1.0,1.0,0.1728197796894268,733.3612519477175,6.680097853367978,5.097105228967484,5.070554109285858,11.777203082335463
5.942584128609452,0.7237048927064814,-1.37720814344617,4.838319659463203,-0.00010211519581210834,0.0,0.0,0.0,0.0,0.0,0.0,0.0,0.0,0.3888418992902959,1415188782.8847206,671.5348505540962,58.27385510207358,2.5290279794877675,100.0,IMRPhenomXP,20.0,13.867364489942934,8.045092027423003,5.822272462519933,56.183059714438585,-0.0356232647060597,(11.988212522996397-1.0053027322021693j),12.512073385272535,(2.090559186684533-0.03287545047883277j),2.677933701790278,0.24357666505790476,0.0,0,0,0.0,0,0,0.0,0.0,0.0,0.0,0.0,0.0,0.0,1.0,1.0,0.13786004981066938,590.173502611167,7.070370410457454,5.116861659295194,5.222596688932219,12.187232069752646
5.942359003211699,0.6840820716532015,-1.265119637208615,5.601305113165459,0.00018033292621758533,0.0,0.0,0.0,0.0,0.0,0.0,0.0,0.0,2.7355647130851044,1415188782.8841,712.7202417505491,58.27876711696431,2.976454868284761,100.0,IMRPhenomXP,20.0,13.948575697294801,8.282598533693786,5.665977163601014,55.42826018836907,-0.040885539600958976,(11.870183306206679+0.7917958141137408j),12.131071584293249,(2.3911611923448546+0.3129386223191632j),2.6353962806977167,0.24120244381008762,0.0,0,0,0.0,0,0,0.0,0.0,0.0,0.0,0.0,0.0,0.0,1.0,1.0,0.1456072602241854,622.1331390047261,7.2298760851715915,4.945828610140121,5.187082178624489,12.175704695311714
5.948312059989675,0.7908216378922204,-1.0451048465968371,5.897812573538591,0.0001839998235798801,0.0,0.0,0.0,0.0,0.0,0.0,0.0,0.0,5.700842797319536,1415188782.884439,694.1591874933164,58.361539203329734,3.4877727597244528,100.0,IMRPhenomXP,20.0,13.778737232351594,7.694086859799747,6.084650372551847,56.503577983700055,-0.0459209193217166,(11.8971424221787+1.5439536733405839j),12.46544592007742,(1.9891041675614107+0.7055897926887823j),2.8881823917222498,0.24658910100950188,0.0,0,0,0.0,0,0,0.0,0.0,0.0,0.0,0.0,0.0,0.0,1.0,1.0,0.14212388877645823,607.7792406358419,6.736648217771119,5.327487177481464,5.208114564841141,12.064135395252583
5.9563061766428715,0.9466285654601668,-1.272163587903321,5.592986280754632,5.686077192590194e-05,0.0,0.0,0.0,0.0,0.0,0.0,0.0,0.0,6.001551494439643,1415188782.8843818,719.057759038119,58.387606709057415,2.953855226159434,100.0,IMRPhenomXP,20.0,13.690173784529836,7.032761168432558,6.65741261609728,55.617204449986296,-0.0415133616179838,(11.914262417972934+0.5056403782275529j),12.087793282772223,(2.3389345724707704+0.34638841975974677j),2.6318592646264767,0.2498120719632606,0.0,0,0,0.0,0,0,0.0,0.0,0.0,0.0,0.0,0.0,0.0,1.0,1.0,0.1467936362544982,627.01582547852,6.132542897083043,5.805240285288657,5.193877946599486,11.9377831823717
5.946408349665891,0.7219548945827658,-1.268048311630236,5.609959564428482,-0.00016661617215873097,0.0,0.0,0.0,0.0,0.0,0.0,0.0,0.0,2.745600842614111,1415188782.884209,671.6162092638859,58.588951346317046,2.9671265495235835,100.0,IMRPhenomXP,20.0,13.879531792514406,8.06033412151452,5.819197670999886,55.78968761564519,-0.03914285016557362,(11.899746831320615+0.9897795335971652j),12.870470250644075,(2.293515749774846+0.5528724472653098j),2.8141015553598585,0.243481810611117,0.0,0,0,0.0,0,0,0.0,0.0,0.0,0.0,0.0,0.0,0.0,1.0,1.0,0.13787541789573304,590.2370293609437,7.083670140638466,5.114090329643729,5.225886996190279,12.197760470282194
5.940799839063233,0.6965328610626843,-1.0214692319459273,5.839450763526661,0.00019166198855365048,0.0,0.0,0.0,0.0,0.0,0.0,0.0,0.0,5.782111518789616,1415188782.8840058,864.0672658210682,58.62491536063187,3.5274336153925256,100.0,IMRPhenomXP,20.0,13.917290267625154,8.203372057825959,5.713918209799195,56.63771353377767,-0.0431249529042147,(12.020124255932998-0.020519434006999616j),10.137516322698078,(2.064114020006877-1.184364285019624j),2.2312996876110476,0.2420009429029364,0.0,0,0,0.0,0,0,0.0,0.0,0.0,0.0,0.0,0.0,0.0,1.0,1.0,0.17354172180772015,736.2901981353124,6.990268778164537,4.8689519116521,5.062282600325485,11.859220689816635
5.943118424905515,0.7087349161139824,-1.3572409233958644,5.077417036613271,0.00013083858737149642,0.0,0.0,0.0,0.0,0.0,0.0,0.0,0.0,0.1169594711423084,1415188782.8844378,910.2489538117431,58.64994106465855,2.625832454414147,100.0,IMRPhenomXP,20.0,13.897405176992871,8.133154561269487,5.764250615723384,56.420097446780986,-0.03782358359629212,(12.004359978404333-0.0023711858160929285j),9.356554605208354,(2.1392174764180556-0.13904289621741125j),1.9747866794969917,0.24273613988256687,0.0,0,0,0.0,0,0,0.0,0.0,0.0,0.0,0.0,0.0,0.0,1.0,1.0,0.18190849917008087,770.1517993167648,6.88137412243035,4.877070111409604,5.028408230483737,11.758444233839954
5.946477400391876,0.785265841738782,-1.0492871212587047,5.821745518398255,-0.0001465812398799022,0.0,0.0,0.0,0.0,0.0,0.0,0.0,0.0,5.856577374941682,1415188782.8841367,681.6888812741196,58.75590331598596,3.4805288315023493,100.0,IMRPhenomXP,20.0,13.781396359412845,7.719520553863441,6.061875805549404,56.62125166389092,-0.040426781562153735,(11.999271075692137+0.5644784523434874j),12.926233761503065,(2.1638122912229556-1.0194417659369563j),2.8236412095301677,0.24638310012993667,0.0,0,0,0.0,0,0,0.0,0.0,0.0,0.0,0.0,0.0,0.0,1.0,1.0,0.139776157904007,598.0901389471285,6.772839123130337,5.318479214986299,5.217232663760188,12.091318338116638
5.936161118655895,0.6683949249442565,-1.376489460145796,4.690554327685281,-1.5548813340106197e-05,0.0,0.0,0.0,0.0,0.0,0.0,0.0,0.0,3.603432894352326,1415188782.8847136,725.5372988098693,58.79732733563736,2.5326869599214232,100.0,IMRPhenomXP,20.0,13.971544744067637,8.374243133432241,5.597301610635398,56.4461193835983,-0.03535783574768081,(11.995585756738167-0.5280078102561222j),11.492151718799382,(2.235031044782654+0.07971775660476031j),2.454526090063475,0.24012391939892203,0.0,0,0,0.0,0,0,0.0,0.0,0.0,0.0,0.0,0.0,0.0,1.0,1.0,0.1480050369627921,631.9983559495903,7.294604870016488,4.875676874592678,5.1708493669686675,12.170281744609165
5.9482124732355945,0.7830709018099146,-1.3002661496605716,5.497667027419442,-3.122679974117018e-05,0.0,0.0,0.0,0.0,0.0,0.0,0.0,0.0,3.0088715035044435,1415188782.8842545,677.7300057383065,59.00483856175708,2.8577047220572505,100.0,IMRPhenomXP,20.0,13.788218496343983,7.7328492559371504,6.055369240406831,56.19448792853783,-0.03799029365692308,(11.732476821032368-2.473693516010686j),12.746202271264323,(2.36476510912856-0.4003049138694408j),2.7535379812125726,0.24629968748276215,0.0,0,0,0.0,0,0,0.0,0.0,0.0,0.0,0.0,0.0,0.0,1.0,1.0,0.1390295789991839,595.0065014418868,6.788980197276063,5.3162528454506175,5.222175598338747,12.105233042726681
5.9454893138916445,0.7401123366849922,-1.1224292966666485,5.817697508602143,-9.103342579968926e-05,0.0,0.0,0.0,0.0,0.0,0.0,0.0,0.0,5.794705700618764,1415188782.8841732,737.3944853407031,59.078900811113876,3.3414279566279204,100.0,IMRPhenomXP,20.0,13.845280539347415,7.956544096298646,5.88873644304877,56.696198040487126,-0.04144133486396562,(12.022714596673278+0.26562988621117833j),11.830412572249417,(2.233925248952455+0.16235164630256418j),2.643839931810187,0.24442356344634636,0.0,0,0,0.0,0,0,0.0,0.0,0.0,0.0,0.0,0.0,0.0,1.0,1.0,0.15021777231444153,641.0911939537957,6.917424063348171,5.119670887365608,5.169011866273174,12.03709495071378
5.942566056852758,0.7461094578310826,-1.2980303781906932,5.499011204921397,0.00010010548585125947,0.0,0.0,0.0,0.0,0.0,0.0,0.0,0.0,6.078296292587206,1415188782.8842132,637.5400187526046,59.1352095023908,2.865731715093749,100.0,IMRPhenomXP,20.0,13.828601079767326,7.919664496259258,5.908936583508069,56.31180828249718,-0.04050509042457939,(11.978319711446618-0.5034541417825735j),13.539093408663147,(2.3343315830127804-0.02493654432201225j),2.919187405261971,0.24471445073305087,0.0,0,0,0.0,0,0,0.0,0.0,0.0,0.0,0.0,0.0,0.0,1.0,1.0,0.13141551976483012,563.4888415893848,6.999784215356526,5.2226052058542285,5.252328568100204,12.222389421210753
