chirp_mass,mass_ratio,a_1,a_2,theta_jn,psi,time_jitter,tilt_1,tilt_2,phi_12,phi_jl,ra,dec,phase,luminosity_distance,geocent_time,log_likelihood,log_prior,reference_frequency,waveform_approximant,minimum_frequency,total_mass,mass_1,mass_2,H1_log_likelihood,L1_log_likelihood,H1_matched_filter_snr,H1_optimal_snr,L1_matched_filter_snr,L1_optimal_snr,symmetric_mass_ratio,iota,spin_1x,spin_1y,spin_1z,spin_2x,spin_2y,spin_2z,phi_1,phi_2,chi_eff,chi_1_in_plane,chi_2_in_plane,chi_p,cos_tilt_1,cos_tilt_2,redshift,comoving_distance,mass_1_source,mass_2_source,chirp_mass_source,total_mass_source
15.53410677172596,0.9550606934791532,0.30267103110054205,0.6381650287771636,0.46018677691165705,0.8694007211315382,9.036477533436844e-05,0.0,0.0,0.0,0.0,0.0,0.0,1.7118846373406824,4355.224759917514,1385860007.2224095,-2.4490152495684967,4.5050675877582815,100.0,IMRPhenomXP,20.0,35.69932430354097,18.259957055354523,17.439367248186446,-0.2864084038247472,-0.6183964473899684,(1.5476962801563436+1.0111538067321606j),2.7968965918723665,(2.6675738726568237+0.525194043172048j),3.284743670099461,0.24986790929663888,0.46018677691165705,0,0,0.30267103110054205,0,0,0.6381650287771636,0.0,0.0,0.46656217327727173,0.0,0.0,0.0,1.0,1.0,0.6962653195866813,2567.537461134528,10.764800084342829,10.281037433716909,9.157828431881791,21.045837518059738
14.098901369354374,0.683740541605731,0.6482563574140263,0.7790556078837542,2.962842088071381,0.13309731899259358,-0.0001490838266920805,0.0,0.0,0.0,0.0,0.0,0.0,5.565566113783477,4430.928924283872,1385860007.2996986,-2.277561669585703,3.58964337943316,100.0,IMRPhenomXP,20.0,33.09639386859696,19.656469064428396,13.439924804168568,-0.575313750492576,-1.619487586364837,(1.994920720728488-1.9870596721580205j),2.9003424485779705,(2.882502350285957+0.09747089597042484j),3.425819601703952,0.24117983486633648,2.962842088071381,0,0,0.6482563574140263,0,0,0.7790556078837542,0.0,0.0,0.7013718750058912,0.0,0.0,0.0,1.0,1.0,0.7061692958731556,2597.004254439049,11.520819834217523,7.877251593189937,8.263483233144848,19.39807142740746
16.970515464122013,0.6099592026961063,0.5449681527771179,0.4185050726006514,2.543272120468116,0.34306788834035956,-6.498091811310861e-05,0.0,0.0,0.0,0.0,0.0,0.0,0.8884129650728596,4167.36682309039,1385860007.2220461,-2.2316012313545626,4.742716451239148,100.0,IMRPhenomXP,20.0,40.42894477308466,25.11178215285246,15.317162620232198,-0.4755584115148861,-0.3790262187509823,(2.71056175388227-0.5047958490823994j),2.881890353811888,(1.246068432687956-1.1006862643002664j),3.3854948855116658,0.23532661414710276,2.543272120468116,0,0,0.5449681527771179,0,0,0.4185050726006514,0.0,0.0,0.4970555600693313,0.0,0.0,0.0,1.0,1.0,0.6715254110326184,2493.1519396718,15.023272746621991,9.163583466415693,10.152711620242814,24.186856213037686
16.65437236894273,0.506176401494109,0.695141069443719,0.1869823208760223,0.4191943326009928,0.4217067027135962,0.00019664947260752204,0.0,0.0,0.0,0.0,0.0,0.0,6.238011997949936,3604.574271074736,1385860007.164468,-2.190615387938229,4.4178568211932125,100.0,IMRPhenomXP,20.0,40.96360228237962,27.197081458549086,13.76652082383053,-0.5470449372266515,-0.544771087696347,(2.1190159899613894+0.8746600086709537j),3.626967259538722,(2.0732044137572627+0.3203800458496509j),4.256550053219301,0.22312601869838578,0.4191943326009928,0,0,0.695141069443719,0,0,0.1869823208760223,0.0,0.0,0.5243656101531675,0.0,0.0,0.0,1.0,1.0,0.5958843864976234,2258.6687992515526,17.042012371733662,8.626264496542232,10.435826373045057,25.668276868275896
13.785939454216516,0.8408014217876572,0.3765109766914506,0.7108287241117407,2.7948083279963614,0.5863977249200735,0.00021660949432609496,0.0,0.0,0.0,0.0,0.0,0.0,2.039192189086844,4698.16905774591,1385860007.1976843,-2.1836460256546806,4.237561864806191,100.0,IMRPhenomXP,20.0,31.81475870101591,17.283101981809452,14.531656719206461,-0.5158733031285565,-1.1329475319813413,(0.16358009004701354+0.9831594402802111j),2.4795076177131894,(0.24427508475235554-0.9866867209688568j),2.9172071730638574,0.2481301597848767,2.7948083279963614,0,0,0.3765109766914506,0,0,0.7108287241117407,0.0,0.0,0.529213399686565,0.0,0.0,0.0,1.0,1.0,0.7408441327862124,2698.7878814745136,9.928000822306782,8.347477206904571,7.919111880597942,18.275478029211353
15.326820763712465,0.8166719301751559,0.26005129039211106,0.2664362760925245,0.2625601207487096,0.18827244379064065,2.915721479216434e-05,0.0,0.0,0.0,0.0,0.0,0.0,1.48561813453221,4818.611417300113,1385860007.2169268,-2.092570747826567,3.9679469440740007,100.0,IMRPhenomXP,20.0,35.42870747148862,19.50198430603413,15.926723165454494,-0.33457645248597023,-0.7172586073841667,(0.07526208421502346+1.0499121501306954j),2.5570480739361017,(0.5257171387736249-1.251762005808628j),2.991875137878234,0.24745407896737318,0.2625601207487096,0,0,0.26005129039211106,0,0,0.2664362760925245,0.0,0.0,0.26292161524795593,0.0,0.0,0.0,1.0,1.0,0.7563321117272125,2743.565050387867,11.103813553152818,9.068172846758369,8.726607377598853,20.171986399911187
13.512247618485361,0.7372564565042702,0.38819147158100425,0.7367865057088062,2.757141962213802,1.7410133731998525,-8.289928316751775e-05,0.0,0.0,0.0,0.0,0.0,0.0,3.091654055504814,4239.823913404911,1385860007.2978551,-1.9706319871765907,4.336042313252903,100.0,IMRPhenomXP,20.0,31.476987808125827,18.118791667330584,13.358196140795243,-0.5272353798190568,-1.153219585495124,(2.7829576953277897-0.8803085177469634j),2.6546532767762177,(1.3554575165937424+0.71682982154454j),3.1234799317876183,0.244281577424916,2.757141962213802,0,0,0.38819147158100425,0,0,0.7367865057088062,0.0,0.0,0.5361281441740623,0.0,0.0,0.0,1.0,1.0,0.6810957806796233,2522.0596915333385,10.777965107975959,7.946124363833019,8.037761901360975,18.724089471808977
15.849670860639119,0.8638137873364591,0.06108586005580446,0.5626926689501429,0.49335374202250676,2.0021673062712892,-0.00012396502319341764,0.0,0.0,0.0,0.0,0.0,0.0,1.8275981900791454,3654.4049539305242,1385860007.2155821,-1.9671653741744728,4.5693088323829025,100.0,IMRPhenomXP,20.0,36.53012792589177,19.599666111546625,16.93046181434514,0.02822115941243908,-0.17006502349452024,(0.826480251617525+1.3558564815857534j),3.176359911323096,(3.0944717630680634-0.5738827279619165j),3.7165239834484325,0.24866524593178935,0.49335374202250676,0,0,0.06108586005580446,0,0,0.5626926689501429,0.0,0.0,0.2935634177864978,0.0,0.0,0.0,1.0,1.0,0.6026813353851825,2280.1818694227964,12.229297040410167,10.563835392939255,9.889471169781775,22.793132433349424
14.447391007190632,0.761628098215378,0.43717244925459764,0.08882303667095713,0.2769332286988259,2.2845506260567663,2.459111549639383e-05,0.0,0.0,0.0,0.0,0.0,0.0,1.4453401310706937,4830.640516117888,1385860007.2157972,-1.9240804377179823,4.019944598883332,100.0,IMRPhenomXP,20.0,33.561450821398886,19.051382556510312,14.510068264888575,-0.1767291522795773,-0.3907308326158878,(0.6493006963152981-0.18718615131766594j),2.436113035472487,(3.471828900867041-0.8392727982250328j),2.8520822634147844,0.24542257039669216,0.2769332286988259,0,0,0.43717244925459764,0,0,0.08882303667095713,0.0,0.0,0.28656591607696613,0.0,0.0,0.0,1.0,1.0,0.7578743784972863,2748.0009640906005,10.837738344418177,8.254326044215096,8.218670903856589,19.092064388633272
16.969271603037605,0.9611153625487063,0.5050305107815655,0.5803363764554684,2.381094754950334,0.3251033126878622,1.3043226962045583e-05,0.0,0.0,0.0,0.0,0.0,0.0,1.3860932744086587,4918.396525388405,1385860007.2157166,-1.8836636864154532,4.944633856945385,100.0,IMRPhenomXP,20.0,38.99434767277579,19.88376024044701,19.11058743232878,-0.2724398338237366,-0.49267272378291604,(0.5245021390907172+0.8456021657549824j),2.191638571027566,(3.636829085705696-0.4625566861988738j),2.5924988325164473,0.24990171441356854,2.381094754950334,0,0,0.5050305107815655,0,0,0.5803363764554684,0.0,0.0,0.5419368681389184,0.0,0.0,0.0,1.0,1.0,0.7691010389016244,2780.1671115471063,11.23947123607602,10.80242847191696,9.592030771500342,22.04189970799298
12.155920369269117,0.8897884550044689,0.23522749536385473,0.31298516784809816,0.22901665803253027,1.5905151714196857,-0.00010962607630445471,0.0,0.0,0.0,0.0,0.0,0.0,3.641557522486815,4673.622618463268,1385860007.13447,-1.8219211503880022,3.834020983013227,100.0,IMRPhenomXP,20.0,27.98411754471244,14.808068845275205,13.176048699437235,-0.4310800550516096,-0.944868990900944,(1.0460741002051057+0.0771510607540119j),2.212142391768944,(1.738921393802005+0.4808494454242318j),2.588107604932306,0.24914970856033108,0.22901665803253027,0,0,0.23522749536385473,0,0,0.31298516784809816,0.0,0.0,0.2718389367562908,0.0,0.0,0.0,1.0,1.0,0.7376772525927688,2689.580350878118,8.521760196365724,7.582563839042837,6.995499510125602,16.10432403540856
15.715263980381417,0.5215080213351448,0.6965442024972957,0.7225363415585377,0.7588803250279572,1.3545104283972715,0.00022454004738497324,0.0,0.0,0.0,0.0,0.0,0.0,1.3298279484859357,4533.403899217135,1385860007.2809892,-1.8149703849381456,4.942930895962965,100.0,IMRPhenomXP,20.0,38.432105727669565,25.259219924417387,13.172885803252179,0.10748975186889087,-1.1386503649120536,(1.8310553376265486-0.5292308140877845j),2.372527381835923,(2.671749248874659-0.6794654692220417j),2.8134111202819057,0.22527474156732546,0.7588803250279572,0,0,0.6965442024972957,0,0,0.7225363415585377,0.0,0.0,0.7054531985867158,0.0,0.0,0.0,1.0,1.0,0.7195174882399638,2636.439540817113,14.689713886115701,7.660803622727601,9.139345245314717,22.3505175088433
13.412613035560906,0.9716188415513742,0.7535960762475766,0.18094946532396775,0.548306719825439,0.13821366809620722,0.00023585502662642083,0.0,0.0,0.0,0.0,0.0,0.0,4.079247550989887,3727.0228521953977,1385860007.2984629,-1.8114510364847158,4.6651991968696205,100.0,IMRPhenomXP,20.0,30.81792472024778,15.6307720695135,15.187152650734282,-0.39822837284281487,-0.9495761073933897,(1.7270206833935258-1.6047056792895154j),2.7532099013418256,(2.079977874595438+1.0032360294476845j),3.244903421709717,0.24994819706983815,0.548306719825439,0,0,0.7535960762475766,0,0,0.18094946532396775,0.0,0.0,0.4713943519598756,0.0,0.0,0.0,1.0,1.0,0.6125501175174662,2311.260154448384,9.693200787816256,9.418096520382898,8.317641039405169,19.111297308199156
15.346588464898495,0.6797046730921913,0.4284087708003923,0.5274153265565421,0.6217989525332542,0.7548023915510406,4.839075261077485e-05,0.0,0.0,0.0,0.0,0.0,0.0,6.128334627578664,4410.070174108124,1385860007.2166805,-1.8004964615843662,4.776309361382825,100.0,IMRPhenomXP,20.0,36.049497076310054,21.461806741268415,14.587690335041636,-0.1695539291153625,-0.49113891104115037,(-0.08002844836978236+0.9763087530565283j),2.4732144228368025,(3.229058865018111+1.645333621666944j),2.890697907993127,0.24090975993917463,0.6217989525332542,0,0,0.4284087708003923,0,0,0.5274153265565421,0.0,0.0,0.4684724913414162,0.0,0.0,0.0,1.0,1.0,0.7034441368982627,2588.9138694222484,12.599066958748299,8.563644688462642,9.009152770247296,21.16271164721094
13.530994080512457,0.8813895510198655,0.5863345730251769,0.182990954620887,2.5663729104024395,2.4554288471162735,-0.00011899762172185897,0.0,0.0,0.0,0.0,0.0,0.0,0.535370815273835,3511.4589023829485,1385860007.2824006,-1.7982269985868609,4.70796752309345,100.0,IMRPhenomXP,20.0,31.160429756313825,16.56245498941054,14.597974766903286,-0.32271235272309085,-0.9144249998898215,(0.8954284309905921-0.9006146917947627j),2.8764479683472732,(2.691994822080921-0.35643110128836386j),3.366624311441801,0.24900636140280957,2.5663729104024395,0,0,0.5863345730251769,0,0,0.182990954620887,0.0,0.0,0.3973769748821588,0.0,0.0,0.0,1.0,1.0,0.5831275284781196,2218.0518234036736,10.461857741386277,9.220972097514155,8.547001954744587,19.68282983890043
12.552465007781665,0.56930775107991,0.5100232742777687,0.053291318473227815,0.25734037259056586,2.1134789110088854,4.138782092484995e-05,0.0,0.0,0.0,0.0,0.0,0.0,0.9173047883373462,4553.597375281985,1385860007.1357594,-1.7957944317526984,3.948320815017989,100.0,IMRPhenomXP,20.0,30.22529199470939,19.260270634558474,10.965021360150917,-0.3291661682609046,-1.1120796530831876,(2.614444353892227+0.25358843404518633j),2.320663038279097,(1.2393695283721364-0.7464877869217337j),2.7149652725981213,0.23116967217453555,0.25734037259056586,0,0,0.5100232742777687,0,0,0.053291318473227815,0.0,0.0,0.3443317186052245,0.0,0.0,0.0,1.0,1.0,0.7221401264922431,2644.1503140362624,11.183916069471612,6.3670901057773515,7.288875518712445,17.551006175248965
15.685681230013657,0.6349423866374876,0.7384588605280222,0.6972989609133844,2.464759230388787,1.3080835370723993,3.648182493753792e-05,0.0,0.0,0.0,0.0,0.0,0.0,5.145843843501316,4210.946501836433,1385860007.2818666,-1.7910026530361418,4.848856619329663,100.0,IMRPhenomXP,20.0,37.159147056972216,22.72810795088368,14.43103910608854,0.15386693365635917,-1.279148861615968,(1.9240375038037298-0.3525240801638474j),2.7387311232798917,(2.7815995802917555-1.00753371353758j),3.2456639787935586,0.23753598616140945,2.464759230388787,0,0,0.7384588605280222,0,0,0.6972989609133844,0.0,0.0,0.7224740985518975,0.0,0.0,0.0,1.0,1.0,0.677285856985107,2510.5717490120774,13.550527392949624,8.603804203076088,9.351823462107053,22.15433159602571
16.246650428185447,0.813696061726386,0.02385278434544258,0.15905934072488614,0.03960078382086597,1.098643279306506,2.6048769944340467e-05,0.0,0.0,0.0,0.0,0.0,0.0,4.563422842790849,4928.096962420507,1385860007.2120082,-1.7844620248965026,2.087570539032149,100.0,IMRPhenomXP,20.0,37.56331563982718,20.710920882781284,16.852394757045897,-0.38198407355677855,0.4062913905846184,(2.437399413172313+1.130906228298744j),2.603706421802445,(2.4189718330808554-1.8746444623462142j),3.0318489948293075,0.24736211985022852,0.03960078382086597,0,0,0.02385278434544258,0,0,0.15905934072488614,0.0,0.0,0.08451181358809248,0.0,0.0,0.0,1.0,1.0,0.770339382247804,2783.701816998112,11.698842092347615,9.519301737302127,9.17713890969145,21.218143829649744
14.359919352311817,0.9402877277792865,0.6177902267066608,0.3055043961699848,2.46160912737777,2.8525210784917028,0.0001845816588611036,0.0,0.0,0.0,0.0,0.0,0.0,2.950398962947533,4768.005135889633,1385860007.2227926,-1.6869739157869246,4.85276478643767,100.0,IMRPhenomXP,20.0,33.009192794820564,17.012524648908904,15.996668145911658,0.08567934036057734,-0.8344872328411244,(0.6441700761917973+0.0030408130219911652j),2.131462259409464,(3.0542169370561676+0.894677568304173j),2.5113839818611092,0.24976322549882432,2.46160912737777,0,0,0.6177902267066608,0,0,0.3055043961699848,0.0,0.0,0.4664526030084087,0.0,0.0,0.0,1.0,1.0,0.7498347559858768,2724.831668204955,9.722360691895078,9.141816443632674,8.20644309594895,18.864177135527754
16.520552618029175,0.7458024675595709,0.4720714457606014,0.0113464934464532,0.14911419878415283,3.088348942470135,-0.000163975157119703,0.0,0.0,0.0,0.0,0.0,0.0,1.1348472106166976,4927.334550556949,1385860007.2883987,-1.6811769721401761,3.409986867451142,100.0,IMRPhenomXP,20.0,38.44540183608935,22.02162189049461,16.423779945594745,-0.7138282249140437,1.2155505441799237,(0.29998353198378136-1.4194121900058008j),2.737841593438706,(2.46579104448393+0.3409162341891395j),3.2029715526404656,0.24469979748868784,0.14911419878415283,0,0,0.4720714457606014,0,0,0.0113464934464532,0.0,0.0,0.27525089321407875,0.0,0.0,0.0,1.0,1.0,0.7702420737514302,2783.4241570471645,12.43989294855433,9.277702857208727,9.332369207008758,21.717595805763054
14.483365517465895,0.7435672092378685,0.0074479826828339315,0.17932468420087233,2.674480014820591,2.4832986519958102,-0.00021453690605855114,0.0,0.0,0.0,0.0,0.0,0.0,0.0952234119862288,4777.155365515485,1385860007.263165,-1.6719696942038227,4.51891951564509,100.0,IMRPhenomXP,20.0,33.713495591888396,19.335931195118608,14.377564396769786,-0.25229249294369493,-0.24882935645078375,(2.30153043357915-0.5969934622265224j),2.1842752950900297,(1.1948688474321696-0.3822495541968112j),2.540387851457865,0.24459233548367182,2.674480014820591,0,0,0.0074479826828339315,0,0,0.17932468420087233,0.0,0.0,0.08074706665484867,0.0,0.0,0.0,1.0,1.0,0.7510106478255045,2728.227495026007,11.042726221642893,8.211009119004839,8.271432007253688,19.253735340647733
16.534867675153567,0.9652889196269304,0.19367813581158888,0.5198133451555346,2.7198972693755463,1.2167232904849676,4.2984523685036505e-05,0.0,0.0,0.0,0.0,0.0,0.0,1.2712210574995182,4247.3250435335385,1385860007.2590485,-1.670982433310718,4.423450703104735,100.0,IMRPhenomXP,20.0,37.994262401722786,19.332659957669335,18.66160244405345,-0.4618389892803174,0.11354023614867437,(-0.021670620728109994-0.6208217860191323j),3.000483902647788,(1.6600770897243424-0.21166279512624084j),3.51757725448147,0.24992201277632334,2.7198972693755463,0,0,0.19367813581158888,0,0,0.5198133451555346,0.0,0.0,0.3538656282133072,0.0,0.0,0.0,1.0,1.0,0.6820845112145869,2525.0366413269458,11.49327505769003,11.094331063412755,9.829986284823581,22.587606121102784
15.1067569602362,0.6607905003399343,0.5720663510929775,0.7137059725082902,0.7703052795344089,1.507630170563249,-3.1503181948518263e-05,0.0,0.0,0.0,0.0,0.0,0.0,4.542883753457274,4899.791077865749,1385860007.2814596,-1.658592415988453,4.95484169403649,100.0,IMRPhenomXP,20.0,35.60498361050481,21.438576149861827,14.166407460642978,0.3876725583267122,-0.9318571995837872,(1.4461385060439527+0.043421629325159j),2.056198757829722,(2.888428977922411-0.3337661994748681j),2.4488882410651596,0.23957091235566194,0.7703052795344089,0,0,0.5720663510929775,0,0,0.7137059725082902,0.0,0.0,0.6284215122549821,0.0,0.0,0.0,1.0,1.0,0.7667244307698695,2773.375951607522,12.134646341263155,8.018459027291433,8.550714925956656,20.15310536855459
15.262562359878425,0.6825863582621365,0.5546264707801984,0.2550995483109286,0.6431035473496582,1.9648941936222184,-8.440606576356157e-05,0.0,0.0,0.0,0.0,0.0,0.0,2.3030013181906748,4850.800243214819,1385860007.2168853,-1.6562318455636267,4.805382365214905,100.0,IMRPhenomXP,20.0,35.834861056920865,21.297486979469504,14.537374077451359,-0.1405901421641902,-0.44074140577343623,(0.5255808370706011+1.3656110979614706j),2.1741727353466915,(3.2643073880770483-1.0372698449655269j),2.554201532917714,0.2411031461309615,0.6431035473496582,0,0,0.5546264707801984,0,0,0.2550995483109286,0.0,0.0,0.4331153280053729,0.0,0.0,0.0,1.0,1.0,0.7604572493666263,2755.420637091508,12.097701882355775,8.257726271218223,8.66965804785635,20.355428153574
12.9765984405977,0.8919667280432145,0.06526875137073143,0.4583644713069031,0.38528197689145194,2.960438436087286,-1.6310255173803106e-05,0.0,0.0,0.0,0.0,0.0,0.0,4.789041841244487,4676.668351288958,1385860007.1533017,-1.655348343713313,4.338094534365684,100.0,IMRPhenomXP,20.0,29.87086963183729,15.788263709442466,14.082605922394821,-0.36052152769107426,-1.0760586456429186,(0.42582886393306446-1.664858732127326j),2.2075085198967552,(0.45258709581095397+1.714416845464148j),2.582847209807734,0.24918486774525356,0.38528197689145194,0,0,0.06526875137073143,0,0,0.4583644713069031,0.0,0.0,0.2505935236947668,0.0,0.0,0.0,1.0,1.0,0.7380704005379702,2690.7243668253163,9.083788380813376,8.102437000271076,7.466094835158094,17.186225381084455
15.184937382871723,0.814408744078029,0.6851646591161544,0.2024583562230644,2.45507672166418,2.4452621777686594,8.171749506874666e-05,0.0,0.0,0.0,0.0,0.0,0.0,6.214284259507872,4879.091977359605,1385860007.1831427,-1.6428406255753858,4.860789429715791,100.0,IMRPhenomXP,20.0,35.10667548986308,19.34882402019184,15.757851469671238,-0.06094784158057065,-0.7495942556159743,(-0.1726192456353047-0.12999011066039728j),2.1595414401478,(1.4658937474279459-0.3226535914146817j),2.523587535965228,0.24738431904831948,2.45507672166418,0,0,0.6851646591161544,0,0,0.2024583562230644,0.0,0.0,0.4684989077077144,0.0,0.0,0.0,1.0,1.0,0.7640781286665255,2765.8026577983974,10.968235309859946,8.93262674345533,8.607859899238184,19.900862053315276
13.954346961195071,0.531762346905498,0.6231905109513795,0.013678322397982435,0.6062235836960327,2.353600577232684,2.3462586774838055e-05,0.0,0.0,0.0,0.0,0.0,0.0,5.742907717636193,4342.835518995956,1385860007.1228793,-1.6121735071550196,4.754212360412244,100.0,IMRPhenomXP,20.0,34.00232665200918,22.198173705406372,11.804152946602807,-0.03695437917197797,-0.7602185139721716,(2.403582276654646+0.7225592167118116j),2.305982575494483,(1.035376032719075-0.39610891211608285j),2.691629946766832,0.2266390823773467,0.6062235836960327,0,0,0.6231905109513795,0,0,0.013678322397982435,0.0,0.0,0.4115939584525883,0.0,0.0,0.0,1.0,1.0,0.694640962353021,2562.6876765068905,13.099042333181922,6.965577493307289,8.234397297831961,20.06461982648921
16.074307181545713,0.5698463853089362,0.440618766941135,0.5696062371954176,0.35941586716167206,1.9738470966022588,-3.785951041175513e-05,0.0,0.0,0.0,0.0,0.0,0.0,1.7280255619383655,3825.172418586899,1385860007.2160358,-1.590158872495413,4.271839697332269,100.0,IMRPhenomXP,20.0,38.699573039878715,24.65182160626683,14.047751433611884,-0.36184945338438057,-0.5603805134519986,(1.1435954573258662+1.4284368505094682j),3.3581299323186675,(3.6859504970075925+0.22709663080858353j),3.934469224289162,0.23122962939441177,0.35941586716167206,0,0,0.440618766941135,0,0,0.5696062371954176,0.0,0.0,0.4874405734327822,0.0,0.0,0.0,1.0,1.0,0.6258218162738524,2352.762391225289,15.162683486905857,8.640400376596798,9.886881219484245,23.803083863502657
16.405814046539657,0.7382454109768963,0.6643523061247358,0.5448510793039433,2.2656565194234477,2.325402576247552,9.24865984253411e-05,0.0,0.0,0.0,0.0,0.0,0.0,3.487002523249634,4909.604935540466,1385860007.2161412,-1.5818448703788972,5.052959218025538,100.0,IMRPhenomXP,20.0,38.21295658321975,21.983637259680158,16.22931932353959,0.14701928251808383,-0.5550577922955333,(0.40771232129128343+0.14523340939557527j),2.00490384143648,(3.0880914274850824-0.8329660067956419j),2.31805104442088,0.2443310002948945,2.2656565194234477,0,0,0.6643523061247358,0,0,0.5448510793039433,0.0,0.0,0.6135992699024346,0.0,0.0,0.0,1.0,1.0,0.7679782633711173,2776.9599945291206,12.434336844030284,9.179592113646299,9.279420672999477,21.613928957676585
15.482438998567543,0.7606967840600771,0.531202397779663,0.09411730573085615,2.4115434015388035,1.4286944222229248,-0.00020079957304336817,0.0,0.0,0.0,0.0,0.0,0.0,2.916594565841736,4663.7054659698815,1385860007.2162614,-1.5759269452677032,4.911632621134073,100.0,IMRPhenomXP,20.0,35.969459724950994,20.42910514211723,15.540354582833762,-0.16160313218349032,-0.3750973089196954,(0.38943264956471424+2.1012561420784763j),2.1635646241373307,(3.184053353576624-0.5344895354260131j),2.553666908999848,0.24538185104385057,2.4115434015388035,0,0,0.531202397779663,0,0,0.09411730573085615,0.0,0.0,0.3423628276207246,0.0,0.0,0.0,1.0,1.0,0.7363967725915771,2685.852411085048,11.76522869921414,8.94977163522352,8.916417746768765,20.71500033443766
15.743765887980157,0.724268523964998,0.5064631492332584,0.45406135601468584,0.7192121950794133,0.047378342924777855,-0.00021199550615000383,0.0,0.0,0.0,0.0,0.0,0.0,2.104787037766616,4790.372728870818,1385860007.2205896,-1.5673558222513502,4.899391156629852,100.0,IMRPhenomXP,20.0,36.73624278507758,21.305407060729546,15.430835724348034,-0.09743729807995516,-0.38395788808030584,(1.1450232252418047+0.18927339576604574j),2.1814378325089128,(0.6045095514252239-0.48071104284050814j),2.5854615274563413,0.24360702657184494,0.7192121950794133,0,0,0.5064631492332584,0,0,0.45406135601468584,0.0,0.0,0.4844520941684355,0.0,0.0,0.0,1.0,1.0,0.7527083538675342,2733.125996403382,12.15570577598774,8.80399508012744,8.982536001063664,20.959700856115177
14.524982669968594,0.6357722267355046,0.6447721232462506,0.1690142728643143,0.6266218493471108,1.6463670083778164,-0.00023504834421557945,0.0,0.0,0.0,0.0,0.0,0.0,4.258552330407146,4462.214915309226,1385860007.1375735,-1.560441786214266,4.783005221326181,100.0,IMRPhenomXP,20.0,34.40345726646661,21.031936295388306,13.371520971078303,0.34692366463217006,-0.918248808087911,(-0.08518879732484899-0.32432388571746124j),2.323734362812787,(0.8673828470453382+1.1848431019324832j),2.742577242297293,0.23760517310506876,0.6266218493471108,0,0,0.6447721232462506,0,0,0.1690142728643143,0.0,0.0,0.4598602981275025,0.0,0.0,0.0,1.0,1.0,0.7102515550038551,2609.0985816220013,12.297568877428033,7.81845274863566,8.492892538218364,20.116021626063695
15.053583091911271,0.5940031644816358,0.5274183981397005,0.04391734093731739,0.6180508306280497,2.3399938934711155,-0.0002224121409614064,0.0,0.0,0.0,0.0,0.0,0.0,5.584695414964577,4061.108820978304,1385860007.2073762,-1.552890331237581,4.771058369672052,100.0,IMRPhenomXP,20.0,36.00423966965646,22.58730752354868,13.416932146107778,-0.2143751446189599,-0.22092373266896548,(-1.1341580272538716+0.02090808936448142j),2.577678845733021,(2.034970670054617-0.5299388277455013j),3.0046791646104682,0.23378163958799794,0.6180508306280497,0,0,0.5274183981397005,0,0,0.04391734093731739,0.0,0.0,0.34724237063361413,0.0,0.0,0.0,1.0,1.0,0.657424577008499,2450.2525724754887,13.627954983216625,8.095048385443954,9.0825147042779,21.723003368660578
13.298869417953581,0.8370659260971217,0.18248992656143434,0.30702627382246495,0.1523220355714801,2.514145124893715,8.47804979318609e-06,0.0,0.0,0.0,0.0,0.0,0.0,0.9551649106955346,4981.682210697534,1385860007.1564298,-1.5339293225698474,3.4311099506872695,100.0,IMRPhenomXP,20.0,30.69789623673265,16.710285570399133,13.98761066633352,-0.1037807441449834,-0.967204140417977,(0.5308448651854432-0.7890548811752438j),2.2438751151547014,(1.4236164696409084-0.6642034929380598j),2.623893653780174,0.24803340759431072,0.1523220355714801,0,0,0.18248992656143434,0,0,0.30702627382246495,0.0,0.0,0.23923537666853958,0.0,0.0,0.0,1.0,1.0,0.777170679604249,2803.1535088220944,9.402746602886943,7.8707187930021245,7.483169495523668,17.273465395889065
16.646220800841224,0.7824975011909248,0.7405053341644381,0.5838232600513362,2.1557352645345143,2.5381690976322324,-8.22968817064664e-05,0.0,0.0,0.0,0.0,0.0,0.0,1.0992846253660908,4553.448276184069,1385860007.2165792,-1.526521324390533,5.134911574706592,100.0,IMRPhenomXP,20.0,38.588739358112335,21.648691979837487,16.940047378274848,0.16628977900386355,-0.6461577837291106,(0.8871501294129491+0.04458512745850847j),2.116918643290252,(1.9440249518144643-2.538163769892623j),2.437238135865009,0.2462777061839208,2.1557352645345143,0,0,0.7405053341644381,0,0,0.5838232600513362,0.0,0.0,0.6717235651055757,0.0,0.0,0.0,1.0,1.0,0.7221207737391647,2644.0934602063785,12.570948745268684,9.836735980771937,9.666116949915203,22.40768472604062
14.83615262797992,0.8740744103851948,0.6451485774375715,0.4960642193523259,0.8015466931462503,0.808387964125225,2.5512728634715818e-05,0.0,0.0,0.0,0.0,0.0,0.0,2.4385157095190113,3427.762101850774,1385860007.2817376,-1.49996647879333,4.98605521776611,100.0,IMRPhenomXP,20.0,34.177197313305015,18.23684114350629,15.940356169798722,0.2536423093543734,-0.772713661258881,(0.9047101848318928-0.4891857248107167j),2.8189354775940143,(2.8021453970096397-1.2403813168406184j),3.2792332286377417,0.24887125891433282,0.8015466931462503,0,0,0.6451485774375715,0,0,0.4960642193523259,0.0,0.0,0.5756151471378469,0.0,0.0,0.0,1.0,1.0,0.5715972518141585,2181.0690242991577,11.604016946743043,10.142774270824233,9.440174708153725,21.746791217567278
15.792839614761807,0.8030901040653214,0.3108974294893334,0.4621929060304691,2.374515866127182,2.849461478994111,-4.46520390041795e-05,0.0,0.0,0.0,0.0,0.0,0.0,6.277651697433753,4682.313102030967,1385860007.2105606,-1.488496042200838,4.9515034749602655,100.0,IMRPhenomXP,20.0,36.54454643022166,20.267731683417715,16.276814746803947,-0.06187302155354857,-0.405939137459395,(-0.11198431770006495+0.3757913569207023j),2.1669767529835644,(0.11007493906459435-0.7825614341990179j),2.5482032220148576,0.2470184627863072,2.374515866127182,0,0,0.3108974294893334,0,0,0.4621929060304691,0.0,0.0,0.37828391213159596,0.0,0.0,0.0,1.0,1.0,0.7387988739166277,2692.843422256114,11.656167937217974,9.360953121703247,9.082614356189792,21.01712105892122
12.932329728655887,0.9458035590813679,0.7257118514042928,0.5161698436568133,0.734101337035473,1.0940217472895564,0.00010951918227222301,0.0,0.0,0.0,0.0,0.0,0.0,2.373487880876023,4773.833735659245,1385860007.2582092,-1.4696146967476609,4.9161416558071735,100.0,IMRPhenomXP,20.0,29.724529894486686,15.27622341718807,14.448306477298614,-0.348569068502663,-0.5545379404596851,(0.49434590936634826+0.8080386082585811j),1.9512501744374664,(2.7774823662458643-0.36796572475940986j),2.292532909188067,0.24980605278106335,0.734101337035473,0,0,0.7257118514042928,0,0,0.5161698436568133,0.0,0.0,0.6238590329223557,0.0,0.0,0.0,1.0,1.0,0.7505838421321644,2726.9952134318305,8.726359200586495,8.253421589737147,7.387438074890863,16.979780790323645
12.117434092444288,0.5399423306440545,0.17885245644640202,0.5312047637782771,0.4480438511671017,2.695804678513328,0.00018319414287531251,0.0,0.0,0.0,0.0,0.0,0.0,5.719585184986353,4561.126806518473,1385860007.169539,-1.4614794507343944,4.480190131617112,100.0,IMRPhenomXP,20.0,29.44473084843143,19.120671120272846,10.324059728158584,-0.34368324707302245,-0.8588813503513852,(1.4619053583222992-0.6642565845200132j),2.056246943852266,(0.9365860393020776+1.2083849724465103j),2.395838293621781,0.2276871192616629,0.4480438511671017,0,0,0.17885245644640202,0,0,0.5312047637782771,0.0,0.0,0.3023959958651892,0.0,0.0,0.0,1.0,1.0,0.7231173741036224,2647.020370731356,11.096557557618238,5.991501149786289,7.032274338680997,17.088058707404528
12.429537066646814,0.7087323979489961,0.11483667716581794,0.731619337485926,2.7244896162238192,1.3706982479982839,-0.00011244995227388294,0.0,0.0,0.0,0.0,0.0,0.0,3.6560317502156336,4964.029207628797,1385860007.299305,-1.455273907007908,4.413150437290379,100.0,IMRPhenomXP,20.0,29.065275701804733,17.009846443300304,12.055429258504427,-0.29596900018651295,-0.8681078482950753,(1.5685014773148207-0.8185177461980807j),2.0090870640035834,(2.6424390619636324+1.3532690614457676j),2.352069920529241,0.24273599287104874,2.7244896162238192,0,0,0.11483667716581794,0,0,0.731619337485926,0.0,0.0,0.37066014863901425,0.0,0.0,0.0,1.0,1.0,0.7749219312105631,2796.759195489138,9.583433583300733,6.792089864077669,7.002864096771516,16.375523447378402
16.674415970621027,0.7104560571965657,0.08102173616877445,0.3125175436329826,2.764536284874874,0.34829779647723924,0.00024124572179008355,0.0,0.0,0.0,0.0,0.0,0.0,5.0142419234195135,4206.525050886151,1385860007.239687,-1.4545238564978766,4.317569138507518,100.0,IMRPhenomXP,20.0,38.9818642080809,22.790333632991487,16.191530575089416,-0.4635734512490397,0.5381782633717966,(2.1493288150021743+0.026630332158303956j),2.937568410577787,(1.3273340851936417-0.7092220329609811j),3.4213949750441737,0.24283617226511178,2.764536284874874,0,0,0.08102173616877445,0,0,0.3125175436329826,0.0,0.0,0.1771759740613975,0.0,0.0,0.0,1.0,1.0,0.6767020171778515,2508.8089671332928,13.592357735306562,9.656772884631142,9.944770030566698,23.249130619937702
13.122780188622926,0.8554477181284685,0.6126305001565479,0.587849844645873,2.3873442349393277,3.0384521776078155,4.5423054056461945e-05,0.0,0.0,0.0,0.0,0.0,0.0,4.384853755055301,4967.06719389684,1385860007.1671793,-1.4476702949816387,4.938023851123718,100.0,IMRPhenomXP,20.0,30.258558651596914,16.30795540933795,13.950603242258964,-0.25595630054323326,-0.6974151883548152,(1.882676505272084+0.28785602146117145j),1.8346090659138437,(0.45841283237160513-0.29533047538017254j),2.181598610538173,0.2484826265908576,2.3873442349393277,0,0,0.6126305001565479,0,0,0.587849844645873,0.0,0.0,0.601205465108017,0.0,0.0,0.0,1.0,1.0,0.7753090459533645,2797.8605744933707,9.18598113748717,7.858126602834553,7.3918286050166655,17.044107740321724
14.272192181503486,0.6927472137672464,0.5665349869418672,0.7700334149998918,2.4137115798618876,2.942128976819021,-0.00013022156190309174,0.0,0.0,0.0,0.0,0.0,0.0,4.0340787998904535,4622.96071304056,1385860007.2831357,-1.412707609370838,4.909204799008645,100.0,IMRPhenomXP,20.0,33.45463851293901,19.76351710453268,13.691121408406332,-0.4068106964136118,-0.6181461408692503,(1.8041650930981676+0.563538549760088j),2.179733829013163,(2.3210915756951906+0.9157631404951282j),2.584311785339491,0.24176340990798692,2.4137115798618876,0,0,0.5665349869418672,0,0,0.7700334149998918,0.0,0.0,0.6498155665208301,0.0,0.0,0.0,1.0,1.0,0.7311297308709095,2670.4877189867957,11.41654305399163,7.9087783915065115,8.244438257277995,19.32532144549814
13.735603584846197,0.755885949106668,0.6678220771229351,0.5715546312569351,0.7025871161405143,1.5702694747880312,-0.00010827682930428283,0.0,0.0,0.0,0.0,0.0,0.0,3.5669786893056985,4702.551518155589,1385860007.2418888,-1.410019648217725,4.8800831894012076,100.0,IMRPhenomXP,20.0,31.92784079347663,18.18332267521155,13.744518118265079,-0.30892534474353806,-0.8871663196518318,(0.9920657642546153+2.9491960464374016j),2.0829948757695105,(2.0783232716406896-0.29276908139079894j),2.4757264889054875,0.24516793289692507,0.7025871161405143,0,0,0.6678220771229351,0,0,0.5715546312569351,0.0,0.0,0.6263802000331858,0.0,0.0,0.0,1.0,1.0,0.7414091682002794,2700.4288363075875,10.441729036033355,7.892756262716725,7.887637113477322,18.33448529875008
12.661816883133456,0.9766394252367588,0.6011104541410055,0.12031617429519192,0.5105236569570695,0.4745014821176981,2.8914151663335375e-05,0.0,0.0,0.0,0.0,0.0,0.0,5.738526985976193,4835.933936875375,1385860007.1361969,-1.408331452484513,4.600597161064731,100.0,IMRPhenomXP,20.0,29.091654507365323,14.717734623693834,14.373919883671492,-0.29295771958918904,-0.9021142965702049,(2.214731716373107+1.1590172423444214j),2.0189027703432716,(1.1084034111318266-0.5861909090283846j),2.366428232561164,0.24996508177574472,0.5105236569570695,0,0,0.6011104541410055,0,0,0.12031617429519192,0.0,0.0,0.3635544066744863,0.0,0.0,0.0,1.0,1.0,0.7585527967596654,2749.950941419519,8.36923102383559,8.173720976792442,7.200134625735607,16.54295200062803
14.25245673347012,0.8868612702929206,0.5539112083509881,0.21976102178972426,0.6288828883736638,2.697554282233717,-0.00022236036940787002,0.0,0.0,0.0,0.0,0.0,0.0,1.5730509416618979,3990.2025911362566,1385860007.2374713,-1.3551239845071859,4.78612098649872,100.0,IMRPhenomXP,20.0,32.81438595895703,17.390990252220742,15.423395706736288,0.21698543309039575,-0.762598112425505,(3.488463366308324+0.5263696256300971j),2.5740306122660237,(-1.3585365106409655+0.03856834434733463j),3.017995338338261,0.24910115943356134,0.6288828883736638,0,0,0.5539112083509881,0,0,0.21976102178972426,0.0,0.0,0.3968541615039066,0.0,0.0,0.0,1.0,1.0,0.6479702658862504,2421.2831306593366,10.552975749758547,9.35902547880125,8.648491437316919,19.9120012285598
12.774171844469075,0.5314703873509141,0.0396368932477996,0.6158089508448358,0.3869950022440886,1.3975605648359637,-1.8431538464817724e-05,0.0,0.0,0.0,0.0,0.0,0.0,4.625119875874778,4482.4655420233485,1385860007.1247354,-1.352968741113442,4.342308127852418,100.0,IMRPhenomXP,20.0,31.129750205472128,20.326707236774798,10.803042968697332,-0.29059079876169447,-0.8903789264701598,(1.6843213663175998-0.3588406573015974j),2.1879114652234057,(1.2527801132398102-0.7831950101110021j),2.544676591601692,0.2266010218827193,0.3869950022440886,0,0,0.0396368932477996,0,0,0.6158089508448358,0.0,0.0,0.23958746960961635,0.0,0.0,0.0,1.0,1.0,0.712890595351276,2616.901234713482,11.86690340407073,6.306907748817353,7.457669438513891,18.17381115288808
15.846501531171725,0.73080495712157,0.7157794179257623,0.25286371976031985,0.9153057235094619,1.2542421811826094,-0.00010657153713031057,0.0,0.0,0.0,0.0,0.0,0.0,5.516937955824152,4368.329557690515,1385860007.2161949,-1.3509579772894664,5.08448963468126,100.0,IMRPhenomXP,20.0,36.94453992909246,21.34529357399888,15.599246355093575,-0.016563594011620886,-0.4525997614029582,(0.35236754947649496+0.012421004061714274j),2.1790925125262395,(3.443748172472864-0.0017174401877061072j),2.5759242526920207,0.24395247232536219,0.9153057235094619,0,0,0.7157794179257623,0,0,0.25286371976031985,0.0,0.0,0.5203206023285893,0.0,0.0,0.0,1.0,1.0,0.6979824080862627,2572.6589175824697,12.570974512071903,9.186930489271056,9.33254753153289,21.75790500134296
15.521307105432442,0.9605967015115671,0.10237444039581077,0.4917840147155529,2.3665216321211853,1.7495805409686707,0.00014831447955509998,0.0,0.0,0.0,0.0,0.0,0.0,2.671466121994862,4963.543272357759,1385860007.2152069,-1.3213733998623787,4.95973016651428,100.0,IMRPhenomXP,20.0,35.6672444712023,18.19203533480589,17.475209136396415,-0.011141359542908624,-0.3483255331198194,(0.6301186078874028+1.0979063801168614j),1.886755005066987,(3.5167416056044227-0.13441946353916195j),2.2317451766449414,0.2498990215661779,2.3665216321211853,0,0,0.10237444039581077,0,0,0.4917840147155529,0.0,0.0,0.2931661276103069,0.0,0.0,0.0,1.0,1.0,0.7748600052924975,2796.582986358173,10.249842399151834,9.84596479963866,8.745088096609921,20.095807198790492
16.99782456656311,0.6296865502520705,0.39942139380105623,0.5169166725182139,0.5290821773450466,0.22464246915438407,7.32949459333681e-05,0.0,0.0,0.0,0.0,0.0,0.0,4.294999101585413,4693.744724182318,1385860007.2898242,-1.3159855379812488,4.633028882748493,100.0,IMRPhenomXP,20.0,40.31285810945761,24.736571645156086,15.576286464301521,-0.5941948485524531,0.3487221834194276,(1.0449108086218815-1.1470871656603234j),2.6391849988226297,(1.0114848569743142+1.4188294516549764j),3.0949930292569907,0.2370916474656545,0.5290821773450466,0,0,0.39942139380105623,0,0,0.5169166725182139,0.0,0.0,0.44481981518145536,0.0,0.0,0.0,1.0,1.0,0.7402735898195836,2697.1303622866317,14.214185510750962,8.950481438907739,9.76732892230198,23.1646669496587
15.524320229078686,0.8215981142351925,0.17438682795555316,0.3708923895387861,2.303207057319857,2.7892752864258163,-4.864918377218443e-05,0.0,0.0,0.0,0.0,0.0,0.0,5.390072221285939,4978.175388248969,1385860007.2558904,-1.3018591237662411,5.0204386540546455,100.0,IMRPhenomXP,20.0,35.87236533732317,19.692798898391683,16.17956643893148,0.13731709393598424,-0.20548975914433276,(1.3984347152290744-0.6014860038409348j),1.8692282674308274,(2.366508231211271-0.4468925516496326j),2.1874140461327034,0.24760208516765664,2.303207057319857,0,0,0.17438682795555316,0,0,0.3708923895387861,0.0,0.0,0.26301702446917696,0.0,0.0,0.0,1.0,1.0,0.7767240884343124,2801.8843181044153,11.083768732907426,9.10640348957573,8.73760891189304,20.19017222248316
15.890722965055858,0.9849728805392834,0.21318667667132438,0.6507576086382602,0.6627914665252526,0.8976528159919389,0.00013220651220493878,0.0,0.0,0.0,0.0,0.0,0.0,1.0624655210552592,4790.816458222317,1385860007.2175121,-1.2966711122781236,4.83112497709122,100.0,IMRPhenomXP,20.0,36.50855009118004,18.392467952137103,18.116082139042938,-0.12950822404148488,-0.48079491319109735,(0.7913256298916189+1.1961271032973395j),2.300481288244205,(0.09796021956530199-1.8104926737389035j),2.6877004417676855,0.24998567210694492,0.6627914665252526,0,0,0.21318667667132438,0,0,0.6507576086382602,0.0,0.0,0.4303158402610241,0.0,0.0,0.0,1.0,1.0,0.7527653232432368,2733.2902866312775,10.493400176416385,10.335714598416272,9.066087030779677,20.829114774832657
12.294615886641042,0.7731981604185107,0.5164806347225537,0.3402465790880131,0.5456735657303936,0.5066508213044003,-0.00024110550075918962,0.0,0.0,0.0,0.0,0.0,0.0,1.9481654335648078,4215.7418444462255,1385860007.2420135,-1.2904608136052143,4.660875251649971,100.0,IMRPhenomXP,20.0,28.52654690262081,16.087624913781756,12.438921988839056,-0.393133334076484,-0.49315860586531723,(2.5350649665817446+0.34875963013032946j),2.2463639611411383,(0.8817091981004402-0.892582184613349j),2.6347573681041054,0.24591004424276644,0.5456735657303936,0,0,0.5164806347225537,0,0,0.3402465790880131,0.0,0.0,0.4396342615075266,0.0,0.0,0.0,1.0,1.0,0.6779189209267521,2512.482447192918,9.587844032950175,7.41330336865667,7.32730034407768,17.001147401606843
12.295279123309305,0.598703921442556,0.7720946203713841,0.2309649916750133,2.511779746672847,1.2929303903041474,0.00019354949937512247,0.0,0.0,0.0,0.0,0.0,0.0,2.013635524736536,4669.33395281091,1385860007.218803,-1.2860310367923926,4.7873982804695,100.0,IMRPhenomXP,20.0,29.371949919133197,18.372351205988192,10.999598713145003,-0.3523841410046451,-0.5919630456332423,(2.537051245072125+1.7536660064561864j),1.99990865214117,(2.1805502422336587-0.8042094622700509j),2.357081054535372,0.2342480704812987,2.511779746672847,0,0,0.7720946203713841,0,0,0.2309649916750133,0.0,0.0,0.5694451951939327,0.0,0.0,0.0,1.0,1.0,0.7371235803165972,2687.968765522453,10.576306380366884,6.332076104303579,7.077953038360371,16.908382484670465
14.611935988889712,0.7298291260327608,0.2749129421321532,0.12403222380888518,0.661846586561811,2.5084966066002394,0.00019007298168242177,0.0,0.0,0.0,0.0,0.0,0.0,3.3116689249241444,4596.112259826023,1385860007.154492,-1.279144312325211,4.8299133243005254,100.0,IMRPhenomXP,20.0,34.07053024546237,19.69589350342406,14.374636742038314,-0.21095693881909972,-0.2983387287503918,(0.09590996050063086+0.20470152635555616j),2.124268268546208,(0.07227929679068114+0.4766209171072213j),2.46903593831341,0.2439016737667886,0.661846586561811,0,0,0.2749129421321532,0,0,0.12403222380888518,0.0,0.0,0.2112551269573032,0.0,0.0,0.0,1.0,1.0,0.7276536017086015,2660.320489241366,11.40037185923461,8.320323430473676,8.457676917663884,19.720695289708285
14.28870776478501,0.6743028430654121,0.7536229467433047,0.5933795667379826,2.319846323734595,0.9319489087838823,7.748269801393363e-05,0.0,0.0,0.0,0.0,0.0,0.0,1.3262610217622819,4239.167121186927,1385860007.2821722,-1.2771036775793925,5.005222569707326,100.0,IMRPhenomXP,20.0,33.59547432951525,20.065351061583744,13.530123267931504,-0.29794736229120033,-0.6525983413109735,(0.9535141166023007+1.2958277554437412j),2.2512545299237963,(1.218063808710891-0.7626801568009389j),2.625081745464105,0.24053980879202386,2.319846323734595,0,0,0.7536229467433047,0,0,0.5933795667379826,0.0,0.0,0.6890870910183207,0.0,0.0,0.0,1.0,1.0,0.6810091909892261,2521.7988952272804,11.936490989544117,8.048809810474273,8.500077121158695,19.98530080001839
16.094624340477193,0.7551022933917968,0.14365807144778264,0.42748754527876687,3.0512755918976904,0.41464451449615913,-2.8335140230775985e-05,0.0,0.0,0.0,0.0,0.0,0.0,0.540733073482064,4847.52055343943,1385860007.297373,-1.2753430556855152,2.9109495001782815,100.0,IMRPhenomXP,20.0,37.41452976582145,21.317577845287044,16.096951920534405,-0.4478139370166918,0.6725210454665449,(1.280534812578967-1.1183849980089782j),2.7151282023126857,(3.920521980685344+0.9039427013760247j),3.1717634617458454,0.24513251549737622,3.0512755918976904,0,0,0.14365807144778264,0,0,0.42748754527876687,0.0,0.0,0.26577077532202903,0.0,0.0,0.0,1.0,1.0,0.7600372094682918,2754.2147999304975,12.112004070486156,9.145802051194874,9.144479590485128,21.257806121681032
12.309816358295421,0.8564852005859087,0.6481157872843646,0.7774024563519999,2.3070288833706143,1.0892414429683561,0.00011877427108491633,0.0,0.0,0.0,0.0,0.0,0.0,4.213424265832406,4356.296641650664,1385860007.2385075,-1.2617127576178553,5.0169885673194115,100.0,IMRPhenomXP,20.0,28.382421540579468,15.28825628753838,13.094165253041089,0.05768604199072369,-0.7013868272518997,(-0.20762579218687854+0.02761274771856657j),1.945925253798853,(0.5201047427058598-0.34361854559289834j),2.282230561506036,0.2485060006712462,2.3070288833706143,0,0,0.6481157872843646,0,0,0.7774024563519999,0.0,0.0,0.7077618963158454,0.0,0.0,0.0,1.0,1.0,0.6964058062678281,2567.956682674185,9.012145697127304,7.7187694151135124,7.25641017780857,16.730915112240815
14.75982153714346,0.5497528180134905,0.7912830011992956,0.606822930227348,2.4817564029724486,1.6261334903415097,-8.04664793356556e-05,0.0,0.0,0.0,0.0,0.0,0.0,5.864809441528782,4091.9282737755784,1385860007.297378,-1.2451923265554883,4.827327528022815,100.0,IMRPhenomXP,20.0,35.7516055070305,23.0692308421531,12.682374664877395,-0.3326040482746566,-0.5191388693872971,(2.367419425816815-0.6825465079921299j),2.6519082340289035,(0.8769140403138447+0.6247406557601594j),3.1515042671984044,0.22889831450668952,2.4817564029724486,0,0,0.7912830011992956,0,0,0.606822930227348,0.0,0.0,0.725848408889418,0.0,0.0,0.0,1.0,1.0,0.6615226341926106,2462.758080343838,13.884391561938132,7.632983387578217,8.883310545038558,21.51737494951635
16.375059293871132,0.8674461153427775,0.7849972454564771,0.22603899081331066,2.1805720313715873,2.916175789966482,-3.695829972188004e-05,0.0,0.0,0.0,0.0,0.0,0.0,4.27066419360295,4798.088674378814,1385860007.2163286,-1.2207299516208527,5.118014739962157,100.0,IMRPhenomXP,20.0,37.73419352148161,20.20630914673291,17.527884374748695,-0.04152979578141203,-0.3826867415517059,(0.916320110029236+1.5563519048460448j),1.9546874385224793,(3.5447473306655812-0.6090013809671164j),2.33542634712348,0.24874041125943466,2.1805720313715873,0,0,0.7849972454564771,0,0,0.22603899081331066,0.0,0.0,0.5253559296265986,0.0,0.0,0.0,1.0,1.0,0.7536989632553416,2735.9819431557016,11.522108166856933,9.994807969899338,9.33744025455462,21.516916136756272
13.776723251760748,0.80378585943748,0.47756333070648105,0.51734134644471,0.8039614666166807,2.295363942129409,5.3885493703567384e-05,0.0,0.0,0.0,0.0,0.0,0.0,4.992804808870405,4728.491727896218,1385860007.131507,-1.203612253348481,4.988387594056651,100.0,IMRPhenomXP,20.0,31.877458642897313,17.672529405923196,14.204929236974115,-0.204911384312227,-0.5751906478263367,(2.7815791419159313+1.4219524001633554j),1.8570189873153025,(1.0973603120416628+0.09636191836029508j),2.1555587178018687,0.24704177871484997,0.8039614666166807,0,0,0.47756333070648105,0,0,0.51734134644471,0.0,0.0,0.4952888308813415,0.0,0.0,0.0,1.0,1.0,0.7447513402587076,2710.123580538262,10.12896737669378,8.141520748090008,7.896095525977913,18.270488124783785
15.867302542804657,0.925493582534277,0.24680741952521323,0.1732976811222871,0.5728692710388743,0.8907000108524491,0.0001258809513726395,0.0,0.0,0.0,0.0,0.0,0.0,4.788247328058306,4630.803009464222,1385860007.2970724,-1.1969283358161187,4.704332895398943,100.0,IMRPhenomXP,20.0,36.48627659834916,18.949051261093796,17.537225337255357,-0.19319339785866507,0.7159291678877331,(0.7153170587926073-1.6051135031057027j),2.3889250425973785,(3.7216072900792576+0.5877304881939943j),2.784197735691689,0.24962567983759626,0.5728692710388743,0,0,0.24680741952521323,0,0,0.1732976811222871,0.0,0.0,0.21147476936070894,0.0,0.0,0.0,1.0,1.0,0.7321442728101294,2673.451090422127,10.939649519120001,10.12457542511975,9.160497073989381,21.064224944239754
14.987451551394567,0.8723506646486007,0.0696455046258552,0.44494184718269764,2.2920138940120283,2.7528023546995066,9.755572214208006e-05,0.0,0.0,0.0,0.0,0.0,0.0,0.49171988547114304,4678.171851145135,1385860007.2145932,-1.1927113842034989,5.03039176170304,100.0,IMRPhenomXP,20.0,34.52850393462366,18.441259207769132,16.08724472685453,-0.1302636070395442,-0.2881834064357398,(-0.2839662725560552+0.8819658623591027j),1.9122027155398367,(2.9015565469004096-1.687227684434998j),2.2322701977887696,0.24883800904908354,2.2920138940120283,0,0,0.0696455046258552,0,0,0.44494184718269764,0.0,0.0,0.24450057854497834,0.0,0.0,0.0,1.0,1.0,0.7382644496154719,2691.2889272889497,10.609006708874816,9.25477405374841,8.622077932221417,19.86378076262322
13.156912159180406,0.8768868513633761,0.18091021543722896,0.3147506201587077,2.4286765648271094,0.09309019933197463,-2.2350587931540124e-05,0.0,0.0,0.0,0.0,0.0,0.0,3.687677182987648,4560.905384398371,1385860007.223157,-1.1915780598493333,4.8921552645057576,100.0,IMRPhenomXP,20.0,30.304948519051088,16.146390762467906,14.158557756583184,-0.16576773484056684,-0.645033950755415,(0.8274704060745587+0.4903407751264186j),1.8840177715278905,(2.807926513084331+0.9716207012505137j),2.221086937981622,0.24892434573842762,2.4286765648271094,0,0,0.18091021543722896,0,0,0.3147506201587077,0.0,0.0,0.24344083149230158,0.0,0.0,0.0,1.0,1.0,0.7230886399064667,2646.936006155082,9.370609490724963,8.216964251677583,7.6356560274778404,17.587573742402544
15.715231054467473,0.7358915873825854,0.7987411259600861,0.08078332764385801,2.239249914350975,1.9001421231893607,-5.4147910026497296e-05,0.0,0.0,0.0,0.0,0.0,0.0,1.849084360656936,4926.774369522374,1385860007.2690823,-1.1752901001406282,5.074387746117155,100.0,IMRPhenomXP,20.0,36.615046152780906,21.092933694085044,15.522112458695865,0.014956112532890309,-0.36953064902140786,(1.803571052377353-1.1126235384604275j),1.7347420836030807,(2.154622347680479+0.7916060100913631j),2.061595664346583,0.24421292272296027,2.239249914350975,0,0,0.7987411259600861,0,0,0.08078332764385801,0.0,0.0,0.49437931689499565,0.0,0.0,0.0,1.0,1.0,0.7701705715426793,2783.2201223255233,11.915763392057096,8.768710037456197,8.877806075361352,20.684473429513293
15.525157026531787,0.7218989805662591,0.2591107842701095,0.10917863981088766,0.6891945168297142,3.04762962297878,0.00020904310370900635,0.0,0.0,0.0,0.0,0.0,0.0,4.583318228115862,4855.058326190797,1385860007.2407684,-1.173851795722797,4.864049097707504,100.0,IMRPhenomXP,20.0,36.237593343201155,21.045133165294143,15.192460177907012,0.20521361793765003,0.3517508394773081,(1.973996401086651+0.21905235348591154j),2.0567175364033368,(1.0676609325097648+0.1548929450392419j),2.4154743781076298,0.24347876527347467,0.6891945168297142,0,0,0.2591107842701095,0,0,0.10917863981088766,0.0,0.0,0.1962523567660574,0.0,0.0,0.0,1.0,1.0,0.7610025019825559,2756.9854743411715,11.950654892086355,8.627165583696318,8.81609027190671,20.577820475782673
14.124276422969455,0.7264464346804531,0.4632910192754057,0.33674156824602053,0.8075198414062797,2.642339877440532,8.803107923545508e-05,0.0,0.0,0.0,0.0,0.0,0.0,0.9995359579656762,4573.829765716725,1385860007.1961725,-1.1667042868604423,4.991804070494877,100.0,IMRPhenomXP,20.0,32.947903130984216,19.084231325765124,13.863671805219091,0.05795662030995574,-0.5817218997754758,(1.6569520187497246+0.06538319918920343j),1.9834999321774953,(-0.7600655025157346-0.28227673760032274j),2.311623192903756,0.24372348529074986,0.8075198414062797,0,0,0.4632910192754057,0,0,0.33674156824602053,0.0,0.0,0.41004210539984665,0.0,0.0,0.0,1.0,1.0,0.7247653093029578,2651.85630770425,11.064827906051622,8.038004782703984,8.189100480388026,19.102832688755605
13.73499481856249,0.8415226008878893,0.792962677406567,0.21963538816177658,2.4089116019873638,0.02185692545784758,0.00023070587371168606,0.0,0.0,0.0,0.0,0.0,0.0,3.660178356730801,3710.2062991554953,1385860007.2823293,-1.1643013020218187,4.9145653874796755,100.0,IMRPhenomXP,20.0,31.695783610755917,17.2117266415703,14.484056969185616,-0.23756023021779127,-0.7274944612982019,(1.2209107320205788+0.9563715779826286j),2.531600674078132,(2.1055076840001488+0.9737626112642799j),3.0087992222337636,0.2481485134042671,2.4089116019873638,0,0,0.792962677406567,0,0,0.21963538816177658,0.0,0.0,0.5309686777822031,0.0,0.0,0.0,1.0,1.0,0.6102685375204876,2304.0916425582695,10.68873063127293,8.994808401018847,8.529629995573169,19.68353903229178
12.511891048586026,0.8122657712891501,0.20961130699197375,0.5844000979086824,0.5474356422979287,2.609864245463492,0.00013496115967793657,0.0,0.0,0.0,0.0,0.0,0.0,5.824551512452619,4307.471150568005,1385860007.240098,-1.1521873998888905,4.663771621816258,100.0,IMRPhenomXP,20.0,28.931458497461243,15.964247052396146,12.967211445065097,-0.2078696390713839,-0.7829545508230131,(2.9619654511064915-0.07661736595367721j),2.216534550881206,(0.8977263707826626-0.7950008047290349j),2.593394236678956,0.24731723174731163,0.5474356422979287,0,0,0.20961130699197375,0,0,0.5844000979086824,0.0,0.0,0.37759334977366477,0.0,0.0,0.0,1.0,1.0,0.6899987888958741,2548.801335199198,9.446306800507271,7.6729116791479814,7.403491133127032,17.119218479655252
16.528992005768707,0.7894322309772395,0.07361276637168937,0.48713643326806333,0.42075977028302647,1.968399806366818,-0.00013658019034940656,0.0,0.0,0.0,0.0,0.0,0.0,1.1855770181776932,4773.160430991556,1385860007.2254815,-1.149147732055685,4.421362491461098,100.0,IMRPhenomXP,20.0,38.292680129102486,21.3993463771412,16.893333751961283,-0.44289793792119037,1.5798286123776721,(2.2959002073106993+1.6928404067329368j),2.5800216953214252,(-0.9904827915724423-1.0701082861043034j),3.0129482980771973,0.24653826922343045,0.42075977028302647,0,0,0.07361276637168937,0,0,0.48713643326806333,0.0,0.0,0.25604432497931207,0.0,0.0,0.0,1.0,1.0,0.7504973204035227,2726.7453674504036,12.224723870018977,9.650591037789793,9.442454903020625,21.87531490780877
16.17118424519565,0.7072796443257235,0.17353056658314944,0.5095972608896265,2.6220168411054123,2.5733754045442434,-0.00023350625143954792,0.0,0.0,0.0,0.0,0.0,0.0,5.502487763088457,3977.9310436241567,1385860007.2969298,-1.1435146522430188,4.616590613729373,100.0,IMRPhenomXP,20.0,37.82271711317004,22.153791406625608,15.66892570654443,-0.2514669391151916,0.41940075499847307,(1.6062933017746193-0.911682283964423j),2.941016962189722,(2.7934794416680386+0.9313510859658106j),3.4311018962399906,0.24265085980242415,2.6220168411054123,0,0,0.17353056658314944,0,0,0.5095972608896265,0.0,0.0,0.3127538817610691,0.0,0.0,0.0,1.0,1.0,0.6463303151857107,2416.2411300340714,13.456468123243297,9.517485988087955,9.822563610736582,22.973954111331256
15.529345132059317,0.8485225656844937,0.09035226248223625,0.6583039195066336,0.6684855207996508,0.30078982176702385,-0.00015183292716976297,0.0,0.0,0.0,0.0,0.0,0.0,2.293598174928367,4603.976149579663,1385860007.2331023,-1.1399417088468367,4.838376942575562,100.0,IMRPhenomXP,20.0,35.82158614082628,19.378495456755118,16.44309068407116,-0.1675983813009836,-0.42105322669307954,(2.747743297179353+0.2286489433830413j),2.235470832712127,(-0.6717619019918404-0.3105383040573813j),2.626764700739638,0.24832124864330427,0.6684855207996508,0,0,0.09035226248223625,0,0,0.6583039195066336,0.0,0.0,0.35105765291097035,0.0,0.0,0.0,1.0,1.0,0.7286722084034583,2663.302000111769,11.210046278613124,9.51197722977072,8.98339491811561,20.722023508383845
13.001318119806232,0.558188823811957,0.49553570492647553,0.1590690195215256,2.378113520541395,1.1298284601122242,-0.00010459857224866438,0.0,0.0,0.0,0.0,0.0,0.0,2.2388983847477593,3639.744163728658,1385860007.2961273,-1.1375817990926742,4.947758048069687,100.0,IMRPhenomXP,20.0,31.409628868510232,20.15778087258362,11.251847995926614,-0.27366965396553633,-0.6947575759961673,(1.2639540945617445-1.9339828251372468j),2.358887416083463,(1.7737905975965071+1.023936690428673j),2.751957154684729,0.22990105628221472,2.378113520541395,0,0,0.49553570492647553,0,0,0.1590690195215256,0.0,0.0,0.3750034943830619,0.0,0.0,0.0,1.0,1.0,0.6006837282655231,2273.8684289026005,12.593231577624824,7.029401122305996,8.122352898466874,19.62263269993082
15.59851490423499,0.967763610194281,0.6521351975224189,0.5260457026092972,2.2189114956181886,0.14266621288621623,0.00010665672594884786,0.0,0.0,0.0,0.0,0.0,0.0,2.170447837517193,4993.253202793058,1385860007.2185433,-1.1170033648359206,5.0901175231758975,100.0,IMRPhenomXP,20.0,35.84174861416545,18.21445849922325,17.6272901149422,0.13089271419308046,-0.702332305862285,(-1.8658970651461555-0.4636511284099741j),1.7370122845315932,(2.2946767806198687+0.4635538987303418j),2.099694392036652,0.2499329054945343,2.2189114956181886,0,0,0.6521351975224189,0,0,0.5260457026092972,0.0,0.0,0.5901232647005449,0.0,0.0,0.0,1.0,1.0,0.7786437426316042,2807.3374585638726,10.240644634250325,9.910523221958785,8.769892772993485,20.15116785620911
15.432662024069192,0.9629004916540468,0.024727800005511648,0.5906504318261185,0.7003545281991678,2.2698897230694137,6.304854259920662e-05,0.0,0.0,0.0,0.0,0.0,0.0,3.447037037880658,4898.622803708167,1385860007.1739428,-1.11273217111246,4.8774404634935795,100.0,IMRPhenomXP,20.0,35.462548332149524,18.06640147217389,17.396146859975634,-0.14361584475098121,-0.4221075609939038,(0.5972403733600453-0.6014182248302915j),2.049960989954455,(0.1489230462701641+0.4206666718338994j),2.384860443484099,0.24991069418265516,0.7003545281991678,0,0,0.024727800005511648,0,0,0.5906504318261185,0.0,0.0,0.30234104771478765,0.0,0.0,0.0,1.0,1.0,0.7665751400910122,2772.949027767439,10.226794808876981,9.8473857495127,8.73592165645109,20.07418055838968
15.408895807961365,0.6366634898814054,0.5497711546021281,0.6815201337837022,0.9575203349950162,2.947172760376135,-0.0001877762484529783,0.0,0.0,0.0,0.0,0.0,0.0,4.988958134491099,4161.801438211134,1385860007.2779036,-1.1075648352651357,5.115560361093545,100.0,IMRPhenomXP,20.0,36.490248804927354,22.295510977379646,14.19473782754771,0.14449906296601522,-0.7453950923849031,(3.674385191878788-0.024798499691818812j),2.1418627006665454,(0.9396911364540395-0.42342195536068455j),2.5648550436507445,0.23767918885574899,0.9575203349950162,0,0,0.5497711546021281,0,0,0.6815201337837022,0.0,0.0,0.6010216195832536,0.0,0.0,0.0,1.0,1.0,0.6707888251372447,2490.9200808822306,13.344302189445283,8.495830001964313,9.222527452980554,21.840132191409594
16.60216521878685,0.6371078292331496,0.054128214743719476,0.5948869464177781,2.923300062149222,1.682115569536543,-0.0001018490888264791,0.0,0.0,0.0,0.0,0.0,0.0,0.1347374328179249,4792.445534296827,1385860007.2159204,-1.1038770728649139,3.786864741214294,100.0,IMRPhenomXP,20.0,39.3124136463579,24.013331891994273,15.299081754363632,-0.5570803972097353,1.6793826027955552,(0.3576079372512578-0.4680242369775911j),2.7174432629045593,(0.38616049300232613-0.12461069444529664j),3.1632548241803375,0.2377159766033479,2.923300062149222,0,0,0.054128214743719476,0,0,0.5948869464177781,0.0,0.0,0.2645734985080215,0.0,0.0,0.0,1.0,1.0,0.7529745023229171,2733.893475845264,13.698620179685166,8.727498166168633,9.470853795526885,22.426118345853798
14.662804802723223,0.7155033920014284,0.46570962827903384,0.23348781725108073,2.379902689358882,2.293903390553155,0.00015458740631408798,0.0,0.0,0.0,0.0,0.0,0.0,3.7301373682236223,4237.186680842112,1385860007.2896397,-1.1033591842319534,4.945885322689384,100.0,IMRPhenomXP,20.0,34.254681377512604,19.967714163216346,14.28696721429626,0.04496490616793425,-0.3652814419940795,(2.42839245141933-1.7678172560625256j),2.195548796158039,(1.750874891970282+1.1788029070521473j),2.548060390681696,0.2431243932075826,2.379902689358882,0,0,0.46570962827903384,0,0,0.23348781725108073,0.0,0.0,0.36885438785111124,0.0,0.0,0.0,1.0,1.0,0.6807480753213402,2521.012367571689,11.8802540704375,8.500362085236809,8.723975364314999,20.380616155674307
12.215739625124444,0.5011219426559808,0.13619788759690607,0.37295590640818,0.6934741216879194,1.1773025125639884,0.0001309426350300278,0.0,0.0,0.0,0.0,0.0,0.0,5.281532748568522,3735.81967789262,1385860007.1247594,-1.10333499347383,4.869220333801033,100.0,IMRPhenomXP,20.0,30.105987950202934,20.05565776817271,10.05033018203022,-0.21047145464244865,-0.7394992232813773,(1.275844698513545-0.9640716809491304j),2.165124792251376,(0.9508301193247326-2.053987036808043j),2.5141633236518213,0.2223880634489463,0.6934741216879194,0,0,0.13619788759690607,0,0,0.37295590640818,0.0,0.0,0.2152351962622935,0.0,0.0,0.0,1.0,1.0,0.6137427237256378,2315.0032645403207,12.428039162197019,6.227963128364777,7.569818562479427,18.656002290561798
12.182267046549752,0.9480537150381066,0.12975909722076198,0.15769358701167402,2.462272542231793,3.007219671357782,-0.00021518140502059903,0.0,0.0,0.0,0.0,0.0,0.0,0.7245242905639168,4651.710380761599,1385860007.2957227,-1.0980605840041364,4.851943815417788,100.0,IMRPhenomXP,20.0,27.999447528972738,14.373036694434798,13.626410834537939,-0.15585501890911102,-0.7564761271930187,(2.137885781952433-1.1067251999244392j),1.7738422718328475,(1.2821133934540188+1.9305647124914973j),2.0806975674739676,0.24982223463854045,2.462272542231793,0,0,0.12975909722076198,0,0,0.15769358701167402,0.0,0.0,0.1433538952591981,0.0,0.0,0.0,1.0,1.0,0.7348472095218584,2681.337206765119,8.284900604241773,7.854530796572868,7.0220979574952365,16.13943140081464
13.882233577426108,0.613424628050344,0.5482248522250267,0.2507602890573944,2.270904611697163,1.5402283717544965,0.00020076844094495442,0.0,0.0,0.0,0.0,0.0,0.0,6.204620821861402,4122.911400400077,1385860007.2822342,-1.0925735938855272,5.04856131579864,100.0,IMRPhenomXP,20.0,33.04464120964085,20.48105665126227,12.563584558378583,-0.04844709256374058,-0.5249462569147534,(-0.35900518699074263-0.7827969835787384j),1.993909634185183,(1.416803410444517-2.301237432140515j),2.383302392764153,0.23564804679534468,2.270904611697163,0,0,0.5482248522250267,0,0,0.2507602890573944,0.0,0.0,0.43512871755168814,0.0,0.0,0.0,1.0,1.0,0.6656356667652423,2475.2780465143605,12.296240444368983,7.54281672100464,8.334495865104872,19.83905716537362
12.587150707203273,0.7919034242321146,0.2997173697151993,0.6587139426180809,0.6694022386791851,1.617838842105073,-0.00011848989320960171,0.0,0.0,0.0,0.0,0.0,0.0,2.703725152453984,4664.824121265063,1385860007.2860594,-1.0910505901223,4.83953655750938,100.0,IMRPhenomXP,20.0,29.15423289760225,16.26998001306668,12.884252884535567,-0.25208592331926694,-0.5962966589672329,(1.6282025721055096-0.08004976802283476j),1.9178734493946241,(-0.20290290614442244-0.32228381688753865j),2.2652942065314647,0.24662836403477378,0.6694022386791851,0,0,0.2997173697151993,0,0,0.6587139426180809,0.0,0.0,0.4583702365633181,0.0,0.0,0.0,1.0,1.0,0.7365412377802999,2686.273146074946,9.36918724364039,7.419491460510672,7.248402994041509,16.788678704151064
15.61992291724307,0.8915126532780511,0.05873582177437786,0.6830624862473889,2.285630572985864,0.6136245316216683,0.00020187693201171344,0.0,0.0,0.0,0.0,0.0,0.0,1.3374350065364085,4281.104526420462,1385860007.2148585,-1.086312593669513,5.035968144785552,100.0,IMRPhenomXP,20.0,35.95617458377289,19.00921705253185,16.946957531241043,-0.03332258561371715,-0.2953273069599427,(-0.00046630455477649516+0.6874311048693175j),2.061837586958292,(3.286383709431532-0.3076086243824791j),2.3843942305018797,0.24917760647459852,2.285630572985864,0,0,0.05873582177437786,0,0,0.6830624862473889,0.0,0.0,0.35299508575126576,0.0,0.0,0.0,1.0,1.0,0.6865323344937376,2538.406440584416,11.27118446752936,10.048403570233459,9.261561487898689,21.31958803776282
15.755837685988947,0.8815608873641849,0.30303859473258116,0.6140919508802893,0.886407158304217,2.879155919371144,0.0002307042242164776,0.0,0.0,0.0,0.0,0.0,0.0,0.31115431735820476,4220.440850927517,1385860007.162529,-1.0728222397662952,5.061594859918953,100.0,IMRPhenomXP,20.0,36.28373965410008,19.283850922798862,16.999888731301223,-0.0359275744446661,-0.2881472467570738,(0.7223827340896835-0.6887799167147942j),2.239808134950751,(0.8078370422759434+0.7371990265531844j),2.65147245670171,0.24900941044311578,0.886407158304217,0,0,0.30303859473258116,0,0,0.6140919508802893,0.0,0.0,0.4487752937172823,0.0,0.0,0.0,1.0,1.0,0.6785391141592949,2514.3535876307697,11.48847277977033,10.127788258193616,9.386637197239423,21.616261037963945
16.92018115556783,0.6605982690826482,0.10317009554050377,0.29620303003947807,2.438028849535642,3.1307719317308433,-2.114011054824927e-05,0.0,0.0,0.0,0.0,0.0,0.0,2.5451285641453016,4615.4496023628335,1385860007.296171,-1.0607086170733973,4.881235542975936,100.0,IMRPhenomXP,20.0,39.88044968826518,24.015711945969954,15.864737742295228,-0.2364080100597734,0.008160059401383535,(0.7205805842191791-0.7069851293663062j),2.252701779486321,(3.332895746885312+1.5413680499135136j),2.6404813064791703,0.2395566711777538,2.438028849535642,0,0,0.10317009554050377,0,0,0.29620303003947807,0.0,0.0,0.1799600240741581,0.0,0.0,0.0,1.0,1.0,0.7301576913722982,2667.6467843394853,13.880649183440363,9.169532824324177,9.779560117521632,23.050182007764537
12.384417954395898,0.8991879313955593,0.5368076517689737,0.14513293006572958,2.3610559526935706,0.7096260865154514,-1.740216899017604e-05,0.0,0.0,0.0,0.0,0.0,0.0,5.343422066190836,4607.538218552489,1385860007.2832677,-1.0556495180951688,4.965279526934665,100.0,IMRPhenomXP,20.0,28.500130522925833,15.00648253487131,13.493647988054523,-0.1702314328547776,-0.4901200983880454,(1.9294304744109625-0.26550236770310953j),1.7309567728387216,(2.267322060147809+0.11760792026796422j),2.006452552361821,0.24929558405567243,2.3610559526935706,0,0,0.5368076517689737,0,0,0.14513293006572958,0.0,0.0,0.3513656652408284,0.0,0.0,0.0,1.0,1.0,0.7291334813505843,2664.651563258033,8.678614286706258,7.803705227843348,7.162210487488062,16.482319514549605
12.892525974938488,0.8431726919757205,0.13924145455163714,0.005411000936639621,2.6942697700201648,1.2052312001428722,0.00024358386581322506,0.0,0.0,0.0,0.0,0.0,0.0,2.888516040410086,4850.544172695383,1385860007.2165947,-1.050932366368099,4.478688744315253,100.0,IMRPhenomXP,20.0,29.748654540549254,16.139917149413325,13.60873739113593,-0.10943377403452104,-0.45570943840779776,(-0.002216800887523135+1.1441843363241506j),1.9962293537452924,(3.0735492636942574-0.12385251229303022j),2.327115715133405,0.24819011354670717,2.6942697700201648,0,0,0.13924145455163714,0,0,0.005411000936639621,0.0,0.0,0.0780197446520985,0.0,0.0,0.0,1.0,1.0,0.7604244607265287,2755.3265195244403,9.168196369387168,7.730372813338207,7.323532626681256,16.898569182725375
12.234015782060796,0.9964403361287901,0.30231504256119895,0.23574858726591447,2.388644123975469,1.0488461140395666,0.0001512343955291811,0.0,0.0,0.0,0.0,0.0,0.0,0.11267965412113508,4492.239613039263,1385860007.1873145,-1.0477119615533947,4.936638544502914,100.0,IMRPhenomXP,20.0,28.106441219806825,14.078277577934932,14.028163641871894,-0.1714644125820195,-0.5724013775565973,(1.0439505997318057-0.27472097272285373j),1.8170906184191236,(2.0159726538165894-0.6301644865206215j),2.113563664739482,0.24999920522294877,2.388644123975469,0,0,0.30231504256119895,0,0,0.23574858726591447,0.0,0.0,0.2690911590877003,0.0,0.0,0.0,1.0,1.0,0.7141634258520579,2620.660057888238,8.21291445472129,8.183679239859481,7.137018324830751,16.39659369458077
15.448617407212133,0.7335094765853097,0.10207163387976843,0.4743166457319255,0.7637226315867894,0.4771138385980496,-7.401800824707958e-05,0.0,0.0,0.0,0.0,0.0,0.0,0.7522873383479687,4083.5592288159737,1385860007.2159984,-1.0449188370427809,4.948012400118807,100.0,IMRPhenomXP,20.0,36.00457132520439,20.76975742649338,15.23481389871101,0.14715314413211278,-0.13991023679758552,(1.252396609865513+0.7489745101862868j),2.25481685946766,(1.807006534894057-1.7341939159665452j),2.627017073034574,0.2440918555085763,0.7637226315867894,0,0,0.10207163387976843,0,0,0.4743166457319255,0.0,0.0,0.25958172972476856,0.0,0.0,0.0,1.0,1.0,0.6604104693828645,2459.3673068126564,12.508809002037315,9.175329943790002,9.304095398142136,21.684138945827318
13.489804206980045,0.6285108853512138,0.23288230320458922,0.29502285126938316,2.7064193095898257,0.9474975039734591,0.00015534401788734495,0.0,0.0,0.0,0.0,0.0,0.0,3.143931667586675,4420.28236957145,1385860007.121763,-1.0436132723406888,4.452963145062815,100.0,IMRPhenomXP,20.0,32.001236769040226,19.650612751132247,12.350624017907979,-0.06280398216692529,-0.517663202349036,(3.3666840796362294+0.48197617590517594j),2.3344198065595885,(1.1363937073031827-0.8989077595273585j),2.7228582427359433,0.23699079185966204,2.7064193095898257,0,0,0.23288230320458922,0,0,0.29502285126938316,0.0,0.0,0.25686495584248686,0.0,0.0,0.0,1.0,1.0,0.7047786900495098,2592.877528434652,11.526782253807713,7.244708119591345,7.912935729263649,18.771490373399057
15.114969581495869,0.5984304105564899,0.6966812492192713,0.7915742810602799,2.3033953411817287,0.25204682119532074,-0.00011773022421586292,0.0,0.0,0.0,0.0,0.0,0.0,0.47819208295320675,4852.172704337672,1385860007.265689,-1.0422986951573994,5.020269304272778,100.0,IMRPhenomXP,20.0,36.11033892983284,22.59112357432008,13.519215355512763,0.10951759294461505,-0.5490743090630925,(1.4190575991701615-0.5739010917501872j),1.925556188522058,(1.1496502632271375-0.18310472264230557j),2.3007252587297202,0.23422119261052948,2.3033953411817287,0,0,0.6966812492192713,0,0,0.7915742810602799,0.0,0.0,0.7322078981296826,0.0,0.0,0.0,1.0,1.0,0.7606330091821506,2755.925111920882,12.831250724314268,7.6786106389046465,8.584963193730575,20.509861363218917
12.45087420470484,0.8461178223863765,0.5437441294182969,0.28867368906134755,0.7704821380720717,0.08729141878939056,6.89569797526886e-05,0.0,0.0,0.0,0.0,0.0,0.0,1.2079957643305157,4300.188993017005,1385860007.1402922,-1.0380797949963338,4.955023941164158,100.0,IMRPhenomXP,20.0,28.724510564933343,15.559413498214717,13.165097066718628,-0.22004589707464683,-0.4649616403330521,(1.6009283028850676+1.006753183918674j),1.8956695229085,(2.5250517827918175-0.5957082484174425j),2.250601600684651,0.24826300797053022,0.7704821380720717,0,0,0.5437441294182969,0,0,0.28867368906134755,0.0,0.0,0.42683954026754717,0.0,0.0,0.0,1.0,1.0,0.6890418524699256,2545.933943646682,9.211976290262921,7.794417318592194,7.371560501297013,17.006393608855113
16.02246968060053,0.5380138976762909,0.061071144594136144,0.36368284155610164,2.6884106228854705,2.4853393365542384,0.00018534800498949683,0.0,0.0,0.0,0.0,0.0,0.0,6.236550523693862,4823.533736977178,1385860007.22246,-1.037489809405863,4.490810469772179,100.0,IMRPhenomXP,20.0,38.95880917601638,25.3305963196284,13.628212856387984,-0.18597833128390562,0.9885183505618436,(0.11368388656740827-1.7537976358082106j),2.3412513247242743,(0.1985973386505142+1.145512012035387j),2.7114362690664615,0.22744320922635786,2.6884106228854705,0,0,0.061071144594136144,0,0,0.36368284155610164,0.0,0.0,0.1669279894581027,0.0,0.0,0.0,1.0,1.0,0.7569633131746846,2745.381030860315,14.417259671665054,7.756686069763718,9.119410496767447,22.17394574142877
13.664683583308257,0.7544383764717231,0.6139841871485631,0.24964740188876686,0.9282054954451029,1.3678037567598316,-2.6577383334242617e-05,0.0,0.0,0.0,0.0,0.0,0.0,1.7697788473592342,4765.05250889978,1385860007.2821913,-1.036406520129253,5.094276800219443,100.0,IMRPhenomXP,20.0,31.76808666428574,18.107268451442106,13.660818212843633,-0.1392315806524418,-0.5333918494353593,(1.4415055589260681-0.1601899592757044j),1.6974597968418412,(2.4621979714813818+1.4176378432361525j),2.023524243388944,0.2451023836310211,0.9282054954451029,0,0,0.6139841871485631,0,0,0.24964740188876686,0.0,0.0,0.4573131655575362,0.0,0.0,0.0,1.0,1.0,0.7494552096854998,2723.7350707768737,10.350232661685151,7.808612725386347,7.81082219633663,18.158845387071498
15.752254148799166,0.8574874496298908,0.14874801110842703,0.5060700317876174,2.148889138327033,2.7611625203280217,-2.610138673416173e-05,0.0,0.0,0.0,0.0,0.0,0.0,2.540187342644264,4012.4856564709817,1385860007.2564523,-1.0297114318436247,5.139411813047577,100.0,IMRPhenomXP,20.0,36.31759760878203,19.55200161164933,16.7655959971327,0.12401251401247171,-0.202820087562817,(1.2811982250342955-0.8916200378352461j),2.1320176447931045,(2.689020011953411-0.5059034134268957j),2.4905436635343214,0.24852838414950745,2.148889138327033,0,0,0.14874801110842703,0,0,0.5060700317876174,0.0,0.0,0.31370156073798117,0.0,0.0,0.0,1.0,1.0,0.6509453163182034,2430.417070028339,11.84291291685695,10.155149193264556,9.541354273276896,21.998062110121506
16.665776258032334,0.8869832182141237,0.675867050368701,0.5540380157757008,1.0188959059225964,1.1928311639989715,0.00021171695013186715,0.0,0.0,0.0,0.0,0.0,0.0,4.544384573980537,4839.170089372145,1385860007.1699553,-1.0271545449890267,5.156017340671673,100.0,IMRPhenomXP,20.0,38.37054347918974,20.334332128032564,18.036211351157174,-0.014661561844395266,-0.49280256635971753,(1.1253461949845387+0.4777616084826017j),1.9626794776355765,(0.5645120314303319-0.6280917312944218j),2.3115317298292,0.24910321196386448,1.0188959059225964,0,0,0.675867050368701,0,0,0.5540380157757008,0.0,0.0,0.6186008764397725,0.0,0.0,0.0,1.0,1.0,0.7589674702782667,2751.1424435801487,11.560379865817357,10.253862937160438,9.474749555997091,21.814242802977798
12.869000310181047,0.6958870629436954,0.6351421916226294,0.21887827302309706,2.35402096839412,1.6970121375895908,0.00011384505998350065,0.0,0.0,0.0,0.0,0.0,0.0,0.420783425869372,4001.9214100462023,1385860007.2988775,-1.025524986996802,4.972333504656146,100.0,IMRPhenomXP,20.0,30.150732411175305,17.77873837827391,12.371994032901389,-0.1992021167244049,-0.61717186983691,(2.261588990691796-0.6001201486207588j),2.063262417532882,(2.1343671760225322+0.9782662972883533j),2.4529467076644216,0.24196074238998216,2.35402096839412,0,0,0.6351421916226294,0,0,0.21887827302309706,0.0,0.0,0.4643332491799336,0.0,0.0,0.0,1.0,1.0,0.6495353150642637,2426.0901692119805,10.778028342837434,7.5002904878210455,7.801591267950324,18.27831883065848
14.382944638679458,0.6711061295228551,0.796060082608859,0.4211425018565666,0.8715532573615713,2.419128528461677,2.9427167526911615e-05,0.0,0.0,0.0,0.0,0.0,0.0,1.2844740468707976,4480.795565272789,1385860007.197458,-1.005579998014945,5.0492895972561325,100.0,IMRPhenomXP,20.0,33.835914912492825,20.247615824468234,13.58829908802459,-0.2200825090927081,-0.40565892364804634,(1.2813729654949102+0.8707857406284845j),2.0186271135738862,(-0.0946362020634979-1.0317614304472766j),2.3375555951141656,0.240316251454929,0.8715532573615713,0,0,0.796060082608859,0,0,0.4211425018565666,0.0,0.0,0.6454954463696367,0.0,0.0,0.0,1.0,1.0,0.7126730648795391,2616.2585505786146,11.822230546897956,7.933971384655554,8.397951093889061,19.756201931553512
13.251518569968624,0.9867538266147327,0.7115960004068267,0.7260094059617239,0.9800931541907962,1.1898308293388014,2.8142503302941522e-05,0.0,0.0,0.0,0.0,0.0,0.0,0.42458071366235905,4408.679993480927,1385860007.248157,-1.004241790527928,5.131070247514117,100.0,IMRPhenomXP,20.0,30.444807174540454,15.323895072806245,15.12091210173421,-0.15130133990005712,-0.41840252452833804,(1.720814369873415+1.2672929513335602j),1.8587291317781127,(0.8606937075130574-0.5988974876813697j),2.192778883710997,0.24998888696292598,0.9800931541907962,0,0,0.7115960004068267,0,0,0.7260094059617239,0.0,0.0,0.7187546543353202,0.0,0.0,0.0,1.0,1.0,0.7032624128055742,2588.3738957771316,8.996790487242116,8.877617440537183,7.780080432903484,17.8744079277793
12.775292620988123,0.8971597404037213,0.7437992348314434,0.23829311701737874,0.690851645257614,0.3871587148852291,-0.0001593051350563945,0.0,0.0,0.0,0.0,0.0,0.0,0.7663086292425114,4437.219967692609,1385860007.2353768,-0.996396066466823,4.8660568269768545,100.0,IMRPhenomXP,20.0,29.401783171393024,15.497789956862693,13.903993214530333,-0.1860356528930307,-0.5901329556217707,(0.5337656176615356-0.4573405284434346j),2.0163501338923795,(0.8713782471487495-0.7402399974717894j),2.37450514636549,0.24926538712212487,0.690851645257614,0,0,0.7437992348314434,0,0,0.23829311701737874,0.0,0.0,0.5047472837637653,0.0,0.0,0.0,1.0,1.0,0.7069906611343866,2599.440082770588,9.079012738454926,8.1453247115543,7.484102234336922,17.224337450009227
12.92603069781353,0.8749477958495226,0.2806610679514316,0.08810193710455261,0.6611009008074813,0.8672788884872938,3.1277268227130305e-06,0.0,0.0,0.0,0.0,0.0,0.0,2.3870037254593686,4349.005514923912,1385860007.2155695,-0.9877322868038068,4.828955436712353,100.0,IMRPhenomXP,20.0,29.775764049558276,15.880849651105692,13.894914398452586,-0.1642438540054707,-0.6887646639167131,(-0.053901954122893565-0.62684273873502j),2.030793095024809,(1.227002283519019-0.44251923345596816j),2.359651824972492,0.2488878986954434,0.6611009008074813,0,0,0.2806610679514316,0,0,0.08810193710455261,0.0,0.0,0.1908029996478071,0.0,0.0,0.0,1.0,1.0,0.6954500455969185,2565.1039243692235,9.366745833855877,8.195413621614899,7.6239525495796325,17.562159455470773
12.160571482466295,0.9079633446532601,0.11943746740305494,0.0430370030060943,2.389340537328649,2.3423134608349176,8.770578076972761e-05,0.0,0.0,0.0,0.0,0.0,0.0,2.828130786058664,4067.4076113511996,1385860007.1249554,-0.9754026485244727,4.935894882792478,100.0,IMRPhenomXP,20.0,27.976734900868422,14.663140662145539,13.313594238722883,-0.17770178464540543,-0.6209952431617078,(1.1670694152120884+1.2129538532610744j),1.8835310101727891,(2.043797226645379-0.514540095942208j),2.1734164684094717,0.2494182697997748,2.389340537328649,0,0,0.11943746740305494,0,0,0.0430370030060943,0.0,0.0,0.08307994440277251,0.0,0.0,0.0,1.0,1.0,0.6582626750518868,2452.812618352937,8.842471631755645,8.028640117770426,7.333320387305824,16.87111174952607
13.12195668382738,0.9882731692361515,0.023519014335229384,0.6395749795819327,2.3108115812965995,1.75327772591061,-0.0001563949195897735,0.0,0.0,0.0,0.0,0.0,0.0,1.2921169374544164,3526.095536047648,1385860007.293126,-0.9753410470349801,5.013547609145171,100.0,IMRPhenomXP,20.0,30.14696934080946,15.162388049722175,14.984581291087284,-0.15257747745599515,-0.5831832019917007,(2.7642390938510344+0.16117285756363173j),2.2080994299577674,(0.7802541657963605+1.1072118451194948j),2.6231098069269567,0.2499913034055087,2.3108115812965995,0,0,0.023519014335229384,0,0,0.6395749795819327,0.0,0.0,0.3297302485969153,0.0,0.0,0.0,1.0,1.0,0.5851376455568578,2224.4727668503015,9.565344746068181,9.453173567033172,8.278118131007888,19.018518313101353
15.249669152643005,0.9136296597522622,0.058729748050213804,0.6580636105731572,0.8962636910458736,2.796924259730774,6.636646711300322e-05,0.0,0.0,0.0,0.0,0.0,0.0,0.24975658107287835,3688.839317531618,1385860007.2229502,-0.9747085840782286,5.069556779188738,100.0,IMRPhenomXP,20.0,35.07743107608228,18.330313233451548,16.747117842630725,-0.09321232429191806,-0.21497058183853746,(1.942632232356891+0.32652141414526686j),2.4311852958855886,(1.1135153971437968-0.001927907428345097j),2.853375085775631,0.24949072368078598,0.8962636910458736,0,0,0.058729748050213804,0,0,0.6580636105731572,0.0,0.0,0.3448714213381027,0.0,0.0,0.0,1.0,1.0,0.6073662974981006,2294.958723218181,11.403942749069124,10.4189803336663,9.4873640043215,21.822923082735425
12.260340248567704,0.8578249504989122,0.6112392329018426,0.6828491678140853,2.2982849014553453,2.434839314377782,9.952616095471441e-05,0.0,0.0,0.0,0.0,0.0,0.0,3.760209180978736,4399.233512385109,1385860007.2796645,-0.9698282411247643,5.024843147363082,100.0,IMRPhenomXP,20.0,28.26630676562417,15.21473094547113,13.051575820153039,-0.08397341559534377,-0.5580421242387046,(2.0506921540277725+1.8115812440306733j),1.8440954580299536,(-0.1896287891541041-0.6820518663692434j),2.139311648714303,0.2485358782149367,2.2982849014553453,0,0,0.6112392329018426,0,0,0.6828491678140853,0.0,0.0,0.644304128953986,0.0,0.0,0.0,1.0,1.0,0.7020272504141349,2584.7021661114245,8.939181756208136,7.668253147520022,7.203374825864001,16.60743490372816
12.359449886808774,0.9028610758529414,0.12387631319174526,0.28984169570648827,0.7314513499903524,0.5315099169502845,0.00023177859831785764,0.0,0.0,0.0,0.0,0.0,0.0,5.869621550804786,4324.514860167325,1385860007.23454,-0.969555682901448,4.913196992386095,100.0,IMRPhenomXP,20.0,28.4390498053706,14.94541570388844,13.493634101482161,-0.1762834246705154,-0.6675747209119927,(1.1844284774496288+0.4880988061755067j),1.8328166279928297,(0.9646628533789835+0.04623009663014472j),2.1329723640819904,0.2493485029971708,0.7314513499903524,0,0,0.12387631319174526,0,0,0.28984169570648827,0.0,0.0,0.20262283111315454,0.0,0.0,0.0,1.0,1.0,0.6922370917059603,2555.5017525906537,8.831750454554701,7.9738437170639616,7.303615992927502,16.80559417161866
16.457315414317645,0.527230830004097,0.1655604792380662,0.3165777499408157,0.3378881339704663,2.0699304710644535,-3.1739765266844064e-05,0.0,0.0,0.0,0.0,0.0,0.0,0.41994307109460766,4620.7434222325155,1385860007.2118897,-0.9650933711266965,4.2125968795611906,100.0,IMRPhenomXP,20.0,40.16466352369343,26.299013046761033,13.865650476932394,-0.4795690724669517,1.1179665012372517,(2.210236276989584+0.9950267512259807j),2.6462530595944416,(2.0730756121237746-2.184784632755973j),3.0711043782095064,0.226043192720461,0.3378881339704663,0,0,0.1655604792380662,0,0,0.3165777499408157,0.0,0.0,0.21769468149048568,0.0,0.0,0.0,1.0,1.0,0.7308428236560999,2669.6493625679086,15.194339247517005,8.010924092832218,9.50826683358485,23.205263340349223
12.632518746186651,0.6940954202857114,0.2819634185252527,0.20373929983059327,0.7660972955389102,0.3308829250430397,-0.00012088972776502164,0.0,0.0,0.0,0.0,0.0,0.0,4.012539471227055,4663.847479693333,1385860007.1308534,-0.9585949749047005,4.950486421175454,100.0,IMRPhenomXP,20.0,29.604919611609617,17.475355435773924,12.129564175835693,-0.15933539695196464,-0.6237500427505391,(2.7622463974747973-0.15887113157778895j),1.6728908698321878,(1.2580109106088-0.4392084701787903j),1.9630036606107188,0.2418485244618852,0.7660972955389102,0,0,0.2819634185252527,0,0,0.20373929983059327,0.0,0.0,0.24991386459121745,0.0,0.0,0.0,1.0,1.0,0.7364151139181812,2685.905829715208,10.06404246064248,6.985405781492887,7.275056894478222,17.049448242135366
15.572340054975625,0.8956797379360377,0.4568868740361538,0.005350810262686601,2.1897364913327877,1.5028042296651196,3.935361940302784e-05,0.0,0.0,0.0,0.0,0.0,0.0,2.5875780607648022,4894.211968681316,1385860007.2007854,-0.948905304706865,5.1115498288787,100.0,IMRPhenomXP,20.0,35.84100597514273,18.906677777843107,16.93432819729962,0.1802423124357304,-0.09726101607891158,(2.1845658344837138+1.2330453283724487j),1.672669800931698,(0.13710466894452344-0.9454067097713054j),2.0085744264049303,0.24924291017202085,2.1897364913327877,0,0,0.4568868740361538,0,0,0.005350810262686601,0.0,0.0,0.24354297676497083,0.0,0.0,0.0,1.0,1.0,0.7660114004354919,2771.3365644204173,10.705863944695256,9.58902541236352,8.817802677341462,20.294889357058775
14.444423903343818,0.8708562402691318,0.022912968118035337,0.7846250431308457,2.463380393765416,2.1960503222901746,6.715755544661907e-05,0.0,0.0,0.0,0.0,0.0,0.0,6.074632799408368,3851.691910073975,1385860007.2885356,-0.9450456430342453,4.850570370637902,100.0,IMRPhenomXP,20.0,33.27981049205421,17.788545039284656,15.49126545276955,0.19614042878490467,-0.5405151917118003,(2.5696446797404078+1.742576636640507j),2.5277615027593363,(0.6848611560415871+0.3380302923044025j),2.9495348940383255,0.24880874146164303,2.463380393765416,0,0,0.022912968118035337,0,0,0.7846250431308457,0.0,0.0,0.37747880783099474,0.0,0.0,0.0,1.0,1.0,0.6293948625045617,2363.8787509770773,10.917270852285418,9.507373448421058,8.8649008510688,20.42464430070648
14.893604113267394,0.9018719009911406,0.20651466173379057,0.6336308976866563,0.8331319708710314,2.593291922927832,0.0001233233814002195,0.0,0.0,0.0,0.0,0.0,0.0,1.469980907896011,4496.7966492370415,1385860007.216295,-0.9417557277201984,5.015689195619896,100.0,IMRPhenomXP,20.0,34.27128641078134,18.019765891131375,16.251520519649965,-0.001820889231845424,-0.38137433297432555,(0.7429744350434517-0.5722184376561602j),2.0686592867561737,(2.9044949749280216-2.011074171591552j),2.4035561004959103,0.24933447518149324,0.8331319708710314,0,0,0.20651466173379057,0,0,0.6336308976866563,0.0,0.0,0.40905413427252796,0.0,0.0,0.0,1.0,1.0,0.7147566579873394,2622.410953978782,10.50864319855256,9.477450018316217,8.68554966320904,19.98609321686878
14.475350533999409,0.5941517001374366,0.2765614371929021,0.26564751464875364,2.2863503674101757,1.971359677150696,-0.00024275141492031792,0.0,0.0,0.0,0.0,0.0,0.0,5.87868546699494,4267.996256852014,1385860007.2151124,-0.9366211422294777,5.035342930745909,100.0,IMRPhenomXP,20.0,34.61993585527285,21.716839026228282,12.903096829044566,0.006441244569602489,-0.05248618987147413,(0.18453876919867815-0.19941641701909163j),1.8458228105211476,(3.4974837098780913+0.24823764384579203j),2.158160253000583,0.23379652447974025,2.2863503674101757,0,0,0.2765614371929021,0,0,0.26564751464875364,0.0,0.0,0.27249374047732916,0.0,0.0,0.0,1.0,1.0,0.684807248239071,2533.22525287784,12.889806266518805,7.658500307694332,8.591695310623084,20.54830657421314
13.197642881744013,0.9836816448091986,0.10795711821081921,0.10697155209015544,0.3307088213103589,2.747940327945523,2.2717275520716003e-05,0.0,0.0,0.0,0.0,0.0,0.0,5.277641084680396,4839.420700703273,1385860007.279351,-0.9332213925755228,4.191926334076246,100.0,IMRPhenomXP,20.0,30.3214525002984,15.285442893340317,15.036009606958078,-0.18338739656737735,-0.33675633064329435,(0.8587463416666997-0.13039892293938066j),2.1461760041624895,(0.9595152105038408+1.7284855851667702j),2.504071411120015,0.24998308200770186,0.3307088213103589,0,0,0.10795711821081921,0,0,0.10697155209015544,0.0,0.0,0.10746838893050366,0.0,0.0,0.0,1.0,1.0,0.7589995854990902,2751.2347093887884,8.689850196299675,8.548046134241602,7.502925521156036,17.23789633054128
12.64258039482743,0.6833547061916438,0.5684705917903942,0.22355082380547764,2.380673375847746,1.9982521797693185,-0.0001678832685721546,0.0,0.0,0.0,0.0,0.0,0.0,0.8789398637833701,3365.9164965124137,1385860007.2992656,-0.9309166536657489,4.945076574578748,100.0,IMRPhenomXP,20.0,29.679650000081924,17.63125138802624,12.048398612055683,-0.09016407677086358,-0.5322540643132605,(2.0912396686459935-0.37170711175581084j),2.4275373281474875,(2.145094385038431+1.6095718755879136j),2.848281404006128,0.24115424698834007,2.380673375847746,0,0,0.5684705917903942,0,0,0.22355082380547764,0.0,0.0,0.42845105470526795,0.0,0.0,0.0,1.0,1.0,0.5630373400005559,2153.44599094806,11.280121681558784,7.708324237507594,8.088469847318512,18.98844591906638
14.138692114184673,0.8995623592482846,0.3947280462365506,0.15035391740764822,0.7009534410129783,2.5776768907319547,7.698860831227593e-05,0.0,0.0,0.0,0.0,0.0,0.0,1.5726912119127112,4671.279138017805,1385860007.2378683,-0.9294504533484642,4.878150574853782,100.0,IMRPhenomXP,20.0,32.536792582187864,17.128573023032356,15.408219559155508,0.23831146025644045,-0.358682541943975,(2.283638524050449+1.0449734223827152j),2.0323569776933823,(0.23115192587550612-1.3736201784971627j),2.3675445582680106,0.24930108251794633,0.7009534410129783,0,0,0.3947280462365506,0,0,0.15035391740764822,0.0,0.0,0.2790015122808214,0.0,0.0,0.0,1.0,1.0,0.7373747222623876,2688.699836524057,9.858882372092845,8.868679486191164,8.137963522212091,18.72756185828401
12.70033617505424,0.5884142619681013,0.7671927523366951,0.3526739166374224,0.8645299294060231,2.433404249886371,0.00018423736424730817,0.0,0.0,0.0,0.0,0.0,0.0,3.970380614623086,4289.548461504993,1385860007.2190742,-0.9270537760684907,5.043340737327139,100.0,IMRPhenomXP,20.0,30.420183945033404,19.151291116803325,11.268892828230083,-0.34466917705873645,-0.3666712896527251,(1.3450065364037533+2.270572798354476j),1.891053952052238,(1.7366710094234037-0.08717375215138141j),2.1871125959689213,0.2332145461622742,0.8645299294060231,0,0,0.7671927523366951,0,0,0.3526739166374224,0.0,0.0,0.6136378513138018,0.0,0.0,0.0,1.0,1.0,0.6876429702868082,2541.7392966466246,11.347951820371486,6.677296695233459,7.5254875578902025,18.025248515604943
13.203714029374304,0.9581648997988831,0.4955242291098804,0.5036476671351587,0.8481540565608796,2.7296820271783395,-3.3815809181189475e-06,0.0,0.0,0.0,0.0,0.0,0.0,6.1301515504896456,3606.1469101907423,1385860007.135209,-0.9158195920538708,5.029137327133482,100.0,IMRPhenomXP,20.0,30.34247963102364,15.49536488685913,14.84711474416451,-0.2175064799413704,-0.6566719057406099,(1.8791938956852692-0.29215008042572593j),2.374554883267512,(1.9804637870530444-0.7112633887372163j),2.7843587374543266,0.24988589015574586,0.8481540565608796,0,0,0.4955242291098804,0,0,0.5036476671351587,0.0,0.0,0.4994991717627248,0.0,0.0,0.0,1.0,1.0,0.5960992082525272,2259.3500910873577,9.708271770790533,9.302125248479838,8.27248955522649,19.01039701927037
15.729431504108762,0.6580908136056918,0.15549911249147064,0.5974130379915796,2.2300258897255056,2.2463469502382547,-0.00010663997833960768,0.0,0.0,0.0,0.0,0.0,0.0,6.175749906203976,4325.954029915333,1385860007.2145681,-0.9139983167830947,5.081603588018528,100.0,IMRPhenomXP,20.0,37.0912530485639,22.369856188941238,14.72139685962266,0.15322279013986773,-0.09409958319122946,(0.4021790087505101+0.3498163978662935j),1.9206960805706597,(3.333170868463391-1.0105900632510176j),2.1948924408215595,0.2393697146759429,2.2300258897255056,0,0,0.15549911249147064,0,0,0.5974130379915796,0.0,0.0,0.330893302236503,0.0,0.0,0.0,1.0,1.0,0.6924260084952548,2556.066863642754,13.217627285715372,8.69839909439322,9.294014287864723,21.916026380108594
15.257574637307089,0.5835458040626711,0.4863577355503765,0.7429904120422046,1.0035732730040199,2.796986951308566,-0.0001954105007783878,0.0,0.0,0.0,0.0,0.0,0.0,4.667291080477771,4476.429004285876,1385860007.276833,-0.9104230861022056,5.146419913982149,100.0,IMRPhenomXP,20.0,36.592938735694375,23.108228787454863,13.48470994823951,0.12863576897617834,-0.6296285515490614,(3.0095328495428446-0.19633801625373348j),1.9278139831143162,(0.6589744376521478-0.4961339382869935j),2.2704414404750484,0.23270927382184198,1.0035732730040199,0,0,0.4863577355503765,0,0,0.7429904120422046,0.0,0.0,0.5809283637999477,0.0,0.0,0.0,1.0,1.0,0.712104190374595,2614.5774354281016,13.496975778325128,7.876103582977133,8.9115923686682,21.37307936130226
14.964165778238938,0.9566075453409342,0.7127169614745554,0.616204041075074,0.9481810965777642,0.5898934120038999,0.00022328627573803316,0.0,0.0,0.0,0.0,0.0,0.0,2.376697334739906,4269.728035067345,1385860007.153293,-0.9082099046357355,5.10892184476226,100.0,IMRPhenomXP,20.0,34.388774423337765,17.575713895831676,16.813060527506085,0.14379749262194919,-0.43405040464081734,(0.6246792291604794+1.273883616643392j),1.930126747435814,(-1.0347682657284585-1.0750628093380894j),2.236037747909289,0.2498770408089148,0.9481810965777642,0,0,0.7127169614745554,0,0,0.616204041075074,0.0,0.0,0.6655307037618746,0.0,0.0,0.0,1.0,1.0,0.6850352221179701,2533.910269059545,10.430472707710077,9.977868893668143,8.880624916213941,20.408341601378226
14.491568452917392,0.8631573550365381,0.21377692677828186,0.18365927955459896,0.899175824257604,2.698319885537578,0.00023632791689201928,0.0,0.0,0.0,0.0,0.0,0.0,3.0001967479966383,4343.176686583394,1385860007.2217562,-0.9045866604942803,5.071878550127602,100.0,IMRPhenomXP,20.0,33.401106147270305,17.92715256013107,15.473953587139237,-0.05521538184247676,-0.17427583693022441,(2.094297171665886+0.7614519623530747j),1.9215036921440112,(2.4389204279829575+0.11536156113083496j),2.231104709541039,0.24865139781854245,0.899175824257604,0,0,0.21377692677828186,0,0,0.18365927955459896,0.0,0.0,0.19982412314243014,0.0,0.0,0.0,1.0,1.0,0.6946857081376122,2562.8213363893565,10.578452673582909,9.130869230109019,8.551183492804109,19.709321903691926
14.330986690189967,0.7033109990798974,0.6425474203729526,0.255059445327728,1.0903168769163412,1.2636604388263175,-1.0966238217289593e-05,0.0,0.0,0.0,0.0,0.0,0.0,3.2212379301330216,4890.064844996462,1385860007.2633243,-0.9029332260529528,5.19657251686028,100.0,IMRPhenomXP,20.0,33.53824925489506,19.690032691042276,13.848216563852784,0.07508634171815576,-0.4431920772566853,(0.6639110194487056+0.724490226506641j),1.5574710338572124,(-0.26022611931962475-0.1940729580067084j),1.8492143413514142,0.24241501023370404,1.0903168769163412,0,0,0.6425474203729526,0,0,0.255059445327728,0.0,0.0,0.4825504761814827,0.0,0.0,0.0,1.0,1.0,0.7654812690776127,2769.8197296353624,11.152784816193186,7.84387623159994,8.117325819988611,18.996661047793125
16.883455469264714,0.9873010163032143,0.7821075943067115,0.6331068851516686,1.7159823979818403,2.7714362319060997,-0.0001771383871552384,0.0,0.0,0.0,0.0,0.0,0.0,2.9503934974903085,4141.557114089934,1385860007.1603415,-0.9025397736423701,5.306161556395311,100.0,IMRPhenomXP,20.0,38.7889453761262,19.51840463921342,19.270540736912782,0.12777756264358464,-0.4545395489349304,(0.22170070601563582-0.4821526632853064j),1.8935312312143,(0.5860734711546095+0.1420075702693622j),2.233282564793487,0.2499897917656711,1.7159823979818403,0,0,0.7821075943067115,0,0,0.6331068851516686,0.0,0.0,0.708083301876003,0.0,0.0,0.0,1.0,1.0,0.6681076521007846,2482.787682391082,11.700926264939971,11.55233639306421,10.12132247460288,23.25326265800418
16.27644678320268,0.6937361319265811,0.615916985831372,0.6955582207141767,1.2280360825367884,1.372249107021127,-0.00015272329613175004,0.0,0.0,0.0,0.0,0.0,0.0,3.030900861940071,2995.392046091178,1385860007.2170668,-0.8958487765345193,5.256808407361581,100.0,IMRPhenomXP,20.0,38.146782806097,22.522270197250865,15.624512608846132,0.12249637554368631,-0.46903869549858035,(1.0138508825142887+0.6615976112809152j),2.5579916789850268,(2.6009809853989028-1.9963138999236216j),3.152355344263537,0.24182589841458513,1.2280360825367884,0,0,0.615916985831372,0,0,0.6955582207141767,0.0,0.0,0.6485371804342986,0.0,0.0,0.0,1.0,1.0,0.5109960628344636,1982.395676563107,14.905578347438937,10.34053826688089,10.771998143178376,25.246116614319828
12.128837939145958,0.7248550694874133,0.57585504974721,0.5868298789008926,2.2985469907670737,3.0793536589918586,1.8588713762883425e-05,0.0,0.0,0.0,0.0,0.0,0.0,3.8936253640957577,4909.85229640705,1385860007.218682,-0.8898366993750453,5.024609720172805,100.0,IMRPhenomXP,20.0,28.29903434209935,16.40661574569808,11.89241859640127,-0.15839198675864496,-0.47862220502067787,(2.7354076422979725+0.550668124423748j),1.5969268544389874,(1.9214597252382597-1.7617553993888118j),1.9085426246995298,0.24363852506083122,2.2985469907670737,0,0,0.57585504974721,0,0,0.5868298789008926,0.0,0.0,0.5804671245177407,0.0,0.0,0.0,1.0,1.0,0.7680098637160302,2777.0502880987683,9.279708265436033,6.726443579565559,6.860164181241264,16.006151845001593
12.69699111210846,0.6036294050254867,0.3166980082385797,0.3644856727897408,0.8398245318719845,2.6616727235504785,5.3515709990948485e-05,0.0,0.0,0.0,0.0,0.0,0.0,0.2834755620526692,4262.205016364559,1385860007.1354437,-0.8873736431962409,5.0217307724465385,100.0,IMRPhenomXP,20.0,30.294472605291205,18.891193009029248,11.403279596261958,-0.19783791924127625,-0.6276919476309484,(2.4940633137244665-0.4043030076980939j),1.8570788698727414,(0.9112201865362076-0.7336147609081404j),2.155578735851519,0.2347266310251322,0.8398245318719845,0,0,0.3166980082385797,0,0,0.3644856727897408,0.0,0.0,0.33468597941831524,0.0,0.0,0.0,1.0,1.0,0.6840447395658484,2530.933377304593,11.217750078242846,6.771363805454335,7.539580638090281,17.98911388369718
12.867250696610892,0.5626559121549459,0.1163303547898254,0.7843573676964114,2.206855162724134,1.219312675383481,-6.33901144353719e-05,0.0,0.0,0.0,0.0,0.0,0.0,4.7815382755995595,4622.94110199458,1385860007.1257024,-0.886993718660174,5.099133332363957,100.0,IMRPhenomXP,20.0,31.043884706268674,19.866103897087807,11.177780809180867,-0.16731946102092854,-0.5390774496732376,(0.7673904855826018+1.3200703556705105j),1.5998908404479593,(1.827695688754246+0.3054345596234811j),1.868316257441432,0.23041787539165287,2.206855162724134,0,0,0.1163303547898254,0,0,0.7843573676964114,0.0,0.0,0.3568627364660734,0.0,0.0,0.0,1.0,1.0,0.7311272000181359,2670.4803243523684,11.475819857073288,6.4569378894074125,7.432874196925616,17.9327577464807
15.387719089457963,0.7800249322817645,0.6558934702653249,0.3846072848767458,2.095561984495389,1.0322020640228478,-9.617967549709668e-05,0.0,0.0,0.0,0.0,0.0,0.0,5.9305652744613395,4183.46014675731,1385860007.2773316,-0.8865975984844803,5.172222646431943,100.0,IMRPhenomXP,20.0,35.67963978998133,20.044460694291843,15.635179095689486,0.09323502237893377,-0.5482454816238054,(2.579452400309704+2.4574105777040254j),2.018114966172717,(1.3176720298407536+0.2829987401071519j),2.3168980087937454,0.24618201025079572,2.095561984495389,0,0,0.6558934702653249,0,0,0.3846072848767458,0.0,0.0,0.5370131194629079,0.0,0.0,0.0,1.0,1.0,0.6736541757299864,2499.5965011206486,11.976465021843108,9.341941317638092,9.194085201470253,21.3184063394812
15.68630946227391,0.7631492046360815,0.5335367809034919,0.13400794869305024,0.8556128346709647,2.782078704563996,0.0001953132144532502,0.0,0.0,0.0,0.0,0.0,0.0,4.4136553836028645,4085.827927873183,1385860007.216244,-0.8801597798267351,5.035664903000109,100.0,IMRPhenomXP,20.0,36.433591423352965,20.663929818051304,15.76966160530166,-0.05941302955660843,-0.35168664986969667,(1.3393631257759175+1.4753187693406347j),2.3283887308340074,(3.11338306563836-0.757844344736422j),2.7311100753719684,0.2454885975354137,0.8556128346709647,0,0,0.5335367809034919,0,0,0.13400794869305024,0.0,0.0,0.36060750768664396,0.0,0.0,0.0,1.0,1.0,0.6607120038458413,2460.286852758548,12.442813546357357,9.495723261337677,9.445532654637223,21.938536807695034
16.299394852642884,0.6838177673851582,0.2501649879929643,0.01647175482864114,0.5751778949737777,1.93036622764277,-4.18478410967726e-05,0.0,0.0,0.0,0.0,0.0,0.0,1.7205047919187524,4135.749051841593,1385860007.214673,-0.8655541587988504,4.707902975174047,100.0,IMRPhenomXP,20.0,38.261444104223216,22.723031461795504,15.538412642427708,-0.20637748937451494,1.269924430163309,(2.0009273567267236+0.14592809225110706j),2.645080580002327,(2.04303359468654-0.17288043009705686j),3.0845881013495045,0.2411849504761493,0.5751778949737777,0,0,0.2501649879929643,0,0,0.01647175482864114,0.0,0.0,0.1552594774022253,0.0,0.0,0.0,1.0,1.0,0.6673378959536163,2480.4504507332786,13.628330236445148,9.319294355473566,9.775699869953845,22.947624591918718
14.611130611077996,0.9600095004939114,0.7011362032605124,0.6649182867834882,0.9478552157056954,1.6389434873498256,-0.00021106482430857573,0.0,0.0,0.0,0.0,0.0,0.0,1.8113632538739568,4964.2475416116295,1385860007.245047,-0.8640351838235927,5.108687825969501,100.0,IMRPhenomXP,20.0,33.57595051863173,17.13050396448118,16.445446554150546,-0.08979943547841307,-0.2902930388905305,(1.8149541603007735+1.5240381766948452j),1.6686550370908035,(0.35030038492260845-0.6016160289393068j),2.0312663195098293,0.24989592718221468,0.9478552157056954,0,0,0.7011362032605124,0,0,0.6649182867834882,0.0,0.0,0.6833967260297762,0.0,0.0,0.0,1.0,1.0,0.7749497537198655,2796.83836181408,9.65126135462696,9.265302592191619,8.231855904910322,18.91656394681858
13.95327948883936,0.7311608278436579,0.19493558831958532,0.6555856921118548,0.7589312089517485,0.3208285174767267,-7.979991889790761e-05,0.0,0.0,0.0,0.0,0.0,0.0,3.6659133861984983,4721.186271543529,1385860007.2120109,-0.8608070774513634,4.942984549995862,100.0,IMRPhenomXP,20.0,32.52920456250051,18.790400082596047,13.738804479904463,0.06346305201812807,-0.49767873533127815,(0.7317416793846934+0.5225716265646118j),1.8507647572207346,(0.8087518605296437-0.4829197217405023j),2.1782092969483604,0.24397093071757922,0.7589312089517485,0,0,0.19493558831958532,0,0,0.6555856921118548,0.0,0.0,0.3894925040132901,0.0,0.0,0.0,1.0,1.0,0.7438104898996177,2707.3964088462935,10.77548288155883,7.878610984095718,8.00160313844802,18.65409386565455
12.095078657012525,0.9434633573664866,0.41086267971028145,0.06209453329509973,0.7643951989396285,2.0380344417057237,-0.00014599458227121663,0.0,0.0,0.0,0.0,0.0,0.0,0.6907553797353041,4144.066234670048,1385860007.1350942,-0.8590357621655786,4.948714302121134,100.0,IMRPhenomXP,20.0,27.801312701110195,14.305035696058967,13.496277005051228,-0.15666375196034776,-0.4856871530211886,(2.0891176321296716-0.3588929837486141j),1.8362927611771906,(2.2056890146582-0.636583016823196j),2.143002496641696,0.2497884332937484,0.7643951989396285,0,0,0.41086267971028145,0,0,0.06209453329509973,0.0,0.0,0.241551555262205,0.0,0.0,0.0,1.0,1.0,0.6684401136541276,2483.7968068845516,8.573898205269622,8.08915878646217,7.249333409110223,16.663056991731793
15.946578721865643,0.7425832828542451,0.721167798189892,0.06565954724325689,0.8455496377461287,0.7214013868604936,-6.441105470742279e-05,0.0,0.0,0.0,0.0,0.0,0.0,1.8282020205494274,4627.792434318091,1385860007.2143788,-0.8569581616608222,5.026834833859405,100.0,IMRPhenomXP,20.0,37.12382120501843,21.303900691743053,15.81992051327538,-0.0012797351144708813,-0.32324779211043264,(-0.7122376130646444+0.200174696485645j),2.046478170900224,(1.9955898842023285+1.2843486731308942j),2.366325086729034,0.2445446022943239,0.8455496377461287,0,0,0.721167798189892,0,0,0.06565954724325689,0.0,0.0,0.44182994747397214,0.0,0.0,0.0,1.0,1.0,0.7317548451500973,2672.3138280460844,12.301914876349931,9.135196334273406,9.20833498259016,21.437111210623335
14.092359697075235,0.8926562277501126,0.011091801506804356,0.40185276161404,0.7835053085625939,1.2836600897240906,-0.00018464012384641969,0.0,0.0,0.0,0.0,0.0,0.0,1.67362141936784,3668.8010773566043,1385860007.1738684,-0.8569190057539253,4.968268257960218,100.0,IMRPhenomXP,20.0,32.4383878318852,17.139080703761085,15.299307128124115,0.0421836167546763,-0.12518588132082442,(-0.18351904009921458-0.4773819528067269j),2.3934054829127667,(0.963286440033143+0.6195042888314898j),2.806144458302438,0.24919582560945536,0.7835053085625939,0,0,0.011091801506804356,0,0,0.40185276161404,0.0,0.0,0.19539109447243172,0.0,0.0,0.0,1.0,1.0,0.6046411790222707,2286.3685283029163,10.68094283496087,9.534410139870763,8.782249814666914,20.215352974831635
16.25667602347411,0.6921782242485448,0.3186363476164418,0.7730424486252612,0.7986101563444972,3.0742725301019047,9.933187227076514e-05,0.0,0.0,0.0,0.0,0.0,0.0,1.134683096852596,4376.334292129361,1385860007.203897,-0.8490320969075844,4.983203653860138,100.0,IMRPhenomXP,20.0,38.10976878334248,22.521131779878626,15.588637003463857,-0.11328848951052573,-0.33157394921540195,(0.823226588167743+2.6452910775213647j),2.319371902956225,(1.5552164275591898-1.1966660535548233j),2.755063906179055,0.2417273150950102,0.7986101563444972,0,0,0.3186363476164418,0,0,0.7730424486252612,0.0,0.0,0.5045092087470503,0.0,0.0,0.0,1.0,1.0,0.6990306950649103,2575.7829589250423,13.255282465051769,9.175017878572408,9.568206195858654,22.430300343624175
12.051518380834759,0.8794910824063561,0.3508776963791065,0.6181361211929484,2.289871570331836,3.0355571417837086,-0.00024023715548257546,0.0,0.0,0.0,0.0,0.0,0.0,5.996113690893438,3424.1483499990113,1385860007.2640808,-0.8473267561789934,5.032271281298099,100.0,IMRPhenomXP,20.0,27.755638770079436,14.767635255041085,12.988003515038349,-0.1789919432593381,-0.26135906827380184,(0.763742720159008+1.6056801826192102j),2.2359136733977207,(1.2995939059363677-1.1537320942608558j),2.664752980076178,0.248972225493375,2.289871570331836,0,0,0.3508776963791065,0,0,0.6181361211929484,0.0,0.0,0.47593889167927345,0.0,0.0,0.0,1.0,1.0,0.5710980270133073,2179.461943183056,9.399563236111176,8.266832044674409,7.670761577967841,17.666395280785586
12.554334800561044,0.7137166541051234,0.1124903900958902,0.11293952917572794,2.3998227756042825,2.6635266111697518,1.2223984107482037e-05,0.0,0.0,0.0,0.0,0.0,0.0,2.6608777324195994,3971.813215007112,1385860007.1630864,-0.8447775004578228,4.924575099461327,100.0,IMRPhenomXP,20.0,29.33627908251549,17.118511985188384,12.217767097327107,-0.1743779148979412,-0.5559013540055067,(0.6657688082765909+0.3721105181420133j),2.031733554058611,(-0.2894448447792744-0.4318572124080796j),2.3574713067826876,0.24302323422915578,2.3998227756042825,0,0,0.1124903900958902,0,0,0.11293952917572794,0.0,0.0,0.11267744437964346,0.0,0.0,0.0,1.0,1.0,0.6455123309118592,2413.7243744016914,10.403150230847663,7.424901574913535,7.629438299987743,17.828051805761195
16.378689474306757,0.9300947343936272,0.08554062587102162,0.5330515055654654,0.7050467905017691,2.002196250208614,0.00022009121312722253,0.0,0.0,0.0,0.0,0.0,0.0,3.8711705169160293,4233.869115081123,1385860007.2975461,-0.8368035404118155,4.882980901222974,100.0,IMRPhenomXP,20.0,37.65799459963843,19.510956601552174,18.147037998086258,-0.22779323080234004,0.5753889168544939,(0.5636568444532514-1.6180925905122547j),2.449976106574493,(3.9273808915536392+0.7934463391727115j),2.8673382773329865,0.24967205384968688,0.7050467905017691,0,0,0.08554062587102162,0,0,0.5330515055654654,0.0,0.0,0.3011919643108559,0.0,0.0,0.0,1.0,1.0,0.6803106010736818,2519.6943366101304,11.611517887874479,10.799811645829465,9.747417807065629,22.41132953370394
14.213717010515781,0.7346272258780725,0.2559467288440284,0.4763958196058375,2.51471327097676,2.5349880698176244,-5.5081448063878e-05,0.0,0.0,0.0,0.0,0.0,0.0,2.046498303860659,3952.1168334669915,1385860007.2280588,-0.8236348097971926,4.783360856732992,100.0,IMRPhenomXP,20.0,33.12186960515199,19.094517318201106,14.02735228695089,0.3112501858803731,-0.5640965790280266,(1.3053137097041831-0.8254146086855402j),2.537880481550528,(0.5098382254979757+0.33629892232140823j),2.961030997453476,0.24414886093235008,2.51471327097676,0,0,0.2559467288440284,0,0,0.4763958196058375,0.0,0.0,0.3493085195375377,0.0,0.0,0.0,1.0,1.0,0.6428769356042441,2405.6073447994086,11.622609645547318,8.538285481372153,8.651723511650633,20.160895126919467
13.484833911837091,0.7966637117188413,0.33031005142638065,0.6615502584033388,1.0277858262230068,2.9639584580193117,8.901503843227734e-05,0.0,0.0,0.0,0.0,0.0,0.0,3.6041503490839544,3584.2204955476864,1385860007.2826333,-0.8160529540060657,5.161436770675568,100.0,IMRPhenomXP,20.0,31.22056339873669,17.376965536231843,13.843597862504845,-0.11416265548371607,-0.47466257280093505,(1.5895542896064854-0.19606743452008593j),2.0455696840651068,(2.38028307113641+1.4026989066246285j),2.46363579769446,0.24679789034872182,1.0277858262230068,0,0,0.33031005142638065,0,0,0.6615502584033388,0.0,0.0,0.47718620361867037,0.0,0.0,0.0,1.0,1.0,0.5931021683898008,2249.8371706429884,10.907627822636949,8.689711267229654,8.464512935455133,19.597339089866605
15.43214888020239,0.5068368752198821,0.04905637364863705,0.7132563506640617,2.387515495909646,1.4596313527726001,0.00015224990667911284,0.0,0.0,0.0,0.0,0.0,0.0,2.2730726158158316,4712.707844867072,1385860007.2633932,-0.8157402364452944,4.93784154268631,100.0,IMRPhenomXP,20.0,37.94765724717672,25.183653168588194,12.764004078588522,0.30080557053595847,0.40441437732841745,(2.10329247547293-1.7268559084605166j),1.965340533321146,(1.5237979049311785+0.033499840758372555j),2.298863189729582,0.22322134743052535,2.387515495909646,0,0,0.04905637364863705,0,0,0.7132563506640617,0.0,0.0,0.2724654542251206,0.0,0.0,0.0,1.0,1.0,0.7427181940734982,2704.2283052791645,14.450789148946066,7.324192816713204,8.855217632249927,21.774981965659276
12.554635386202255,0.7141947079722357,0.5952303074970126,0.21688727557103862,0.8578260441732038,1.4815624399202705,-0.000108558490373067,0.0,0.0,0.0,0.0,0.0,0.0,1.2985804090825994,3411.9671614942604,1385860007.2421556,-0.8156751060572418,5.037582965747163,100.0,IMRPhenomXP,20.0,29.335014532655677,17.113000288839306,12.222014243816373,-0.16674314919057442,-0.4477346089669272,(3.23205623248955+0.5571050089168195j),2.2837044069092345,(1.1164677809396728-1.5790957559069643j),2.723287026754874,0.2430503930847773,0.8578260441732038,0,0,0.5952303074970126,0,0,0.21688727557103862,0.0,0.0,0.4375990944597607,0.0,0.0,0.0,1.0,1.0,0.5694143778480705,2174.0384344958006,10.90406748554457,7.787627293548055,7.999566948925726,18.691694779092625
12.77504478385877,0.5997745400625389,0.2811197877453308,0.12054122555306801,2.2198967398148515,2.751570721015241,0.00013254079462451918,0.0,0.0,0.0,0.0,0.0,0.0,6.216830105017324,3403.62143308019,1385860007.1246514,-0.8116285764542428,5.089370698187744,100.0,IMRPhenomXP,20.0,30.509855618953452,19.071347152306068,11.438508466647383,-0.13930407332503192,-0.5004411121121972,(2.130985173053307+0.7372021315822292j),2.160173089231137,(1.8852503430828496-1.1046381779740848j),2.5132809902061535,0.23435297156643273,2.2198967398148515,0,0,0.2811197877453308,0,0,0.12054122555306801,0.0,0.0,0.22091697111655562,0.0,0.0,0.0,1.0,1.0,0.5682600896196235,2170.316950125695,12.160831789663003,7.293757293423029,8.145998784523883,19.454589083086034
16.107202177856486,0.937133683814628,0.48003414107487824,0.1281861344529993,0.8413863627254666,0.4800216996351994,-0.00013891126282244363,0.0,0.0,0.0,0.0,0.0,0.0,4.986226637104292,4622.780939530207,1385860007.220811,-0.8068335112081093,5.023129019739052,100.0,IMRPhenomXP,20.0,37.02803730188265,19.114859036969804,17.913178264912844,-0.03747216282258181,0.08649562701878732,(2.503920582366383+0.07123056597153986j),1.9517112973748019,(2.0830586893522023-1.126308847866082j),2.2773897645192207,0.24973669636919502,0.8413863627254666,0,0,0.48003414107487824,0,0,0.1281861344529993,0.0,0.0,0.30981944637239944,0.0,0.0,0.0,1.0,1.0,0.7311064723617706,2670.419761951249,11.041989237606604,10.34782005087975,9.304570478487799,21.389809288486354
16.11891407910846,0.538083106669659,0.47662367807974926,0.2730560729327837,2.070362048742461,0.9395545499439498,6.189123792848795e-05,0.0,0.0,0.0,0.0,0.0,0.0,0.41275749480211493,4565.732172206604,1385860007.2208579,-0.8066353599726752,5.186391174819458,100.0,IMRPhenomXP,20.0,39.19240627769756,25.481331995485654,13.711074282211902,0.014237856570993745,-0.09472124206620691,(0.35350372091810256+1.8725713280073097j),1.7533181882716025,(2.3855586410340797+0.17110895957390357j),1.9681605924218195,0.22745199639213917,2.070362048742461,0,0,0.47662367807974926,0,0,0.2730560729327837,0.0,0.0,0.40540757218807505,0.0,0.0,0.0,1.0,1.0,0.7237149368053131,2648.7745022463505,14.782799319887586,7.954374583319234,9.351264373784927,22.73717390320682
16.66966784168627,0.8921346961219434,0.6640384105482872,0.007511761338425061,2.3778267624314875,3.0687286809666015,4.505271750585417e-05,0.0,0.0,0.0,0.0,0.0,0.0,2.7437834022362932,4757.651686494923,1385860007.272714,-0.805299466633266,4.948057574939357,100.0,IMRPhenomXP,20.0,38.37170947373202,20.279586623709932,18.09212285002209,-0.28520614891188867,0.3619121156463141,(0.2319082766281285+0.7583141916672216j),2.1988064060087775,(0.9953206951304455-0.38609109089692223j),2.604001929619491,0.24918754474441873,2.3778267624314875,0,0,0.6640384105482872,0,0,0.007511761338425061,0.0,0.0,0.35448845943262386,0.0,0.0,0.0,1.0,1.0,0.7485036502549313,2720.984687382314,11.59825238040148,10.347203362935081,9.533676317607823,21.94545574333656
15.491143371451535,0.9289276546869577,0.5220339011520568,0.5934618707178745,0.9468578199477107,1.792340731714409,-8.495564453105705e-05,0.0,0.0,0.0,0.0,0.0,0.0,2.268847243472145,4425.659693074528,1385860007.276167,-0.80421272634534,5.107970583854268,100.0,IMRPhenomXP,20.0,35.61832279792412,18.465349237633568,17.15297356029055,0.09713009948882334,-0.5655274873635645,(3.0537948274998468+0.018660825371560552j),1.846318863601734,(0.1516676727721707-0.48782740640293554j),2.226692884759738,0.2496606018869181,0.9468578199477107,0,0,0.5220339011520568,0,0,0.5934618707178745,0.0,0.0,0.5564319855419011,0.0,0.0,0.0,1.0,1.0,0.7054811415314645,2594.962540252891,10.82706151828352,10.05755686333052,9.0831513724866,20.88461838161404
12.340946046369208,0.962198928260914,0.5650748965769216,0.3916616103069215,2.0525432113107116,1.150160957597763,0.00011426695255915267,0.0,0.0,0.0,0.0,0.0,0.0,6.200734329279212,4610.710213576461,1385860007.2988484,-0.8032647985721502,5.195910882228698,100.0,IMRPhenomXP,20.0,28.358364040965018,14.4523389716143,13.906025069350719,-0.1512585792612442,-0.21618546501794178,(1.632686012512039-1.267367244574118j),1.4779385112612913,(0.843817368882145-0.2602274259983047j),1.7190660035318768,0.2499072183339655,2.0525432113107116,0,0,0.5650748965769216,0,0,0.3916616103069215,0.0,0.0,0.48003862640472117,0.0,0.0,0.0,1.0,1.0,0.729544175479337,2665.8528288521206,8.356154862369378,8.04028325295404,7.1353748700572845,16.39643811532342
16.51254438907421,0.6045117103113414,0.3608412180455086,0.5902429889987008,2.089526896771467,2.4922712233524846,0.00016035038765477598,0.0,0.0,0.0,0.0,0.0,0.0,5.31193002810213,4583.389510732839,1385860007.2565427,-0.7990570101310555,5.17569214396779,100.0,IMRPhenomXP,20.0,39.38969667273283,24.549335738465636,14.8403609342672,-0.05969926481894383,-0.0527644840733541,(1.437267676770335-0.8282341715340202j),1.820644305107665,(2.8638891066561163+0.2769617888733926j),2.048006393757382,0.23481126923621043,2.089526896771467,0,0,0.3608412180455086,0,0,0.5902429889987008,0.0,0.0,0.44727003998315346,0.0,0.0,0.0,1.0,1.0,0.7260048313731818,2655.490558633226,14.223213801165652,8.598099301066524,9.566916667282497,22.821313102232175
16.991778856887894,0.8659243065033031,0.3156233620293118,0.44702482054796544,2.4248024460992132,0.9900165530777348,0.0001970560190302729,0.0,0.0,0.0,0.0,0.0,0.0,5.4092922837051916,4901.558766179117,1385860007.2280974,-0.7975531831598976,4.896618534122345,100.0,IMRPhenomXP,20.0,39.158289735226454,20.986001199913698,18.172288535312756,-0.4294444846182093,1.0609236795206396,(0.8495259788818029+2.2055593203616746j),2.277885471490261,(0.6339895487050109-0.9539663766137306j),2.653665553311044,0.2487092204728739,2.4248024460992132,0,0,0.3156233620293118,0,0,0.44702482054796544,0.0,0.0,0.37660317586458775,0.0,0.0,0.0,1.0,1.0,0.7669503136846563,2774.0218316663386,11.876961699138658,10.284549822692934,9.616444064833155,22.161511521831592
14.308921683965801,0.7074415355509212,0.41591321805979115,0.29214029684737514,0.8008441111079778,2.5957422460006145,-0.00012156440696321216,0.0,0.0,0.0,0.0,0.0,0.0,0.8702610909607098,3985.2872344863126,1385860007.2889755,-0.7970229754044231,4.985374489966403,100.0,IMRPhenomXP,20.0,33.466291089219446,19.600255934046523,13.866035155172927,0.2929293349585369,-0.48966492228040126,(2.7689649910244+0.22155231413142026j),2.279945976150495,(1.342236901439451+0.4397184200069551j),2.649219866783841,0.24266037856232126,0.8008441111079778,0,0,0.41591321805979115,0,0,0.29214029684737514,0.0,0.0,0.3646305804883196,0.0,0.0,0.0,1.0,1.0,0.6473135122464447,2419.2645552868576,11.89831552302246,8.41736260407637,8.686216423036981,20.315678127098828
14.015533094385585,0.982084949831361,0.012916133492857362,0.7967803659734797,2.2549277756031993,0.3072971407522494,0.00020755789113416882,0.0,0.0,0.0,0.0,0.0,0.0,4.340254957942479,4885.33817822524,1385860007.2242575,-0.7928079083080086,5.061805090124024,100.0,IMRPhenomXP,20.0,32.200818018794315,16.24593235599413,15.95488566280018,0.08260310363963486,-0.4157148951165479,(0.8504120688599135+0.9049598733232359j),1.5843743735691278,(2.543750870350074-0.5130360416594195j),1.8795695077851569,0.24997957643564164,2.2549277756031993,0,0,0.012916133492857362,0,0,0.7967803659734797,0.0,0.0,0.4013057761748362,0.0,0.0,0.0,1.0,1.0,0.7648769332973833,2768.0899851810436,9.205136091637431,9.040225616746598,7.941365672562709,18.24536170838403
15.559433123282984,0.6320228829717306,0.03883627887163979,0.09357870494867689,0.5781513767296377,1.7474072019337785,-0.00016484509800574767,0.0,0.0,0.0,0.0,0.0,0.0,1.4289116326118518,4632.889692514821,1385860007.2139323,-0.7898264779626705,4.712474677685727,100.0,IMRPhenomXP,20.0,36.88294417908084,22.59952636933689,14.283417809743948,0.08347957803729411,0.6679696973220279,(1.9947589814835578+0.8043256041804236j),2.201750828934581,(2.5945332286127027+0.37609877523720775j),2.563758878758388,0.2372904800800922,0.5781513767296377,0,0,0.03883627887163979,0,0,0.09357870494867689,0.0,0.0,0.0600360220315371,0.0,0.0,0.0,1.0,1.0,0.7324141668730368,2674.2391163511707,13.045105957617777,8.244805476005284,8.98135874250403,21.28991143362306
15.244467042076028,0.6999989098056478,0.20502970742033116,0.33882424749664974,2.102939429633711,1.0999369274762154,9.854161192966618e-05,0.0,0.0,0.0,0.0,0.0,0.0,1.5140518998893673,4479.794232329524,1385860007.2858956,-0.7884587551929916,5.167915353039789,100.0,IMRPhenomXP,20.0,35.69375176387912,20.996338031746035,14.697413732133086,-0.004503655093926362,-0.19503000339127397,(0.4556971495883266-1.5963961721107944j),1.7631106567419412,(1.3167660387232214-0.011041808487459946j),2.0272083926259854,0.2422144663018086,2.102939429633711,0,0,0.20502970742033116,0,0,0.33882424749664974,0.0,0.0,0.26012152639219055,0.0,0.0,0.0,1.0,1.0,0.7125426242285857,2615.87312881273,12.260330186645035,8.5822177645088,8.901657001934707,20.842547951153836
12.054115476487565,0.7848186423070069,0.0075631729393156105,0.23103087741253311,0.8195605314574752,1.5783842176051288,-0.00020210513792588155,0.0,0.0,0.0,0.0,0.0,0.0,3.3357391821487585,3868.2614534781787,1385860007.1338902,-0.7847829875884731,5.003185702649849,100.0,IMRPhenomXP,20.0,27.937444225557964,15.652819599332961,12.284624626225003,-0.09398277402367894,-0.5709569135266448,(1.5948667599199549+1.5960256471932535j),1.8490368119159328,(1.880517638107794+0.7685044868544612j),2.1864154725163205,0.2463661992645259,0.8195605314574752,0,0,0.0075631729393156105,0,0,0.23103087741253311,0.0,0.0,0.10582616519349815,0.0,0.0,0.0,1.0,1.0,0.6316245837068618,2370.8035894468167,9.593395291808836,7.529075468031843,7.3877996181584935,17.12247075984068
14.458652120428408,0.6390291084578164,0.21072258310428796,0.20258061350844692,0.9460724641703516,1.0768371652659834,0.00015222634894583787,0.0,0.0,0.0,0.0,0.0,0.0,4.970198743266505,4716.852901726077,1385860007.2226017,-0.7792259987434265,5.107404760126584,100.0,IMRPhenomXP,20.0,34.22310610072457,20.8801087937514,13.342997306973169,-0.054036893174124856,-0.15435083860099263,(2.15176997572033+0.5871175740305747j),1.68397752901244,(0.8399771651365712+0.22835223226528822j),1.9386636984705914,0.23787418215865047,0.9460724641703516,0,0,0.21072258310428796,0,0,0.20258061350844692,0.0,0.0,0.20754816994403816,0.0,0.0,0.0,1.0,1.0,0.7432522642286498,2705.7775882835367,11.977674845006087,7.654082877601853,8.294067598315175,19.63175772260794
12.44757712634141,0.8206290948201087,0.0762682956583797,0.07928444850503978,0.6239833414402679,2.9070085020260383,-9.909089819961817e-05,0.0,0.0,0.0,0.0,0.0,0.0,3.6617306321542507,4738.802069393541,1385860007.2237222,-0.7789318612677971,4.779350491874108,100.0,IMRPhenomXP,20.0,28.764872548171905,15.799413856458271,12.965458691713634,-0.16523501576307487,-0.6385650095955282,(1.0333245214569968+0.26409328012991845j),1.8110438780746316,(1.9838507500522706-0.5502580253089744j),2.1149591002947443,0.24757338403407822,0.6239833414402679,0,0,0.0762682956583797,0,0,0.07928444850503978,0.0,0.0,0.07762779429950095,0.0,0.0,0.0,1.0,1.0,0.7460786412996675,2713.968288321907,9.048512181958891,7.4254723613496525,7.128875430877639,16.473984543308543
14.373758679100355,0.6622105057855963,0.6588706589675438,0.5381441696234938,0.9336280374110911,1.9880004130267017,0.00012742594003511276,0.0,0.0,0.0,0.0,0.0,0.0,4.452517806326183,4547.335831293513,1385860007.2616172,-0.778581806536716,5.098313120676312,100.0,IMRPhenomXP,20.0,33.86849798726714,20.375576901591153,13.49292108567599,-0.04878876247764419,-0.30589448397019003,(0.01865624279627878+1.082787754122583j),1.7056850967682,(0.339530934474946-0.24481528633896762j),2.0123553255388047,0.23967570894632775,0.9336280374110911,0,0,0.6588706589675438,0,0,0.5381441696234938,0.0,0.0,0.6107742540344884,0.0,0.0,0.0,1.0,1.0,0.7213271738714955,2641.7614764506857,11.837131958919668,7.83867314156704,8.350393171782589,19.67580510048671
13.174853892712727,0.8428859764072967,0.335211460618912,0.3727336013400766,2.1049707635897867,2.912544580654602,3.702900184186732e-05,0.0,0.0,0.0,0.0,0.0,0.0,6.182264787686034,4739.335428893348,1385860007.2947562,-0.7777111533887204,5.1667165240516795,100.0,IMRPhenomXP,20.0,30.400635969747054,16.49621102929713,13.904424940449926,-0.10485072000557327,-0.4729990995027036,(2.2930541924175203-0.08408313272756716j),1.493613362093323,(1.466401099567766+1.137353996837082j),1.7842941575442006,0.2481829244708031,2.1049707635897867,0,0,0.335211460618912,0,0,0.3727336013400766,0.0,0.0,0.3523730683491457,0.0,0.0,0.0,1.0,1.0,0.7461472852678096,2714.1670409394496,9.44720480825137,7.962916449122665,7.545098860713848,17.410121257374037
12.48321914785226,0.9769148886650927,0.7328718645953806,0.13257318299519466,0.982317496000251,2.6611843253985508,8.885604466959973e-05,0.0,0.0,0.0,0.0,0.0,0.0,6.168367159564408,4186.915162232214,1385860007.2420912,-0.775450913611381,5.132558251781086,100.0,IMRPhenomXP,20.0,28.681253255283956,14.508087029811843,14.173166225472112,-0.15601902754960228,-0.3493090995210606,(2.601831549633061+1.28023984316441j),1.748147909908142,(1.370581108178015-1.2351839689106079j),2.02480460606485,0.24996590992073203,0.982317496000251,0,0,0.7328718645953806,0,0,0.13257318299519466,0.0,0.0,0.436227470310283,0.0,0.0,0.0,1.0,1.0,0.6741109631767751,2500.978281722154,8.666144209629602,8.46608530570594,7.456625888265039,17.132229515335542
13.736031418493978,0.5360226517330962,0.1533425889983107,0.5086099132678603,2.53453313294244,1.5314986653878688,-0.00022300249362078013,0.0,0.0,0.0,0.0,0.0,0.0,0.38118678021897723,4611.956563630009,1385860007.2169373,-0.7719560029980235,4.75541699955908,100.0,IMRPhenomXP,20.0,33.42169981139949,21.758598269165983,11.663101542233507,0.05240475908172204,-0.20908509411929277,(0.1882949229448533+1.5461440118296168j),2.041983568272461,(2.9215365839452043-1.4088822103534864j),2.3867620791092943,0.22718931511461715,2.53453313294244,0,0,0.1533425889983107,0,0,0.5086099132678603,0.0,0.0,0.27731949325439176,0.0,0.0,0.0,1.0,1.0,0.7297055280258512,2666.3246975114066,12.579365629940215,6.742824922080724,7.94125427474999,19.322190552020942
13.555079099695062,0.639610916363492,0.21812477114398654,0.44433303988390077,0.6632311706999661,0.4669584673178253,-0.00021277346941442712,0.0,0.0,0.0,0.0,0.0,0.0,4.740863904748439,4382.987436445749,1385860007.2209296,-0.771368414692637,4.831688020877457,100.0,IMRPhenomXP,20.0,32.08052723561433,19.565939038004228,12.514588197610104,0.00865126004701855,-0.5021319666275246,(0.46195228674463584-0.13795303565796554j),2.0677767873557613,(0.7650085364641381+0.9337847957951313j),2.413668104538743,0.23792181544347038,0.6632311706999661,0,0,0.21812477114398654,0,0,0.44433303988390077,0.0,0.0,0.3063684371343511,0.0,0.0,0.0,1.0,1.0,0.6999016588423793,2578.377042181122,11.510041734607453,7.361948341254309,7.974037221027228,18.871990075861763
12.55453811548238,0.7573532533005858,0.16418469873079866,0.29878586416666775,0.9046403853379555,1.5458659319528407,-6.476244376937834e-05,0.0,0.0,0.0,0.0,0.0,0.0,4.062512447279509,4020.488120366343,1385860007.1346273,-0.7677436416211894,5.0761980089279515,100.0,IMRPhenomXP,20.0,29.17779885306663,16.603263344046585,12.574535509020045,-0.12022076569546991,-0.5238958418171566,(2.3213682629868986+0.0009976200396488897j),1.74935872761034,(1.481084168537469-0.20744561760491256j),2.0892176639044346,0.24523381588408183,0.9046403853379555,0,0,0.16418469873079866,0,0,0.29878586416666775,0.0,0.0,0.22219274597425712,0.0,0.0,0.0,1.0,1.0,0.6520128503461867,2433.6905717534883,10.05032336193226,7.611645094882278,7.599540229273349,17.661968456814538
15.176927208400059,0.6688179908742388,0.6153860158658714,0.727786671363007,1.0355823463081009,1.6914204584888113,0.00021270198431018298,0.0,0.0,0.0,0.0,0.0,0.0,4.196214420007425,4111.462310176189,1385860007.2809622,-0.7670857310366657,5.166100864438824,100.0,IMRPhenomXP,20.0,35.718223520805275,21.403306841205417,14.314916679599857,0.2795970770225171,-0.4898444532718087,(1.6342606395579593+0.4438043398445942j),1.808361092562569,(1.86257561705407-0.9252923929856318j),2.230201721942614,0.24015409739392996,1.0355823463081009,0,0,0.6153860158658714,0,0,0.727786671363007,0.0,0.0,0.660433217534137,0.0,0.0,0.0,1.0,1.0,0.6641165777723694,2470.657618343532,12.86166313531739,8.60211169746424,9.120110580663944,21.463774832781628
13.448155008055116,0.6859582957510382,0.7259681164884486,0.7174762821590197,0.8600591341846737,1.2738256009501088,0.00014818607355227242,0.0,0.0,0.0,0.0,0.0,0.0,3.545852302471075,4577.145357337016,1385860007.2038646,-0.7647069844046368,5.039509581344467,100.0,IMRPhenomXP,20.0,31.55733148789665,18.717741457441516,12.839590030455136,-0.23396859154566263,-0.6130595085633121,(0.31351401694014136+0.05534849184962692j),1.956617041869738,(-0.5705673095002891-0.16972654854542807j),2.3224425610082067,0.24132596830942465,0.8600591341846737,0,0,0.7259681164884486,0,0,0.7174762821590197,0.0,0.0,0.7225130819131003,0.0,0.0,0.0,1.0,1.0,0.7251952764604439,2653.1172709118173,10.849636393535931,7.442398090028348,7.795149448615744,18.29203448356428
13.634364410986702,0.9443811226340217,0.5365505792884888,0.6070600771491902,1.000367311059695,1.4882225814525296,-0.00018862300485507317,0.0,0.0,0.0,0.0,0.0,0.0,2.109290161821294,4303.692804632186,1385860007.2093973,-0.7620010077655075,5.144370296698601,100.0,IMRPhenomXP,20.0,31.338932153437177,16.11768998815563,15.221242165281545,-0.11774038520694718,-0.50457739057738,(2.0394505730026338-0.21689037945509543j),1.754684004735562,(0.11232037676837046+0.36107618127645524j),2.1331290675109957,0.2497954395577444,1.000367311059695,0,0,0.5365505792884888,0,0,0.6070600771491902,0.0,0.0,0.5707968687483684,0.0,0.0,0.0,1.0,1.0,0.6895023212429553,2547.313913179019,9.53990402114272,9.00930526930758,8.070047752853037,18.5492092904503
12.01748409832901,0.8761385836836522,0.6221909992757337,0.6380695620682726,0.9382978414914731,0.7135863732062622,-1.4725001130131408e-05,0.0,0.0,0.0,0.0,0.0,0.0,4.486752353098013,3857.0900746177754,1385860007.2746851,-0.7611585485234373,5.101752645672564,100.0,IMRPhenomXP,20.0,27.681382111740017,14.754444235878236,12.926937875861782,-0.020234486495112503,-0.43724911849363135,(0.22530863200155465+2.0129321161194222j),1.8329160285976627,(0.3415674026882807-0.1659901602566922j),2.103743601073716,0.24891036194560454,0.9382978414914731,0,0,0.6221909992757337,0,0,0.6380695620682726,0.0,0.0,0.6296061346164675,0.0,0.0,0.0,1.0,1.0,0.6301215164391223,2366.1365474815334,9.051131518163265,7.930045549058026,7.372140038112189,16.981177067221292
16.884907985695666,0.5000665532849402,0.4302174512036235,0.24819536498974815,2.624643999960787,0.8521238124344286,-0.00013124421352670292,0.0,0.0,0.0,0.0,0.0,0.0,5.486102257912627,4340.962303269231,1385860007.2662203,-0.7609638251474751,4.611983626801411,100.0,IMRPhenomXP,20.0,41.630789480096375,27.75262830101148,13.878161179084897,-0.5912646780198236,1.574794171492389,(1.8246732882191998-1.3779006570485308j),2.7829522547654446,(1.001136120469608+1.4332182913944371j),3.236576976232212,0.22223208065583938,2.624643999960787,0,0,0.4302174512036235,0,0,0.24819536498974815,0.0,0.0,0.36953803862997553,0.0,0.0,0.0,1.0,1.0,0.6943952769215408,2561.9537262828126,16.379075578771555,8.190627870669829,9.965152887095496,24.569703449441384
12.364588721349298,0.8611756535610029,0.39993509434530045,0.41272804464052815,0.9972605934579969,2.806239912279757,-5.9968300441406595e-05,0.0,0.0,0.0,0.0,0.0,0.0,4.274026978267093,4847.928905388668,1385860007.1396294,-0.7601814908804028,5.142370286162336,100.0,IMRPhenomXP,20.0,28.501614685142613,15.313769353585856,13.187845331556757,-0.121357794764827,-0.33076971581228953,(0.8784081280053485+1.3492612785010314j),1.4705361121250657,(3.028047761809375-0.005590318327745877j),1.7309470485025231,0.24860909791479888,0.9972605934579969,0,0,0.39993509434530045,0,0,0.41272804464052815,0.0,0.0,0.4058544589739895,0.0,0.0,0.0,1.0,1.0,0.7600895164865857,2754.3649779424486,8.700562789644096,7.492712846720297,7.024977198904606,16.193275636364394
14.767182690277345,0.6721373841423557,0.23739627578988654,0.021517001291106386,2.2382205798408563,2.2515206057853585,-0.00011964429180283295,0.0,0.0,0.0,0.0,0.0,0.0,0.41525134167819383,3368.044672798813,1385860007.2155092,-0.758520832670226,5.075199793260192,100.0,IMRPhenomXP,20.0,34.733549308992814,20.771947112950745,13.96160219604207,-0.02992947993253381,-0.1443785319093558,(0.7236106587321125+1.726230891810134j),2.2947318048974172,(2.88372128245277-0.30927617766311877j),2.619919081518197,0.2403887495390756,2.2382205798408563,0,0,0.23739627578988654,0,0,0.021517001291106386,0.0,0.0,0.15062079177271523,0.0,0.0,0.0,1.0,1.0,0.5633324691487153,2154.400764317092,13.286967118556513,8.930667322252066,9.445964298508141,22.217634440808578
13.632317963196982,0.6073788239670559,0.6279604901325028,0.7709158629708566,1.8816307898139022,1.2590500018488506,5.263128079600562e-05,0.0,0.0,0.0,0.0,0.0,0.0,3.5140912793004175,4934.57696371352,1385860007.2999399,-0.754188093252232,5.267630688062506,100.0,IMRPhenomXP,20.0,32.49644178988491,20.21703988216218,12.27940190772273,-0.13011884535125784,-0.4318925413263761,(2.488771491609191-1.2814555311665252j),1.3727182290612538,(2.764455126116724+0.9059577364267788j),1.6426255337483735,0.23508404849203635,1.8816307898139022,0,0,0.6279604901325028,0,0,0.7709158629708566,0.0,0.0,0.6819789112661329,0.0,0.0,0.0,1.0,1.0,0.771166318507587,2786.0607374655287,11.414534971056462,6.932946826851106,7.696802847224303,18.34748179790757
14.23986740825255,0.7938563711758413,0.14405450811176576,0.0007715376148427211,2.105477655434219,1.1324558449297877,-1.2804363225550597e-05,0.0,0.0,0.0,0.0,0.0,0.0,3.961333166459889,3851.9707370420533,1385860007.2207727,-0.7497586966453769,5.166416504648551,100.0,IMRPhenomXP,20.0,32.97660829390536,18.38308173596405,14.593526557941306,-0.04318413992876824,-0.18665666659532087,(1.815913204989179+1.376192978232287j),1.8866230878618366,(2.395465437992726-0.5025049719520602j),2.1750250561213,0.24669855164831136,2.105477655434219,0,0,0.14405450811176576,0,0,0.0007715376148427211,0.0,0.0,0.08064580893289901,0.0,0.0,0.0,1.0,1.0,0.6294324006963595,2363.995410807491,11.28189284078787,8.95620251058256,8.739158127803861,20.238095351370433
13.690600403166133,0.5639350732871011,0.7878113610037618,0.16864905522850704,2.286925525005517,2.0300772151372817,-0.00018368356449629256,0.0,0.0,0.0,0.0,0.0,0.0,4.578617134874976,3677.585468073873,1385860007.19513,-0.7478189025586821,5.034842694657957,100.0,IMRPhenomXP,20.0,33.017751479504554,21.111970722740665,11.90578075676389,-0.16111236626779046,-0.5493974774930539,(0.2730433213750165+0.27633148806111574j),2.210551025921456,(0.9442499254840578-0.6276446637649411j),2.5952316116246115,0.23056408977853363,2.286925525005517,0,0,0.7878113610037618,0,0,0.16864905522850704,0.0,0.0,0.564549317554545,0.0,0.0,0.0,1.0,1.0,0.6058362217268324,2290.137323832411,13.147026102100222,7.41406912839532,8.52552721001895,20.56109523049554
15.786523649621678,0.982464128118776,0.5147563104658524,0.7515510221025008,1.0201882371304056,0.2670319334190045,-0.00023653813519235867,0.0,0.0,0.0,0.0,0.0,0.0,1.0780948383790523,4911.214912667928,1385860007.2776332,-0.7443034112923215,5.156811907753637,100.0,IMRPhenomXP,20.0,36.26961022174586,18.295216396254926,17.97439382549093,0.16852698171740643,-0.54881335868077,(3.849818563919222+0.4209372795395541j),1.5360945273422215,(1.0686896586086116+0.033678247311227136j),1.8661489513347058,0.24998043931492892,1.0201882371304056,0,0,0.5147563104658524,0,0,0.7515510221025008,0.0,0.0,0.6321063833430844,0.0,0.0,0.0,1.0,1.0,0.768183908733021,2777.5475665227223,10.346896782566146,10.165454926218818,8.928100505638803,20.512351708784962
14.276789922979283,0.8603987397873019,0.12941243854484857,0.4701408512401404,0.787933832481538,0.7402291624819296,-3.8998068988363574e-05,0.0,0.0,0.0,0.0,0.0,0.0,0.766479287019272,4806.583353513476,1385860007.2514172,-0.7436371525467371,4.972693950532162,100.0,IMRPhenomXP,20.0,32.91076320211628,17.690166359647687,15.220596842468591,0.09911494755387773,-0.23689095743233368,(1.4309406201829982-0.9806370596511929j),1.8243382373581591,(0.6731362950929515+0.9022403155392384j),2.109700010504666,0.24859231133716844,0.787933832481538,0,0,0.12941243854484857,0,0,0.4701408512401404,0.0,0.0,0.2869927951764994,0.0,0.0,0.0,1.0,1.0,0.7547891585539739,2739.1230211533098,10.081077987867893,8.673746796459044,8.135900460397195,18.754824784326935
12.537889283324223,0.9883329623641163,0.05723428159997601,0.4303111636142933,2.29197967445866,1.9081427741296493,3.9294265329608375e-05,0.0,0.0,0.0,0.0,0.0,0.0,1.9845146385345005,4021.827705373195,1385860007.294509,-0.7424944556243949,5.030421847330642,100.0,IMRPhenomXP,20.0,28.805100657799237,14.487060871107897,14.318039786691342,-0.16096241050515925,-0.5349125799601269,(2.0065186798916077+0.4399780893984618j),1.7774427072855856,(0.8794573669806081+1.2267214822742476j),2.0922584688139567,0.24999139238206455,2.29197967445866,0,0,0.05723428159997601,0,0,0.4303111636142933,0.0,0.0,0.24267816196112396,0.0,0.0,0.0,1.0,1.0,0.652191513109595,2434.2382186277946,8.768390804672366,8.666089659148117,7.588641621652335,17.43448046382048
13.53658813403818,0.7044218238130359,0.21307378176085853,0.5369128941126146,0.8701191729629653,0.8031424096640722,-0.00010524447798139421,0.0,0.0,0.0,0.0,0.0,0.0,5.9747117346200795,4608.243767785179,1385860007.157631,-0.7394981906365832,5.048081782059607,100.0,IMRPhenomXP,20.0,31.673936184684464,18.58339041554005,13.090545769144411,-0.0468835137086665,-0.47554934937081184,(0.3205919083324208-0.05041812379815243j),1.7212660034950136,(1.9007986573791609+0.4182205066465796j),1.9754801040569478,0.24248151104492913,0.8701191729629653,0,0,0.21307378176085853,0,0,0.5369128941126146,0.0,0.0,0.34691350087128564,0.0,0.0,0.0,1.0,1.0,0.7292248378923473,2664.9188037073077,10.746659432783925,7.570181437539218,7.828124971034506,18.316840870323144
12.389712679004726,0.8628692184024999,0.4961448253900156,0.3626454079070485,0.9095507228155557,0.13166018689696204,-0.00018916287964539227,0.0,0.0,0.0,0.0,0.0,0.0,4.144354810157864,4969.051746725208,1385860007.1858473,-0.7372938854182531,5.0800381601796145,100.0,IMRPhenomXP,20.0,28.55703337570303,15.329596459912553,13.227436915790474,-0.13691760697022737,-0.3076762381119602,(-1.1067487662893185+0.47757588370532006j),1.4146003295057277,(0.653541455952759-0.385990463104735j),1.6995916609141455,0.24864529361357268,0.9095507228155557,0,0,0.4961448253900156,0,0,0.3626454079070485,0.0,0.0,0.4343087410944685,0.0,0.0,0.0,1.0,1.0,0.7755619012748964,2798.579833441482,8.633659265219382,7.449718822133351,6.977910863095571,16.083378087352735
12.22338740778952,0.8764309216746494,0.48330160823448287,0.2005582189741519,0.8919688753362094,0.8216097610676781,0.00024063394008087835,0.0,0.0,0.0,0.0,0.0,0.0,2.4197570804671593,3818.224200967054,1385860007.1386554,-0.7366914122818753,5.066107238604243,100.0,IMRPhenomXP,20.0,28.15529349058705,15.004705563826152,13.150587926760894,-0.10120828198938137,-0.333413037504652,(0.20620352362515812+1.3814936455085993j),1.9070438068003035,(1.7987287033798645+0.49883394833390193j),2.186823770412938,0.24891583730061206,0.8919688753362094,0,0,0.48330160823448287,0,0,0.2005582189741519,0.0,0.0,0.3512396994349366,0.0,0.0,0.0,1.0,1.0,0.6248847626368667,2349.8430641609857,9.234319816918266,8.093243428180156,7.522618027356832,17.327563245098425
15.52965654839084,0.7679700399463611,0.08499060622271336,0.4011585034322776,0.9982590609794185,1.2268001090279874,-0.00012045221191824793,0.0,0.0,0.0,0.0,0.0,0.0,1.584053136051839,4444.3511775588995,1385860007.2982974,-0.7318637713762617,5.143014558325899,100.0,IMRPhenomXP,20.0,36.05165163534709,20.39155122585724,15.660100409489853,0.22996956046635386,0.13834650487075884,(0.3096632424908522-0.3119545485950472j),1.8435095174119642,(2.136033306951675+3.0980967051183255j),2.157139408823414,0.24569395725301782,0.9982590609794185,0,0,0.08499060622271336,0,0,0.4011585034322776,0.0,0.0,0.22232747685042642,0.0,0.0,0.0,1.0,1.0,0.7079214235787262,2602.1988719749456,11.9393965930408,9.169098878492992,9.092723080813913,21.108495471533793
13.540030744705357,0.7881975214646757,0.43734075020484914,0.10883008843588016,2.1897119012139408,2.745823910760958,4.743666612506048e-05,0.0,0.0,0.0,0.0,0.0,0.0,5.09659365540042,3848.6684501353284,1385860007.2913356,-0.7313423122564746,5.111567344215886,100.0,IMRPhenomXP,20.0,31.371638206898705,17.543720886718848,13.827917320179859,0.0392222142780585,-0.4196354960778921,(1.7359823498270557-1.49341251307306j),2.0184042675036284,(1.066600781904228+0.9160907738107046j),2.3553393047810407,0.24649271459963235,2.1897119012139408,0,0,0.43734075020484914,0,0,0.10883008843588016,0.0,0.0,0.2925405889961833,0.0,0.0,0.0,1.0,1.0,0.6289877755900711,2362.6134503052876,10.769706899957523,8.488656285447536,8.31192900744803,19.25836318540506
15.161891041841027,0.8234615421062581,0.0582654152328507,0.7984729834954853,1.1075106366393919,1.1816725461165325,-0.0001194542405282018,0.0,0.0,0.0,0.0,0.0,0.0,4.6862158631261615,4737.68600825142,1385860007.207139,-0.7309359851309165,5.205347392413954,100.0,IMRPhenomXP,20.0,35.0302557829591,19.210855273918245,15.81940050904086,-0.014098047069309505,-0.14097975901442883,(1.0901415003802581+0.33945235470292834j),1.635732492193853,(-1.492927702614726-0.5723599506613284j),1.9074814429474252,0.24765671318199006,1.1075106366393919,0,0,0.0582654152328507,0,0,0.7984729834954853,0.0,0.0,0.39253759567939245,0.0,0.0,0.0,1.0,1.0,0.7459349965451435,2713.5523507621438,11.003190446341181,9.060704173032955,8.684109701588765,20.063894619374135
16.316689951046083,0.6545373818291098,0.0034063573190297627,0.04653650615438583,2.161762118434591,2.8573922805728156,-0.00015957644083422815,0.0,0.0,0.0,0.0,0.0,0.0,3.931015123867029,3416.5103594721822,1385860007.29264,-0.714666512203531,5.130894091879915,100.0,IMRPhenomXP,20.0,38.50199992425257,23.270553054345726,15.231446869906845,0.012054028962503072,-0.08191971185298152,(1.369073340519407-1.245763791541045j),2.3826308278568042,(2.321519490750856+2.7755065303900253j),2.7896308087773387,0.23910094206360255,2.161762118434591,0,0,0.0034063573190297627,0,0,0.04653650615438583,0.0,0.0,0.02046870659359549,0.0,0.0,0.0,1.0,1.0,0.5700424808374157,2176.062378064218,14.821607273921583,9.701296019571922,10.392514947967031,24.522903293493506
16.925756775762153,0.6328098562250095,0.7545645703330301,0.7627701991879109,2.0040939966992357,0.5479931311749557,-0.00013596227436983105,0.0,0.0,0.0,0.0,0.0,0.0,4.39581768155955,3741.9067027322308,1385860007.2229538,-0.7130529755844912,5.219771457501667,100.0,IMRPhenomXP,20.0,40.11500870461407,24.56808338807946,15.546925316534608,0.18838884143807766,-0.3711560254562607,(1.3052293971170046-0.5634036965899518j),1.8376004785332032,(1.6996476943575771-1.7655235445469168j),2.0781851787247616,0.23735698036012096,2.0040939966992357,0,0,0.7545645703330301,0,0,0.7627701991879109,0.0,0.0,0.7577447341445702,0.0,0.0,0.0,1.0,1.0,0.614567594526677,2317.59061723319,15.216509653336495,9.629157285974337,10.48315154666787,24.84566693931083
14.300903786558383,0.6477433585345275,0.32653975120714007,0.7567635812952633,1.0275830186514434,1.6705996736974382,0.00023113020928340513,0.0,0.0,0.0,0.0,0.0,0.0,5.083124221088359,4924.997656267724,1385860007.2081213,-0.707602619145558,5.161314342314355,100.0,IMRPhenomXP,20.0,33.790077460707494,20.506881296587206,13.283196164120282,0.0889061838685099,-0.3826570529726845,(1.457922913855689-1.6430791397785633j),1.3975757564859679,(0.19982255977835015+0.803311981713299j),1.7119000525178591,0.23857439385904158,1.0275830186514434,0,0,0.32653975120714007,0,0,0.7567635812952633,0.0,0.0,0.49566477130172376,0.0,0.0,0.0,1.0,1.0,0.7699437898051565,2782.5729322861494,11.586176586344981,7.504868934613205,8.079863252681427,19.09104552095819
13.922500927924492,0.8970231956487833,0.20043627998404423,0.6103811512822277,2.09109270605413,2.946069185001716,-0.00010860772856040931,0.0,0.0,0.0,0.0,0.0,0.0,0.750198904101636,4232.656680445078,1385860007.2234533,-0.7030238392088828,5.1747966323612085,100.0,IMRPhenomXP,20.0,32.04219218471368,16.890775114510514,15.151417070203165,0.08167900151375562,-0.38133044714138364,(1.1365755601726697-0.5341977327214287j),1.7285025474040305,(2.49015389245561-1.613263004029372j),2.0789850354164057,0.2492633290451963,2.09109270605413,0,0,0.20043627998404423,0,0,0.6103811512822277,0.0,0.0,0.3942821218984663,0.0,0.0,0.0,1.0,1.0,0.6801507030295727,2519.212505335752,10.053130998340698,9.017891694407417,8.286459603189202,19.071022692748116
16.878227305856843,0.6775415846024645,0.05190532828903338,0.0031352762870937136,1.1450291265988715,2.9291648340485605,6.62575273435446e-05,0.0,0.0,0.0,0.0,0.0,0.0,1.5534202281441798,4793.740276052895,1385860007.2824929,-0.7029338490430521,5.2232208482971485,100.0,IMRPhenomXP,20.0,39.661872287028686,23.642854908081198,16.01901737894749,0.13735796476574702,-0.12127470220727243,(1.1956044417872256-0.13769582127680713j),1.5211783076859113,(2.701357982748615+1.2732531235283626j),1.8222065038038036,0.24076278929467285,1.1450291265988715,0,0,0.05190532828903338,0,0,0.0031352762870937136,0.0,0.0,0.032207611929668534,0.0,0.0,0.0,1.0,1.0,0.753140736332007,2734.3727741533667,13.485999394177417,9.137325399478842,9.627422919377347,22.62332479365626
16.2310804880406,0.8679609369401626,0.7138024695575897,0.23144587442526696,1.9382270748250683,2.9216523582876217,3.693290496177082e-05,0.0,0.0,0.0,0.0,0.0,0.0,2.325907851759874,3322.599488790084,1385860007.2563543,-0.7003852399026971,5.247659717388775,100.0,IMRPhenomXP,20.0,37.40146996771082,20.022618903892486,17.378851063818335,0.03372827462452754,-0.24285983478737982,(0.16193673613135873+0.20891364312119304j),2.2988731229040833,(1.0912856536360136-0.3323640912310867j),2.8027572646679633,0.2487508652316996,1.9382270748250683,0,0,0.7138024695575897,0,0,0.23144587442526696,0.0,0.0,0.48967214971475626,0.0,0.0,0.0,1.0,1.0,0.5570212605964451,2133.94613187654,12.85956679629568,11.161601645157402,10.424443711078801,24.021168441453078
16.091413082336956,0.519858120826087,0.5858909113393527,0.6750184080152828,1.415928430253963,2.8593485445609117,0.00019454894905253503,0.0,0.0,0.0,0.0,0.0,0.0,0.238149941207425,4865.14882991335,1385860007.154515,-0.7000630315446408,5.304698012693887,100.0,IMRPhenomXP,20.0,39.37557802485337,25.907403780197324,13.468174244656042,0.08885013987656798,-0.2908927234087808,(-0.62385439773381-0.3586759621981731j),1.43896598424489,(0.8638985412772195-0.543363256752678j),1.7437152788610648,0.2250498542042972,1.415928430253963,0,0,0.5858909113393527,0,0,0.6750184080152828,0.0,0.0,0.6163764233098376,0.0,0.0,0.0,1.0,1.0,0.7622941933605503,2760.6904818096987,14.70095281355608,7.64240970400824,9.13094598107479,22.34336251756432
13.197368078347566,0.6529770190501536,0.5972789546826878,0.3345506544764102,2.2877158361922745,1.558076683766606,0.00021177699014419575,0.0,0.0,0.0,0.0,0.0,0.0,0.11961585670852762,4693.327184804434,1385860007.2862267,-0.6956640036458435,5.034154383117086,100.0,IMRPhenomXP,20.0,31.150768847627738,18.845252225906826,12.30551662172091,-0.18677385300514127,-0.6000341229356931,(1.2458259758454688+0.5823487514208074j),1.72720559774856,(0.8286793394902269-0.09807004377018888j),2.0653990490380822,0.2389814905263121,2.2877158361922745,0,0,0.5972789546826878,0,0,0.3345506544764102,0.0,0.0,0.49349315469171784,0.0,0.0,0.0,1.0,1.0,0.7402197356832473,2696.9738777822176,10.829237158667079,7.0712429984535845,7.583736586670762,17.900480157120665
16.487165856517297,0.596946549420003,0.4147616093158705,0.6292471585310484,1.9825409683568311,1.4811997140045803,-3.617688491038256e-05,0.0,0.0,0.0,0.0,0.0,0.0,1.8210212918129232,4465.669771534066,1385860007.2148187,-0.6955064085940661,5.229462147938101,100.0,IMRPhenomXP,20.0,39.40335446814866,24.674184920252724,14.729169547895935,-0.007595596823510853,-0.12367664461042249,(0.2689369633165755+0.19301030712275224j),1.6431841613260738,(3.1579658926593464+1.1092329419962543j),2.0383693001695193,0.23407481320570295,1.9825409683568311,0,0,0.4147616093158705,0,0,0.6292471585310484,0.0,0.0,0.4949373725879452,0.0,0.0,0.0,1.0,1.0,0.7107019736754282,2610.4311843769406,14.423426932302215,8.610014938049346,9.637661094816396,23.033441870351563
16.055986108161054,0.906159366426794,0.21473839423434332,0.2478073731819376,0.7784016891171018,2.3699091761109425,0.00016279831014926133,0.0,0.0,0.0,0.0,0.0,0.0,1.6854305139393708,4549.47803343966,1385860007.215083,-0.6924569614158238,4.963119045361618,100.0,IMRPhenomXP,20.0,36.940713746442206,19.379656495191014,17.561057251251192,-0.13508895323567804,0.6903541942578872,(2.1921375346976246-0.11824165849841163j),2.134510763439204,(1.7780858475817283-2.4045383583353166j),2.4661580005467263,0.24939409650678568,0.7784016891171018,0,0,0.21473839423434332,0,0,0.2478073731819376,0.0,0.0,0.23045888725256644,0.0,0.0,0.0,1.0,1.0,0.7216053323252537,2642.578969391073,11.256735868154083,10.200396642320271,9.32617122327063,21.457132510474352
13.408913538556268,0.5209806175978513,0.6127503991616385,0.15765720704587205,1.0885750629918742,2.9755849374158028,8.316685766828326e-06,0.0,0.0,0.0,0.0,0.0,0.0,5.209981266881109,4210.053677078996,1385860007.1340957,-0.6910671264948567,5.1956627176796015,100.0,IMRPhenomXP,20.0,32.79812874800531,21.56380454065534,11.23432420734997,-0.09363953910756173,-0.4150304938048013,(1.2980104552352103+0.15539426009470148j),1.6142898866653272,(1.2801830448275535-0.44892130481917275j),1.9563226415537183,0.22520301826094213,1.0885750629918742,0,0,0.6127503991616385,0,0,0.15765720704587205,0.0,0.0,0.45686758938099625,0.0,0.0,0.0,1.0,1.0,0.6771679806258594,2510.2158963806546,12.857271775847101,6.698389390404245,7.994973487123537,19.555661166251348
12.975137686496167,0.6694965537025606,0.6523835089038155,0.15629363333903445,0.8779423257488133,2.1615786929573177,2.7984061340913355e-05,0.0,0.0,0.0,0.0,0.0,0.0,1.9011231427677713,4265.299774358441,1385860007.291409,-0.6847816346378508,5.054628052024876,100.0,IMRPhenomXP,20.0,30.532727371022354,18.28858364715265,12.244143723869705,-0.14780024721551221,-0.5077949162907127,(0.1973596885543943-0.7680846135139107j),1.7686761053639206,(0.9014298361446532-0.05593006204589709j),2.0492705963514823,0.2402023721410737,0.8779423257488133,0,0,0.6523835089038155,0,0,0.15629363333903445,0.0,0.0,0.453443019161106,0.0,0.0,0.0,1.0,1.0,0.684452237871834,2532.1583286188593,10.857288343336323,7.268917128418653,7.702882512649441,18.126205471754975
14.251553826239688,0.9855527082361767,0.7284756266609018,0.7351436193335201,2.129886142740071,0.41274860962761617,0.00010078463842588359,0.0,0.0,0.0,0.0,0.0,0.0,5.602470833828522,3799.0438947050156,1385860007.299725,-0.6795782887361952,5.151554917122054,100.0,IMRPhenomXP,20.0,32.74251297943001,16.49037713459449,16.25213584483552,-0.029889085312066133,-0.4400510101332036,(2.6511470766462053-1.1047641236109635j),1.8698828878895821,(2.4922497850376386+1.0514348938188678j),2.2177669485996114,0.2499867642042988,2.129886142740071,0,0,0.7284756266609018,0,0,0.7351436193335201,0.0,0.0,0.7317853641509914,0.0,0.0,0.0,1.0,1.0,0.6222961203254678,2341.7696905603466,10.164837928162068,10.017983548881933,8.784804233755128,20.182821477044
14.47533700692709,0.7810058627749172,0.27905794003683804,0.009097016130925173,2.032438303070906,2.65759650068322,-0.00024238245335564542,0.0,0.0,0.0,0.0,0.0,0.0,3.5106660074131204,3918.1737029573283,1385860007.221823,-0.6795220708112155,5.206166818785811,100.0,IMRPhenomXP,20.0,33.56097165705375,18.84382997188099,14.717141685172756,-0.03310800899889488,-0.16727810065950832,(1.4225273915440502-1.868031478102466j),1.8136960076387851,(0.8121261085638082-1.7622607832251174j),2.0701218065691798,0.2462201524232863,2.032438303070906,0,0,0.27905794003683804,0,0,0.009097016130925173,0.0,0.0,0.16067480121766095,0.0,0.0,0.0,1.0,1.0,0.6383285573407947,2391.5677366893424,11.501862607135898,8.98302212900473,8.835429830035014,20.484884736140632
12.462396259218123,0.7922395447885281,0.6853101867463096,0.44443036254068685,2.162905731869306,2.1311174995840387,3.182086794370877e-05,0.0,0.0,0.0,0.0,0.0,0.0,3.0912913780963756,4355.68352529268,1385860007.2437403,-0.6770543677404568,5.130125829574762,100.0,IMRPhenomXP,20.0,28.864425162681837,16.105227254143443,12.759197908538399,-0.11572486191545872,-0.1946433553643918,(2.226642701770586+0.35023501087023134j),1.5148899752127405,(1.4578134828502516-0.15439270253711257j),1.748715576675933,0.24664050751525626,2.162905731869306,0,0,0.6853101867463096,0,0,0.44443036254068685,0.0,0.0,0.5788319412281189,0.0,0.0,0.0,1.0,1.0,0.6963254478469821,2567.716892209189,9.494184783105503,7.521668630705674,7.3467012329713635,17.015853413811172
14.371075616749515,0.7269056662265385,0.3093241758282724,0.3597869011762012,0.840970185202796,1.60136591930855,-9.545606834387163e-05,0.0,0.0,0.0,0.0,0.0,0.0,3.5222128767730845,4619.304524312814,1385860007.1799135,-0.6766739415038012,5.022756861334823,100.0,IMRPhenomXP,20.0,33.52160307914021,19.411368979052728,14.110234100087487,0.12372608922241657,-0.3014264815128773,(1.023034091118831-0.08162847122854318j),1.8247918279633866,(1.2310412084759834-0.4108070294830609j),2.1728885799888245,0.2437478677141947,0.840970185202796,0,0,0.3093241758282724,0,0,0.3597869011762012,0.0,0.0,0.33056542930611643,0.0,0.0,0.0,1.0,1.0,0.7306566181268752,2669.1051832718094,11.216187414498231,8.153110185057553,8.3038284234013,19.369297599555782
12.070033159561213,0.7144445834778053,0.5764856884448828,0.4642884248146804,2.240239966757703,0.4233312307113045,-0.0002117018981958338,0.0,0.0,0.0,0.0,0.0,0.0,4.16139292434713,4667.572154367387,1385860007.2188032,-0.676528191417066,5.073605065734326,100.0,IMRPhenomXP,20.0,28.201712222973985,16.449474363158426,11.752237859815558,-0.1350388211825626,-0.27794907733545005,(1.5086486054534614+2.4613396899529003j),1.4743873401341392,(2.3185649430675572+0.16864931335801098j),1.7334659730355593,0.24306456174135047,2.240239966757703,0,0,0.5764856884448828,0,0,0.4642884248146804,0.0,0.0,0.5297307638155752,0.0,0.0,0.0,1.0,1.0,0.7368960997389844,2687.3064765178947,9.470615061908656,6.7662296331839595,6.949196996512953,16.236844695092618
16.625842626107573,0.6572517216518229,0.6302081960209605,0.5154181995162603,1.057297529629727,1.39462453588297,-0.00015648822270074232,0.0,0.0,0.0,0.0,0.0,0.0,3.0369574839369657,4392.151709827636,1385860007.1862216,-0.6763297403801642,5.178660735246649,100.0,IMRPhenomXP,20.0,39.2112602284138,23.660413029669982,15.550847198743819,-0.043332004813678715,-0.34285438269042645,(0.4924286847183401-0.8178638923752866j),1.9863163081976345,(0.8959665418411902+0.9033975076801748j),2.405280766816156,0.23930665410926358,1.057297529629727,0,0,0.6302081960209605,0,0,0.5154181995162603,0.0,0.0,0.5846834746733054,0.0,0.0,0.0,1.0,1.0,0.7011008941416811,2581.9466096360716,13.908882836492918,9.14163719053846,9.773578206539256,23.050520027031375
14.117912303960855,0.9683178532857029,0.6817667584345125,0.5581173665758321,0.972716763777374,0.30070052996776525,4.467722511267678e-05,0.0,0.0,0.0,0.0,0.0,0.0,0.12265198714132888,2826.944935857226,1385860007.2831671,-0.6752066277604514,5.126084257950844,100.0,IMRPhenomXP,20.0,32.43948825031355,16.480817971631197,15.958670278682352,-0.1075351927690189,-0.3625006134794351,(1.8896912043664316+0.25459098946977177j),2.586973403749562,(2.1024172662477203+1.291365019407259j),3.1080993731254147,0.2499352292767049,0.972716763777374,0,0,0.6817667584345125,0,0,0.5581173665758321,0.0,0.0,0.6209371960318689,0.0,0.0,0.0,1.0,1.0,0.48687303013809985,1901.2685567792905,11.08421340462438,10.73304172932649,9.495035566452902,21.817255133950873
16.341704371419503,0.9219498520869375,0.6829972580280721,0.07447287220313097,2.1157977397987673,2.093753348496724,-0.00016433218602388542,0.0,0.0,0.0,0.0,0.0,0.0,1.2793947440531879,4927.433861962609,1385860007.2565966,-0.6739490966313801,5.160232490853293,100.0,IMRPhenomXP,20.0,37.58057601114977,19.55335929828925,18.02721671286052,0.00366587458616241,-0.10897344064954773,(1.3733024043291946+0.9290420200744196j),1.495160300030122,(1.296103819042434+2.4029151483851496j),1.7209038272607438,0.24958770946385184,2.1157977397987673,0,0,0.6829972580280721,0,0,0.07447287220313097,0.0,0.0,0.3910911154752843,0.0,0.0,0.0,1.0,1.0,0.7702547486303797,2783.4603244565187,11.045505915697953,10.183402545203121,9.231272721659321,21.228908460901074
15.158889833657732,0.5557918154338327,0.6947039298345763,0.4801899118601964,1.2646544312685422,1.3070435425924023,2.0346480917848755e-05,0.0,0.0,0.0,0.0,0.0,0.0,1.453023562145393,3007.630288577084,1385860007.280881,-0.6693392822794646,5.269126031035814,100.0,IMRPhenomXP,20.0,36.648979614409555,23.556480533476766,13.092499080932791,0.2667904693688956,-0.45962889166791854,(1.7634466324353317+0.0947327551965183j),2.3813336672550123,(2.153490550210277-1.1932044201179204j),2.8867352616697497,0.22961971954263066,1.2646544312685422,0,0,0.6947039298345763,0,0,0.4801899118601964,0.0,0.0,0.6180708390166121,0.0,0.0,0.0,1.0,1.0,0.5127368368740417,1988.2045609366448,15.572094206520735,8.654842509148827,10.020837375113077,24.22693671566956
12.239163526564468,0.7360205489564384,0.39193236387050884,0.3361417711768536,2.156628501931746,2.245260073244048,6.307381431015882e-05,0.0,0.0,0.0,0.0,0.0,0.0,3.5765490521889647,4502.445803322495,1385860007.2978747,-0.667716295604488,5.1343194537759596,100.0,IMRPhenomXP,20.0,28.515671794968586,16.4258837904367,12.089788004531883,-0.06573062627804882,-0.2619097056700266,(2.5485830565189085-0.3519837556444453j),1.4141154504460567,(0.6045249809640585+0.6426966492865556j),1.6047261012416758,0.24421943181376266,2.156628501931746,0,0,0.39193236387050884,0,0,0.3361417711768536,0.0,0.0,0.3682788289594889,0.0,0.0,0.0,1.0,1.0,0.7154918837891934,2624.580064105379,9.575028565075495,7.047417780740445,7.1344922364368735,16.62244634581594
12.50193412484355,0.6556451283990774,0.7708606552826357,0.7856724469660313,1.1276923001916732,3.066942951768974,0.0002245182739537129,0.0,0.0,0.0,0.0,0.0,0.0,2.156999833306365,3217.7434858837814,1385860007.2492068,-0.6669959322176329,5.215176306042381,100.0,IMRPhenomXP,20.0,29.494199241270515,17.814324298945554,11.679874942324963,0.039081370819812555,-0.4176393880710849,(2.537859506885651+1.0348229702379432j),1.9846551746104952,(1.2633256058422262-0.5229828740425231j),2.4750509888337344,0.2391852132519614,1.1276923001916732,0,0,0.7708606552826357,0,0,0.7856724469660313,0.0,0.0,0.776726211188007,0.0,0.0,0.0,1.0,1.0,0.5423859823384356,2086.2115796212815,11.549848418576119,7.572601849387221,8.10558074826975,19.122450267963337
15.29126022861253,0.7042324136131639,0.49487186582632686,0.48969920005563083,0.9989856036616704,0.7889946871802821,0.000130621713721561,0.0,0.0,0.0,0.0,0.0,0.0,0.15501317046616372,3910.163014515976,1385860007.2769883,-0.666754898080943,5.143482480901441,100.0,IMRPhenomXP,20.0,35.780652679790855,20.99517201643399,14.785480663356866,0.04458065884515827,-0.36885524358373045,(3.071931634624879+0.7787089693302373j),2.0542960230367946,(1.6029523727935628+0.1539544104309132j),2.3256962388486326,0.24247019861237268,0.9989856036616704,0,0,0.49487186582632686,0,0,0.48969920005563083,0.0,0.0,0.4927343880554467,0.0,0.0,0.0,1.0,1.0,0.6372538612463936,2388.244776276691,12.823406628249439,9.030658600555146,9.339578052344148,21.854065228804583
14.269764447313829,0.5900893871444519,0.20288791692580235,0.27084858664746764,1.010794473221784,2.774166846529094,-0.00016628001433238553,0.0,0.0,0.0,0.0,0.0,0.0,0.2681814049391155,4808.5385034881765,1385860007.2143264,-0.6662170545274431,5.150983692365738,100.0,IMRPhenomXP,20.0,34.16425609277085,21.485745624731468,12.67851046803938,0.030212024220530598,-0.04707587410165104,(-0.2453105476375354+0.05384126750577429j),1.5605569080856212,(3.2000934196735136-0.1286122460456961j),1.817376015606528,0.23338595983519578,1.010794473221784,0,0,0.20288791692580235,0,0,0.27084858664746764,0.0,0.0,0.22810842985432545,0.0,0.0,0.0,1.0,1.0,0.7550400145382309,2739.8454960743256,12.242310971117425,7.224057778178481,8.130734529758486,19.466368749295906
14.021927326024509,0.5606357974070856,0.17447042271098107,0.302801579221766,2.2457589631867076,0.20425949979440958,-2.6785221963314084e-05,0.0,0.0,0.0,0.0,0.0,0.0,1.8770802227722825,3646.2436153422136,1385860007.216947,-0.6652838843945057,5.0692127739452815,100.0,IMRPhenomXP,20.0,33.85018872861719,21.689998899716063,12.160189828901123,0.06942504656677606,-0.04695428733180673,(-1.6807680683053974+0.37852288595222494j),1.9917930329285058,(2.2544262963791413+0.1581602887524759j),2.362098610696885,0.23018535849958843,2.2457589631867076,0,0,0.17447042271098107,0,0,0.302801579221766,0.0,0.0,0.2205715312349132,0.0,0.0,0.0,1.0,1.0,0.6015695291574391,2276.6689480584464,13.542964264015957,7.59267056941225,8.755116197422428,21.13563483342821
14.468620161656812,0.71267447439116,0.6726265631146009,0.08242720434369365,0.9563241146986916,0.8690986566837154,-0.000239997640309308,0.0,0.0,0.0,0.0,0.0,0.0,2.916920024551596,4080.7853951903658,1385860007.2898552,-0.6630475113922114,5.114717383184094,100.0,IMRPhenomXP,20.0,33.81443872241389,19.743646109068457,14.070792613345436,0.3043260283107454,-0.4671860657527547,(2.47274195542302-0.12898338703314768j),1.9854444725829479,(1.7581176723175194+1.1871643313929146j),2.2667430215905204,0.24296379023595502,0.9563241146986916,0,0,0.6726265631146009,0,0,0.08242720434369365,0.0,0.0,0.42703405613946044,0.0,0.0,0.0,1.0,1.0,0.6600417468804028,2458.2426384727223,11.893463610882842,8.476167927576318,8.715817050292047,20.369631538459156
16.953746223024815,0.5679310399576984,0.1287144262598001,0.13550767905364527,2.045485823535346,1.2243257576229856,-2.609685613666707e-05,0.0,0.0,0.0,0.0,0.0,0.0,5.458649337324098,4080.6200444802967,1385860007.2919996,-0.6624606887544884,5.199569085724056,100.0,IMRPhenomXP,20.0,40.83952329877983,26.0467598752823,14.79276342349753,0.04962331530494524,-0.11266914216612678,(0.9910133519821621-1.597352964481967j),1.9352984970361249,(3.2731715265348+0.7722854317783012j),2.251509341655807,0.23101580316253356,2.045485823535346,0,0,0.1287144262598001,0,0,0.13550767905364527,0.0,0.0,0.13117505687784572,0.0,0.0,0.0,1.0,1.0,0.6600197622597701,2458.17557356949,15.690632405378764,8.911197179580725,10.212978549090181,24.60182958495949
14.090667239798888,0.6443646843402762,0.7630613879041194,0.7996040519461384,1.301572390603972,2.7213513619096577,-4.09985961524579e-05,0.0,0.0,0.0,0.0,0.0,0.0,4.671125112564898,4928.837874750143,1385860007.2978966,-0.6614135638611098,5.280051076332115,100.0,IMRPhenomXP,20.0,33.31580335410683,20.26059284256231,13.055210511544521,-0.13976786833733001,-0.43244104465031397,(-0.5043670357429001-1.3747687434970428j),1.4421262295653443,(0.802777821105759+0.5347537326837712j),1.6750722055045206,0.23830625850077394,1.301572390603972,0,0,0.7630613879041194,0,0,0.7996040519461384,0.0,0.0,0.7773810837748899,0.0,0.0,0.0,1.0,1.0,0.7704339421922546,2783.9716185998486,11.44385698879816,7.374017296222189,7.958877710145458,18.817874285020352
12.368654869243572,0.8113234488459472,0.3647012367168785,0.06888544311332563,0.8923313228921746,0.12963773923679214,-0.0002046608893162811,0.0,0.0,0.0,0.0,0.0,0.0,1.18953887920847,4377.750748101062,1385860007.1862438,-0.6612454936987069,5.0663995252976655,100.0,IMRPhenomXP,20.0,28.60232029683343,15.790840843504174,12.811479453329254,-0.04958231347243203,-0.486665367016051,(1.067285735598544-1.3080320281621984j),1.5688492188933783,(1.925063053760389-1.1630108311991374j),1.8732477947935127,0.24728741192556147,0.8923313228921746,0,0,0.3647012367168785,0,0,0.06888544311332563,0.0,0.0,0.2322001695869583,0.0,0.0,0.0,1.0,1.0,0.6992161483366137,2576.335428786018,9.293014816838957,7.539640831374271,7.279035619659936,16.83265564821323
14.37508763185908,0.7426861864766583,0.7066982288112854,0.7446664982957852,2.1576199707914228,2.1567269986443476,-9.338205701731663e-05,0.0,0.0,0.0,0.0,0.0,0.0,3.9863327017658317,3380.3359117902887,1385860007.2990696,-0.6610068611780435,5.133660870151527,100.0,IMRPhenomXP,20.0,33.46496071687159,19.203090594601335,14.261870122270249,-0.11954372685909931,-0.38938201080976587,(2.1849558199735206-1.0341506184507518j),2.2671947449760546,(2.1959306573831956+0.6036522325202452j),2.6180631538542856,0.24454960680362395,2.1576199707914228,0,0,0.7066982288112854,0,0,0.7446664982957852,0.0,0.0,0.722879288539298,0.0,0.0,0.0,1.0,1.0,0.5650361784980882,2159.9091071427006,12.270061777760233,9.112805389557755,9.185147173820837,21.38286716731799
12.386650108315607,0.7096876361111442,0.5299202559905741,0.007239986308038038,0.8852973844090883,1.144197861014432,-0.00023755108008507075,0.0,0.0,0.0,0.0,0.0,0.0,4.65836782545523,2671.461447287033,1385860007.2415493,-0.6604210295281763,5.060688317204204,100.0,IMRPhenomXP,20.0,28.96100654462816,16.939355431324795,12.021651113303365,-0.08962249736496286,-0.47277746871478454,(3.297813755890449-0.4085699220957116j),2.8452623485929034,(0.46918801826373707-2.069140508988007j),3.314875684405326,0.24279162236193907,0.8852973844090883,0,0,0.5299202559905741,0,0,0.007239986308038038,0.0,0.0,0.3129568076985376,0.0,0.0,0.0,1.0,1.0,0.46432403513329096,1824.3649478461632,11.56803755514597,8.209693226956484,8.458954310060276,19.777730782102452
14.130477466985774,0.8090108237586897,0.15293730786465165,0.17228234942697568,2.0275273459652987,1.2500091306980734,0.000228070669738148,0.0,0.0,0.0,0.0,0.0,0.0,4.269281731328324,3673.6209617762247,1385860007.2852294,-0.6597788210107725,5.20859497877194,100.0,IMRPhenomXP,20.0,32.68237704849536,18.06643532435546,14.615941724139901,0.055421379286829886,-0.0797384937143315,(2.611769080526101-1.1039838380876812j),1.8821738123911222,(1.2964893109932292-0.684672512916981j),2.2146962807628157,0.24721339643053358,2.0275273459652987,0,0,0.15293730786465165,0,0,0.17228234942697568,0.0,0.0,0.16158863698023104,0.0,0.0,0.0,1.0,1.0,0.6052969583976653,2288.436992152783,11.254263723509798,9.104821165754199,8.802407176482896,20.359084889263997
12.740761087351864,0.700676192951972,0.756463089367353,0.17014458700883212,1.110040867325948,1.1022159255698971,5.000830278097958e-05,0.0,0.0,0.0,0.0,0.0,0.0,1.868759594060744,4687.97545021476,1385860007.2429085,-0.6584240221842741,5.2066073668097275,100.0,IMRPhenomXP,20.0,29.82846561476256,17.539179849979195,12.289285764783363,-0.11532775392543115,-0.3081311455507514,(2.6278543839938107+1.272899752916283j),1.476036689996842,(1.6474997623338112-0.5574569328050594j),1.701919824733039,0.24225575177686923,1.110040867325948,0,0,0.756463089367353,0,0,0.17014458700883212,0.0,0.0,0.5149006933084155,0.0,0.0,0.0,1.0,1.0,0.7395294327909882,2694.9676059329204,10.082715198350199,7.064718499799005,7.324257265891701,17.147433698149204
12.456926788492783,0.9414920254700316,0.7252094721564926,0.1763406026970138,2.1090035709667174,2.1606009761463416,-0.00023943026345442278,0.0,0.0,0.0,0.0,0.0,0.0,1.360162966200121,2891.8656350995516,1385860007.2998793,-0.6546013726985982,5.164319969256497,100.0,IMRPhenomXP,20.0,28.634107942034806,14.748506595128838,13.88560134690597,-0.09000688015143599,-0.18887605745100444,(2.085526428809251-1.1920299092997522j),2.0861075907590787,(2.2242404786257834+0.9891172103907699j),2.374727010849581,0.2497729618110187,2.1090035709667174,0,0,0.7252094721564926,0,0,0.1763406026970138,0.0,0.0,0.45904527634953557,0.0,0.0,0.0,1.0,1.0,0.4962067725843884,1932.7981308314727,9.857264961883468,9.280536354558441,8.32567197044297,19.13780131644191
16.29999744832117,0.8261226977528413,0.5398714188072183,0.7554796730331441,1.6224903417108298,2.965024566614025,-0.00010514553685908037,0.0,0.0,0.0,0.0,0.0,0.0,6.086236641484039,2453.09009986445,1385860007.2223766,-0.6538624079451254,5.315401559404743,100.0,IMRPhenomXP,20.0,37.652754194872216,20.618961826172082,17.033792368700134,0.12434191222213142,-0.34073761223628773,(1.086828076055698+0.49737708709165157j),2.6646119629486216,(2.7724890447813992-0.5871044703286944j),3.411972504792823,0.24773344696109667,1.6224903417108298,0,0,0.5398714188072183,0,0,0.7554796730331441,0.0,0.0,0.6374107971075312,0.0,0.0,0.0,1.0,1.0,0.4321602910157782,1712.860018974351,14.397104818167955,11.893775072215343,11.381405803927288,26.290879890383298
12.053798424916966,0.606604751031671,0.11378616096758104,0.45565589872874157,2.148481796203885,2.4883980315119123,-0.00022144327428766223,0.0,0.0,0.0,0.0,0.0,0.0,2.495321560259847,3778.1348177869913,1385860007.1348166,-0.6527281012873067,5.139677463529667,100.0,IMRPhenomXP,20.0,28.738976438934447,17.888019079042245,10.8509573598922,-0.08893822854985611,-0.3654769826304676,(1.7062794157232877+1.4616955626535246j),1.7084475157371741,(2.261496270869696-0.17603727534068608j),1.9305158343589697,0.23501074195734523,2.148481796203885,0,0,0.11378616096758104,0,0,0.45565589872874157,0.0,0.0,0.24286570403920696,0.0,0.0,0.0,1.0,1.0,0.6194708852286833,2332.943951350212,11.045594732329072,6.700310242601213,7.443047315552613,17.745904974930287
14.98196092631008,0.7401125675740167,0.7519683856809933,0.6243391047135699,1.0534525595427375,0.18628267817067087,8.413898180000836e-05,0.0,0.0,0.0,0.0,0.0,0.0,1.1699018673038761,3777.8089826298574,1385860007.2279053,-0.6511784212660956,5.1764825640697785,100.0,IMRPhenomXP,20.0,34.88854075826553,20.049588405022266,14.838952353243263,0.12009069695557084,-0.2941421003332292,(-0.4102156871501571-0.04299420706877109j),1.8764611843183896,(2.6324476185621917+0.6423284896236373j),2.3191927674850623,0.2444235748345917,1.0534525595427375,0,0,0.7519683856809933,0,0,0.6243391047135699,0.0,0.0,0.6976845211801369,0.0,0.0,0.0,1.0,1.0,0.6194268339980606,2332.806220060579,12.3806694962091,9.163089089124623,9.251397230044924,21.543758585333723
15.482490089934322,0.8989765149425721,0.7121168467006577,0.6461097651438372,1.3149665465509162,1.3051334067232583,0.00016474640979514097,0.0,0.0,0.0,0.0,0.0,0.0,5.184267976156975,3852.6758181378405,1385860007.2823138,-0.6460305064687866,5.283650532767901,100.0,IMRPhenomXP,20.0,35.629958412255405,18.762716722346042,16.867241689909363,0.22456699865798235,-0.47499300525380006,(1.5523977162423666-0.4930034431955795j),1.89436149945323,(2.7033686012698297+0.2820676728120084j),2.3117792990462784,0.249292468932815,1.3149665465509162,0,0,0.7121168467006577,0,0,0.6461097651438372,0.0,0.0,0.6808690583933467,0.0,0.0,0.0,1.0,1.0,0.6295273273715265,2364.2904086245762,11.514208081806663,10.351002653706152,9.501215370783633,21.865210735512814
16.107795445394597,0.7122119953589093,0.21317059864899904,0.0892630736112766,0.6749371258360771,2.1553751744336953,0.0002381828920952883,0.0,0.0,0.0,0.0,0.0,0.0,1.8368171384225347,4746.364883986294,1385860007.217357,-0.6458451030192607,4.846491798483007,100.0,IMRPhenomXP,20.0,37.64779784127528,21.98781339187128,15.659984449403993,-0.0876262788850024,1.1803534957596007,(3.639170170979157+0.5799168134578276j),2.139788854080076,(0.8579312833595792+0.17311974750810968j),2.4846615762962228,0.24293730723796708,0.6749371258360771,0,0,0.21317059864899904,0,0,0.0892630736112766,0.0,0.0,0.16163000327511723,0.0,0.0,0.0,1.0,1.0,0.7470518489780762,2716.7853552386146,12.585667337081539,8.963663247066293,9.219987062671736,21.54933058414783
12.480799908099414,0.8748054945327648,0.5086946665316819,0.4651479171801368,2.0160114351209035,2.4027690404830486,0.0001500860279917519,0.0,0.0,0.0,0.0,0.0,0.0,4.583138575613534,4700.052968749629,1385860007.2609143,-0.6443245843498799,5.214171700908935,100.0,IMRPhenomXP,20.0,28.75033970549192,15.33510531590213,13.415234389589793,-0.11102250185747087,-0.16155895904157402,(0.5252000197371391+1.9395823265287615j),1.3005414317852888,(0.056027397373363805-1.7173935956686694j),1.4344185182476874,0.24888519704465573,2.0160114351209035,0,0,0.5086946665316819,0,0,0.4651479171801368,0.0,0.0,0.4883752596850177,0.0,0.0,0.0,1.0,1.0,0.7410870351768539,2699.4933783322344,8.807776409836077,7.705091197940669,7.1683951783786934,16.512867607776744
13.391263519411911,0.6991840016448355,0.24415943041548083,0.7718183254644377,1.0559398335465469,0.8641853997173562,-0.00017022913055552964,0.0,0.0,0.0,0.0,0.0,0.0,2.234908595451457,3563.905066838627,1385860007.29569,-0.6427267343608283,5.17789383183672,100.0,IMRPhenomXP,20.0,31.35849125468856,18.45502972269811,12.903461531990445,-0.09377856675429053,-0.3703550239825901,(1.740710686273971-1.6700693032902139j),1.9349726354682903,(1.892416437959481+1.7916554002300045j),2.169337282096101,0.24216460225499561,1.0559398335465469,0,0,0.24415943041548083,0,0,0.7718183254644377,0.0,0.0,0.46128168285352844,0.0,0.0,0.0,1.0,1.0,0.5903217223432343,2240.9962696626517,11.604588847284207,8.113742867687202,8.420474506051999,19.718331714971413
15.0582004868072,0.880587087225859,0.06359288139602688,0.310323364288273,0.9289507528156534,0.11851129775095852,-5.949007869889911e-05,0.0,0.0,0.0,0.0,0.0,0.0,4.819282860295061,4632.8540006307885,1385860007.172795,-0.635364520265076,5.0948342508239675,100.0,IMRPhenomXP,20.0,34.678621622118364,18.440316780689162,16.238304841429198,0.037418432672041924,-0.13253836159510568,(0.7811740688776405-0.12187519711224448j),1.6479030254046574,(-0.5164966341034647+0.26597407132703405j),1.9752532948196302,0.24899201123129366,0.9289507528156534,0,0,0.06359288139602688,0,0,0.310323364288273,0.0,0.0,0.17912471649993278,0.0,0.0,0.0,1.0,1.0,0.7324095485115192,2674.2256329263178,10.644317215021717,9.373248291884039,8.692055813098674,20.017565506905758
12.487629678140987,0.9141611189503034,0.16130184188002686,0.3613688633915268,2.1725965760918293,1.5801704353176556,-0.00015538755611800174,0.0,0.0,0.0,0.0,0.0,0.0,0.0386073889437098,3547.0547137302015,1385860007.2982187,-0.6322766943684601,5.123539123431564,100.0,IMRPhenomXP,20.0,28.723711244378162,15.005900475154258,13.717810769223906,-0.09633251118845765,-0.4607684230046931,(1.8747309833579786-0.1771240640142236j),1.8566922198185518,(1.7696900066289138+1.7356013182950314j),2.2413880943279585,0.24949725110667054,2.1725965760918293,0,0,0.16130184188002686,0,0,0.3613688633915268,0.0,0.0,0.2568494373459212,0.0,0.0,0.0,1.0,1.0,0.5880128721898917,2233.643553348816,9.44948289648365,8.638349858151246,7.863682906373657,18.087832754634896
16.863838192104247,0.6609607643578614,0.7943443121584542,0.7105882088383361,1.9234832976660854,0.7067747728677397,-0.0001631062214648374,0.0,0.0,0.0,0.0,0.0,0.0,2.3317856972797983,3978.5339075742777,1385860007.2898676,-0.6319808708067527,5.2532104227408,100.0,IMRPhenomXP,20.0,39.74497854327678,23.92890873532612,15.816069807950662,0.2161634503113632,-0.34076077686667494,(1.787871851267422-1.4345762600348637j),1.7189572787854293,(1.9356603284925236-0.2006643050701917j),1.832071949336641,0.2395835152571771,1.9234832976660854,0,0,0.7943443121584542,0,0,0.7105882088383361,0.0,0.0,0.7610145073502691,0.0,0.0,0.0,1.0,1.0,0.6464109062635897,2416.489023228765,14.533983372128558,9.60639275880654,10.24278819336511,24.140376130935095
14.264756674097779,0.8404040886227482,0.6928618398840993,0.08608044053939486,1.0907621450853464,1.433456538492615,0.0002342556485905877,0.0,0.0,0.0,0.0,0.0,0.0,2.9326282874736846,4997.100309678284,1385860007.2133214,-0.6311389597150159,5.196804473667288,100.0,IMRPhenomXP,20.0,32.920566597355936,17.88768390641415,15.032882690941783,0.14930271572192488,-0.39384370596651763,(1.6161720132890063+1.1501751606762698j),1.4249305813158832,(1.1755614754249775-0.8839294129828139j),1.7383318318801482,0.2481200030178215,1.0907621450853464,0,0,0.6928618398840993,0,0,0.08608044053939486,0.0,0.0,0.4157805336307901,0.0,0.0,0.0,1.0,1.0,0.7791333413345021,2808.727245152809,10.054155858265721,8.449553690936867,8.017812011435856,18.50370954920259
14.191607457790166,0.6032950318243698,0.22082072254007015,0.21067394754369229,2.1518762879257136,0.7411146230207826,0.00018620854856955246,0.0,0.0,0.0,0.0,0.0,0.0,4.809870544283638,2961.74279766979,1385860007.2157276,-0.6309634450859876,5.137456490193639,100.0,IMRPhenomXP,20.0,33.86334668489498,21.12109500293423,12.742251681960745,0.054071451347960764,-0.052248471578917766,(-0.3104878773781155+0.6815122738969867j),2.354741399133676,(3.2190236884572494+2.025282764662367j),2.649389137973765,0.23469446926044338,2.1518762879257136,0,0,0.22082072254007015,0,0,0.21067394754369229,0.0,0.0,0.21700264862176644,0.0,0.0,0.0,1.0,1.0,0.5062016426449698,1966.365389245659,14.022753929443649,8.459857778129013,9.422116571901324,22.482611707572666
15.793234207289311,0.6960431604325816,0.6903252396456611,0.03161613744479306,1.869434762807562,1.3519996526952862,0.00019814663681848478,0.0,0.0,0.0,0.0,0.0,0.0,0.02715551472721159,3874.155959357171,1385860007.21662,-0.6299687907917884,5.271466800335472,100.0,IMRPhenomXP,20.0,37.00101634919279,21.81608181466063,15.184934534532156,0.050310449127998425,-0.1861550208110998,(1.3908054999856605+1.7961888760195432j),1.803247257415971,(2.453498312382007-2.0160059037736175j),2.2107151900537745,0.24197047139895464,1.869434762807562,0,0,0.6903252396456611,0,0,0.03161613744479306,0.0,0.0,0.41999605463561623,0.0,0.0,0.0,1.0,1.0,0.632417289969407,2373.263237490611,13.36428004574093,9.302115719943604,9.674753082029223,22.666395765684534
15.443426550745638,0.9645605349549573,0.6085546922358771,0.0999394511963021,0.9138473638083052,1.9427161045601113,2.3794828351461042e-06,0.0,0.0,0.0,0.0,0.0,0.0,5.729673021602336,4316.180884981078,1385860007.216509,-0.6293628801214015,5.083366601996082,100.0,IMRPhenomXP,20.0,35.486606618588276,18.06338159969293,17.423225018895348,-0.03547634453246973,-0.20398282891480823,(2.1697313107119305+0.7250486911028409j),1.8613908533858592,(1.7608912522331734-2.522853562482155j),2.196071557521253,0.24991864514169967,0.9138473638083052,0,0,0.6085546922358771,0,0,0.0999394511963021,0.0,0.0,0.35883462494631146,0.0,0.0,0.0,1.0,1.0,0.6911428510156016,2552.2272514782026,10.68116841155383,10.302633516992355,9.131946802407152,20.983801928546185
16.77183047244325,0.6954279570942787,0.11034557075469396,0.28960624013084807,0.8245382045837677,2.5643836357765744,9.97019480648289e-05,0.0,0.0,0.0,0.0,0.0,0.0,0.8134462553738125,3173.0400080802387,1385860007.2137501,-0.6270411788545922,5.007811266342545,100.0,IMRPhenomXP,20.0,39.29745132959244,23.17848491595164,16.118966413640802,-0.19018010463468427,0.3929088146979858,(1.839881022062776-0.8303846020620534j),3.0557564661743823,(2.2861099604004496-1.4787564332865086j),3.5188375865634502,0.24193208338798478,0.8245382045837677,0,0,0.11034557075469396,0,0,0.28960624013084807,0.0,0.0,0.18387442851003388,0.0,0.0,0.0,1.0,1.0,0.5361145933574698,2065.627153769957,15.089033732366714,10.493335903026443,10.918345900083686,25.582369635393157
16.463670067008017,0.7341634402316717,0.34695249764033753,0.6599206311010977,1.873147035921712,2.5593791559100594,-0.00011105232932982203,0.0,0.0,0.0,0.0,0.0,0.0,1.3613821661048089,4447.365621850467,1385860007.26748,-0.6257962764605538,5.270316446264702,100.0,IMRPhenomXP,20.0,38.36710523929794,22.124272919842188,16.24283231945575,0.001681130481351989,-0.1299966023762713,(2.4938894006960344-0.36958156717221896j),1.6636417980572744,(0.8581554129994238+2.3246067329096003j),1.8288439895418904,0.2441252502367098,1.873147035921712,0,0,0.34695249764033753,0,0,0.6599206311010977,0.0,0.0,0.47944852207142635,0.0,0.0,0.0,1.0,1.0,0.7083147666265153,2603.364276811942,12.950934659150649,9.50810274357763,9.637375025165623,22.45903740272828
16.582554721147204,0.9122841856963952,0.004463715873295193,0.012770847737006985,0.975357647776889,1.792744812323858,-1.7394885183771012e-05,0.0,0.0,0.0,0.0,0.0,0.0,3.4729429400990313,4443.189749446466,1385860007.2110434,-0.6248264060415276,5.127878448512012,100.0,IMRPhenomXP,20.0,38.1448816180482,19.947287073420526,18.197594544627677,0.07590986435159941,-0.07936162349832987,(2.3958110219868907+0.4012961641755557j),1.6528556571509607,(2.06500860427385-1.3437340368199815j),1.97505276251939,0.24947399370620993,0.975357647776889,0,0,0.004463715873295193,0,0,0.012770847737006985,0.0,0.0,0.008426759172217338,0.0,0.0,0.0,1.0,1.0,0.7077698586983829,2601.7497382608994,11.680313346567564,10.655765150052128,9.71006405616386,22.33607849661969
15.062931301294235,0.9219326645570851,0.48766803646239326,0.08650214232423742,2.0451421453239305,2.4113454912381753,8.789871205735112e-05,0.0,0.0,0.0,0.0,0.0,0.0,0.5686414730418119,4521.550613165251,1385860007.1886604,-0.6232671308107447,5.199745620285391,100.0,IMRPhenomXP,20.0,34.63983186946197,18.023436777086474,16.616395092375495,-0.018047826396298206,-0.1272598424886744,(1.6273607719790801+0.4005152925734578j),1.5666944574885444,(-0.4207316011318408-0.6685944373531046j),1.7360721086086548,0.24958752048435764,2.0451421453239305,0,0,0.48766803646239326,0,0,0.08650214232423742,0.0,0.0,0.29523260491336545,0.0,0.0,0.0,1.0,1.0,0.7179768649734737,2631.9042642818913,10.49108235655127,9.672071511063136,8.767831283645844,20.163153867614408
13.89636003064342,0.5693951540814908,0.4399048044072938,0.10121366750444416,2.3648300223566774,1.4770435060316558,-2.9791829593023983e-06,0.0,0.0,0.0,0.0,0.0,0.0,1.4538175557064847,4791.39489162282,1385860007.264814,-0.6229072916765146,4.961454162589578,100.0,IMRPhenomXP,20.0,33.46043372394565,21.32059197259903,12.13984175134662,0.08500544663869825,-0.43029825048728965,(0.2553318820699582-0.3648180633510929j),1.8165487867208716,(0.8855517103222472+0.21663622234297897j),2.1450808848972365,0.23117941059888303,2.3648300223566774,0,0,0.4399048044072938,0,0,0.10121366750444416,0.0,0.0,0.31702364756078827,0.0,0.0,0.0,1.0,1.0,0.7528395995888846,2733.5044787880765,12.163458640254142,6.925814406631347,7.927913103915902,19.08927304688549
15.353285319757958,0.52890948622518,0.7977836121097117,0.5205059129184287,1.8915949696420382,1.243713806987154,0.00018817959469243393,0.0,0.0,0.0,0.0,0.0,0.0,4.531849966481757,4797.53481081569,1385860007.294977,-0.6196729155176568,5.26437483322296,100.0,IMRPhenomXP,20.0,37.448173245077825,24.493387988281736,12.954785256796088,0.25620819277829954,-0.43627806878600683,(3.0163261297590354-0.9175028191629941j),1.584987404163741,(1.7392049839823118+1.1035915876084754j),1.8898139477850877,0.22626522187625098,1.8915949696420382,0,0,0.7977836121097117,0,0,0.5205059129184287,0.0,0.0,0.7018624298930674,0.0,0.0,0.0,1.0,1.0,0.7536278677394703,2735.7770303424436,13.9672666241642,7.387419814156791,8.755155869842127,21.354686438320993
13.382244795784636,0.6687902561894999,0.08456662240167256,0.5635606284568304,2.31144132783948,0.3940778547992582,0.00015893206665530392,0.0,0.0,0.0,0.0,0.0,0.0,5.738158377007797,4918.333064352333,1385860007.249831,-0.6159394560591744,5.012972212791234,100.0,IMRPhenomXP,20.0,31.494673763983318,18.872757464378996,12.621916299604326,0.045683460145837795,-0.3735092993819853,(1.467104571716177-1.0265136379422533j),1.547924657029832,(-0.3645696409731393-0.0781764191546217j),1.8108989802967288,0.24015212091557692,2.31144132783948,0,0,0.08456662240167256,0,0,0.5635606284568304,0.0,0.0,0.27652994603369097,0.0,0.0,0.0,1.0,1.0,0.7690929338614109,2780.14396795248,10.668041855316952,7.134682445457733,7.564466817791828,17.80272430077468
13.676503012834193,0.9161977255805471,0.0806059948293279,0.5097292630626601,0.7683200483326813,1.4518013208896936,0.0002279768683731999,0.0,0.0,0.0,0.0,0.0,0.0,4.106625009285151,4182.195127908743,1385860007.2984147,-0.6139251995399522,4.952791544756136,100.0,IMRPhenomXP,20.0,31.45646559542922,16.41608544645303,15.040380148976189,0.07169433436114137,-0.40244358357492516,(1.6969453816789695+0.2981335439015676j),2.0863999888918547,(2.158591016937825-0.3321020488336071j),2.464735127285181,0.24952184249211168,0.7683200483326813,0,0,0.0806059948293279,0,0,0.5097292630626601,0.0,0.0,0.28578407071393136,0.0,0.0,0.0,1.0,1.0,0.6734869121623408,2499.0904335264277,9.809509310856534,8.987450119667956,8.172458902091174,18.79695943052449
15.913577177854625,0.682374206917675,0.2521159478342176,0.5823273465199948,1.90327237107003,2.653729480521905,0.00018999868840656697,0.0,0.0,0.0,0.0,0.0,0.0,3.4580691120721188,3445.3425910335122,1385860007.214493,-0.613770449833893,5.260418806454411,100.0,IMRPhenomXP,20.0,37.364689262607904,22.209499592284406,15.155189670323498,0.08490349322754787,-0.13754745080242614,(0.3179390769579499+0.32073200066993934j),2.1334818306088588,(2.927501907513905-1.4161659193740117j),2.411552598357985,0.24108900231650834,1.90327237107003,0,0,0.2521159478342176,0,0,0.5823273465199948,0.0,0.0,0.38605032483956453,0.0,0.0,0.0,1.0,1.0,0.5740242892552977,2188.8751093499213,14.110010718317545,9.628307373511829,10.1101217347692,23.738318091829374
16.519458646235908,0.5073070590421273,0.10763408391264076,0.3180820357932353,2.303565557139834,3.129690056225396,-8.690077655166965e-05,0.0,0.0,0.0,0.0,0.0,0.0,5.476079794699398,3394.1316114446613,1385860007.2953565,-0.6130465561867471,5.020116150258624,100.0,IMRPhenomXP,20.0,40.61396100337798,26.944716247257272,13.66924475612071,-0.1310720217901422,0.08964843114834142,(0.848781892640135-1.4745676855774947j),2.620815961648089,(3.641517880440304+0.21029636600353085j),3.0852544562155413,0.2232890568792475,2.303565557139834,0,0,0.10763408391264076,0,0,0.3180820357932353,0.0,0.0,0.1784635349588192,0.0,0.0,0.0,1.0,1.0,0.5669468027983687,2166.079681570483,17.195680286744526,8.723489994497049,10.542450207457103,25.919170281241573
16.796383863185188,0.537640619303049,0.7200732547417451,0.13634861201218387,1.2370336251450123,1.3496861539124163,0.00023421086916870174,0.0,0.0,0.0,0.0,0.0,0.0,4.366426937594925,4646.522779313486,1385860007.2210298,-0.6118333657775188,5.259973604978861,100.0,IMRPhenomXP,20.0,40.845701527529414,26.563880411824147,14.281821115705267,-0.04750076867763475,-0.17998879365776155,(1.4240015863698152-0.12555103506325213j),1.6414002816648299,(0.9960798443799037-2.1767434131241834j),2.0035158746222166,0.22739577252008208,1.2370336251450123,0,0,0.7200732547417451,0,0,0.13634861201218387,0.0,0.0,0.515972195963901,0.0,0.0,0.0,1.0,1.0,0.7341767912092662,2679.3823907949254,15.317861792684225,8.235504700617259,9.685508391259711,23.553366493301482
15.133459555108544,0.5651351002177427,0.7645297211194809,0.42759396833329016,1.3458419819750478,2.7932938088264465,-0.0001654079672440971,0.0,0.0,0.0,0.0,0.0,0.0,3.363701071298127,4947.510836480013,1385860007.2816787,-0.6092078164745827,5.291219736232525,100.0,IMRPhenomXP,20.0,36.484554590456156,23.310802106080427,13.17375248437573,0.25282942689455856,-0.39915984952429673,(1.5627461674653071+0.11415596345981467j),1.4381299836387662,(2.941803781361653-0.5316941944672381j),1.7039166697555923,0.23070054450913952,1.3458419819750478,0,0,0.7645297211194809,0,0,0.42759396833329016,0.0,0.0,0.6428697951544483,0.0,0.0,0.0,1.0,1.0,0.7728161689714286,2790.7635864307813,13.149023860497131,7.430974917167536,8.536395267586506,20.579998777664667
14.256929418385344,0.9625728694150029,0.029019296963278318,0.023940810004983427,0.9012752264441471,2.283730075051424,5.725182279907521e-06,0.0,0.0,0.0,0.0,0.0,0.0,4.5124897919292675,3498.325705045786,1385860007.2151055,-0.6086302424747325,5.073543762654417,100.0,IMRPhenomXP,20.0,32.7609720006438,16.692869096070343,16.068102904573454,-0.049052461970729766,-0.14871811878463115,(1.4461323549199472+1.0851244391398713j),2.128950450988978,(2.9262582154612833-0.6722968849220995j),2.42665594956774,0.24990907956772987,0.9012752264441471,0,0,0.029019296963278318,0,0,0.023940810004983427,0.0,0.0,0.026528477977693487,0.0,0.0,0.0,1.0,1.0,0.5813223118822356,2212.278725411514,10.556272412422329,10.161181426351796,9.015827647062938,20.717453838774123
15.927319950720591,0.8357059009610666,0.18207780266216267,0.09917472329822488,2.6656088866689127,2.6912184810333057,8.735351048886296e-05,0.0,0.0,0.0,0.0,0.0,0.0,5.7548681475143395,4713.655603154745,1385860007.296484,-0.6071232503121422,4.536317333065234,100.0,IMRPhenomXP,20.0,36.76836750396771,20.02955238348255,16.738815120485164,-0.1774035524408566,1.123982294631686,(0.5882867096289285-2.1452371772928522j),2.4381758610270423,(3.884624741406701-0.6509660586845323j),2.8434107257240084,0.24799747599432248,2.6656088866689127,0,0,0.18207780266216267,0,0,0.09917472329822488,0.0,0.0,0.14433614012459922,0.0,0.0,0.0,1.0,1.0,0.742840313213895,2704.582604600137,11.492477097082368,9.604330926691645,9.138714447882906,21.09680802377401
16.534467393503952,0.7548110363519975,0.7657589469405375,0.7862118124271796,1.3488239702350822,0.03937649307015167,7.442791557071577e-05,0.0,0.0,0.0,0.0,0.0,0.0,5.852625741462323,3790.581064128157,1385860007.2811112,-0.6041946685625887,5.291897419811683,100.0,IMRPhenomXP,20.0,38.43825766234879,21.904499610542942,16.533758051805844,0.14885263711557428,-0.4222835286318021,(1.0769356309160927-0.5729695897620385j),1.4824967017261244,(2.686658620776397-0.09055593833241316j),2.044319118226148,0.24511931105205098,1.3488239702350822,0,0,0.7657589469405375,0,0,0.7862118124271796,0.0,0.0,0.7745565030730962,0.0,0.0,0.0,1.0,1.0,0.6211530377246081,2338.2006425888803,13.511679095569724,10.198764500982604,10.199202054798686,23.71044359655233
12.702997823692245,0.7083312857663697,0.742027258877235,0.4621891366032469,2.0072855294775005,2.334412265516508,0.00012234374384426772,0.0,0.0,0.0,0.0,0.0,0.0,1.3166523061505917,4164.5607927781075,1385860007.100625,-0.5963697013802336,5.218288806818951,100.0,IMRPhenomXP,20.0,29.70645868303446,17.38916738840144,12.317291294633018,-0.14360370258102995,-0.15881909160378482,(1.0808060574451015-1.0129343126383057j),1.4539635054207012,(2.330792335777166-0.49049130069279295j),1.5974112703028043,0.2427125512422365,2.0072855294775005,0,0,0.742027258877235,0,0,0.4621891366032469,0.0,0.0,0.6259970142705172,0.0,0.0,0.0,1.0,1.0,0.6711540556414521,2492.0268557719637,10.405484359565413,7.37053011543282,7.6013326125198875,17.776014474998235
14.629063595263327,0.8009669187484394,0.7072430552462244,0.3939276987101916,1.7293930147037813,1.2548654402651211,4.858241191361181e-05,0.0,0.0,0.0,0.0,0.0,0.0,2.88663913226994,4966.829872000237,1385860007.2715971,-0.5932413247178254,5.304108757037207,100.0,IMRPhenomXP,20.0,33.85748251517409,18.799613786744594,15.057868728429499,0.11367106053388865,-0.3276299421084503,(-0.4978206764981636-0.6890050437294198j),1.335613870787908,(0.5741750504577987-0.3728064227223844j),1.6023877747735018,0.24694663255746357,1.7293930147037813,0,0,0.7072430552462244,0,0,0.3939276987101916,0.0,0.0,0.5678983326370867,0.0,0.0,0.0,1.0,1.0,0.7752788052130579,2797.774545922204,10.589668356057674,8.481974033719366,8.240431616884898,19.07164238977704
14.814016623958546,0.5936352063380834,0.7562467567583764,0.41944095402738085,1.8230252085568466,1.1693126778623286,-9.48983756430638e-06,0.0,0.0,0.0,0.0,0.0,0.0,4.1701227912249665,4962.649315071353,1385860007.2520313,-0.5893623906459036,5.284585465389352,100.0,IMRPhenomXP,20.0,35.43461648341183,22.23508638770278,13.199530095709049,0.11534004727130753,-0.3230683189966448,(1.4826699639539638-0.17220858910012696j),1.433576062044281,(-0.7367773174383102-1.001460493278632j),1.668508015233409,0.2337447247719419,1.8230252085568466,0,0,0.7562467567583764,0,0,0.41944095402738085,0.0,0.0,0.6307853077361074,0.0,0.0,0.0,1.0,1.0,0.7747460789197855,2796.258793620136,12.528601500692627,7.437418936991288,8.347118948404846,19.966020437683916
16.417874343701925,0.7834864526615108,0.39157039885783496,0.772787556816044,1.0325687871461557,1.479441953618313,-0.00014360817954651398,0.0,0.0,0.0,0.0,0.0,0.0,4.574937429967562,4104.72649828371,1385860007.1811244,-0.5882132218164848,5.164307852672501,100.0,IMRPhenomXP,20.0,38.05588362142153,21.33791572379506,16.717967897626465,-0.004540512082938264,-0.304128857866961,(0.7023859151340911+0.006293328427011516j),2.0747988427698414,(0.19663503120455952-1.0890461520560744j),2.5284950957612513,0.24631556813112745,1.0325687871461557,0,0,0.39157039885783496,0,0,0.772787556816044,0.0,0.0,0.5590392788914679,0.0,0.0,0.0,1.0,1.0,0.663222425982927,2467.9359930718747,12.8292616732755,10.051552718660899,9.871123721771207,22.8808143919364
12.104214818791167,0.8575558809447348,0.6904762738643185,0.4458611776103254,0.6475210008643737,0.8962084450716329,-1.4492150227733312e-05,0.0,0.0,0.0,0.0,0.0,0.0,6.170705843176671,4904.710795170402,1385860007.23373,-0.5842153064585176,4.81125015885437,100.0,IMRPhenomXP,20.0,27.906760806457495,15.023376197040376,12.883384609417119,-0.20009897832134316,-0.6940118943446016,(-0.7403729427462484+0.8248334334812142j),1.8655723919912641,(2.3105101479450165-1.464937116659458j),2.185946210254339,0.2485299054046301,0.6475210008643737,0,0,0.6904762738643185,0,0,0.4458611776103254,0.0,0.0,0.5775477119231366,0.0,0.0,0.0,1.0,1.0,0.7673530483888995,2775.17317560185,8.50049525234108,7.289649694587891,6.848781475679261,15.79014494692897
16.79602920386113,0.7316944734480784,0.6961926397463479,0.6359122521534989,1.6092865726729866,1.4423515202829593,8.323919117684636e-05,0.0,0.0,0.0,0.0,0.0,0.0,2.0480363526339658,3526.1818908925443,1385860007.215918,-0.5817502739007736,5.315997358014867,100.0,IMRPhenomXP,20.0,39.15383274924362,22.610127450070408,16.543705299173208,0.08451874193902187,-0.32649890979231255,(0.5514119194561171+0.0229273995615067j),1.8105922521117113,(2.7829865257507582+0.32936220637473146j),2.3783055688698846,0.24399854293442116,1.6092865726729866,0,0,0.6961926397463479,0,0,0.6359122521534989,0.0,0.0,0.6707223116167143,0.0,0.0,0.0,1.0,1.0,0.5851495013613649,2224.510614801084,14.26371924582021,10.436684542981638,10.595864421265183,24.70040378880185
16.18920786395126,0.8167847436148468,0.29377485818182864,0.35867207083294395,2.112357679597682,1.4457967984610982,0.0001416773917579563,0.0,0.0,0.0,0.0,0.0,0.0,1.9625132324672543,4510.059199615594,1385860007.2472832,-0.5801028255789822,5.162309942103168,100.0,IMRPhenomXP,20.0,37.42184521597716,20.597842065493744,16.824003150483414,-0.021482639226406697,0.13614032270470222,(1.5444068087875467+0.20246497883195194j),1.800778619572346,(1.163563798718554+0.09640840579627745j),2.174955827507617,0.2474575271177393,2.112357679597682,0,0,0.29377485818182864,0,0,0.35867207083294395,0.0,0.0,0.32295115624512677,0.0,0.0,0.0,1.0,1.0,0.7164824310340011,2627.500911936634,12.00003081481335,9.801442092447584,9.431618740308899,21.801472907260933
14.609907488968252,0.6243523240286968,0.04165965189612893,0.36558475393269696,1.0270787555993315,1.3246666642431202,3.7891803566014206e-05,0.0,0.0,0.0,0.0,0.0,0.0,5.715709580688375,3885.991790880777,1385860007.215336,-0.5800783159999909,5.161009691744819,100.0,IMRPhenomXP,20.0,34.690128401668886,21.356283294273805,13.333845107395083,-0.052159528632305996,-0.1492129787508807,(1.7507703900805405+0.8991833195876667j),1.884654878293339,(2.7600270444808856-1.438852531150314j),2.2281903285294464,0.23662970612420559,1.0270787555993315,0,0,0.04165965189612893,0,0,0.36558475393269696,0.0,0.0,0.1661667476019193,0.0,0.0,0.0,1.0,1.0,0.6340081977154985,2378.196014745629,13.069875245504859,8.160206984296094,8.941146996321264,21.230082229800953
13.122136253337757,0.9044784304948361,0.1376083009285428,0.6642260810992778,2.1056590911926385,0.08301793599528792,-1.1239155890510914e-05,0.0,0.0,0.0,0.0,0.0,0.0,3.954302857084512,4895.397539044334,1385860007.296066,-0.579949566247925,5.16630903202592,100.0,IMRPhenomXP,20.0,30.192347699133418,15.853341899644729,14.339005799488689,-0.08299211562300668,-0.3869634026965203,(2.2197511890265935-0.7711815957643869j),1.2920052221101772,(1.0933578713512118+2.0292281430130323j),1.5848966597951613,0.24937108668225036,2.1056590911926385,0,0,0.1376083009285428,0,0,0.6642260810992778,0.0,0.0,0.387710594371552,0.0,0.0,0.0,1.0,1.0,0.7661629394135872,2771.7700650169295,8.976149111649042,8.118733260391942,7.429742726735425,17.09488237204098
15.637078662463542,0.5138302661272005,0.4692324155549811,0.6951480079029073,1.4561846862067191,2.745891939614014,0.00018005715657390875,0.0,0.0,0.0,0.0,0.0,0.0,4.465199290059468,4674.614994980598,1385860007.2169666,-0.5799099447585445,5.310155946689734,100.0,IMRPhenomXP,20.0,38.34921093147334,25.332569832667765,13.01664109880557,0.03833015128902151,-0.1795949957358478,(-0.2970272160865259+1.786662508871605j),1.4599172720351306,(3.3981586503608514-0.12192804962772619j),1.6872501174684933,0.22421533589352757,1.4561846862067191,0,0,0.4692324155549811,0,0,0.6951480079029073,0.0,0.0,0.5459135808981671,0.0,0.0,0.0,1.0,1.0,0.7378053566476029,2689.953149059477,14.577334415366735,7.4902756220730895,8.998176120615144,22.067610037439827
12.490403220864346,0.5710879732173281,0.7971773810945895,0.6338711122294313,1.1122134273317754,3.069149210623862,-4.895441482083928e-05,0.0,0.0,0.0,0.0,0.0,0.0,2.9109891159107866,4654.234562879197,1385860007.2186418,-0.5796674870325282,5.207682864510696,100.0,IMRPhenomXP,20.0,30.06043459305849,19.133514548838214,10.926920044220275,0.018686284068082593,-0.39502946223627555,(1.4066530512947224+0.45770553138039394j),1.3757992862270874,(1.6355631918450564-0.9586461768813719j),1.7087895197300602,0.23136731470809818,1.1122134273317754,0,0,0.7971773810945895,0,0,0.6338711122294313,0.0,0.0,0.7378158127484824,0.0,0.0,0.0,1.0,1.0,0.7351733643089051,2682.287926998828,11.026860452332278,6.29730738667275,7.198360393135181,17.324167839005028
14.934690140375654,0.8746989625216526,0.31681281751078416,0.23367841655547555,2.0854501217530177,1.7620437360096102,-0.00020697212941287856,0.0,0.0,0.0,0.0,0.0,0.0,4.79209948772692,4242.965263809167,1385860007.2218328,-0.578446589787903,5.178008481710989,100.0,IMRPhenomXP,20.0,34.403204457821246,18.351322076556542,16.051882381264708,-0.0027565937673155183,-0.1205310960633521,(1.436756781682957+1.6461695490363788j),1.5093764743822986,(2.4155054241560743+0.5517884476137835j),1.8476363407301362,0.2488831720750763,2.0854501217530177,0,0,0.31681281751078416,0,0,0.23367841655547555,0.0,0.0,0.27802388354367125,0.0,0.0,0.0,1.0,1.0,0.6815098942146223,2523.306755408655,10.913597439834179,9.54611235800192,8.881714102164802,20.459709797836098
12.376352249254897,0.9518728600478208,0.18684886820183966,0.6289825954615303,1.1197054320931819,1.4038656971976586,0.0002186542695988536,0.0,0.0,0.0,0.0,0.0,0.0,5.485509655160083,2696.4837453796345,1385860007.1396456,-0.5770957666577692,5.211346735543836,100.0,IMRPhenomXP,20.0,28.443767853968126,14.572551540714212,13.871216313253914,-0.07405717942326051,-0.2731186520086424,(0.10677938787777382+1.6569339533588987j),2.3083746763897786,(2.6588798804224614+1.449200077078095j),2.809528201016135,0.24984800928251538,1.1197054320931819,0,0,0.18684886820183966,0,0,0.6289825954615303,0.0,0.0,0.40246490759898257,0.0,0.0,0.0,1.0,1.0,0.4679719767326115,1836.8768561223437,9.92699572722741,9.449237814558453,8.43091860431967,19.376233541785865
12.57910899853914,0.9343167872003864,0.27994971877401137,0.08622652624556873,0.9225721940962837,2.135869744479087,3.4975800328848465e-05,0.0,0.0,0.0,0.0,0.0,0.0,6.234176578956988,4914.176896976411,1385860007.160568,-0.5770457862104252,5.090035002623061,100.0,IMRPhenomXP,20.0,28.919215675632145,14.95060988303166,13.968605792600485,-0.06914119571294464,-0.4065496465926419,(0.9798837109953501+0.1946467540167486j),1.3445342297261031,(0.5563179887736978-0.11824537905032538j),1.5471717813070451,0.24971173389376577,0.9225721940962837,0,0,0.27994971877401137,0,0,0.08622652624556873,0.0,0.0,0.18637723258815594,0.0,0.0,0.0,1.0,1.0,0.7685622039500378,2778.628244787608,8.453539179815028,7.898283566957366,7.112618923125252,16.351822746772392
15.547803066503173,0.5616761768471084,0.3497902523522247,0.6658711378875014,1.8057475916623895,2.6774527212551837,-0.00023160095524955995,0.0,0.0,0.0,0.0,0.0,0.0,5.790436091589183,4837.307842474626,1385860007.2213297,-0.5751545362011914,5.288879500867964,100.0,IMRPhenomXP,20.0,37.522054594822826,24.026782985558935,13.495271609263895,0.0069620460978110366,-0.09107163938695395,(1.5469745728076763+0.5181436023202384j),1.4327339907529824,(1.99898660081704-1.5932610006650274j),1.6183775758918484,0.23030535354375278,1.8057475916623895,0,0,0.3497902523522247,0,0,0.6658711378875014,0.0,0.0,0.4634726571900388,0.0,0.0,0.0,1.0,1.0,0.7587288515631632,2750.4568449787216,13.661448132953447,7.673309957512359,8.840363909811476,21.334758090465805
14.799900081948632,0.8280324855197025,0.12054044962362048,0.14956385678111941,1.9963537680530776,1.08053744518625,-7.474386005432561e-05,0.0,0.0,0.0,0.0,0.0,0.0,5.070948410677826,3924.5622285646505,1385860007.2364686,-0.5747655849064794,5.223315949093583,100.0,IMRPhenomXP,20.0,34.18306880324317,18.699377102986794,15.48369170025637,0.01501895595646241,-0.10098518746541085,(0.4905746220451247+0.12947706188759012j),1.7859584413962806,(0.9911905173295293-0.43562749630665265j),2.0284830199436352,0.24778759302602413,1.9963537680530776,0,0,0.12054044962362048,0,0,0.14956385678111941,0.0,0.0,0.1336870015351648,0.0,0.0,0.0,1.0,1.0,0.6391852721662745,2394.215146570918,11.407726399514637,9.445968044718832,9.028814700360101,20.85369444423347
13.237930194784429,0.734363055511059,0.2522726944903673,0.24258126956094186,1.000215874178403,1.3660917204306773,-0.00021184336692717736,0.0,0.0,0.0,0.0,0.0,0.0,3.939838421466718,4526.062116864275,1385860007.2146254,-0.570256202049714,5.144273122546824,100.0,IMRPhenomXP,20.0,30.849036983786885,17.78695463199699,13.062082351789893,-0.027640691159182218,-0.3960118390263756,(0.1865223755022059+0.3926290558424792j),1.5648111801069637,(1.101026875234008+0.7215237387541j),1.8645100016325937,0.24413541975434427,1.000215874178403,0,0,0.2522726944903673,0,0,0.24258126956094186,0.0,0.0,0.24816915665218858,0.0,0.0,0.0,1.0,1.0,0.7185633426531868,2633.6312325249414,10.34989760955612,7.600582432780237,7.702905017365949,17.950480042336356
15.225409414477198,0.8755472175304424,0.6335260783949761,0.32552874396944453,1.064375678199613,1.6153968380979569,4.0062136763252955e-05,0.0,0.0,0.0,0.0,0.0,0.0,4.945715157817607,4600.9896272568085,1385860007.2461576,-0.5683751560079648,5.182619606760902,100.0,IMRPhenomXP,20.0,35.07154021807611,18.699364052404537,16.37217616567157,0.08504241812166757,-0.4035318527594396,(3.0231060691125617-0.9615400948273377j),1.566130079846186,(0.04709030020189108-1.0075685910777856j),1.9383871735124807,0.24889923851333678,1.064375678199613,0,0,0.6335260783949761,0,0,0.32552874396944453,0.0,0.0,0.48974606227885803,0.0,0.0,0.0,1.0,1.0,0.7282854052625907,2662.1700253132867,10.81960421320772,9.47307436365467,8.809545789205975,20.29267857686239
12.40937910745938,0.7828288723329194,0.6216166599271346,0.5225569687661235,0.9287650883073422,0.06362718576642477,9.386200421183287e-05,0.0,0.0,0.0,0.0,0.0,0.0,0.7700307579851557,4292.501561458175,1385860007.2202566,-0.565879032606043,5.094695455253028,100.0,IMRPhenomXP,20.0,28.76613683632141,16.13510824439336,12.631028591928047,-0.14992581034940944,-0.27467094532242253,(-0.7368115710102405+0.12289470722710165j),1.6750160041498792,(1.0389124551771203-0.5703372490759192j),2.0255081135578914,0.2462904189521496,0.9287650883073422,0,0,0.6216166599271346,0,0,0.5225569687661235,0.0,0.0,0.5781201765973869,0.0,0.0,0.0,1.0,1.0,0.6880312795618069,2542.904026396018,9.558536290027662,7.482698185075643,7.351391681960247,17.041234475103305
16.547276868792586,0.5520121540119443,0.4804745987143572,0.4175600180430295,1.9680721637535294,2.4251542325209847,-6.17532701018961e-05,0.0,0.0,0.0,0.0,0.0,0.0,5.314587804758691,4760.54366916754,1385860007.221115,-0.5637900122290289,5.235656658634975,100.0,IMRPhenomXP,20.0,40.05267172508049,25.806931744409678,14.245739980670809,-0.028245886494341566,-0.0522327491736978,(1.2522942036783713+1.8705288820636308j),1.531867227056263,(2.4139821784417355-0.07968338677282125j),1.6645590284489542,0.22917033736224157,1.9680721637535294,0,0,0.4804745987143572,0,0,0.4175600180430295,0.0,0.0,0.4580974458645152,0.0,0.0,0.0,1.0,1.0,0.748875523642253,2722.0597371342833,14.756299917025254,8.145656902443385,9.461666450869416,22.90195681946864
14.390658700707995,0.7904810445524697,0.5967785193238325,0.16102311656533566,2.1992192229692638,1.267385051801595,-0.0001210684410389488,0.0,0.0,0.0,0.0,0.0,0.0,2.07566758345945,4735.094655506115,1385860007.2870314,-0.5634017664484663,5.104727100740158,100.0,IMRPhenomXP,20.0,33.33569164673442,18.618287944548815,14.717403702185601,0.3148103760423404,-0.5064158968956565,(1.0798814326941992+0.37816337693505836j),1.7705199703814816,(0.42283807461765005-0.46969394875050663j),2.0912377300201097,0.24657668239121142,2.1992192229692638,0,0,0.5967785193238325,0,0,0.16102311656533566,0.0,0.0,0.40439648490357116,0.0,0.0,0.0,1.0,1.0,0.7456014348576397,2712.5863505302646,10.665829881187744,8.431136345500231,8.243954440769354,19.096966226687975
15.067795419583915,0.8211842530003672,0.4444982743980502,0.6856099843812811,1.2523611285850342,2.9410116393496786,9.660181833961041e-05,0.0,0.0,0.0,0.0,0.0,0.0,3.177545858594447,4757.363800074878,1385860007.2235222,-0.5605466308842408,5.265157049451306,100.0,IMRPhenomXP,20.0,34.81849628051692,19.1186016588679,15.699894621649017,0.21379722502225684,-0.42835055036796854,(1.0367140122478304+0.06535486411582904j),1.4558077188728578,(2.572753598360747+0.8345011583575657j),1.7953004046638985,0.2475898517438929,1.2523611285850342,0,0,0.4444982743980502,0,0,0.6856099843812811,0.0,0.0,0.553217169329205,0.0,0.0,0.0,1.0,1.0,0.748466635562054,2720.8776682743187,10.934496129359724,8.979236035923671,8.617719728315143,19.9137321652834
13.631415539231863,0.965191716848907,0.47241296626360135,0.06238151742369196,2.2491776168014272,2.8506881042366587,-9.365236604080553e-05,0.0,0.0,0.0,0.0,0.0,0.0,0.7058632897758043,4931.824383487013,1385860007.2238662,-0.5576146379612772,5.066467003443357,100.0,IMRPhenomXP,20.0,31.32266568893724,15.938732806772496,15.383932882164745,0.07924074144746118,-0.33973364681205576,(1.1434901694482797+0.6761965119687563j),1.6369031288283757,(1.981199980930916-1.4774399625715953j),1.9272532850031812,0.2499215676251851,2.2491776168014272,0,0,0.47241296626360135,0,0,0.06238151742369196,0.0,0.0,0.27102856459188157,0.0,0.0,0.0,1.0,1.0,0.7708150802238836,2785.058938185682,9.000788950112943,8.687486939754184,7.697819886144434,17.688275889867125
13.070707763722089,0.9782368752620785,0.5661062481282507,0.6843208635543053,1.8095687086860002,1.4491921118910673,-7.398293838295803e-05,0.0,0.0,0.0,0.0,0.0,0.0,0.5208316981061081,3966.51951052721,1385860007.1119978,-0.5562943181903846,5.287957108266959,100.0,IMRPhenomXP,20.0,30.030781806034966,15.180579323725558,14.850202482309406,-0.018441510559688457,-0.23018516047205084,(-0.24961786977983422+1.0713229515451765j),1.4032326883086512,(0.4674904491478698+0.19560677864558004j),1.799584262719583,0.24996974299583005,1.8095687086860002,0,0,0.5661062481282507,0,0,0.6843208635543053,0.0,0.0,0.6245633001884958,0.0,0.0,0.0,1.0,1.0,0.6448043102342457,2411.544943052506,9.22941363253335,9.028552752390652,7.946664343225498,18.257966384924003
13.967050179285696,0.7047070351578775,0.4655274817625723,0.18017584409296594,0.988871223895357,3.0775489930220625,1.2655163889969934e-05,0.0,0.0,0.0,0.0,0.0,0.0,0.8592218550006612,4972.851462981181,1385860007.157871,-0.5555856879086676,5.136900963203607,100.0,IMRPhenomXP,20.0,32.67978820919727,19.170325185037267,13.509463024160002,0.08667920932650519,-0.3544600075017037,(-0.5470268498194548-0.0562748202018728j),1.477121548337986,(1.5568426366234134+0.6185794917129541j),1.7853106672652663,0.24249852437544425,0.988871223895357,0,0,0.4655274817625723,0,0,0.18017584409296594,0.0,0.0,0.34756627059119366,0.0,0.0,0.0,1.0,1.0,0.7760459767857135,2799.956502886552,10.793822589960033,7.606482715390857,7.864126470736558,18.40030530535089
15.029246582316489,0.5807961850275708,0.3447778675867909,0.32812655229490306,1.8302981902607374,1.2542261822242693,-7.088728141400945e-05,0.0,0.0,0.0,0.0,0.0,0.0,1.125135817819076,4225.884257532383,1385860007.221569,-0.5546259649560343,5.282682850551543,100.0,IMRPhenomXP,20.0,36.07231475884742,22.81908009426166,13.253234664585753,-0.008598096111612552,-0.08217957455467051,(1.6273895623881844+1.2718350295129024j),1.5601591801393062,(2.6576153549114663-0.182188552507568j),1.849781343880622,0.2324191971840401,1.8302981902607374,0,0,0.3447778675867909,0,0,0.32812655229490306,0.0,0.0,0.3386600514579197,0.0,0.0,0.0,1.0,1.0,0.6792573675321305,2516.5196984025533,13.58879260288554,7.892318902886796,8.949936366456896,21.48111150577234
12.53524677530605,0.8816283620272592,0.4322417664147807,0.08394233472320495,2.196062699956359,2.1540929193030016,-1.4283555112390922e-05,0.0,0.0,0.0,0.0,0.0,0.0,1.9949094743421592,4783.267589328345,1385860007.2159383,-0.5541939515554399,5.107013351227806,100.0,IMRPhenomXP,20.0,28.867034886028208,15.341517734632237,13.525517151395968,-0.10291362384603531,-0.4031273914981377,(1.0954949918138415+0.754857750525023j),1.367511828088958,(1.0390009759679655+0.2922944276978639j),1.5701386528093193,0.24901060976001907,2.196062699956359,0,0,0.4322417664147807,0,0,0.08394233472320495,0.0,0.0,0.2690476608973487,0.0,0.0,0.0,1.0,1.0,0.751795853568521,2730.493725305752,8.757594501311656,7.720943695490328,7.155655009555448,16.478538196801985
15.815998421940147,0.7956997495204154,0.32645549761005876,0.5121658253724451,1.9907081238230695,0.811581580764762,-6.671452352846553e-05,0.0,0.0,0.0,0.0,0.0,0.0,5.155163329150747,4514.40894822835,1385860007.1626341,-0.5496453775003127,5.225855687189856,100.0,IMRPhenomXP,20.0,36.62077632192482,20.39359660862306,16.227179713301762,0.043541618242655566,-0.1574323679754892,(0.8586643708589321-0.7986481169628452j),1.5537138087497302,(0.3004240384593261-0.5223896854168723j),1.694970489547585,0.24676398621697526,1.9907081238230695,0,0,0.32645549761005876,0,0,0.5121658253724451,0.0,0.0,0.40874634903071,0.0,0.0,0.0,1.0,1.0,0.7170482066553729,2629.168439972489,11.877125248770746,9.450625585469485,9.211155726808641,21.32775083424023
15.397145991934753,0.8207640906476594,0.1307565057384215,0.2965092284532472,1.9201126508485076,2.6491034041678856,-0.00018688041241883313,0.0,0.0,0.0,0.0,0.0,0.0,3.5377398752012383,4561.084714371478,1385860007.298134,-0.5465969439345897,5.254444633665413,100.0,IMRPhenomXP,20.0,35.58063010109572,19.541592611505987,16.03903748958973,0.18813579596672847,0.023370885015474574,(0.12797393824847947-0.44984865907328114j),1.5344448652979599,(3.620421600427718-1.0283807909441658j),1.7317073903111055,0.24757739451224928,1.9201126508485076,0,0,0.1307565057384215,0,0,0.2965092284532472,0.0,0.0,0.20547452298744126,0.0,0.0,0.0,1.0,1.0,0.7231119145645644,2647.004341452746,11.340872549444478,9.308180945195799,8.935662194539267,20.64905349464028
13.23367631955222,0.9079899441269728,0.46972634830743165,0.10201866816821958,1.868446025718929,2.815404211973071,-0.0001779160190869547,0.0,0.0,0.0,0.0,0.0,0.0,2.9399226304985158,4609.365919721093,1385860007.2543302,-0.5462829699701564,5.27177064311546,100.0,IMRPhenomXP,20.0,30.4455050338929,15.9568477431487,14.488657290744198,-0.037258553160192776,-0.32480923529628325,(1.9599233088303023-0.7061737245599771j),1.3324434726337953,(0.625486422515977-1.0874720480123288j),1.577329796652883,0.24941862221279665,1.868446025718929,0,0,0.46972634830743165,0,0,0.10201866816821958,0.0,0.0,0.29473859380045964,0.0,0.0,0.0,1.0,1.0,0.7293701278336753,2665.3437822147457,9.226970841191362,8.37799673855455,7.652309998050914,17.604967579745914
15.876162475445593,0.5748595015778684,0.004253105060088025,0.6402150160628164,0.7255597398931602,1.5431290694620778,-8.96843700364561e-05,0.0,0.0,0.0,0.0,0.0,0.0,4.677173828006965,4371.683038078619,1385860007.2140539,-0.5450722842033087,4.906593706323504,100.0,IMRPhenomXP,20.0,38.167936797640536,24.235772625684817,13.93216417195572,-0.09258951365196655,0.9119374207372752,(1.00712308919897+1.6266103049854848j),2.2079484335339634,(3.310064502456154+0.4733367127240686j),2.585870286723105,0.2317811343456057,0.7255597398931602,0,0,0.004253105060088025,0,0,0.6402150160628164,0.0,0.0,0.2363936527186251,0.0,0.0,0.0,1.0,1.0,0.6984216227103551,2573.9680801599425,14.269585538489068,8.203006830378584,9.347597948093881,22.47259236886765
12.413227720206542,0.8831034851457287,0.046570867993301325,0.2840686328613198,0.9480540708652054,0.3267569912188808,0.0001707440198874364,0.0,0.0,0.0,0.0,0.0,0.0,5.75960258209147,3683.1953652114,1385860007.1242628,-0.544315231690081,5.108830645283372,100.0,IMRPhenomXP,20.0,28.58424910113665,15.179329934129768,13.404919167006883,-0.08848540698301877,-0.38777129759809115,(1.0711180354119696-1.1382699106982657j),1.6699182607173533,(1.0836380181042147-2.0045023921834044j),1.9737149833540437,0.24903662635524398,0.9480540708652054,0,0,0.046570867993301325,0,0,0.2840686328613198,0.0,0.0,0.15794823281881276,0.0,0.0,0.0,1.0,1.0,0.6065990756424332,2292.5417010731676,9.448113200276794,8.3436616952158,7.726400387254577,17.79177489549259
13.169062741367263,0.8012338820146014,0.5672899010394411,0.2720156577022938,2.007920141443951,2.840390400751919,0.000126191429804517,0.0,0.0,0.0,0.0,0.0,0.0,0.6667307333705826,3330.2087957654817,1385860007.2975378,-0.5438239101430988,5.2179925159405,100.0,IMRPhenomXP,20.0,30.477785784758805,16.920504377072195,13.55728140768661,-0.10462593744360049,-0.404358352086557,(2.770726738631277+0.5065448293064974j),2.049731129689022,(0.6710837822307881+1.2908706546274986j),2.437447747262684,0.24695572062768384,2.007920141443951,0,0,0.5672899010394411,0,0,0.2720156577022938,0.0,0.0,0.43594453239506603,0.0,0.0,0.0,1.0,1.0,0.5580793243898122,2137.3807707660253,10.859847834575907,8.701278038585118,8.4521131467582,19.561125873161025
15.879080660988366,0.6428163329819352,0.2873327680417043,0.49240970418522445,1.2007618760709764,2.646030781330844,-6.876696598119022e-05,0.0,0.0,0.0,0.0,0.0,0.0,4.0514361187596615,4618.398349022462,1385860007.2156632,-0.5432244850682073,5.2466536308828555,100.0,IMRPhenomXP,20.0,37.55606027402547,22.86077848146062,14.695281792564849,0.09907665357829964,-0.10863308631113977,(0.5886841361809769+1.2462937341638083j),1.612653004701965,(3.4458752560531383+0.5199042093963633j),1.8240934402951499,0.2381819678266565,1.2007618760709764,0,0,0.2873327680417043,0,0,0.49240970418522445,0.0,0.0,0.367577163854147,0.0,0.0,0.0,1.0,1.0,0.7305393397778899,2668.7624098060023,13.210204446663859,8.491735180346117,9.175798721239358,21.701939627009978
15.569351807526235,0.5110486883003342,0.7391026675682282,0.7517178106767819,2.0974114075048056,2.0710000443356016,-8.856471455434935e-05,0.0,0.0,0.0,0.0,0.0,0.0,5.1378030250114595,4646.16485026798,1385860007.294519,-0.5424262521318313,5.17114971725238,100.0,IMRPhenomXP,20.0,38.22322397184635,25.295825520248986,12.927398451597364,0.2084707777735879,-0.39571442188675565,(3.114853030059849-0.314599193571638j),1.5651503191533045,(1.5997067212093268+0.6333954166423048j),1.816563587434878,0.2238233345012566,2.0974114075048056,0,0,0.7391026675682282,0,0,0.7517178106767819,0.0,0.0,0.7433692093337348,0.0,0.0,0.0,1.0,1.0,0.7341305286343431,2679.247468401025,14.587036617231965,7.45468592942534,8.978189098480009,22.041722546657304
14.901599754450555,0.5246390891469881,0.5751279462655702,0.670350648443973,1.9881028040835242,0.8500234475655988,9.72347614068709e-05,0.0,0.0,0.0,0.0,0.0,0.0,1.6582896876346656,4281.148161697631,1385860007.2811506,-0.5411233087202039,5.227014808645663,100.0,IMRPhenomXP,20.0,36.40130615999321,23.875359368071283,12.525946791921927,0.24775015596506345,-0.350042273866531,(1.3121685868540005-0.4738101006955848j),1.6359529420292016,(1.2848722272069004-2.468350607318118j),1.794366450644031,0.22569739424782523,1.9881028040835242,0,0,0.5751279462655702,0,0,0.670350648443973,0.0,0.0,0.6078947512705125,0.0,0.0,0.0,1.0,1.0,0.686538073978939,2538.4236697161996,14.156430700519977,7.4270169082932584,8.835614199502881,21.583447608813234
12.205576093452823,0.6480674010676419,0.3981602697607074,0.04971865888860769,0.9979738732448961,1.483592314189753,3.548560852673142e-05,0.0,0.0,0.0,0.0,0.0,0.0,4.495100904091967,4161.55809490072,1385860007.1352067,-0.5393597246827335,5.142830681843582,100.0,IMRPhenomXP,20.0,28.837402538554045,17.497708236855335,11.339694301698708,-0.06428020952252611,-0.3875558205121643,(2.4622291911738903+0.11064023427069299j),1.5475816870659291,(1.9447894768332858-0.7295561104926048j),1.8642002982019263,0.23859988942289923,0.9979738732448961,0,0,0.3981602697607074,0,0,0.04971865888860769,0.0,0.0,0.2611430282113515,0.0,0.0,0.0,1.0,1.0,0.6707566112788105,2490.8224499624853,10.472924732862465,6.787161113203206,7.3054184020918385,17.26008584606567
14.406360107431508,0.5530011180216026,0.17398827089810098,0.2234627241585706,1.9226147608700022,1.3164798074381914,-0.00015783182223187058,0.0,0.0,0.0,0.0,0.0,0.0,4.088422498121718,4318.100213222869,1385860007.2204242,-0.53718172708576,5.253529682529197,100.0,IMRPhenomXP,20.0,34.859791308946065,22.446726473291026,12.41306483565504,-0.012614089746283197,-0.12732275326735554,(1.9764339010698802+0.9266185200274599j),1.4623279096357809,(1.6121072912879282-1.6301172957404975j),1.7494913407501014,0.22928860527488504,1.9226147608700022,0,0,0.17398827089810098,0,0,0.2234627241585706,0.0,0.0,0.19160540436249981,0.0,0.0,0.0,1.0,1.0,0.6913948954441079,2552.9816838565716,13.27113291742388,7.338951340748698,8.51744329265511,20.610084258172577
12.638763286180223,0.847811004151285,0.6587143498320069,0.2652668221036749,2.0535538302437817,0.3477350186285227,-0.00016398127837902822,0.0,0.0,0.0,0.0,0.0,0.0,2.0127278544755174,4903.926154042645,1385860007.2835472,-0.5370778354881949,5.195381846577632,100.0,IMRPhenomXP,20.0,29.15507811453624,15.778171062428223,13.376907052108018,-0.039892639134361474,-0.18960766114823002,(2.0997155798860483-0.8364643986962975j),1.0838656020848647,(1.4746620484081059-1.1347190407632022j),1.3024353962744342,0.2483041344672205,2.0535538302437817,0,0,0.6587143498320069,0,0,0.2652668221036749,0.0,0.0,0.47819310452347563,0.0,0.0,0.0,1.0,1.0,0.7672528009194076,2774.886612838536,8.928078118885809,7.569322875113693,7.151644224077589,16.497400993999502
12.508003836148507,0.5986980377154892,0.733387565074259,0.5529804912707618,1.998300599411556,1.512289708474271,1.161422855448064e-05,0.0,0.0,0.0,0.0,0.0,0.0,2.7726391511261235,4622.803587924713,1385860007.229645,-0.5325503819150654,5.222431252406819,100.0,IMRPhenomXP,20.0,29.880168018133606,18.69031381362789,11.18985420450572,-0.04076028733419257,-0.2894084240399857,(0.9215198262302071+0.14734746268577262j),1.3132647330404634,(0.18172043712608776+1.0412839844007573j),1.6421729385043937,0.23424749262627267,1.998300599411556,0,0,0.733387565074259,0,0,0.5529804912707618,0.0,0.0,0.6658267383714935,0.0,0.0,0.0,1.0,1.0,0.7311094038872296,2670.4283273758347,10.79672594444842,6.463978636693182,7.225426543268505,17.2607045811416
13.983571785774817,0.8736350408347466,0.6093231438713127,0.5880367783524322,1.2042831701067456,2.9968183055908653,0.00021211992017818076,0.0,0.0,0.0,0.0,0.0,0.0,4.170512729015883,3431.7545942482966,1385860007.2577567,-0.5322792076364093,5.248012424532878,100.0,IMRPhenomXP,20.0,32.213809736131076,17.19321481187665,15.020594924254429,-0.03206244097649691,-0.3442407110309147,(2.427311807866554-1.343785581821374j),1.926695192937579,(1.7155666328987018-0.022873110872215854j),2.397698382154437,0.2488628354006183,1.2042831701067456,0,0,0.6093231438713127,0,0,0.5880367783524322,0.0,0.0,0.5993977771888954,0.0,0.0,0.0,1.0,1.0,0.5721486703987156,2182.8435604986676,10.936125275936051,9.554182252016298,8.89456070476364,20.490307527952346
15.3030118859919,0.9678489117190892,0.45690868182091393,0.6660193134583119,1.905181739102873,3.0717154258812904,6.274754464526036e-05,0.0,0.0,0.0,0.0,0.0,0.0,5.024436835085389,3785.6855759387763,1385860007.2904196,-0.5315973058391057,5.259757472505486,100.0,IMRPhenomXP,20.0,35.16272118741403,17.86860819344931,17.294112993964717,0.14101628586889525,-0.41818583726634495,(1.0175637131565383-2.897919560260778j),1.7171478757064649,(2.0918324228393033-0.3816920750861487j),2.189290502441789,0.24993326589157214,1.905181739102873,0,0,0.45690868182091393,0,0,0.6660193134583119,0.0,0.0,0.5597557530842985,0.0,0.0,0.0,1.0,1.0,0.6204915379053118,2336.134109738336,11.02665936568032,10.6721402669708,9.443438319815579,21.69879963265112
15.904153533796608,0.9655314570106213,0.24273977231509544,0.5000753776457715,1.2222039635256172,1.144674150446559,-0.00022878461933273809,0.0,0.0,0.0,0.0,0.0,0.0,4.035542308547807,4988.392545043443,1385860007.2509153,-0.5275851673677185,5.254708042437729,100.0,IMRPhenomXP,20.0,36.54489358388933,18.592881560629152,17.952012023260178,0.07147505720735703,-0.19298982544431986,(-0.8690944539406898-1.436713551471714j),1.5118459020963153,(0.6696191439024185-1.027012463386393j),1.7434740203188537,0.2499231177892898,1.2222039635256172,0,0,0.24273977231509544,0,0,0.5000753776457715,0.0,0.0,0.36915119202014024,0.0,0.0,0.0,1.0,1.0,0.7780250348885811,2805.5805923954294,10.457041490304023,10.096602506153761,8.94484229508795,20.553643996457787
12.308948187499704,0.7718437132300096,0.5377363248943722,0.6478283695275081,0.8824525233070489,1.3859904267787995,-0.00019761413389867934,0.0,0.0,0.0,0.0,0.0,0.0,4.743987836793277,3241.7408699911043,1385860007.2182996,-0.5244116180896143,5.058355034937827,100.0,IMRPhenomXP,20.0,28.563657393922632,16.120867309370123,12.44279008455251,-0.20960924317223473,-0.36752972832016617,(2.373657843327052+0.5926514516340402j),2.4217220153755115,(2.57702844236598-1.1843556786424203j),2.8873732280968225,0.2458547181492246,0.8824525233070489,0,0,0.5377363248943722,0,0,0.6478283695275081,0.0,0.0,0.585694196061135,0.0,0.0,0.0,1.0,1.0,0.5457445930150987,2097.2034304477233,10.429192107297027,8.049706362085246,7.963119032161783,18.478898469382273
13.526479687110252,0.5745546963687314,0.5476120014170117,0.600926381514661,2.1194813351625053,2.3385062537989376,-0.00017302074091506993,0.0,0.0,0.0,0.0,0.0,0.0,1.2718222739730654,3802.5734625223545,1385860007.275951,-0.5218182475490325,5.1579900244057795,100.0,IMRPhenomXP,20.0,32.52185126397498,20.65463418894085,11.867217075034128,-0.10669689843696695,-0.3820655668649522,(0.10024433444411476-0.48880689679544065j),1.859179002546045,(0.23737197573259117+1.5342052808571323j),2.0956518027736553,0.23174793640179317,2.1194813351625053,0,0,0.5476120014170117,0,0,0.600926381514661,0.0,0.0,0.5670664081389479,0.0,0.0,0.0,1.0,1.0,0.6227726975958695,2343.2569770676005,12.727989705237585,7.312926260477119,8.335412413056783,20.040915965714706
16.528367402758256,0.9578445095271544,0.5848141483978656,0.5805898908612314,1.190174495759275,0.9144769555117009,-1.3311423174119181e-05,0.0,0.0,0.0,0.0,0.0,0.0,3.028068388488497,4357.014686185541,1385860007.2042627,-0.5157366275916959,5.242482098644468,100.0,IMRPhenomXP,20.0,37.98278336963444,19.40030640063842,18.582476968996023,0.038383812927406336,-0.2558214342845062,(-0.19606796598259085+2.2479648345467074j),1.7944635299237242,(1.883976768788657-0.049740951063373166j),1.977038206157836,0.2498840977393454,1.190174495759275,0,0,0.5848141483978656,0,0,0.5805898908612314,0.0,0.0,0.5827474971042595,0.0,0.0,0.0,1.0,1.0,0.6964999179227387,2568.2374980910977,11.435489147793723,10.953420493971576,9.74262788234982,22.3889096417653
15.923405362564004,0.5654769850835386,0.5451532570983123,0.3479360896418732,1.1542165162530154,2.567691110933267,0.00019249060681597163,0.0,0.0,0.0,0.0,0.0,0.0,1.6945490768926978,3356.79892561219,1385860007.2167425,-0.5155196844118581,5.227336657399757,100.0,IMRPhenomXP,20.0,38.38512996934317,24.519766393943392,13.86536357539978,0.047722939941635456,-0.16895255764294914,(1.4271173231260477+1.7498375132085007j),2.302691143654094,(2.712713909076371-1.4264517763579203j),2.5815690828354207,0.2307392939752454,1.1542165162530154,0,0,0.5451532570983123,0,0,0.3479360896418732,0.0,0.0,0.4739150528176972,0.0,0.0,0.0,1.0,1.0,0.5617724730250383,2149.352082659686,15.699960664853064,8.877966422691259,10.195726738429153,24.57792708754432
15.89060661473118,0.5709705914057583,0.2185857030709797,0.717423326562519,1.9371676608613109,3.040466756012598,0.0001946994011750738,0.0,0.0,0.0,0.0,0.0,0.0,0.15396418531701278,4312.178160293534,1385860007.221868,-0.5148326540655557,5.248066852624392,100.0,IMRPhenomXP,20.0,38.24493249142376,24.344779399849163,13.9001530915746,0.09626419051388391,-0.07646605661672012,(2.2112117719748685+0.6537087409125498j),1.5395934658059602,(1.6470464191139707-0.4176324828734922j),1.9150823913949717,0.23135432870150727,1.9371676608613109,0,0,0.2185857030709797,0,0,0.717423326562519,0.0,0.0,0.39988865963717424,0.0,0.0,0.0,1.0,1.0,0.6906171363403605,2550.653283924704,14.399936494520421,8.221940256481687,9.399293472872992,22.62187675100211
12.347417010626003,0.7511163391990661,0.11637221040343207,0.3384797009229765,0.9771669310297956,1.8037717538992832,-0.00013024059688741,0.0,0.0,0.0,0.0,0.0,0.0,4.519833519739435,3897.0234798934575,1385860007.2348018,-0.5140979519956566,5.129101782037099,100.0,IMRPhenomXP,20.0,28.71638654450504,16.39890274659848,12.31748379790656,-0.05905563981696638,-0.38472222045151105,(1.2314716488389568+0.6248104486280222j),1.534609696102427,(1.040792274107864+0.11475158942805518j),1.838703160773249,0.2449498674133902,0.9771669310297956,0,0,0.11637221040343207,0,0,0.3384797009229765,0.0,0.0,0.21164204568121628,0.0,0.0,0.0,1.0,1.0,0.6354900625179581,2382.786409803736,10.02690454832306,7.531371837834881,7.5496741274087835,17.55827638615794
12.587779655501897,0.6937857802820688,0.3253573568556354,0.7760261869765981,1.3257987353885838,1.1508948806415464,-0.0001641097372953745,0.0,0.0,0.0,0.0,0.0,0.0,4.414512887833458,4442.0951042072265,1385860007.2809498,-0.5139881092577645,5.286421247335901,100.0,IMRPhenomXP,20.0,29.501498395884354,17.417490888943124,12.08400750694123,-0.08739984064002337,-0.2171703794773805,(0.9289215290631658+0.09662347012258639j),1.350625007089498,(-0.90686338247759-0.6846399914110588j),1.5550273850629721,0.2418290274398971,1.3257987353885838,0,0,0.3253573568556354,0,0,0.7760261869765981,0.0,0.0,0.5099542696377289,0.0,0.0,0.0,1.0,1.0,0.7076269945160637,2601.3263496240093,10.199821708650834,7.0764912628743035,7.371504254691896,17.276312971525137
15.36529323005974,0.5552960809731922,0.31498552803460805,0.6269724219654873,1.260816294116154,1.09030306522098,0.00014258682378394069,0.0,0.0,0.0,0.0,0.0,0.0,1.1596508620988077,4565.597405733511,1385860007.1425714,-0.513429733195081,5.267904769339632,100.0,IMRPhenomXP,20.0,37.153675260680174,23.888490246456534,13.265185014223638,-0.006811946465174579,-0.08362764780319498,(0.3045532471619209+1.1566308327149466j),1.5398157562382073,(0.12714854690301397-0.7648859166114423j),1.738300978998441,0.22956118245147084,1.260816294116154,0,0,0.31498552803460805,0,0,0.6269724219654873,0.0,0.0,0.4263759582132863,0.0,0.0,0.0,1.0,1.0,0.7236974529322349,2648.723187758641,13.858864968338317,7.69577340365493,8.914147435747129,21.554638371993246
13.30909182697981,0.9605920418186369,0.3940413880374755,0.09883301437100567,2.0116740285879025,2.9471479018731115,0.00022235033506336677,0.0,0.0,0.0,0.0,0.0,0.0,3.77904564436088,4974.218734131669,1385860007.2458377,-0.5121748859159858,5.216229836692285,100.0,IMRPhenomXP,20.0,30.583678064408556,15.599205450226792,14.984472614181763,0.01143566210947311,-0.3262598326642423,(2.764864997527545-0.16265704153734178j),1.2917527058461653,(-0.3826085298229082-0.8373775016007332j),1.5623388828418674,0.24989899720196987,2.0116740285879025,0,0,0.3940413880374755,0,0,0.09883301437100567,0.0,0.0,0.24940404973674948,0.0,0.0,0.0,1.0,1.0,0.7762201357050642,2800.4516975833594,8.782247840037432,8.43615738441887,7.492929259974194,17.2184052244563
12.04272563344298,0.8097160756158281,0.17769349902062218,0.6311516466450384,2.087100711741026,0.34390528992130726,-0.00012981748282088192,0.0,0.0,0.0,0.0,0.0,0.0,5.534792784396083,3197.343457336215,1385860007.2996447,-0.5106191102746638,5.177073299560941,100.0,IMRPhenomXP,20.0,27.85208219468822,15.390304904712988,12.461777289975233,-0.041506789811152967,-0.12052874305152672,(1.9688525645858872+0.20996910702222432j),1.6552615795483447,(1.7220352331243018+1.8818831679068808j),1.9764502462476885,0.24723609367625998,2.087100711741026,0,0,0.17769349902062218,0,0,0.6311516466450384,0.0,0.0,0.3805829780376664,0.0,0.0,0.0,1.0,1.0,0.5395264941542482,2076.8356252523195,9.996778206254762,8.094552017970445,7.822356860483102,18.091330224225207
13.175134594677298,0.9138141240400648,0.506788028661054,0.2779576367282079,2.081914240016109,0.13480801199614836,0.00015867355604906927,0.0,0.0,0.0,0.0,0.0,0.0,3.625317906853583,4494.378802431262,1385860007.2815688,-0.5090653919102204,5.179999729108786,100.0,IMRPhenomXP,20.0,30.305401858119794,15.835081096666295,14.470320761453499,-0.06141244844204907,-0.3451513383220468,(0.9302792551073229+1.1370047860961165j),1.3441191691535312,(1.7132120569528093-0.07405235888257553j),1.6572332980801519,0.24949299446811538,2.081914240016109,0,0,0.506788028661054,0,0,0.2779576367282079,0.0,0.0,0.39752535705090297,0.0,0.0,0.0,1.0,1.0,0.7144419207748801,2621.4821006488155,9.23628902489113,8.440251364661751,7.68479493824002,17.676540389552883
13.13342990711129,0.8719866506292275,0.11519094673355684,0.15022857384734234,0.5961493477588312,0.7395083618185704,-0.0001826373823460508,0.0,0.0,0.0,0.0,0.0,0.0,1.4476404824108653,4462.952628080465,1385860007.1394236,-0.5081962184703488,4.739523927792695,100.0,IMRPhenomXP,20.0,30.25767513453401,16.163403261643747,14.094271872890262,0.028323312124619804,-0.36810145602915423,(1.2000690449631657+1.4931683391706747j),2.048772869015903,(-0.5252291359685504-0.3603624951817658j),2.382460723649324,0.24883091783467484,0.5961493477588312,0,0,0.11519094673355684,0,0,0.15022857384734234,0.0,0.0,0.13151175922582334,0.0,0.0,0.0,1.0,1.0,0.7103477408838623,2609.3831864569593,9.450360809837964,8.24058846980832,7.678806825753623,17.690949279646283
15.967791725672313,0.9768578946651254,0.7641502948097765,0.5777913338734882,1.532930233573563,1.5207261439543485,0.00010437763278736581,0.0,0.0,0.0,0.0,0.0,0.0,2.894997707874746,3444.7921188555456,1385860007.217539,-0.5066747594947163,5.316021198605853,100.0,IMRPhenomXP,20.0,36.68736889328734,18.55842495927209,18.12894393401525,0.13208892507120362,-0.3753532162046156,(1.1157774656606039+0.7408186493618946j),1.5822312162932726,(2.6443394691862103+0.22575610079989986j),2.176840822909951,0.2499657394099839,1.532930233573563,0,0,0.7641502948097765,0,0,0.5777913338734882,0.0,0.0,0.672061620796594,0.0,0.0,0.0,1.0,1.0,0.5739483394758674,2188.631005835008,11.791000056235733,11.518131490930813,10.145054526370075,23.309131547166544
16.691393619410412,0.8214909979705027,0.5492408464537893,0.19923332132854643,1.9790252863854843,2.6748642521142996,7.040706734429603e-05,0.0,0.0,0.0,0.0,0.0,0.0,2.387485548514719,4379.6168649351575,1385860007.2207632,-0.5066196126778721,5.230990119728632,100.0,IMRPhenomXP,20.0,38.56944137249615,21.174653849769257,17.394787522726894,-0.08805842809680708,0.07138754771939038,(2.16588788082793+1.3627504059089794j),1.8649682826857097,(2.2029454185548554-1.0363473913053185j),2.137789954517328,0.2475989224106334,1.9790252863854843,0,0,0.5492408464537893,0,0,0.19923332132854643,0.0,0.0,0.3913877297309046,0.0,0.0,0.0,1.0,1.0,0.6994604531381851,2577.0631239627987,12.45963317985342,10.235476495264173,9.8215840142608,22.695109675117592
12.586420677085583,0.6023927222184944,0.5664842702288181,0.09337086643445068,1.0098854559362194,1.171736015451055,-6.677545270931387e-05,0.0,0.0,0.0,0.0,0.0,0.0,5.0890399006379266,2986.9583145597508,1385860007.2817776,-0.5037998535032511,5.150413206280034,100.0,IMRPhenomXP,20.0,30.039809200243575,18.74684575367629,11.292963446567283,-0.033335500111984384,-0.39967186455296755,(2.261688305042091+0.06539697605918132j),2.3822588767515187,(0.7978917960993347-1.1218050775906083j),2.7777253129999555,0.23460744439038986,1.0098854559362194,0,0,0.5664842702288181,0,0,0.09337086643445068,0.0,0.0,0.388625205295493,0.0,0.0,0.0,1.0,1.0,0.5097955277763919,1978.3859946436244,12.41681102426261,7.479796594178166,8.336506795474952,19.89660761844078
16.7190559187932,0.5944396102185994,0.030438830989721135,0.43260899585924534,2.1046352952343064,2.7843778441748794,-0.00021233423764798072,0.0,0.0,0.0,0.0,0.0,0.0,1.9736165014590288,4726.992205147281,1385860007.2960947,-0.503305281817803,5.166914890486567,100.0,IMRPhenomXP,20.0,39.98313062136746,25.07660394606336,14.906526675304095,-0.0779440296449323,0.08504271992841339,(0.856158343290414-0.4265228200232655j),1.7384429171735762,(2.347889041534598+2.800700984606326j),2.0194481617602835,0.23382534885904074,2.1046352952343064,0,0,0.030438830989721135,0,0,0.43260899585924534,0.0,0.0,0.1803760719579216,0.0,0.0,0.0,1.0,1.0,0.744558247409187,2709.5640035394454,14.374185547145926,8.544585253855248,9.583546977363683,22.918770801001173
14.959315874231276,0.5849910224882273,0.19258939371043837,0.21414262277321072,2.0606025069220677,2.4237806383170324,-9.525597969673192e-05,0.0,0.0,0.0,0.0,0.0,0.0,3.167298611060509,4386.9385752887165,1385860007.2144032,-0.5028134264230766,5.191655744146933,100.0,IMRPhenomXP,20.0,35.86364111297494,22.627031070922875,13.236610042052062,0.0477167525743698,-0.05910427541023111,(0.47442396271984477+0.9387853947335423j),1.5692273888167247,(3.3916874880148002-0.29825576991745195j),1.7357721771558383,0.23286037252865968,2.0606025069220677,0,0,0.19258939371043837,0,0,0.21414262277321072,0.0,0.0,0.2005442939770409,0.0,0.0,0.0,1.0,1.0,0.7004187765784542,2579.9165802927982,13.306740305733683,7.784323617436454,8.797430421423648,21.09106392317014
14.245984682117536,0.8781382264855853,0.3243690325481531,0.6023577048024562,1.7765636780182081,2.9469409192300198,-0.0001187342758827818,0.0,0.0,0.0,0.0,0.0,0.0,3.4802907345355236,4922.31144149682,1385860007.223523,-0.5022818137152489,5.2954170893102175,100.0,IMRPhenomXP,20.0,32.81163001824551,17.470295612716097,15.341334405529414,0.08527496563388981,-0.28595608433567543,(1.060355462150097+0.08013246519124317j),1.2209099704478208,(2.9217758879176117+0.314887625323844j),1.525209640167257,0.24894750535936766,1.7765636780182081,0,0,0.3243690325481531,0,0,0.6023577048024562,0.0,0.0,0.4543448118566149,0.0,0.0,0.0,1.0,1.0,0.7696008717813833,2781.594143954229,9.87244970959439,8.66937547905135,8.050394249510456,18.54182518864574
15.176747276913076,0.9634503079017244,0.41929110264753783,0.4354575664219551,1.5583085415444984,2.813942435922669,0.0001584235599567576,0.0,0.0,0.0,0.0,0.0,0.0,4.278604772244938,4582.2068641455435,1385860007.2172773,-0.5020943310223096,5.316660316087439,100.0,IMRPhenomXP,20.0,34.87426053073092,17.76172301910707,17.112537511623852,0.054521007963582946,-0.194248147517452,(-1.6890944913061108+0.7561883873067957j),1.4158938333842426,(2.3248911300269177+1.8338920802854088j),1.6877754262934574,0.24991337013744208,1.5583085415444984,0,0,0.41929110264753783,0,0,0.4354575664219551,0.0,0.0,0.4272238649071488,0.0,0.0,0.0,1.0,1.0,0.7258515175011129,2655.041193674471,10.29157076318161,9.915417020579708,8.793773463714725,20.20698778376132
16.147512278081145,0.5112792396059356,0.46163934164711357,0.6641121400860873,1.9067145788659758,2.4708643546943954,-0.00022889439249301405,0.0,0.0,0.0,0.0,0.0,0.0,1.8635638077093635,4586.867122040026,1385860007.2170649,-0.5015153471408462,5.259223597548138,100.0,IMRPhenomXP,20.0,39.63915501200307,26.22887549380943,13.410279518193644,0.04178779100066832,-0.11616889735738978,(1.4639389249747194+1.00673627539379j),1.5325873027161352,(0.3707755640106726-2.432194769941833j),1.6522499913928876,0.22385599298719197,1.9067145788659758,0,0,0.46163934164711357,0,0,0.6641121400860873,0.0,0.0,0.5301376943762605,0.0,0.0,0.0,1.0,1.0,0.7264555968627678,2656.8115164537894,15.192325560802885,7.767520660573119,9.352984407721594,22.959846221376004
14.811826209676484,0.5012709587906987,0.18887498828391536,0.6705647896082769,2.0394859337195745,1.6943885734599917,5.099904063507628e-05,0.0,0.0,0.0,0.0,0.0,0.0,0.3512583500200851,4761.849101709991,1385860007.2160728,-0.4964771859992436,5.202629600474266,100.0,IMRPhenomXP,20.0,36.50194289119856,24.31402717641427,12.187915714784287,-0.002960355807333226,-0.06077979573825587,(1.305004790783669+1.5029946947460118j),1.2510371478850837,(1.7425002943664634-2.9656242538981976j),1.5472244740929206,0.22241003447038174,2.0394859337195745,0,0,0.18887498828391536,0,0,0.6705647896082769,0.0,0.0,0.3497101174361252,0.0,0.0,0.0,1.0,1.0,0.749043375101908,2722.544900147616,13.901328876419438,6.968332454347599,8.468529952159404,20.869661330767038
14.986781060312385,0.8322173935730717,0.5005298254324917,0.7149335473171479,1.5051010692455902,1.3953261439463163,0.00010733750635038327,0.0,0.0,0.0,0.0,0.0,0.0,2.126310336087154,3873.8205344652933,1385860007.2165804,-0.49594035464258335,5.31457880305772,100.0,IMRPhenomXP,20.0,34.60498710538109,18.886943889281984,15.718043216099106,0.2111278980036242,-0.3469125306228995,(0.7941743422663916-0.7589755747917192j),1.5578481218555733,(1.2383104061187158-0.6690518324492144j),1.992723360690311,0.24790357235150184,1.5051010692455902,0,0,0.5005298254324917,0,0,0.7149335473171479,0.0,0.0,0.5979148340155893,0.0,0.0,0.0,1.0,1.0,0.6323721893940732,2373.123328953585,11.5702436074292,9.628957977980225,9.180982840607808,21.199201585409426
13.284915512818273,0.7557471972968303,0.5272772528453284,0.5456091813475572,2.0045436416094358,1.345157048913965,0.0002336544588808435,0.0,0.0,0.0,0.0,0.0,0.0,3.873852327999018,4932.2461017256865,1385860007.2998824,-0.49515971182409135,5.219563320767177,100.0,IMRPhenomXP,20.0,30.88070810044993,17.58835676798701,13.292351332462918,-0.09734098839178307,-0.4243252052074675,(1.3024948769929008-1.8604480591343304j),1.3847941335590608,(2.9777304560452635+0.18885342222371118j),1.6752146577656766,0.2451616737173008,2.0045436416094358,0,0,0.5272772528453284,0,0,0.5456091813475572,0.0,0.0,0.5351680833748805,0.0,0.0,0.0,1.0,1.0,0.770868899292418,2785.212454329504,9.932049049489066,7.506118232566009,7.501919265805897,17.438167282055076
12.938486783160862,0.8551163553435415,0.5634493054381247,0.42010431842085705,1.853245144756939,2.677557205036225,0.00012092868410248952,0.0,0.0,0.0,0.0,0.0,0.0,5.079873370399043,3173.8504322129197,1385860007.2996292,-0.494859558019765,5.276307690970064,100.0,IMRPhenomXP,20.0,29.834155149245028,16.082093752938835,13.752061396306193,-0.07353124787629106,-0.31029569592166784,(1.6637851382216944-1.4106854589271498j),1.9797919506411328,(2.7322233900150903+0.7788072042844744j),2.25527608118008,0.24847511734358227,1.853245144756939,0,0,0.5634493054381247,0,0,0.42010431842085705,0.0,0.0,0.49737439725142296,0.0,0.0,0.0,1.0,1.0,0.5362284574198601,2066.001582537072,10.468556076580676,8.951833517915151,8.4222413148702,19.420389594495827
13.525279307982698,0.8497070483717426,0.4774148997280526,0.2923220044423845,1.8007386338059514,2.632528709527545,0.0001985029187488167,0.0,0.0,0.0,0.0,0.0,0.0,4.025304461471209,3590.4109236240906,1385860007.282231,-0.4944340240336573,5.290065252908208,100.0,IMRPhenomXP,20.0,31.19667091457515,16.86573608617479,14.330934828400366,-0.03680994730791598,-0.27217528623676657,(0.39786884513439164-1.2001236102003756j),1.714337845992814,(2.500229145816242-1.2929766993447396j),1.911169414483006,0.2483495159444832,1.8007386338059514,0,0,0.4774148997280526,0,0,0.2923220044423845,0.0,0.0,0.39238806379410807,0.0,0.0,0.0,1.0,1.0,0.5939487268088051,2252.5259885415817,10.58110327045535,8.990838028455208,8.485391707085357,19.571941298910556
12.50566664572938,0.8855296488177258,0.5834857208953648,0.14875972750421917,1.0806102931308315,1.3047542223165576,4.262923168932525e-05,0.0,0.0,0.0,0.0,0.0,0.0,0.8812112172094183,4226.622930593665,1385860007.2156608,-0.4929214142848579,5.191453136669297,100.0,IMRPhenomXP,20.0,28.794200397496144,15.271146977482337,13.523053420013808,-0.055125791185210105,-0.35998521285446206,(0.9241788171632883+1.6076248139824791j),1.5784801543520561,(1.5020179295792484-0.8873332663354803j),1.881794728625848,0.24907857645097192,1.0806102931308315,0,0,0.5834857208953648,0,0,0.14875972750421917,0.0,0.0,0.3793188139994804,0.0,0.0,0.0,1.0,1.0,0.6793548217073024,2516.813528274292,9.093460643389852,8.052529010078826,7.446708988524293,17.14598965346868
13.251685600217854,0.8192055977815687,0.7904124568506026,0.5673136258642525,1.341527639987876,2.9483542076633187,-0.0002231044994179141,0.0,0.0,0.0,0.0,0.0,0.0,0.5478721545058021,4675.180641366256,1385860007.2202759,-0.4916513787484935,5.290222696325649,100.0,IMRPhenomXP,20.0,30.626228416684807,16.834946228195417,13.79128218848939,-0.026294503988456785,-0.24362488055836096,(-0.030009867289863604+0.5769628167414182j),1.2901143832657915,(0.658502861131484+0.566181831739801j),1.6169310677693955,0.24753085610249242,1.341527639987876,0,0,0.7904124568506026,0,0,0.5673136258642525,0.0,0.0,0.6899489295695665,0.0,0.0,0.0,1.0,1.0,0.7378783739792066,2690.165625326564,9.68706814024538,7.935700446580505,7.6252088745863,17.622768586825885
14.221760539175374,0.9623599040367636,0.225792163986603,0.418329385860371,0.8829105159826242,1.8817878995092938,0.00021937180751694345,0.0,0.0,0.0,0.0,0.0,0.0,0.021093495729608447,4259.210667730683,1385860007.1401415,-0.4905520690731384,5.058731583555074,100.0,IMRPhenomXP,20.0,32.680240478310786,16.653540673698224,16.026699804612562,0.25142326546853777,-0.3037989261244429,(0.11455612441423241+2.172974233002989j),1.8189307919133222,(0.4154706791815052-1.5405153439823154j),2.153343383972266,0.2499080219644968,0.8829105159826242,0,0,0.225792163986603,0,0,0.418329385860371,0.0,0.0,0.3202142432314881,0.0,0.0,0.0,1.0,1.0,0.6836503957442928,2529.7476803333234,9.891329408880148,9.519018820725918,8.446979595718474,19.410348229606065
13.301832738658229,0.8023476922226837,0.1595406296261282,0.3179935712805925,0.8877567391950472,2.8680255702881534,5.2171960241129286e-05,0.0,0.0,0.0,0.0,0.0,0.0,0.7080890675040346,4937.6630284858475,1385860007.1715963,-0.4904965338299312,5.062694530077493,100.0,IMRPhenomXP,20.0,30.782239130394167,17.07896831628143,13.703270814112738,0.06496445130087736,-0.4109839890761333,(0.5397997473648046-0.32859803907749485j),1.584244217600994,(0.46960733159465173-0.696879721807506j),1.8642790950803254,0.2469934624099651,0.8877567391950472,0,0,0.1595406296261282,0,0,0.3179935712805925,0.0,0.0,0.23007882412153707,0.0,0.0,0.0,1.0,1.0,0.7715600625404582,2787.1835187075935,9.640637468305643,7.735143224250568,7.508541776214515,17.375780692556212
15.322673658586872,0.9962326191227757,0.36008808231701694,0.6589973635109172,1.6191408208458333,1.23745162991898,-0.00017152477697283388,0.0,0.0,0.0,0.0,0.0,0.0,1.8671204432241633,4928.683187596388,1385860007.1259365,-0.48981694278770593,5.315569239963089,100.0,IMRPhenomXP,20.0,35.20233527959899,17.63438536289839,17.567949916700602,0.08690248763117525,-0.32327880359649974,(0.9649976931420191+0.0732069071336402j),1.3573202868318064,(0.7108921985027106+0.19796174793602705j),1.6170569332577758,0.2499991095761767,1.6191408208458333,0,0,0.36008808231701694,0,0,0.6589973635109172,0.0,0.0,0.5092606653272892,0.0,0.0,0.0,1.0,1.0,0.7704142022981504,2783.9152973452724,9.960598677985883,9.923073309000735,8.654852428712287,19.883671986986617
16.680492076383324,0.539103486086749,0.33252986918146626,0.28231351229484986,0.5375527347512549,2.4096276165353467,0.0001935658619131519,0.0,0.0,0.0,0.0,0.0,0.0,0.9331849321728974,4841.357929824964,1385860007.2537236,-0.48813303285787146,4.647376801146088,100.0,IMRPhenomXP,20.0,40.54403427555174,26.342630396242598,14.201403879309142,-0.47252086830081197,1.6870613879939178,(1.7902389692713248+0.3001378973965433j),2.418887096526125,(0.6080026338767923+1.001257204600416j),2.810533206233124,0.22758125942354032,0.5375527347512549,0,0,0.33252986918146626,0,0,0.28231351229484986,0.0,0.0,0.31494053012735057,0.0,0.0,0.0,1.0,1.0,0.7592477874666915,2751.947723791615,14.973803340219549,8.072429580689764,9.481604692198108,23.04623292090931
13.288636132631858,0.9820159096948342,0.48054302712046915,0.20253881923665099,1.2839246851859374,2.972921297777832,-0.000127418627386635,0.0,0.0,0.0,0.0,0.0,0.0,5.704350100171179,3585.194938870416,1385860007.1695294,-0.4861960307465232,5.275013540824176,100.0,IMRPhenomXP,20.0,30.53077713142058,15.4039011402897,15.126875991130882,-0.023680194635183005,-0.31156864309887533,(1.9132626378940527-0.07721402156152497j),1.598251383018383,(1.030902851875992+1.1774109668117052j),1.9890623965196554,0.24997941728382114,1.2839246851859374,0,0,0.48054302712046915,0,0,0.20253881923665099,0.0,0.0,0.34280217763049037,0.0,0.0,0.0,1.0,1.0,0.5932354508793384,2250.2605907391144,9.668314329679257,9.494438491675577,8.340660588049053,19.162752821354836
15.257523094084249,0.6404589864992851,0.43973981677429425,0.21226453586788763,1.7665800255716462,1.0727634385739733,-0.00015106573038527708,0.0,0.0,0.0,0.0,0.0,0.0,1.6389986492221997,4465.7696565052,1385860007.222432,-0.48393993643632083,5.297448955422018,100.0,IMRPhenomXP,20.0,36.10336600079705,22.00808816186322,14.095277838933834,0.006861921902140633,-0.10633297003104225,(2.1280524643756316+0.16553045370217553j),1.4777474476977035,(1.7497935654818695-0.27183428176150753j),1.6449041569674139,0.23799101972814846,1.7665800255716462,0,0,0.43973981677429425,0,0,0.21226453586788763,0.0,0.0,0.3509301671201724,0.0,0.0,0.0,1.0,1.0,0.7107149902937544,2610.469689763239,12.864847906713038,8.239407451800883,8.91879897040261,21.104255358513917
12.869078795702757,0.5497766147038103,0.322540687821771,0.07418306981883349,0.9336300798973889,0.5477297634347669,-0.00013371187635317482,0.0,0.0,0.0,0.0,0.0,0.0,5.203091084021435,4957.65177300895,1385860007.1233256,-0.4808774430327052,5.098314632422613,100.0,IMRPhenomXP,20.0,31.171566388775314,20.11358675374822,11.057979635027099,-0.05692701892379137,-0.3650253283638558,(0.9665441160431512-0.8557053928825387j),1.3203963862981838,(0.16576983351194066-1.831671315870249j),1.517474921769803,0.22890119295727515,0.9336300798973889,0,0,0.322540687821771,0,0,0.07418306981883349,0.0,0.0,0.23443688681839056,0.0,0.0,0.0,1.0,1.0,0.7741091154822062,2794.445817962625,11.337288432950364,6.232976054588119,7.253825981388364,17.57026448753848
14.184627953025087,0.9188629217305884,0.09325456416961037,0.06260425522504756,0.9761362678191217,0.3552916802274759,-0.00021352831516433386,0.0,0.0,0.0,0.0,0.0,0.0,5.4936454213614905,3780.433464250318,1385860007.221505,-0.47999798101801927,5.128405491428638,100.0,IMRPhenomXP,20.0,32.6227264326459,17.001071865635947,15.621654567009951,0.0013322490024108014,-0.1360491877973118,(2.281260930028591-0.5570488601712926j),1.7092557994586022,(2.0884331300371035-0.15009581376827247j),2.014543756133688,0.24955301717482772,0.9761362678191217,0,0,0.09325456416961037,0,0,0.06260425522504756,0.0,0.0,0.07857741755856111,0.0,0.0,0.0,1.0,1.0,0.6197816461455752,2333.9154768539024,10.495903510261162,9.64429656564091,8.757123521419546,20.140200075902072
16.65703066007334,0.8249893097915697,0.19076848225339074,0.5052215676179742,2.3101997974967086,0.9884312710726937,4.816146960143718e-05,0.0,0.0,0.0,0.0,0.0,0.0,3.331036204767886,4900.442943853304,1385860007.2908115,-0.4778189129870869,5.01410589659695,100.0,IMRPhenomXP,20.0,38.48052444542587,21.0853423847292,17.395182060696673,-0.2582159659064751,0.8159681608240934,(1.314262078731665+0.08603414930401326j),2.0417416506273085,(0.6803125871031237+0.120673351768593j),2.361921954841389,0.24770094948281576,2.3101997974967086,0,0,0.19076848225339074,0,0,0.5052215676179742,0.0,0.0,0.33291749784756175,0.0,0.0,0.0,1.0,1.0,0.7668077329276057,2773.6141525357543,11.934146535452799,9.845543313234657,9.427755125608709,21.779689848687454
13.683356789711048,0.6619076385811151,0.484265741814603,0.47216327348761455,1.422891574388679,2.690657957247562,-0.00021199874732862766,0.0,0.0,0.0,0.0,0.0,0.0,0.4303403338972417,4114.011778752602,1385860007.2948883,-0.4757899809482571,5.305760269142049,100.0,IMRPhenomXP,20.0,32.24352214366164,19.401512692480406,12.842009451181237,-0.038215764978600575,-0.2664478298074471,(0.4433860803666775-2.3095875632374994j),1.499741440476424,(1.6073252310373687-0.8998775161840326j),1.700592386176381,0.23965341670682822,1.422891574388679,0,0,0.484265741814603,0,0,0.47216327348761455,0.0,0.0,0.47944554841434944,0.0,0.0,0.0,1.0,1.0,0.6644549300101624,2471.687111997078,11.65637611609102,7.715444389415117,8.220923584652127,19.371820505506136
15.069807133151496,0.997495718799443,0.3335832473839638,0.34732070205923216,1.1575841460199228,1.550598221007136,-0.0002437733746561475,0.0,0.0,0.0,0.0,0.0,0.0,1.378799703149086,4094.843000495004,1385860007.2140386,-0.4755504745748955,5.228819980551139,100.0,IMRPhenomXP,20.0,34.62135797845654,17.33238156788894,17.288976410567596,0.018774357319468304,-0.11790792915150883,(0.10500442068205108-0.03239917445696693j),1.5637569312913564,(2.3192828896681004-0.3784758695788389j),1.962607892117208,0.24999960705254445,1.1575841460199228,0,0,0.3335832473839638,0,0,0.34732070205923216,0.0,0.0,0.34044336332654895,0.0,0.0,0.0,1.0,1.0,0.661909852478704,2463.938096218538,10.429194785768948,10.403077149329999,9.067764482336505,20.832271935098944
15.096671851631054,0.5950947068702792,0.70086567960131,0.3734971757735154,1.4764448914241972,1.1416355803714955,-7.519608636454239e-05,0.0,0.0,0.0,0.0,0.0,0.0,1.631895885551897,4909.075595995628,1385860007.2811391,-0.47375826204634697,5.3122805740187955,100.0,IMRPhenomXP,20.0,36.097184675625286,22.63012002995812,13.467064645667163,0.23934799904038195,-0.35811546231946734,(1.5118779626928505-0.19540741793583963j),1.3807703825354183,(2.61296564191325-0.9768750975990039j),1.5812774010427062,0.23389080015838423,1.4764448914241972,0,0,0.70086567960131,0,0,0.3734971757735154,0.0,0.0,0.5787317003555205,0.0,0.0,0.0,1.0,1.0,0.7679106534319954,2776.766802786669,12.800488523572673,7.617502965731854,8.53927308052831,20.417991489304526
13.554498192891948,0.7553787037286488,0.7444750660292323,0.008299031055353635,1.6864093795824775,1.2895817251755202,5.324432428186187e-05,0.0,0.0,0.0,0.0,0.0,0.0,4.889905202624173,4713.81506598364,1385860007.1963556,-0.47373511351264996,5.310040159894763,100.0,IMRPhenomXP,20.0,31.508635211649153,17.949764996419738,13.558870215229415,-0.02440701803564238,-0.28454909911202275,(1.1525140443673467+1.472903938759895j),1.246536973300417,(-0.06317592370724111-0.4659157166423147j),1.5131309473847996,0.24514502626542842,1.6864093795824775,0,0,0.7444750660292323,0,0,0.008299031055353635,0.0,0.0,0.42768205843864515,0.0,0.0,0.0,1.0,1.0,0.7428608618992227,2704.6422190958124,10.29902351290372,7.779663030848086,7.777154498794241,18.078686543751807
13.553753784716221,0.9917141290277852,0.018674989776053686,0.6138248893711654,1.1101923210431524,2.65028352890511,-0.0002440694867993868,0.0,0.0,0.0,0.0,0.0,0.0,5.292755773670623,3516.97351270899,1385860007.1219528,-0.47353408070882663,5.20668253262952,100.0,IMRPhenomXP,20.0,31.138672704795855,15.634107450950085,15.50456525384577,0.016292477799081162,-0.3379421973504919,(3.0799831413674013-1.4776522521764233j),1.979838910520705,(0.9283404990057782-0.9153948112207878j),2.2642664319188976,0.24999567324471755,1.1101923210431524,0,0,0.018674989776053686,0,0,0.6138248893711654,0.0,0.0,0.3150119769550537,0.0,0.0,0.0,1.0,1.0,0.5838850934350787,2220.4726417250877,9.870733373115684,9.788945749984913,8.55728350553592,19.659679123100595
13.069465898222145,0.6613781727566386,0.6168757065004831,0.2474044519634589,2.1064842610601624,1.011998283211729,0.00024306018793695232,0.0,0.0,0.0,0.0,0.0,0.0,5.96417478387038,4833.879392972546,1385860007.2919924,-0.47329747062493777,5.165819685280983,100.0,IMRPhenomXP,20.0,30.799958093979146,18.538800255738508,12.261157838240639,-0.11159933217584683,-0.4360521158951287,(0.3400489153777578-0.37434852385476847j),1.5014451683196606,(0.11747805080082063+0.19788268941203274j),1.7165941436000864,0.23961436858022445,2.1064842610601624,0,0,0.6168757065004831,0,0,0.2474044519634589,0.0,0.0,0.4697928645450325,0.0,0.0,0.0,1.0,1.0,0.7582895047047882,2749.194256138816,10.54365632401993,6.973344153754278,7.433056879001545,17.517000477774207
12.578416409003102,0.8886789400960926,0.4026347504467836,0.5879852723633561,1.3962224451119205,2.642079525606992,9.79853284411105e-05,0.0,0.0,0.0,0.0,0.0,0.0,3.670117264778693,3786.429220463858,1385860007.2575977,-0.47169259974655153,5.30142223644045,100.0,IMRPhenomXP,20.0,28.958015762931293,15.332418415942076,13.625597346989215,-0.07812799650489977,-0.19003881509083298,(0.6770693021955344+1.2558461613994454j),1.5314340830304087,(2.201611673138401-0.3506378483060969j),1.7075640133437444,0.24913148284996847,1.3962224451119205,0,0,0.4026347504467836,0,0,0.5879852723633561,0.0,0.0,0.48984761752873274,0.0,0.0,0.0,1.0,1.0,0.6205920375974107,2336.4481253520175,9.460998240293078,8.40778988843465,7.76161804895147,17.86878812872773
12.543155261626472,0.833856847594297,0.5765780247879448,0.3671642953959069,1.485341285016648,1.3655558235597778,0.0001236764856032233,0.0,0.0,0.0,0.0,0.0,0.0,0.035207230575246086,3486.362293313269,1385860007.1398385,-0.47040553857252965,5.3130825557948755,100.0,IMRPhenomXP,20.0,28.959457097823194,15.7915581774079,13.167898920415293,-0.05647363313721243,-0.19515110234752342,(1.539264562149298+0.2176273503015132j),1.5047762412034262,(1.5903761827675102-2.2756249891642804j),1.8902897122846491,0.2479480156736171,1.485341285016648,0,0,0.5765780247879448,0,0,0.3671642953959069,0.0,0.0,0.48135735777520466,0.0,0.0,0.0,1.0,1.0,0.5796765895462916,2207.01018522413,9.996703301112722,8.335819501001357,7.9403311694509995,18.332522802114077
14.005484178223682,0.8999019185272379,0.461611914117978,0.548871673091255,1.316851595535889,3.0025814324579576,-4.952464473317587e-05,0.0,0.0,0.0,0.0,0.0,0.0,4.282411330629159,4825.237880668779,1385860007.283401,-0.47005587943165894,5.284141690673563,100.0,IMRPhenomXP,20.0,32.22986142160884,16.96396066939746,15.26590075221138,-0.024835355296040973,-0.2659000676478782,(-0.46594274940223673-0.6985196266654718j),1.2232177462330724,(1.6442810442190918+0.34524178092228114j),1.5509706818461493,0.24930604844477555,1.316851595535889,0,0,0.461611914117978,0,0,0.548871673091255,0.0,0.0,0.502943113241745,0.0,0.0,0.0,1.0,1.0,0.757181804594711,2746.009474036645,9.654072575210934,8.687718432033511,7.970424085659143,18.341791007244446
13.343208190442455,0.9290029447425752,0.10688349999671819,0.36603170737767576,2.2278548827528137,0.47046827926918644,-5.975928325051001e-05,0.0,0.0,0.0,0.0,0.0,0.0,0.930724500815502,4748.813837922592,1385860007.2229145,-0.4687718838228543,5.083282071288414,100.0,IMRPhenomXP,20.0,30.679584715866245,15.904374225805253,14.775210490060994,0.06979589941077036,-0.30434980743414863,(1.1158810495473732+0.5861868738771397j),1.4661594136587182,(3.242386563933904+0.37224241658453183j),1.7060153215149145,0.24966134702186052,2.2278548827528137,0,0,0.10688349999671819,0,0,0.36603170737767576,0.0,0.0,0.23168862195768913,0.0,0.0,0.0,1.0,1.0,0.747366913649599,2717.696992535374,9.101908764305795,8.455700044818338,7.6361799495066895,17.55760880912413
13.577952359266956,0.8954674279336878,0.6985138879050281,0.6727527943837224,1.641364781480155,2.9768713279064603,0.00023308726792776492,0.0,0.0,0.0,0.0,0.0,0.0,4.087658462485194,3736.89214667536,1385860007.2185776,-0.4673443041357017,5.314246267734764,100.0,IMRPhenomXP,20.0,31.251005517986833,16.487228985018536,14.763776532968295,-0.07063759881579523,-0.30195167545279666,(2.803598490064192-0.42657762989706244j),1.5023436559027266,(0.8602757364666535-1.2501861031844703j),1.9351090484701994,0.24923965511263027,1.641364781480155,0,0,0.6985138879050281,0,0,0.6727527943837224,0.0,0.0,0.6863436866046395,0.0,0.0,0.0,1.0,1.0,0.6138880816098291,2315.459299173729,10.215844068055063,9.147955611792888,8.413193277766295,19.36379967984795
12.892219837988154,0.9186556221148829,0.12082027333444777,0.16275825360397145,0.9918187581615873,2.91457156402847,0.00021719128000204704,0.0,0.0,0.0,0.0,0.0,0.0,3.4017837721720015,4223.6865440862775,1385860007.1725132,-0.46700284037731477,5.138833998585495,100.0,IMRPhenomXP,20.0,29.65053246501072,15.453806364858602,14.196726100152118,-0.04572792892274036,-0.3461956682840812,(0.032860207593392296+0.5701136100939266j),1.6334854463215855,(0.6603921683769164-0.7037214966252667j),1.9376211203884564,0.24955063314951645,0.9918187581615873,0,0,0.12082027333444777,0,0,0.16275825360397145,0.0,0.0,0.14090025064286862,0.0,0.0,0.0,1.0,1.0,0.6789674103300997,2515.645358201954,9.204351597164264,8.455629342657055,7.678659966040335,17.659980939821317
13.074739350798737,0.5963518122240294,0.6806337214745973,0.08553387650415872,0.9724643710837981,0.5396723018908159,0.0001755532443835209,0.0,0.0,0.0,0.0,0.0,0.0,5.3365098112600355,4471.403805739709,1385860007.135758,-0.46622731462374833,5.12591225081142,100.0,IMRPhenomXP,20.0,31.252577826751676,19.577500139653264,11.675077687098414,-0.08102961153841681,-0.3746401000009274,(2.624028360489822+0.5776681009173521j),1.494274924055636,(1.7863009566500203+0.03342026758610112j),1.7252348993360158,0.23401587734552895,0.9724643710837981,0,0,0.6806337214745973,0,0,0.08553387650415872,0.0,0.0,0.45832127863787037,0.0,0.0,0.0,1.0,1.0,0.7114493637557677,2612.641600180945,11.43913489598695,6.821748825496952,7.639571247440404,18.2608837214839
15.679519573723418,0.7681677093498329,0.4582772418669383,0.3340104943492459,2.039535103316297,0.36994572376231477,0.0002059832364149459,0.0,0.0,0.0,0.0,0.0,0.0,0.47631350341678286,3888.2698651717383,1385860007.2572222,-0.4647958999654329,5.202604703480057,100.0,IMRPhenomXP,20.0,36.39881704796515,20.58561348875059,15.813203559214562,0.03905761084249937,-0.13601164885527162,(1.0460240851030858-0.20644007832436992j),1.5592875127906134,(2.68326463158174-0.44114382291983817j),1.8615585938216115,0.24570225195836992,2.039535103316297,0,0,0.4582772418669383,0,0,0.3340104943492459,0.0,0.0,0.4042904496162642,0.0,0.0,0.0,1.0,1.0,0.6343142799876829,2379.1445088275855,12.59587200627393,9.67574214632313,9.593943934603317,22.27161415259706
16.883355301727004,0.8560023314715792,0.03939322812238926,0.07345260549234985,1.4224428323657348,2.6704747010488408,0.00014906620373845525,0.0,0.0,0.0,0.0,0.0,0.0,5.549009709299654,4879.239932142695,1385860007.2835894,-0.46358487742091326,5.305693306893288,100.0,IMRPhenomXP,20.0,38.928530721615026,20.974397532544874,17.954133189070152,0.08584484315445318,-0.039246883503463614,(0.5063941553625516-0.7009040926907639j),1.3737201072844274,(3.3631525571399306+0.5866152840847504j),1.531261531162894,0.24849514763634456,1.4224428323657348,0,0,0.03939322812238926,0,0,0.07345260549234985,0.0,0.0,0.05510167090976464,0.0,0.0,0.0,1.0,1.0,0.7640970567491382,2765.856869958163,11.889593858966183,10.177520063525225,9.570536517327167,22.06711392249141
12.601518451957077,0.8901185366998051,0.745349342384532,0.26426156241887444,1.9486858579722093,1.7291133961952498,-0.0002183294808062902,0.0,0.0,0.0,0.0,0.0,0.0,3.4524539428530825,2829.73723395659,1385860007.2989957,-0.46316385967651197,5.24357105731217,100.0,IMRPhenomXP,20.0,29.009552008951502,15.348006723220076,13.661545285731425,-0.045943044844160674,-0.13402216983171522,(2.3965783990620246-0.9569856995637142j),1.666612758513165,(1.092498940484152-0.10658002879336188j),2.15163030653786,0.2491550893299937,1.9486858579722093,0,0,0.745349342384532,0,0,0.26426156241887444,0.0,0.0,0.5187893979088374,0.0,0.0,0.0,1.0,1.0,0.4872754494896041,1902.6315876738086,10.319545534411349,9.185618770497237,8.472888096338579,19.50516430490859
13.271793691155354,0.5831106785154252,0.3318734995665602,0.13553750421479557,0.9365943325661841,0.7976726208743802,0.0001878409670145072,0.0,0.0,0.0,0.0,0.0,0.0,3.948284741758234,4710.269631796715,1385860007.1915815,-0.46220026973876926,5.10050182918229,100.0,IMRPhenomXP,20.0,31.83409875259885,20.108574330666215,11.725524421932638,0.011746381653764626,-0.34791726982830573,(0.7201805699592537-0.6298526764818407j),1.5219328964848708,(0.4141776522397946-0.7106836409553842j),1.7282352095026614,0.2326635970060194,0.9365943325661841,0,0,0.3318734995665602,0,0,0.13553750421479557,0.0,0.0,0.25955662556636167,0.0,0.0,0.0,1.0,1.0,0.7424039917124647,2703.3166023174113,11.540707221924556,6.729509618724295,7.6169440349546065,18.27021684064885
16.78564397121868,0.781012221587004,0.3247211648670352,0.057565553418494814,2.405423791697867,3.0020490008588947,-9.470221823026736e-05,0.0,0.0,0.0,0.0,0.0,0.0,5.562371362035771,4598.500398768908,1385860007.221135,-0.46217814991316963,4.9184282165514945,100.0,IMRPhenomXP,20.0,38.917379465134054,21.851270302039815,17.06610916309424,-0.25640783328382843,1.1350157277571276,(0.9860019843561422+1.2468352514183962j),2.2652261125415643,(-1.2389979290829007+0.8727443432513513j),2.663435425484168,0.24622039891583813,2.405423791697867,0,0,0.3247211648670352,0,0,0.057565553418494814,0.0,0.0,0.20756767480230343,0.0,0.0,0.0,1.0,1.0,0.727962979777851,2661.2262482705737,12.645681972219705,9.876432170606039,9.714122448026439,22.522114142825743
16.8881773489463,0.6455639674688085,0.7351394923588127,0.2957295814863721,1.6675638408062463,0.974163987300126,-0.00018767140240623348,0.0,0.0,0.0,0.0,0.0,0.0,1.444909771909905,4626.994614711073,1385860007.1547647,-0.4594740273983202,5.312048989356378,100.0,IMRPhenomXP,20.0,39.92058848711696,24.259517877340524,15.661070609776436,-0.001390658360535646,-0.15470538908453202,(0.3718734203623844-0.5093152515984984j),1.5132020226139082,(0.06508124891475428+0.20244762618575066j),1.6074118495734417,0.23840191723908608,1.6675638408062463,0,0,0.7351394923588127,0,0,0.2957295814863721,0.0,0.0,0.5627565215258632,0.0,0.0,0.0,1.0,1.0,0.7316516405777418,2672.0123903267054,14.009467787208441,9.04400760683675,9.75264132415905,23.053475394045194
14.61378380029225,0.6437246010904614,0.07294511288123529,0.2859176937706184,1.9467378768872519,3.0212467887565846,-0.00012380662012721711,0.0,0.0,0.0,0.0,0.0,0.0,2.2634826621774233,2771.4466317995525,1385860007.2554417,-0.45899783474758404,5.244342147568628,100.0,IMRPhenomXP,20.0,34.557115147341506,21.023664867226547,13.533450280114955,-0.0030889444128510135,-0.11064550180375798,(1.214253082811557+0.09268804066734777j),2.1886606352994775,(2.0254823585546013-0.21486589157550134j),2.6993702374488655,0.2382549851988659,1.9467378768872519,0,0,0.07294511288123529,0,0,0.2859176937706184,0.0,0.0,0.15635062350343662,0.0,0.0,0.0,1.0,1.0,0.47885648092407884,1874.0470543761614,14.216163054639145,9.151293891384537,9.881813407045879,23.367456946023683
15.601182955898494,0.6036580374711016,0.6104906226948442,0.2038262912415041,1.2135127198854805,1.5617061264407404,8.956488383187058e-05,0.0,0.0,0.0,0.0,0.0,0.0,1.9045379725648697,2875.864123543624,1385860007.2155888,-0.4564031157275452,5.251506499673799,100.0,IMRPhenomXP,20.0,37.223487123455044,23.211611362079942,14.011875761375101,0.04272672769090313,-0.15372142235576103,(-0.021613135955286262-0.19323840236960074j),2.160668098136924,(3.276443085046143+0.025458265658611777j),2.7630973465048414,0.23472938284829797,1.2135127198854805,0,0,0.6104906226948442,0,0,0.2038262912415041,0.0,0.0,0.4574117327453748,0.0,0.0,0.0,1.0,1.0,0.49391053840482596,1925.057798934127,15.537484183534133,9.379327209470496,10.443184216745127,24.91681139300463
15.019349579058174,0.6659516061297954,0.798728683107698,0.709681808413538,1.0425830944312156,2.1004292992794036,-6.431065295337332e-05,0.0,0.0,0.0,0.0,0.0,0.0,1.3246028391565718,3633.6894816771382,1385860007.2979085,-0.45614805167843686,5.170218875634875,100.0,IMRPhenomXP,20.0,35.36554711636461,21.22843603994176,14.137111076422848,0.06593148459968834,-0.1674564708544799,(3.052291579717605+0.26411954884731254j),1.9962278512185585,(0.6874669498858915+1.0711477568187437j),2.309892936073072,0.23994842722032717,1.0425830944312156,0,0,0.798728683107698,0,0,0.709681808413538,0.0,0.0,0.763132865675055,0.0,0.0,0.0,1.0,1.0,0.5998582220116911,2271.257180449885,13.268948302961956,8.836477434010737,9.387925362644053,22.105425736972695
12.847337918547709,0.6144506181434619,0.6273879708342469,0.12690642826984375,1.8901496853323618,1.1245700475447735,0.00015716473610166205,0.0,0.0,0.0,0.0,0.0,0.0,5.763677598103414,3693.468545563267,1385860007.2687552,-0.45362181525080825,5.264853907131756,100.0,IMRPhenomXP,20.0,30.573888316652845,18.937642299528058,11.636246017124787,-0.0815425657364397,-0.32440438158447904,(1.0534830781247861-0.9167354460312204j),1.6952450302960484,(1.9432814559470388+0.31943468770653605j),1.9418456226607188,0.23574226627068404,1.8901496853323618,0,0,0.6273879708342469,0,0,0.12690642826984375,0.0,0.0,0.4369075747526839,0.0,0.0,0.0,1.0,1.0,0.6079953917723049,2296.9397550141634,11.777174484719955,7.236492142119585,7.989660905923116,19.01366662683954
16.658707460894536,0.530836646726392,0.04255340411950925,0.43041968402901676,2.1838732676646906,0.11758661457029108,-0.00016290398543420553,0.0,0.0,0.0,0.0,0.0,0.0,3.6082259478353444,3620.696224861194,1385860007.213015,-0.45211731364311625,5.115700424779879,100.0,IMRPhenomXP,20.0,40.604987748478855,26.52470323029589,14.080284518182967,-0.038880289666053613,-0.009118019944984734,(1.680077319367899+0.7477680155655234j),2.1261031568143878,(2.681283891950557-0.4234817469863195j),2.5383155866864016,0.22651824937764123,2.1838732676646906,0,0,0.04255340411950925,0,0,0.43041968402901676,0.0,0.0,0.17705086068725936,0.0,0.0,0.0,1.0,1.0,0.5980856853288615,2265.645857734154,16.59779789895153,8.810719379721784,10.424164119501784,25.408517278673312
12.466509478568337,0.6582327056935509,0.6947965496498562,0.4886677401906603,1.7635513594074714,1.2096888226149742,0.00019053369088531147,0.0,0.0,0.0,0.0,0.0,0.0,5.446356844648807,3969.187746074602,1385860007.220215,-0.4500096179768609,5.298044848322384,100.0,IMRPhenomXP,20.0,29.39623895934537,17.727450953303013,11.668788006042359,-0.06481129260385776,-0.18418157762419707,(-0.7337279286375599+0.022540313823093894j),1.5019453682451755,(1.3718763410475197+0.08797660918748329j),1.769571927639719,0.2393803536106366,1.7635513594074714,0,0,0.6947965496498562,0,0,0.4886677401906603,0.0,0.0,0.6129740626696776,0.0,0.0,0.0,1.0,1.0,0.6451612069302389,2412.6436606043235,10.775509949192914,7.092793069085028,7.577682616179609,17.868303018277942
13.656799837921476,0.7925117179196555,0.12285239503821455,0.7897185422969558,1.6405357912892704,1.1295676408405877,-9.054532072932177e-05,0.0,0.0,0.0,0.0,0.0,0.0,1.9154721788168192,3420.8462597346397,1385860007.281313,-0.4495982383846431,5.314304520278646,100.0,IMRPhenomXP,20.0,31.630053963625894,17.645660916702372,13.98439304692352,-0.035127379187899876,-0.2598420369396359,(1.0155701447509422-0.4355460162135929j),1.7478808701314679,(2.2051454463639817-1.289681956493535j),1.9823357067910379,0.246650321299568,1.6405357912892704,0,0,0.12285239503821455,0,0,0.7897185422969558,0.0,0.0,0.41768965088603127,0.0,0.0,0.0,1.0,1.0,0.5706417480229962,2177.9926861364697,11.234682217579778,8.903617304535555,8.695044465175851,20.138299522115332
15.025295487161609,0.9570971644629862,0.4932073428974393,0.17340829533880414,1.1422139093087331,1.6044993588377514,0.00011046993578968394,0.0,0.0,0.0,0.0,0.0,0.0,0.4108476847829201,4741.811791994247,1385860007.2083821,-0.44780758452250913,5.221939343427395,100.0,IMRPhenomXP,20.0,34.52902132668849,17.642977545349936,16.88604378133856,0.024153814236040017,-0.12115646384394685,(-0.04225980807342891-0.04969694064654701j),1.320945350831668,(1.9912096055023314+0.8355957578393083j),1.6611676594391844,0.24987986011100188,1.1422139093087331,0,0,0.4932073428974393,0,0,0.17340829533880414,0.0,0.0,0.33681308349421785,0.0,0.0,0.0,1.0,1.0,0.7464659851094804,2715.089700386197,10.102102013881453,9.668693192601761,8.603256871458461,19.77079520648321
13.614231544016489,0.8589412780256429,0.4809610265408155,0.2928331239280736,1.6319171148712492,1.1162265973058456,4.481129785027679e-05,0.0,0.0,0.0,0.0,0.0,0.0,4.112785417195671,4741.55343735666,1385860007.1752992,-0.4460731271930123,5.3148692509907685,100.0,IMRPhenomXP,20.0,31.385847010258196,16.883721600712796,14.502125409545403,-0.03488825059846912,-0.25816057719180163,(0.5116619922164168-0.13839044642500856j),1.2602534486205934,(-1.101448790359951-0.2143816869121133j),1.4221261681113506,0.24856051031918291,1.6319171148712492,0,0,0.4809610265408155,0,0,0.2928331239280736,0.0,0.0,0.39403476210598853,0.0,0.0,0.0,1.0,1.0,0.746432734706917,2714.993446341475,9.667547604429316,8.30385569472226,7.795451421323251,17.971403299151575
13.674606753135123,0.6629569738336698,0.45196869275749213,0.08466228947281601,2.0445689366339277,1.3703394184563278,-0.00015449734663587378,0.0,0.0,0.0,0.0,0.0,0.0,0.3145282889810859,4960.354552012891,1385860007.1718583,-0.4457989864024885,5.200039723979836,100.0,IMRPhenomXP,20.0,32.21668532779644,19.37313221852412,12.843553109272321,0.07979342603052553,-0.2917849931632941,(-0.5178644015061167-0.802845164018643j),1.369819772902354,(-0.6688417943509158-0.2154680805448247j),1.6495854863055959,0.2397305147809329,2.0445689366339277,0,0,0.45196869275749213,0,0,0.08466228947281601,0.0,0.0,0.305537759532581,0.0,0.0,0.0,1.0,1.0,0.7744536157709428,2795.4264484799446,10.9178014270647,7.2380325950037365,7.706375997432847,18.155834022068436
12.388822951307738,0.6726113459820546,0.14142312227189607,0.6698339843108665,1.081112811225554,1.4070115821048998,0.00023921648083997889,0.0,0.0,0.0,0.0,0.0,0.0,5.100389875394622,4863.24070233528,1385860007.1361644,-0.4456021088314399,5.191721131771132,100.0,IMRPhenomXP,20.0,29.13705000152437,17.420095870757642,11.71695413076673,-0.039568830225314766,-0.3466340394941372,(2.3604904009631245+0.15355137514138412j),1.2891333630903825,(0.820011319232426-1.1454231664777554j),1.5571501073442333,0.2404219482184868,1.081112811225554,0,0,0.14142312227189607,0,0,0.6698339843108665,0.0,0.0,0.3539142918441625,0.0,0.0,0.0,1.0,1.0,0.7620499784973592,2759.99021275978,9.886266611809246,6.649615092506464,7.030914617911505,16.535881704315706
15.754104835440469,0.6677312170219688,0.27813799466603734,0.3930098033767904,1.0756552574999445,0.090624934597453,-5.0215664670711366e-05,0.0,0.0,0.0,0.0,0.0,0.0,3.4071258129984967,4089.160841803898,1385860007.2644782,-0.4455924038363932,5.188793195367641,100.0,IMRPhenomXP,20.0,37.083779715144516,22.236064982560087,14.84771473258443,0.12341921596779493,-0.08689107719162026,(2.5887190479732856-0.8994278621536076j),1.6592056928278036,(0.7882056518591082+1.2452042517261195j),2.0474274479935834,0.2400764520156582,1.0756552574999445,0,0,0.27813799466603734,0,0,0.3930098033767904,0.0,0.0,0.3241307133062231,0.0,0.0,0.0,1.0,1.0,0.6611549216172217,2461.6372497354396,13.385906812901055,8.938187847121085,9.483826361061507,22.32409466002214
16.10853725690814,0.8964065469941356,0.3520197932391412,0.5943960527403975,1.2639848582630677,1.1115864455149476,-1.6973310946257988e-05,0.0,0.0,0.0,0.0,0.0,0.0,0.12636113690780204,4774.094336577137,1385860007.1713238,-0.44457494013423116,5.268914146642182,100.0,IMRPhenomXP,20.0,37.07411811224163,19.549667855241946,17.524450256999682,0.03825009584208061,-0.20342628765673698,(-0.01792380355036294-0.5451611668927716j),1.589556382402496,(0.3598853307996003+0.7169339311494776j),1.815599466422083,0.24925399500495368,1.2639848582630677,0,0,0.3520197932391412,0,0,0.5943960527403975,0.0,0.0,0.46658787791341727,0.0,0.0,0.0,1.0,1.0,0.7506173237134054,2727.0918935959144,11.167299437990957,10.010440328459024,9.20163249769444,21.17773976644998
14.506760784638994,0.7408105612788168,0.7666548526121796,0.473351474044722,1.6263083925260244,1.2518231276975909,-7.107546010209757e-05,0.0,0.0,0.0,0.0,0.0,0.0,1.6973730186325617,3721.120236940865,1385860007.223398,-0.44093687917610636,5.315196703783085,100.0,IMRPhenomXP,20.0,33.77909157940067,19.404231758903283,14.374859820497385,-0.00528943867151499,-0.18639928154022645,(-0.40132289743946753-0.7921618651341203j),1.7582309098544813,(1.3358337346648927-0.3141738970275682j),2.1135416689532005,0.24445793537846258,1.6263083925260244,0,0,0.7666548526121796,0,0,0.473351474044722,0.0,0.0,0.6418381463406403,0.0,0.0,0.0,1.0,1.0,0.6117495393465447,2308.745942453977,12.039235182142743,8.918792572650844,9.000629707343053,20.95802775479359
15.143763590580203,0.631896126954689,0.07304957244457624,0.7282174488504277,1.1404304618830554,0.9680156157228216,-5.4373191862652044e-05,0.0,0.0,0.0,0.0,0.0,0.0,0.35434044966413464,3717.41087882377,1385860007.2519739,-0.4405867182807812,5.2211225515089845,100.0,IMRPhenomXP,20.0,35.89859232983816,21.9980866042186,13.90050572561956,-0.027624209377697273,-0.13205637478205512,(0.9290116133624338+0.8361501501071011j),1.9092772709441692,(0.5466545365689442-0.554285646140596j),2.1230590956003303,0.23727974671108562,1.1404304618830554,0,0,0.07304957244457624,0,0,0.7282174488504277,0.0,0.0,0.3267409911371098,0.0,0.0,0.0,1.0,1.0,0.6112462978276345,2307.1648895662556,13.652839192789802,8.627176207859058,9.398788758117123,22.28001540064886
12.259098126391233,0.9858652505574501,0.13347629019953056,0.5343800315995028,1.678634400822463,2.725393387334923,0.00010687946577880132,0.0,0.0,0.0,0.0,0.0,0.0,0.15924695308318443,2950.7995750943705,1385860007.1353738,-0.440502974889426,5.310912460760259,100.0,IMRPhenomXP,20.0,28.16486783371403,14.182668147200774,13.982199686513258,-0.037740027979526136,-0.2119701245767036,(1.6596589807048026-0.8637858028488996j),1.8552692714648558,(1.7667541684070005-1.2399764914126288j),2.125610902005577,0.24998733466490447,1.678634400822463,0,0,0.13347629019953056,0,0,0.5343800315995028,0.0,0.0,0.33250140902557185,0.0,0.0,0.0,1.0,1.0,0.5046398495104604,1961.133486566782,9.425955421701183,9.292721903558792,8.147529875923313,18.71867732525997
12.752359772996233,0.9309045214231029,0.46776637300198964,0.5198790578213617,1.6828719570835693,2.9510146321868267,1.2133862414360412e-06,0.0,0.0,0.0,0.0,0.0,0.0,2.810930996046523,3866.988310914291,1385860007.2420146,-0.4401964386810895,5.310444624727058,100.0,IMRPhenomXP,20.0,29.319761432493458,15.184469820850797,14.13529161164266,-0.007166183750364041,-0.23906816952518373,(2.422061186433967+2.0408112775643636j),1.371333147283337,(1.1571859903322246-1.1477507327435539j),1.7319295560218588,0.24967987641770598,1.6828719570835693,0,0,0.46776637300198964,0,0,0.5198790578213617,0.0,0.0,0.49289031537387684,0.0,0.0,0.0,1.0,1.0,0.6314533363739374,2370.2720793153144,9.307327082121606,8.664232863110698,7.816564218342637,17.971559945232304
14.02184114876494,0.5156103021430416,0.551672135117876,0.19688938836434025,1.2908308092314844,1.4570469413111178,0.00023884355572606546,0.0,0.0,0.0,0.0,0.0,0.0,5.803300704830395,4961.078742101742,1385860007.1790218,-0.43954725712226184,5.277025021907269,100.0,IMRPhenomXP,20.0,34.36506339739797,22.67407614530363,11.690987252094336,0.06142690790534022,-0.26261357836535115,(0.7801808793449405+0.24335050312460932j),1.1468393247899045,(1.012899095512339+0.14450724327602352j),1.4524393776147964,0.2244638919628951,1.2908308092314844,0,0,0.551672135117876,0,0,0.19688938836434025,0.0,0.0,0.4309751201991531,0.0,0.0,0.0,1.0,1.0,0.7745459164665213,2795.689150561843,12.777396141122281,6.588157084925393,7.901650229871343,19.365553226047677
14.040065899746377,0.8786153068115943,0.042442728235681494,0.280907453135349,1.834746492982082,2.79991553780813,-2.0374830479582705e-05,0.0,0.0,0.0,0.0,0.0,0.0,5.171369888728738,4381.1747680691005,1385860007.2847905,-0.43822056340641113,5.281491279135561,100.0,IMRPhenomXP,20.0,32.33667152684249,17.213035265705688,15.123636261136795,0.0735595538976872,-0.074056425796448,(2.3779583349384246+1.8221554743195287j),1.4026676609658868,(1.2054123037524858-0.07766047671392465j),1.648178918755641,0.248956260437997,1.834746492982082,0,0,0.042442728235681494,0,0,0.280907453135349,0.0,0.0,0.15397102073483143,0.0,0.0,0.0,1.0,1.0,0.699664389099812,2577.6704924806895,10.127314178078517,8.898013253749864,8.260493065447099,19.025327431828384
14.725597896829425,0.9438066841594359,0.39466689247462244,0.05280512887315361,1.4485532620114498,2.7707810441095964,-0.00016450143488136513,0.0,0.0,0.0,0.0,0.0,0.0,3.1940634044071863,3233.9215289830117,1385860007.222068,-0.4359726833755384,5.309247923884263,100.0,IMRPhenomXP,20.0,33.84751531917396,17.413004901673492,16.434510417500462,0.0016249284863789626,-0.12424832400929198,(2.3263201034805423-0.017706579736527738j),1.9217741971718119,(1.9477477327371422-0.2621522901004194j),2.239924226406843,0.2497910688544591,1.4485532620114498,0,0,0.39466689247462244,0,0,0.05280512887315361,0.0,0.0,0.22867743468801954,0.0,0.0,0.0,1.0,1.0,0.5446508224371498,2093.626256501661,11.27310111044984,10.639628179247717,9.533285894086651,21.91272928969756
14.53553454348937,0.9319402928057011,0.16051000411888314,0.36236754626610435,2.0610949991416985,1.9828333044236377,0.00012594682772110746,0.0,0.0,0.0,0.0,0.0,0.0,4.635442932496159,3817.6958494887963,1385860007.2199259,-0.435901779001612,5.191393021461681,100.0,IMRPhenomXP,20.0,33.418780243854826,17.29803988679262,16.12074035706221,0.054132623132731705,-0.07262320139857215,(0.44806587232558154+0.561627470840452j),1.5114261117776597,(0.9271452280170115-0.45279001970585897j),1.7749307041209377,0.2496897350187064,2.0610949991416985,0,0,0.16051000411888314,0,0,0.36236754626610435,0.0,0.0,0.2578831877696679,0.0,0.0,0.0,1.0,1.0,0.6248134928159607,2349.620959917203,10.64616952239449,9.921594341959453,8.945971096225861,20.567763864353942
13.97178022328666,0.7385839893976478,0.6047278247029,0.10152559217116242,1.9495342057794334,0.0063815961360005795,-0.00019972151126940315,0.0,0.0,0.0,0.0,0.0,0.0,2.7965850606945875,4836.672639611588,1385860007.2218325,-0.4342430045099781,5.2432338740507305,100.0,IMRPhenomXP,20.0,32.54217852007138,18.71763384370403,13.82454467636735,0.07753125612527167,-0.2572301526236762,(0.412253655689641+0.11831734959421314j),1.1799672515603585,(1.144971743921739+0.30085188534402113j),1.5029393812344274,0.24434785854481086,1.9495342057794334,0,0,0.6047278247029,0,0,0.10152559217116242,0.0,0.0,0.3909578172465111,0.0,0.0,0.0,1.0,1.0,0.75864745605359,2750.222957013437,10.643198430290546,7.860895956594773,7.944616856091997,18.50409438688532
16.45753071528918,0.9596130023035792,0.19662270011255797,0.46420825424854756,0.9363543898845393,1.6816388298881784,0.00010486241683440093,0.0,0.0,0.0,0.0,0.0,0.0,0.3170378054417113,3896.057611969783,1385860007.2198825,-0.433893961231794,5.100325290092172,100.0,IMRPhenomXP,20.0,37.81911614319655,19.29927802006781,18.519838123128746,-0.09170125643204674,0.3406844663731121,(2.570513146094454+0.20122143525196035j),2.171529436244984,(0.7300378278507829-1.5603938684166918j),2.6140190822295035,0.2498938102683933,0.9363543898845393,0,0,0.19662270011255797,0,0,0.46420825424854756,0.0,0.0,0.3276580508045842,0.0,0.0,0.0,1.0,1.0,0.6353603543308639,2382.3847756614355,11.80123877221204,11.3246221691038,10.063550013124212,23.125860941315835
16.785463756153966,0.5914582729253164,0.4586120770063348,0.6644700874266865,1.3800716372519288,0.9647768252243433,6.173547250072717e-05,0.0,0.0,0.0,0.0,0.0,0.0,3.3488497423950596,4250.939724659003,1385860007.2040966,-0.43384311843290835,5.29843898811378,100.0,IMRPhenomXP,20.0,40.17290017143142,25.242823424825445,14.930076746605978,-0.02257473234666918,-0.10822699849406137,(1.6743165898997932+2.2784685993890954j),1.648277244269537,(0.9822682781738897-1.4830207595525404j),1.7594308929311846,0.2335251170639479,1.3800716372519288,0,0,0.4586120770063348,0,0,0.6644700874266865,0.0,0.0,0.5351182759953024,0.0,0.0,0.0,1.0,1.0,0.6825608365001934,2526.470162631029,15.002621526203901,8.873424617240735,9.976140768299665,23.876046143444636
12.599325834722812,0.6178143523677297,0.7175547477632617,0.3620524722504471,1.7239243815827252,2.5446027459397476,0.0001710602972587022,0.0,0.0,0.0,0.0,0.0,0.0,1.573832744296817,4612.356322138399,1385860007.2591655,-0.43342164072960765,5.304968083195304,100.0,IMRPhenomXP,20.0,29.96035343492665,18.519030561867986,11.441322873058663,-0.10561073514032215,-0.11454201961980282,(1.8894762622113508-0.18859168159114084j),1.2070727617382746,(1.8028524083224802-1.3544127994066153j),1.290497823458043,0.2360481631708159,1.7239243815827252,0,0,0.7175547477632617,0,0,0.3620524722504471,0.0,0.0,0.5817947900216575,0.0,0.0,0.0,1.0,1.0,0.7297572818357917,2666.476039560166,10.706144010108595,6.61440942796089,7.2838692266415235,17.320553438069485
14.401662508040793,0.9540501055810536,0.044490439460737274,0.2952588163464512,1.6087041843093102,1.2195180680041227,0.00017862569420446748,0.0,0.0,0.0,0.0,0.0,0.0,1.8186892790718225,4525.601038210248,1385860007.2457268,-0.4327934580025783,5.316019615525574,100.0,IMRPhenomXP,20.0,33.097314273006766,16.937802249019093,16.159512023987674,0.024817523325247226,-0.1070350504372155,(1.3062878212567903+0.2963489917165754j),1.305776738796725,(0.743966682438645+0.37423389762907966j),1.5320328075573935,0.24986175874972083,1.6087041843093102,0,0,0.044490439460737274,0,0,0.2952588163464512,0.0,0.0,0.16692619264888955,0.0,0.0,0.0,1.0,1.0,0.7185034132743695,2633.4547899660934,9.856135354858832,9.403246975924224,8.38035141321042,19.25938233078306
13.252992030738099,0.7340439271770778,0.4911393051425832,0.25577127924041293,1.8422379516704916,0.9862665117473691,-0.00018238684029077754,0.0,0.0,0.0,0.0,0.0,0.0,5.505658597393228,3520.055601148154,1385860007.282722,-0.4316854307034035,5.279436518070307,100.0,IMRPhenomXP,20.0,30.885370870209194,17.811181358299713,13.07418951190948,-0.050360249713695016,-0.25839873494317933,(1.1496417611491045-0.49851000107975035j),1.6969188501012729,(2.583997204874448+0.4991276677323414j),1.8526227823739883,0.24411915623615782,1.8422379516704916,0,0,0.4911393051425832,0,0,0.25577127924041293,0.0,0.0,0.39150487987954763,0.0,0.0,0.0,1.0,1.0,0.5843083755297589,2221.824766600924,11.24224401852577,8.25230094964167,8.36515935624375,19.494544968167443
15.769028118738504,0.9257454169247905,0.6875533201481692,0.18633490378027276,1.403922725740017,2.5724903806977615,-0.00021312795115085986,0.0,0.0,0.0,0.0,0.0,0.0,0.9669613221783354,4610.525445672661,1385860007.2392693,-0.4316643510035103,5.302749786837768,100.0,IMRPhenomXP,20.0,36.26006954699083,18.829108577027945,17.430960969962886,0.049861271547587904,-0.1363036465841052,(0.020713104992542+1.6164947132615526j),1.4583383036788065,(0.5945713740001036+0.14944142321604106j),1.5792460213715405,0.24962830322699023,1.403922725740017,0,0,0.6875533201481692,0,0,0.18633490378027276,0.0,0.0,0.44660732191137165,0.0,0.0,0.0,1.0,1.0,0.7295202467501519,2665.7828463749497,10.886896879298584,10.07849489054347,9.117573586298995,20.96539176984205
12.095655421297243,0.9165787906839407,0.15782729584907687,0.695299651644578,1.2984795339769566,2.646114854224557,-2.6503139270187058e-05,0.0,0.0,0.0,0.0,0.0,0.0,1.0763961345092727,4685.957094461144,1385860007.1395993,-0.4314204756930953,5.279192536688424,100.0,IMRPhenomXP,20.0,27.820154496510384,14.515528728449835,13.304625768060548,-0.06813910897328412,-0.10638983201909813,(0.1445762253031562+1.5309774651288586j),1.2305233578353068,(2.2825704011297847+0.35993669000513673j),1.383102007318705,0.24952636955006122,1.2984795339769566,0,0,0.15782729584907687,0,0,0.695299651644578,0.0,0.0,0.4148664347019541,0.0,0.0,0.0,1.0,1.0,0.7392690404686822,2694.210593141562,8.345763875920152,7.64955016072461,6.954447609806138,15.995314036644762
16.150381772116624,0.5887128404119328,0.47108081462326007,0.20282334817954262,1.7431773390746952,1.0149635542371251,-5.716041807320057e-05,0.0,0.0,0.0,0.0,0.0,0.0,5.727857564239392,3624.2070342706284,1385860007.1708055,-0.43125227561089696,5.30180651259601,100.0,IMRPhenomXP,20.0,38.680775690101825,24.347241808703703,14.333533881398122,0.02754477229742225,-0.021891318432979645,(0.743504257419423-0.6877083924027663j),1.850709084232584,(-0.019764217047832003+0.7875572547780155j),2.006863510891651,0.23324519030345847,1.7431773390746952,0,0,0.47108081462326007,0,0,0.20282334817954262,0.0,0.0,0.37167542743520077,0.0,0.0,0.0,1.0,1.0,0.5985647714268983,2267.1630964318124,15.230688329864206,8.966501788103233,10.103051224943858,24.197190117967438
12.10171902295883,0.6484833719124485,0.5428067586919822,0.18133700851925472,1.2587081667937727,2.6755243553579664,0.00020421299704680032,0.0,0.0,0.0,0.0,0.0,0.0,1.237845975349314,4838.885277073132,1385860007.2063725,-0.4306719381788926,5.267227073403191,100.0,IMRPhenomXP,20.0,28.58967665025195,17.34301791414755,11.246658736104402,-0.07714666665139536,-0.12740911689059908,(-0.2525173067122202+0.9756701070603631j),1.2163240880280073,(0.7093070780828711-0.2538539322445876j),1.3830918855846561,0.23863256147246872,1.2587081667937727,0,0,0.5428067586919822,0,0,0.18133700851925472,0.0,0.0,0.40061113425907163,0.0,0.0,0.0,1.0,1.0,0.7589309778264519,2751.037599979066,9.85997639064762,6.394030736784303,6.880155717032842,16.254007127431922
12.343903645133459,0.6297490379348833,0.4007508018998361,0.6694886555901918,1.0564121681608878,0.7812820965418124,0.00015308609567088417,0.0,0.0,0.0,0.0,0.0,0.0,3.1301245353454283,4995.721350331031,1385860007.2595901,-0.43060461704246755,5.17816090892606,100.0,IMRPhenomXP,20.0,29.27499943841105,17.962888001152933,11.31211143725812,-0.12076533254314281,-0.15657175061355133,(1.4329089884407298+2.136461284998624j),1.2564443673308519,(-0.37521527617932937+0.10874977356871651j),1.4036275664628897,0.23709699298667145,1.0564121681608878,0,0,0.4007508018998361,0,0,0.6694886555901918,0.0,0.0,0.5045934186947716,0.0,0.0,0.0,1.0,1.0,0.7789578602468729,2808.229167562045,10.097421868475374,6.358841707295019,6.938839823569765,16.456263575770393
13.31481364316844,0.7222181893020895,0.1419150246297063,0.04742061871955237,2.283905944723978,3.110009838740944,3.457288063424464e-05,0.0,0.0,0.0,0.0,0.0,0.0,2.8064621372147576,4270.216193676833,1385860007.2981064,-0.42967819907933924,5.037462464621032,100.0,IMRPhenomXP,20.0,31.077054197772817,18.044783402483088,13.032270795289733,0.07219954881182877,-0.06910610604245715,(2.4822652513960715+0.0006562193931351848j),1.7589059981240882,(1.6553420380477473+1.745003261795388j),2.085779697357871,0.24349613865257994,2.283905944723978,0,0,0.1419150246297063,0,0,0.04742061871955237,0.0,0.0,0.10228846676408311,0.0,0.0,0.0,1.0,1.0,0.6850994750286075,2534.1033191658685,10.708438089197521,7.733828767033761,7.901500083811015,18.44226685623128
16.836542867134206,0.7725563423579057,0.7762894426215525,0.036142459128298034,1.2205956959689779,3.092905761697055,0.00016688844665097306,0.0,0.0,0.0,0.0,0.0,0.0,0.15215082134791919,3641.7827452612664,1385860007.2223055,-0.4294162125614891,5.254122078488879,100.0,IMRPhenomXP,20.0,39.06743347632456,22.040164559370748,17.02726891695381,-0.02761870986019499,-0.15518743655393186,(2.432288718188035-1.243086961645777j),1.8883599924020467,(1.158361726398141-0.7511013714590293j),2.4037925430678846,0.24588388430500005,1.2205956959689779,0,0,0.7762894426215525,0,0,0.036142459128298034,0.0,0.0,0.4537015323189925,0.0,0.0,0.0,1.0,1.0,0.6009615971265269,2274.7470919891066,13.766829010095783,10.635651065906307,10.516518882997032,24.402480076002092
12.937987719227689,0.5874969876179981,0.006307520685811774,0.7010238974035404,1.0613383405978651,1.5481126583599047,-1.7816381294730415e-05,0.0,0.0,0.0,0.0,0.0,0.0,0.8766575548122636,4306.345329278186,1385860007.126319,-0.42869907434926136,5.180928851663901,100.0,IMRPhenomXP,20.0,30.99694123394887,19.525669324550375,11.471271909398496,-0.032480670499796194,-0.33473071906495067,(-0.08405347039505046+1.0780400062310855j),1.397827570940056,(0.3842704795249032+0.5472128175585314j),1.7041067171022126,0.23312015564510508,1.0613383405978651,0,0,0.006307520685811774,0,0,0.7010238974035404,0.0,0.0,0.26340645174140137,0.0,0.0,0.0,1.0,1.0,0.6898508645412578,2548.3581992182876,11.554670139397768,6.7883338998158225,7.656289670710056,18.343004039213593
15.924967235345592,0.868313918998294,0.6407542535616658,0.19232377434298142,1.3967738465580575,2.8765618659775325,0.00016336300144380837,0.0,0.0,0.0,0.0,0.0,0.0,3.3639223651625745,4629.235979096133,1385860007.1812224,-0.4285301524289373,5.301519329937958,100.0,IMRPhenomXP,20.0,36.69545769955905,19.64094862561079,17.05450907394826,0.0574961833206209,-0.18921843774144742,(0.3788822349724855-0.10693153624642628j),1.4684082581576003,(0.2845486279237563-1.3112113842095157j),1.78998316943718,0.2487580044024869,1.3967738465580575,0,0,0.6407542535616658,0,0,0.19232377434298142,0.0,0.0,0.43234258202767323,0.0,0.0,0.0,1.0,1.0,0.731941583731341,2672.8592022400744,11.340422107826413,9.847046363541645,9.194863952071882,21.18746847136806
13.39632765535329,0.5059710500651884,0.7205195644215043,0.3353056812166224,1.8183562552065562,2.82716708801483,-0.00013758539940705812,0.0,0.0,0.0,0.0,0.0,0.0,5.094180974175811,3857.1985301042714,1385860007.2998211,-0.4256025427304584,5.285777122065607,100.0,IMRPhenomXP,20.0,32.952647145130825,21.881328425074585,11.071318720056242,-0.09520082229538707,-0.3606701529203389,(2.3221199629522222-1.279708350525943j),1.636065228101578,(2.907092360190742+1.184881469846391j),1.9549677465305804,0.22309632794812514,1.8183562552065562,0,0,0.7205195644215043,0,0,0.3353056812166224,0.0,0.0,0.5910967093298171,0.0,0.0,0.0,1.0,1.0,0.6301361119179196,2366.1818870946076,13.42300699009136,6.791652941808889,8.217919692357455,20.214659931900247
16.368971086940576,0.6702955859443891,0.3621441650128226,0.3033171749435944,2.147163504634933,2.537773559978128,-0.00010613314730718539,0.0,0.0,0.0,0.0,0.0,0.0,4.241787914998383,4140.214871593776,1385860007.2814512,-0.425447355895173,5.140535574737381,100.0,IMRPhenomXP,20.0,38.513551267475705,23.057925550165454,15.455625717310253,-0.08464776528104956,0.2983010217253721,(1.0643787886275575-0.7223086371348263j),2.089361881940095,(0.37318978726443924+1.1778163622570696j),2.3780850825308697,0.24025901521929144,2.147163504634933,0,0,0.3621441650128226,0,0,0.3033171749435944,0.0,0.0,0.3385366837324938,0.0,0.0,0.0,1.0,1.0,0.6679297815784839,2482.2477062639177,13.82427833883034,9.266352749384609,9.813944968024625,23.090631088214945
13.402589100734208,0.652566701772045,0.7278436142912876,0.17191650107854103,2.1236599064089843,0.5869778344560331,-0.0001375772528167209,0.0,0.0,0.0,0.0,0.0,0.0,5.377929223779784,4942.963230003626,1385860007.297682,-0.4254148489167142,5.15542366169355,100.0,IMRPhenomXP,20.0,31.637674583887325,19.14456738718158,12.493107196705742,-0.06841688705686355,-0.3335473101299744,(1.470543736048796-2.34879425194948j),1.331565142296824,(1.2482097404438866-0.08292673693298894j),1.5218298169175755,0.2389499335027885,2.1236599064089843,0,0,0.7278436142912876,0,0,0.17191650107854103,0.0,0.0,0.5083187247325858,0.0,0.0,0.0,1.0,1.0,0.7722361786692455,2789.110875649907,10.802492138241442,7.049346665570664,7.562529905465579,17.851838803812107
15.283468794627431,0.6522398945141716,0.08331251503846611,0.7724494949820084,1.1072188463538142,1.4979462894358315,1.4532352357017793e-05,0.0,0.0,0.0,0.0,0.0,0.0,3.7174792540306454,4923.931887366688,1385860007.2209318,-0.4232341659554595,5.205201576053387,100.0,IMRPhenomXP,20.0,36.079893280296176,21.836958059232185,14.24293522106399,-0.017461231973727287,-0.15470709783642755,(1.474539343264763+0.8677976259475543j),1.4060089749349987,(2.4265488697576965-0.29260260300411467j),1.7252217176730653,0.23892475561989465,1.1072188463538142,0,0,0.08331251503846611,0,0,0.7724494949820084,0.0,0.0,0.35535692735206525,0.0,0.0,0.0,1.0,1.0,0.7698077401989706,2782.1846311819963,12.33860467622159,8.047730212470833,8.63566615032952,20.386334888692424
12.075478344887362,0.7740408954621963,0.22447358370549556,0.3930834543281524,1.2554650722593057,2.8910550633606995,0.00020322078118547015,0.0,0.0,0.0,0.0,0.0,0.0,5.002909987062109,4112.6510380016725,1385860007.1405466,-0.4231494740638828,5.266174938737922,100.0,IMRPhenomXP,20.0,28.01575635782883,15.792057798380009,12.223698559448824,-0.02007384474625251,-0.2399880002571524,(0.9387413873049196+0.8061427874331005j),1.3577089522354213,(0.9141681790434302-0.8594134215417083j),1.6396689444452945,0.24594423816113176,1.2554650722593057,0,0,0.22447358370549556,0,0,0.3930834543281524,0.0,0.0,0.29804062242165996,0.0,0.0,0.0,1.0,1.0,0.6642743444004097,2471.1376761826045,9.488854918369503,7.344761757925597,7.255701793106598,16.833616676295097
12.261838884731752,0.8190005118485076,0.5895373031087948,0.05510839068251059,1.3448165187246928,2.6573151505162507,0.00022351015617120542,0.0,0.0,0.0,0.0,0.0,0.0,0.9444842922935894,4246.327203548808,1385860007.2831721,-0.4220332230991093,5.290984528815793,100.0,IMRPhenomXP,20.0,28.3389977680747,15.57943364143202,12.759564126642683,-0.035167996147013714,-0.19956346800441738,(1.879222816874129-0.21555051418916854j),1.3337873855592535,(2.0178612854413305+0.836900125749474j),1.4975791955624134,0.24752469305927688,1.3448165187246928,0,0,0.5895373031087948,0,0,0.05510839068251059,0.0,0.0,0.3489119981829758,0.0,0.0,0.0,1.0,1.0,0.6819530096527333,2524.640808767412,9.26270445846085,7.586159692580891,7.290238677514188,16.84886415104174
16.981972474723673,0.9427199300568607,0.7447525010665346,0.10118012342678924,1.888939794557287,1.0069663942057125,-0.00023850288303668872,0.0,0.0,0.0,0.0,0.0,0.0,4.133934642684885,4413.768398127285,1385860007.2972806,-0.42170302965410267,5.265253172285602,100.0,IMRPhenomXP,20.0,39.03469174598735,20.092804496448885,18.941887249538468,-0.09008638817445025,0.08959088057752362,(1.5785236549600383-1.2122000614469648j),1.7499236084645662,(2.4802356591935077+0.5891870120015016j),1.9401741579377005,0.249782666488636,1.888939794557287,0,0,0.7447525010665346,0,0,0.10118012342678924,0.0,0.0,0.4324540078826453,0.0,0.0,0.0,1.0,1.0,0.7039275062893127,2590.3498601123774,11.792053606908143,11.116603951531195,9.966370289840414,22.908657558439337
13.168091594853768,0.7798785526022649,0.4407466352630241,0.6749770565155951,1.344707743434055,1.3697827241271927,7.346976000018214e-05,0.0,0.0,0.0,0.0,0.0,0.0,3.281311183340233,3276.871536488437,1385860007.2996297,-0.4204459907893523,5.290959514414914,100.0,IMRPhenomXP,20.0,30.53339502339047,17.154763159963487,13.37863186342698,-0.05689738971749936,-0.33928868035122006,(2.2900052066729755-1.0822066704279636j),1.773791667527484,(2.187173039527439+1.9651200824039894j),2.208420987621741,0.24617629843689146,1.344707743434055,0,0,0.4407466352630241,0,0,0.6749770565155951,0.0,0.0,0.5433779533576211,0.0,0.0,0.0,1.0,1.0,0.5506515134330379,2113.2224222649224,11.062939036498276,8.627748883311371,8.491973522600512,19.690687919809648
12.48606894094054,0.8376014050369529,0.3599906411040194,0.24175616142495937,1.9642124762753126,1.428959523267426,4.199029201309973e-05,0.0,0.0,0.0,0.0,0.0,0.0,1.3432804446265956,3028.64579293419,1385860007.2069306,-0.41976328458769396,5.237267378130827,100.0,IMRPhenomXP,20.0,28.82072273083176,15.68388152720867,13.136841203623092,0.004740169123900184,-0.3237805764778179,(0.4051603008618566+0.9645771333209918j),1.9078065194673803,(1.4025517069172422-0.3443959452673591j),2.348294971067955,0.24804745111827298,1.9642124762753126,0,0,0.3599906411040194,0,0,0.24175616142495937,0.0,0.0,0.30609790569821343,0.0,0.0,0.0,1.0,1.0,0.5157224594906782,1998.1532732594148,10.347462643311928,8.667049248605453,8.23770134351389,19.01451189191738
16.089025233640893,0.718193719400585,0.615032529180702,0.07165700072384347,1.5402949629290554,1.0263235306921539,4.6547073953584115e-05,0.0,0.0,0.0,0.0,0.0,0.0,3.131989643060522,4691.427763825941,1385860007.1548734,-0.4179291544275925,5.316273051760925,100.0,IMRPhenomXP,20.0,37.57260646413881,21.867503087630023,15.705103376508783,0.055982325400781185,-0.1327019098219422,(-0.35951636119799657+0.24191033030146825j),1.410989535884317,(0.061845408105599575-0.366441189008158j),1.5267008008155483,0.2432749256482771,1.5402949629290554,0,0,0.615032529180702,0,0,0.07165700072384347,0.0,0.0,0.38790511775596853,0.0,0.0,0.0,1.0,1.0,0.7399747530164343,2696.2619648050218,12.567712864638032,9.026052446612969,9.246700393640097,21.593765311251
15.9339693053885,0.9650001597315288,0.3551136407891427,0.1782335512734946,1.038927290042434,0.7320442732227957,-3.5898384591756256e-05,0.0,0.0,0.0,0.0,0.0,0.0,3.130427312190926,4467.315188411659,1385860007.2175174,-0.416746213733441,5.168076672433677,100.0,IMRPhenomXP,20.0,36.61361858920491,18.632883263585743,17.98073532561917,0.03034004568299542,0.14826595239436458,(1.0981342483739964-0.0636021589365348j),1.6692409892309865,(1.2679365891798475+0.5962129169138032j),1.8678465316887953,0.24992068652955574,1.038927290042434,0,0,0.3551136407891427,0,0,0.1782335512734946,0.0,0.0,0.2682488566869123,0.0,0.0,0.0,1.0,1.0,0.7109164639450143,2611.0656445831382,10.890586218699553,10.509417440615055,9.31311939605053,21.400003659314606
14.152620059363375,0.8644014366523742,0.570993960988588,0.2724685480613463,1.3439383604534805,2.566627804055786,5.5281149907321163e-05,0.0,0.0,0.0,0.0,0.0,0.0,0.8359488026619709,4095.2915106372907,1385860007.1382098,-0.41660568063598813,5.29078222829751,100.0,IMRPhenomXP,20.0,32.61781569646377,17.49506037446028,15.12275532200349,0.07639768307397254,-0.23244952938270158,(-0.022614661348061386+0.4305831265776886j),1.5297509927010393,(2.294509826801083+0.24802521473408212j),1.6662664484363956,0.24867757415801958,1.3439383604534805,0,0,0.570993960988588,0,0,0.2724685480613463,0.0,0.0,0.4325871829532283,0.0,0.0,0.0,1.0,1.0,0.6619694290261817,2464.11962622783,10.526704083065702,9.099298132616406,8.515571834348357,19.62600221568211
14.450766024759211,0.809422558916414,0.26693485226793817,0.2334091946972243,2.0282576770670135,2.2459628240062712,-0.00020504867343849024,0.0,0.0,0.0,0.0,0.0,0.0,1.0781854659950385,4445.315771044404,1385860007.2769682,-0.41621539712996025,5.208235774644712,100.0,IMRPhenomXP,20.0,33.42209639965344,18.47113944443608,14.950956955217361,0.06408507117771878,-0.0653247303061728,(1.0830356691447385+0.16698701793794146j),1.3587102258952315,(1.6222405382710654-0.3736997656035958j),1.4945690916995904,0.2472266608007915,2.0282576770670135,0,0,0.26693485226793817,0,0,0.2334091946972243,0.0,0.0,0.2519375685176496,0.0,0.0,0.0,1.0,1.0,0.7080472925604405,2602.571829409739,10.814185019869681,8.753245311378468,8.460401587064288,19.567430331248147
12.847021275789979,0.7768949206356283,0.5209347463860862,0.3034470564289602,1.8800461740549514,1.3429757135274134,-0.00018612263584524336,0.0,0.0,0.0,0.0,0.0,0.0,0.7194525630732113,2909.3934820641307,1385860007.2996416,-0.41258924352518367,5.268138357847203,100.0,IMRPhenomXP,20.0,29.79745476977944,16.76939610988383,13.02805865989561,-0.06153742589990863,-0.3248449351962184,(1.073871511419479-1.7839429545678118j),2.0487255596618974,(2.9371829353090133+0.22136109039842425j),2.5009877278793846,0.2460587368520627,1.8800461740549514,0,0,0.5209347463860862,0,0,0.3034470564289602,0.0,0.0,0.4258446655567564,0.0,0.0,0.0,1.0,1.0,0.4987188189309493,1941.2537082681488,11.189154295030207,8.69279713801729,8.572002375304718,19.881951433047497
14.919568933225193,0.9228825932124107,0.5321767431861576,0.49780874349781873,2.093408151086165,1.807389575060726,0.0001998431680160219,0.0,0.0,0.0,0.0,0.0,0.0,3.888569460813568,3484.493649190102,1385860007.2920172,-0.41041170072359323,5.173466421745771,100.0,IMRPhenomXP,20.0,34.30928947649627,17.842633553189746,16.466655923306522,0.2333091298526102,-0.3844865560374644,(3.501932681308831-0.417353378132724j),1.9346117985066573,(0.3211507629339386+0.7503595693694782j),2.3649304705026393,0.24959789515404276,2.093408151086165,0,0,0.5321767431861576,0,0,0.49780874349781873,0.0,0.0,0.5156819094465119,0.0,0.0,0.0,1.0,1.0,0.5794194148527404,2206.1864031413643,11.29695721440358,10.425765169438428,9.446236251702809,21.722722383842008
12.316703521072437,0.5138960729123374,0.03396726755958666,0.32208339207197645,2.2269130678341824,1.5887871690724293,7.327935415696172e-05,0.0,0.0,0.0,0.0,0.0,0.0,5.42494497237413,4308.0582677459915,1385860007.2158134,-0.4096108711212043,5.084007882539033,100.0,IMRPhenomXP,20.0,30.205399426090306,19.952095765717306,10.253303660373,-0.03660173006710199,-0.3607853806392787,(0.04091065619335066-0.18953123590134147j),1.5001751400175214,(1.876752340875267+1.1779660156390648j),1.783345719401901,0.22422455670900399,2.2269130678341824,0,0,0.03396726755958666,0,0,0.32208339207197645,0.0,0.0,0.1317690569815034,0.0,0.0,0.0,1.0,1.0,0.6900759168806833,2549.0323712050345,11.805443510811175,6.0667710591943,7.287662878366415,17.872214570005475
14.575603088104371,0.8473982536750864,0.32505947167724414,0.09773596719906569,1.4052624350587535,2.93937224918474,-3.4895824652062955e-05,0.0,0.0,0.0,0.0,0.0,0.0,4.327943196934303,4465.336963490668,1385860007.2484298,-0.4092837024257787,5.302974524764065,100.0,IMRPhenomXP,20.0,33.623787253490555,18.200616562563983,15.423170690926572,0.028287285412635477,-0.11265297790635431,(0.2583291880654995-1.21594513092141j),1.2876018829522549,(0.5759989036209574-0.09755265167506029j),1.602335902656478,0.2482941613181542,1.4052624350587535,0,0,0.32505947167724414,0,0,0.09773596719906569,0.0,0.0,0.2207865893515749,0.0,0.0,0.0,1.0,1.0,0.7106585920385939,2610.3028518716437,10.639537688741438,9.015925657349758,8.520462911734251,19.655463346091196
14.383248633253647,0.8536234409747119,0.4348103876773693,0.01116793396403546,1.8891623470959722,3.070890466716908,0.00013206839522769258,0.0,0.0,0.0,0.0,0.0,0.0,0.9183868847538228,4696.960617946757,1385860007.215645,-0.4075176045169573,5.265179851549157,100.0,IMRPhenomXP,20.0,33.16828403587564,17.893755173075704,15.274528862799933,0.07461688838684077,-0.07712010025111926,(0.44541366315745384+0.18059771404119038j),1.2058092082153289,(3.685800974857648-0.21448132060207908j),1.5319970795973101,0.24844102177151195,1.8891623470959722,0,0,0.4348103876773693,0,0,0.01116793396403546,0.0,0.0,0.23971621639758361,0.0,0.0,0.0,1.0,1.0,0.740688308833914,2698.335244617358,10.279700898929297,8.774993653534866,8.262966184272804,19.054694552464163
14.205985259176307,0.5900742703688637,0.7768986518712903,0.006521048600438295,1.2578904848787307,0.8699234780032086,0.0001519929451219077,0.0,0.0,0.0,0.0,0.0,0.0,4.227327055656925,2421.0743715587464,1385860007.293746,-0.4069302894634772,5.266962894316168,100.0,IMRPhenomXP,20.0,34.01169258379367,21.39000247825133,12.62169010554234,0.043297122914628616,-0.19261649713784257,(2.5258405529366965+0.3344294884395627j),2.5398035456987595,(0.3362825231263061+1.0842677610127067j),2.711618228799951,0.23338441849709887,1.2578904848787307,0,0,0.7768986518712903,0,0,0.006521048600438295,0.0,0.0,0.4910126334445479,0.0,0.0,0.0,1.0,1.0,0.42739321081735976,1696.1509753741593,14.985360947599645,8.842475927368925,9.952397945792118,23.82783687496857
13.185556230531809,0.9159831301067177,0.608923505710862,0.7424587372295255,1.0377017533914838,0.5904348615820876,1.2545134499341172e-05,0.0,0.0,0.0,0.0,0.0,0.0,6.023750823920782,4154.274429042928,1385860007.244567,-0.4062244902057319,5.167354517879331,100.0,IMRPhenomXP,20.0,30.327456401829675,15.828665673136943,14.498790728692732,-0.04890460947876374,-0.24851746666714059,(2.2448270661593894+0.33946222231697676j),1.5797111391414123,(0.17335655453109117-0.4608577097730918j),1.8057036903477193,0.24951928282142835,1.0377017533914838,0,0,0.608923505710862,0,0,0.7424587372295255,0.0,0.0,0.6727633263355758,0.0,0.0,0.0,1.0,1.0,0.6697922739644209,2487.8989374681146,9.479422033470382,8.682990665820787,7.896524876849898,18.162412699291167
13.45962612071688,0.6991610586545431,0.20979450604209796,0.5286279066777184,1.2766672807787927,1.0442653874743326,-0.0001263215649114292,0.0,0.0,0.0,0.0,0.0,0.0,1.4460162305048272,3595.9979403859143,1385860007.1245005,-0.40446516581771785,5.272843873030539,100.0,IMRPhenomXP,20.0,31.51868668956344,18.549558047499673,12.969128642063772,-0.01768080898249469,-0.266402479266747,(2.711405216491635-0.027196118917674143j),1.7112043988890986,(1.8803801277839516-0.8045187189212135j),1.9046298917628914,0.24216319538140468,1.2766672807787927,0,0,0.20979450604209796,0,0,0.5286279066777184,0.0,0.0,0.34098624727664656,0.0,0.0,0.0,1.0,1.0,0.5947124844291686,2254.9506325128673,11.631913732800262,8.132581119602952,8.4401584938584,19.76449485240321
15.184083313405392,0.6800626023457363,0.16075066966673132,0.13965337030468392,1.8666959891072576,1.235744920334162,-0.0001636022845957703,0.0,0.0,0.0,0.0,0.0,0.0,4.528129964514102,4713.133039113475,1385860007.2972302,-0.40335302605319967,5.272305814633663,100.0,IMRPhenomXP,20.0,35.66562178672731,21.22874572467137,14.436876062055937,0.20421266319758757,0.1560892726669021,(0.7888579415498339-0.7869377664490655j),1.3974173730164579,(3.684143580903157+0.6719544762159004j),1.641485445316792,0.24093392943011624,1.8666959891072576,0,0,0.16075066966673132,0,0,0.13965337030468392,0.0,0.0,0.15221081865963865,0.0,0.0,0.0,1.0,1.0,0.7427729818720306,2704.387262140811,12.181016084991251,8.283853497974423,8.712599673822771,20.464869582965676
16.62654424985929,0.996269491780925,0.10844874504359847,0.6329059447380165,1.0545764466746153,2.473856476737421,-0.00011142435567701328,0.0,0.0,0.0,0.0,0.0,0.0,5.998620670571344,3912.1039485840142,1385860007.2215273,-0.40333093716332424,5.17712126527463,100.0,IMRPhenomXP,20.0,38.19784809470223,19.134614966551894,19.063233128150337,-0.0921017649983833,0.17706481916940664,(2.371955834193113+1.5254272693645647j),2.1300209428255212,(1.2328299624100096+1.1802937139204066j),2.3958775064429143,0.24999912695290483,1.0545764466746153,0,0,0.10844874504359847,0,0,0.6329059447380165,0.0,0.0,0.3701873078737443,0.0,0.0,0.0,1.0,1.0,0.6375143004218554,2389.0502532565542,11.685159000823655,11.641567419129885,10.15352613749753,23.32672641995354
13.263280020210036,0.5866686869128888,0.46720885265148615,0.44200425244050623,1.9217018144023683,0.8962007687249137,6.591228067547169e-05,0.0,0.0,0.0,0.0,0.0,0.0,4.72906775098339,2974.824627259308,1385860007.2957163,-0.4030566533888327,5.253864343807069,100.0,IMRPhenomXP,20.0,31.78327859667461,20.03145260181187,11.75182599486274,-0.06551664900382059,-0.2602197881610544,(2.301415821583073-0.5029169626525634j),2.017631243186799,(1.7556281733958339+1.9011186995497096j),2.1854116725750687,0.2330345992745499,1.9217018144023683,0,0,0.46720885265148615,0,0,0.44200425244050623,0.0,0.0,0.4578894844482163,0.0,0.0,0.0,1.0,1.0,0.5080669938799802,1972.6077480938438,13.282866532523606,7.79264186707478,8.794887809384413,21.075508399598384
12.057371109253017,0.9591298666027936,0.31170454309414763,0.46978907219659605,1.2012399650761458,0.9687749651421691,-7.613682032614656e-05,0.0,0.0,0.0,0.0,0.0,0.0,0.19855808918722753,3871.1623030975343,1385860007.1396434,-0.40298617207525655,5.246838951479973,100.0,IMRPhenomXP,20.0,27.70780035450134,14.142911517421624,13.564888837079716,-0.06683062973100062,-0.10419869059777387,(1.6241909309303972+0.4479740297064446j),1.513605595332069,(1.6377949044059013-2.001184395354819j),1.6738831087330692,0.24989120080845048,1.2012399650761458,0,0,0.31170454309414763,0,0,0.46978907219659605,0.0,0.0,0.3890978777039242,0.0,0.0,0.0,1.0,1.0,0.6320147345470503,2372.014316597675,8.665921463844413,8.311744097607377,7.388028339461913,16.97766556145179
15.999999956662403,0.9225292232919109,0.15001221722922908,0.731588333510747,1.3594843679049327,2.8226495657896704,-0.00012012771383427721,0.0,0.0,0.0,0.0,0.0,0.0,4.7441640578996545,4770.146359671124,1385860007.173056,-0.40186020034312975,5.294243757196355,100.0,IMRPhenomXP,20.0,36.794206554550684,19.138438109954265,17.655768444596415,0.05271644064448422,-0.18671419641533005,(0.9171769190516207+0.49018863048616407j),1.4791841309735443,(-1.0720889729902894+0.0670535556821326j),1.7634530849116992,0.24959405244596625,1.3594843679049327,0,0,0.15001221722922908,0,0,0.731588333510747,0.0,0.0,0.42908259823474637,0.0,0.0,0.0,1.0,1.0,0.7501099633547074,2725.62664877234,10.935563199279576,10.088376624490992,9.142282651767047,21.023939823770572
15.768911743523677,0.9511959834458549,0.40970693377716566,0.7379289309885709,1.917046795703922,0.19648036110686876,0.00016492464194492695,0.0,0.0,0.0,0.0,0.0,0.0,1.2149338145968462,4777.7950740918,1385860007.2164342,-0.4018023288605108,5.255556064057695,100.0,IMRPhenomXP,20.0,36.24105149833583,18.57376286431942,17.66728863401641,0.0732010988670373,-0.24198351835157839,(0.9737505130687875-0.16919791815262145j),1.0920417690185713,(3.108519682105673+0.23126184293916296j),1.4307630991829623,0.2498435954606177,1.917046795703922,0,0,0.40970693377716566,0,0,0.7379289309885709,0.0,0.0,0.5697131289901689,0.0,0.0,0.0,1.0,1.0,0.7510928299089527,2728.464736192266,10.606955009509779,10.089293001636591,9.005183205703364,20.69624801114637
12.943475997171317,0.9545297486097724,0.06440110521559231,0.1568402040082237,2.0666494734861702,2.680659618278905,4.8159104720868625e-05,0.0,0.0,0.0,0.0,0.0,0.0,1.4088951421149185,4900.990893803428,1385860007.191501,-0.4014935105951709,5.1884083388520565,100.0,IMRPhenomXP,20.0,29.74595960035672,15.218985344947844,14.526974255408875,-0.007752303416829864,-0.23719423436867437,(0.7430913916481542+0.8294502513570264j),1.34872369398255,(0.563391525714139-0.15805083179141347j),1.5477832395276347,0.2498646961515612,2.0666494734861702,0,0,0.06440110521559231,0,0,0.1568402040082237,0.0,0.0,0.10954540132825327,0.0,0.0,0.0,1.0,1.0,0.7668777533787517,2773.8143654042533,8.6134908404642,8.22183324660087,7.325620560007541,16.83532408706507
14.765149011270925,0.5842391731752387,0.6078273473521117,0.15396794463218272,1.8509681746758964,2.8306970302105396,-0.00010519935659062085,0.0,0.0,0.0,0.0,0.0,0.0,1.303204964826564,3361.4451270286318,1385860007.2899015,-0.39933389506785977,5.276965675388265,100.0,IMRPhenomXP,20.0,35.405304008477785,22.348458874120688,13.056845134357095,0.1588759101296473,-0.32636198811254147,(2.357336239578645-2.207902336246165j),2.0126640746138844,(2.133456429202897+0.5695579775827647j),2.399125519169436,0.23278188325894475,1.8509681746758964,0,0,0.6078273473521117,0,0,0.15396794463218272,0.0,0.0,0.44045208819131054,0.0,0.0,0.0,1.0,1.0,0.5624171300961939,2151.4389916983855,14.303772304867621,8.356824104682737,9.4501965748173,22.660596409550358
16.748354396135106,0.7463947651274219,0.23533900778131472,0.49772752503021667,0.8812168985756309,1.4072175080136673,0.00012474748574455951,0.0,0.0,0.0,0.0,0.0,0.0,5.519672638964646,4788.864008762367,1385860007.2800176,-0.39923567878023647,5.057337384213723,100.0,IMRPhenomXP,20.0,38.97282579145573,22.316160452194303,16.656665339261426,-0.22650023869944746,0.9377184197689008,(0.861565877613637-1.108983302502381j),1.999893535705087,(1.3009969629250295-0.8226460337586651j),2.3721141943722337,0.24472804621189384,0.8812168985756309,0,0,0.23533900778131472,0,0,0.49772752503021667,0.0,0.0,0.3474817029009014,0.0,0.0,0.0,1.0,1.0,0.7525146125639666,2732.5672362661435,12.733794224714213,9.504437349536484,9.556755918646466,22.2382315742507
13.284299252363784,0.757114978501034,0.08406303071480209,0.16508050983688793,0.8071475631626176,1.611479121076999,0.00017396545312207154,0.0,0.0,0.0,0.0,0.0,0.0,0.7592376020961533,2910.1431660396443,1385860007.2215805,-0.3991086432758286,4.991447776433071,100.0,IMRPhenomXP,20.0,30.87463019284845,17.571206534922997,13.303423657925453,0.014797166338146539,-0.1399895864322307,(0.9380837629318504+0.3784563711323593j),2.6763291948393735,(3.6575985061127194-0.1341504726640366j),3.1641137732051927,0.2452231554004504,0.8071475631626176,0,0,0.08406303071480209,0,0,0.16508050983688793,0.0,0.0,0.1189722698449891,0.0,0.0,0.0,1.0,1.0,0.49882618923769767,1941.6148333880126,11.723311656209919,8.875894852552294,8.863135263949566,20.599206508762215
12.217008414878322,0.811108724038822,0.24311326904615643,0.5224340243246938,2.0325530508674854,1.9280929831000138,6.936286113849439e-05,0.0,0.0,0.0,0.0,0.0,0.0,0.02253375763398816,3368.8398428678493,1385860007.1479986,-0.39854725689060766,5.206109724063852,100.0,IMRPhenomXP,20.0,28.25210792010235,15.599343951642714,12.652763968459636,-0.01262835823944819,-0.16526138766572807,(0.22304342750330772-0.4049557400120479j),1.4323797452601956,(0.29454399959846067+0.12445793781191057j),1.7153735185400236,0.24728058953742135,2.0325530508674854,0,0,0.24311326904615643,0,0,0.5224340243246938,0.0,0.0,0.3682076371558194,0.0,0.0,0.0,1.0,1.0,0.563442731005628,2154.75742908077,9.977560189626518,8.092886114428511,7.814170722467188,18.07044630405503
16.755413776629055,0.8830259842244894,0.604510789913397,0.391369129967575,1.1003345064018726,0.5787926499654974,-6.686980302352094e-05,0.0,0.0,0.0,0.0,0.0,0.0,2.9105976280671526,2845.621328570972,1385860007.2152498,-0.39454791564274405,5.201730321915082,100.0,IMRPhenomXP,20.0,38.583235409159265,20.490017520947536,18.09321788821173,-0.005047254707005511,-0.15576743932108217,(0.48957224316746123-0.1764626523955524j),2.4640847613802337,(3.129769261649691-1.597016381268036j),2.776390559561152,0.24903526911532936,1.1003345064018726,0,0,0.604510789913397,0,0,0.391369129967575,0.0,0.0,0.504560164892992,0.0,0.0,0.0,1.0,1.0,0.48956295721537985,1910.3733288074409,13.755724403386079,12.14666208002082,11.248543537865613,25.9023864834069
14.791096599487501,0.7417304037193342,0.49540353635382495,0.6740824772723415,1.2918819327113995,1.5948071672416644,-9.55702331877341e-05,0.0,0.0,0.0,0.0,0.0,0.0,1.9289827762404288,4978.477506222614,1385860007.2341204,-0.39189682775602996,5.277326639791733,100.0,IMRPhenomXP,20.0,34.437359493384605,19.771923036909854,14.66543645647475,0.1488443173995635,-0.28438351637395387,(1.5892024474618658+0.705643905128892j),1.0732212967334305,(0.3407857686937757-0.7027974482752221j),1.4272211667566108,0.2445030129978762,1.2918819327113995,0,0,0.49540353635382495,0,0,0.6740824772723415,0.0,0.0,0.5714954520146087,0.0,0.0,0.0,1.0,1.0,0.7767625725824,2801.9937016837825,11.128061420256477,8.254021489860385,8.324745707576268,19.382082910116864
13.417304269401352,0.9965671815818017,0.16297865117555077,0.46218069283487007,1.5985358464738986,1.1312976385930062,6.273446657540266e-05,0.0,0.0,0.0,0.0,0.0,0.0,5.020051818399048,4509.433025452582,1385860007.1255324,-0.3914167461681024,5.316353500676435,100.0,IMRPhenomXP,20.0,30.824925360330283,15.438962257162268,15.385963103168013,-0.015326637771999607,-0.25032251274477524,(1.7467032897139285-0.4471710062221227j),1.2856523163537845,(0.9027038974295016-0.6680517877513701j),1.4570455390613744,0.24999926095000957,1.5985358464738986,0,0,0.16297865117555077,0,0,0.46218069283487007,0.0,0.0,0.3123224539439186,0.0,0.0,0.0,1.0,1.0,0.7164009812783407,2627.260805460262,8.994962380913837,8.964084308381635,7.817115240407527,17.959046689295473
15.819859053874884,0.9292535351234245,0.1500344356796898,0.7234197951591298,1.9688380073078722,2.2010740226475156,-8.028306335696302e-05,0.0,0.0,0.0,0.0,0.0,0.0,0.49035613757734603,4839.664681324453,1385860007.2160726,-0.3911775523975103,5.235334976603933,100.0,IMRPhenomXP,20.0,36.37384755822518,18.853845228744472,17.52000232948071,0.053805916096783424,-0.1225779177237496,(0.6771382747412782+1.6868409393101267j),1.2388105649459817,(3.4933675323732727-0.9460917536428886j),1.346533197082376,0.24966382076368757,1.9688380073078722,0,0,0.1500344356796898,0,0,0.7234197951591298,0.0,0.0,0.4262139852225123,0.0,0.0,0.0,1.0,1.0,0.7590308408450981,2751.3245030897833,10.718314193790055,9.960031355142988,8.993508633580573,20.67834554893304
14.946424899166317,0.8934110177139694,0.5891493414642439,0.11933402124955617,1.3484832735510688,3.0279063260046315,0.00015888175117865128,0.0,0.0,0.0,0.0,0.0,0.0,2.361931029268483,4542.913916591419,1385860007.1795716,-0.39080867359056715,5.291820466529682,100.0,IMRPhenomXP,20.0,34.4033252924458,18.170024876047798,16.233300416398002,0.05627633236817742,-0.14631548181185927,(0.8280971128799379-0.7104019786797157j),1.2714550475080357,(0.7214903862643199-1.0389199979500239j),1.6321734941482142,0.24920772702889635,1.3484832735510688,0,0,0.5891493414642439,0,0,0.11933402124955617,0.0,0.0,0.36746573476515854,0.0,0.0,0.0,1.0,1.0,0.7207529194232349,2640.0733371828114,10.559345662559188,9.433835754780592,8.685979683925853,19.99318141733978
12.272444405846448,0.683005752105005,0.2999222643546876,0.47972153036124765,1.0400743204267926,1.896081150470795,5.7419918469111056e-05,0.0,0.0,0.0,0.0,0.0,0.0,1.3676408275845071,4944.489471531319,1385860007.1960964,-0.38825609089379576,5.168750734812166,100.0,IMRPhenomXP,20.0,28.812382858567116,17.119598564966445,11.692784293600672,-0.03870141382438508,-0.23369185237649504,(1.025376413694963-0.6892733647456828j),1.1093507092501724,(0.8106129601795005+0.45903848999166386j),1.3266748100667893,0.24113106296876954,1.0400743204267926,0,0,0.2999222643546876,0,0,0.47972153036124765,0.0,0.0,0.3728892953664013,0.0,0.0,0.0,1.0,1.0,0.7724308455466189,2789.6656529967618,9.658824550464619,6.597032726540374,6.924075168676958,16.255857277004992
16.483923766136687,0.7176402397145898,0.09186801597072468,0.3792415949462924,0.7986694332055646,0.668328534724323,0.0001635537711649717,0.0,0.0,0.0,0.0,0.0,0.0,1.2861622038818459,3869.6679457536056,1385860007.243197,-0.3873929316301834,4.983261381302819,100.0,IMRPhenomXP,20.0,38.497734661587494,22.41315368111336,16.084580980474133,-0.12558039492115158,1.2556522453514667,(1.6614247981268309-0.23099432035570797j),2.44321412966892,(1.845762471787129-0.6603501587828774j),2.8153587207851327,0.24324413121572766,0.7986694332055646,0,0,0.09186801597072468,0,0,0.3792415949462924,0.0,0.0,0.21193439502687336,0.0,0.0,0.0,1.0,1.0,0.6318137621666353,2371.3906892157233,13.735117450752695,9.856872979866209,10.101596241136129,23.591990430618903
16.349616292250055,0.5325536611329305,0.5399605682642745,0.1682386653357706,1.3475244965221822,0.984653526794654,4.705588989333247e-06,0.0,0.0,0.0,0.0,0.0,0.0,5.033951969691614,3252.8885857612345,1385860007.2220924,-0.3866872319829322,5.2916032523731875,100.0,IMRPhenomXP,20.0,39.82798801889611,25.987989216282006,13.8399988026141,-0.003370250652046991,-0.04257220054927702,(2.5388260144832615-0.7717573258758902j),2.104785903536901,(1.2744337560521015-0.5518981716503464j),2.271192832918563,0.22674201135707397,1.3475244965221822,0,0,0.5399605682642745,0,0,0.1682386653357706,0.0,0.0,0.4107893259460561,0.0,0.0,0.0,1.0,1.0,0.5473029309073957,2102.295886719101,16.79566986992113,8.94459548040655,10.566525769237723,25.740265350327682
13.550916348473887,0.8846488107060761,0.15064802882551875,0.09358847025857947,2.117715928301557,2.4776718889759604,-1.550606928604119e-05,0.0,0.0,0.0,0.0,0.0,0.0,2.524574805675934,3928.480694049009,1385860007.2983544,-0.3856536927146692,5.159067073869488,100.0,IMRPhenomXP,20.0,31.202015427892636,16.555877811634797,14.646137616257839,0.09835480053140389,-0.04338816041841831,(1.6012232380553049-1.1267860950867277j),1.7452407973086155,(1.9665758939589753+1.309241851779799j),1.9641953196527013,0.24906346655296677,2.117715928301557,0,0,0.15064802882551875,0,0,0.09358847025857947,0.0,0.0,0.12386443373930994,0.0,0.0,0.0,1.0,1.0,0.6397106036359589,2395.8378387422376,10.09682914468147,8.932147894744912,8.264212183799721,19.028977039426383
13.175451938282507,0.7625039149503353,0.5648920905972596,0.777692624889261,1.1108687593673663,2.4568883165910798,6.379546106754423e-06,0.0,0.0,0.0,0.0,0.0,0.0,2.030217978949067,3756.6181684794165,1385860007.219768,-0.38523289962723917,5.207017897130824,100.0,IMRPhenomXP,20.0,30.603872418840584,17.363860675284204,13.240011743556378,-0.07043918393801141,-0.2895677285636671,(0.9283154619265359-0.1461721349759013j),1.8291728374903609,(-0.03141107674854238-0.8010721460903129j),2.0435520543020926,0.2454606597383692,1.1108687593673663,0,0,0.5648920905972596,0,0,0.777692624889261,0.0,0.0,0.6569550012806362,0.0,0.0,0.0,1.0,1.0,0.6165599679269586,2323.834708469801,10.741241290016132,8.190238535063491,8.150301999113847,18.931479825079627
14.96066630250663,0.8715296515873392,0.4125311454454586,0.49084983158739703,1.8636793853419225,2.562548939712601,-0.00021211880744121672,0.0,0.0,0.0,0.0,0.0,0.0,0.8407245457516447,4018.034426799913,1385860007.2170181,-0.38494154057274166,5.273220454191408,100.0,IMRPhenomXP,20.0,34.468127466053,18.417088629516947,16.05103883653605,0.10095553914640165,-0.2480363868762101,(-0.045803977482772054+1.27903112532442j),1.6933454892253073,(2.69804843678656+2.022784081867807j),1.8624430569887565,0.2488219807480288,1.8636793853419225,0,0,0.4125311454454586,0,0,0.49084983158739703,0.0,0.0,0.4490024122448756,0.0,0.0,0.0,1.0,1.0,0.651685576203045,2432.6872390837198,11.150480996422347,9.717974817843215,9.057817370360983,20.868455814265563
15.212742586311341,0.5807720612194087,0.36005487022492055,0.3863691619741812,1.0322890933479676,0.4405875737328133,3.832455396375492e-05,0.0,0.0,0.0,0.0,0.0,0.0,5.8836473968839895,4561.275785672308,1385860007.17353,-0.3841671339406916,5.164140816023604,100.0,IMRPhenomXP,20.0,36.51297240821117,23.09818936200393,13.41478304620724,0.0014807226926780714,-0.09386957512238192,(-0.6223002368177584-0.2983768063995j),1.442624533481353,(1.0462683245198032-0.3135431066463526j),1.6804933704318747,0.23241663703120455,1.0322890933479676,0,0,0.36005487022492055,0,0,0.3863691619741812,0.0,0.0,0.3697226811849384,0.0,0.0,0.0,1.0,1.0,0.7231367099779068,2647.077140686608,13.404734069126809,7.785095035424808,8.828517492675546,21.189829104551617
16.14673838724743,0.537864073622721,0.2383469571968469,0.43916902006489855,2.460933113594918,2.9484698419346422,-5.3200401074625435e-05,0.0,0.0,0.0,0.0,0.0,0.0,3.25880393855937,4773.099857111941,1385860007.2971494,-0.38306410031457805,4.8536002034405525,100.0,IMRPhenomXP,20.0,39.26294109252404,25.530826661444124,13.73211443107991,-0.2142797617971337,0.7900309269433023,(0.4066225849921014-1.8185120052355639j),2.1859641463086406,(3.743655921319566-1.4228486810034497j),2.5543315011807035,0.22742417814099605,2.460933113594918,0,0,0.2383469571968469,0,0,0.43916902006489855,0.0,0.0,0.30858396621486717,0.0,0.0,0.0,1.0,1.0,0.7504895324125871,2726.7228776808365,14.584963913641133,7.844728104231404,9.224127358815691,22.42969201787254
14.810042572790243,0.5383276381323371,0.33829925598810107,0.21005674304551356,2.034131124023916,2.1285854421335633,-0.00017993432976233872,0.0,0.0,0.0,0.0,0.0,0.0,5.715136266368837,4710.303203985032,1385860007.1279674,-0.38265932998447383,5.205322859582479,100.0,IMRPhenomXP,20.0,36.00699777496253,23.40658575092504,12.600412024037492,0.0038109666883818782,-0.07350489434959329,(0.8762469149931832+0.08302495532286384j),1.2200627209546235,(1.011683305047477+0.476262989342269j),1.36658960918102,0.22748302345494617,2.034131124023916,0,0,0.33829925598810107,0,0,0.21005674304551356,0.0,0.0,0.29342163213915623,0.0,0.0,0.0,1.0,1.0,0.7424083171044574,2703.3291542360603,13.43346764426734,7.231606908865608,8.4997542926113,20.665074553132946
15.722030557212257,0.9812184386013507,0.4586936421529584,0.48965923198458006,1.2315103626782151,2.3794798469957334,-5.549340327596166e-06,0.0,0.0,0.0,0.0,0.0,0.0,2.275888774748446,4240.283222035813,1385860007.2674549,-0.38152499385595684,5.25804139054869,100.0,IMRPhenomXP,20.0,36.12168899319292,18.23205775264901,17.889631240543913,0.047225828971535044,-0.13507367232081435,(0.9036937297879672-0.5447152688325291j),1.5420894615828697,(1.94277220624534+0.11185552740011567j),1.63988484710499,0.24997753333161543,1.2315103626782151,0,0,0.4586936421529584,0,0,0.48965923198458006,0.0,0.0,0.4740296632160388,0.0,0.0,0.0,1.0,1.0,0.6811563315248237,2522.2420542570635,10.844950829832923,10.641265719957085,9.351914668728181,21.486216549790004
14.211979069713422,0.9139481020920929,0.47974015626833194,0.11593773441947414,2.0521725363381136,2.7388899879066355,-0.0002319875721314324,0.0,0.0,0.0,0.0,0.0,0.0,1.1567509637773141,4407.21702031289,1385860007.2892702,-0.38013624243377375,5.196104595950105,100.0,IMRPhenomXP,20.0,32.690218767355404,17.079992258736,15.610226508619405,0.2247231679374031,-0.24992494300639123,(2.098267989692171-2.2013728735544924j),1.6734472929799733,(1.9500232832919213-0.47222339704206096j),1.946887006541161,0.24949464030658786,2.0521725363381136,0,0,0.47974015626833194,0,0,0.11593773441947414,0.0,0.0,0.30601729898613805,0.0,0.0,0.0,1.0,1.0,0.7030711673320568,2587.8055661050616,10.028936304225402,9.165927301249296,8.344912028530889,19.194863605474698
15.79399333798645,0.5895988966777888,0.21078861626913828,0.1920516336367295,2.687050228758191,2.374583099880532,0.0001571918560314935,0.0,0.0,0.0,0.0,0.0,0.0,2.227755149105506,4623.588316748619,1385860007.2970145,-0.38012660671261855,4.49359915097988,100.0,IMRPhenomXP,20.0,37.81838827786568,23.791151564652512,14.027236713213169,-0.24678524470259777,1.0324599629321884,(1.5017035808299488-0.8703216382522868j),2.471591188062442,(3.6403237620443845+2.1444015525003355j),2.873161134315463,0.23333589694743007,2.687050228758191,0,0,0.21078861626913828,0,0,0.1920516336367295,0.0,0.0,0.20383887296582595,0.0,0.0,0.0,1.0,1.0,0.7312109407815784,2670.7249917276963,13.742491457402458,8.102557800888427,9.123090067150361,21.84504925829088
15.989178887537916,0.9510973164559712,0.2558828909607499,0.5170663293898001,1.4121997456937154,2.5632634403888086,-6.47087021675825e-05,0.0,0.0,0.0,0.0,0.0,0.0,4.684578454440975,3682.6043478287284,1385860007.1300526,-0.38002582111320793,5.304108774120018,100.0,IMRPhenomXP,20.0,36.747339825665605,18.834191157832414,17.91314866783319,0.07241249821145246,-0.13125456110487388,(0.4651432949346216+1.6111451817802371j),1.8029887704665766,(1.4608188606401742+0.041927867246721866j),1.9389593802976774,0.24984294653263334,1.4121997456937154,0,0,0.2558828909607499,0,0,0.5170663293898001,0.0,0.0,0.38320143386348615,0.0,0.0,0.0,1.0,1.0,0.6065187167590613,2292.2884768717313,11.723605185147111,11.150289430782728,9.952687585111965,22.87389461592984
12.165951959208778,0.8405896429031021,0.06954364892090377,0.48726583451195415,1.4022811977098903,1.296415571871586,-4.5074822924041935e-05,0.0,0.0,0.0,0.0,0.0,0.0,4.173053231960766,3494.66867669006,1385860007.1349418,-0.3799509747562144,5.302471902040346,100.0,IMRPhenomXP,20.0,28.0765696354669,15.25411693134524,12.822452704121659,-0.032669694377044145,-0.24946950040922267,(1.51060645010719+1.3043419931741476j),1.4987489508919443,(2.188487073765695+0.8056710027091643j),1.8112914072357083,0.2481247501898143,1.4022811977098903,0,0,0.06954364892090377,0,0,0.48726583451195415,0.0,0.0,0.2603156355897268,0.0,0.0,0.0,1.0,1.0,0.5808193711796864,2210.669191529047,9.649500258819485,8.111269976754462,7.6959785418937114,17.760770235573947
14.964967000679726,0.6511143756453446,0.16819721095129403,0.2688870658933043,1.6919715241075166,1.1728666616106305,-0.00023253486999632932,0.0,0.0,0.0,0.0,0.0,0.0,0.8146968607042216,3282.129702323191,1385860007.2565079,-0.3788973621112932,5.309378538693843,100.0,IMRPhenomXP,20.0,35.33572313790149,21.401135898953324,13.934587238948163,0.028382211014400305,-0.10020394986811665,(1.6568928670295018-0.07553470467767075j),1.8854114176893697,(2.3786911943984768+1.4869103005241449j),2.1664567739666802,0.23883774753017753,1.6919715241075166,0,0,0.16819721095129403,0,0,0.2688870658933043,0.0,0.0,0.20790409800977702,0.0,0.0,0.0,1.0,1.0,0.5513849524476366,2115.6127055671996,13.794858500585894,8.98203067972486,9.646198370732769,22.776889180310754
12.065394032184397,0.5243779046822572,0.1226550217954384,0.6582680170105789,1.1054478117405169,0.07964871076642611,0.0001278058175140149,0.0,0.0,0.0,0.0,0.0,0.0,2.3769395077069886,3664.983379009637,1385860007.1347532,-0.378351937111542,5.204314252617842,100.0,IMRPhenomXP,20.0,29.47583071377811,19.33630146648057,10.139529247297538,-0.043583686283217515,-0.26294205484391653,(1.937344946198877+0.39605265637074216j),1.399216562109993,(2.363740859440767+0.15774163451198922j),1.7335332529457566,0.22566234323506812,1.1054478117405169,0,0,0.1226550217954384,0,0,0.6582680170105789,0.0,0.0,0.30690304801571267,0.0,0.0,0.0,1.0,1.0,0.6041216169301161,2284.729137622904,12.054136832521072,6.320923014990621,7.521495817302504,18.375059847511693
15.38339572340396,0.7828913500341812,0.7001414598136387,0.4056162183410461,1.412507215446963,2.5551414255620597,-7.101778521744878e-05,0.0,0.0,0.0,0.0,0.0,0.0,3.940788016260407,4041.436593466512,1385860007.2018645,-0.377694172610493,5.304157902299753,100.0,IMRPhenomXP,20.0,35.65998603142342,20.001210971571407,15.658775059852015,0.14656926713170115,-0.31408382453048045,(0.4168628397370343+0.003024064140670132j),1.6515720745350804,(0.6971241150615284+0.024236083127031658j),1.7781654418147346,0.24629281288987917,1.412507215446963,0,0,0.7001414598136387,0,0,0.4056162183410461,0.0,0.0,0.5708115015348011,0.0,0.0,0.0,1.0,1.0,0.6548052112669291,2442.2430826083587,12.086746425132633,9.4626092262929,9.296197291780546,21.549355651425532
15.60078048285675,0.9087728288699237,0.3368815707525119,0.4440303769192763,1.6275096944495384,1.4304919481404668,-0.00010526695019634594,0.0,0.0,0.0,0.0,0.0,0.0,4.189966212653906,4878.482519524085,1385860007.1593149,-0.3751170552310512,5.315129224623126,100.0,IMRPhenomXP,20.0,35.890393409445714,18.80286269094389,17.087530718501824,0.03468243633582002,-0.13867403083751828,(0.6061448244335959-0.9217427783592677j),1.1738680242604438,(1.1796076608930057+0.12518366619539373j),1.521238808462803,0.24942894237316124,1.6275096944495384,0,0,0.3368815707525119,0,0,0.4440303769192763,0.0,0.0,0.3878954589520077,0.0,0.0,0.0,1.0,1.0,0.7640001754652406,2765.5793845171684,10.659218152279825,9.686807833788977,8.843978985853656,20.346025986068803
16.68965320748902,0.5751051967332335,0.584850131473499,0.3224773390146749,1.9788017392953363,0.48395816666324876,-0.0002031508237656871,0.0,0.0,0.0,0.0,0.0,0.0,5.849910473159708,4343.5839565817005,1385860007.2560706,-0.3749139631225691,5.231086780271821,100.0,IMRPhenomXP,20.0,40.12087672379822,25.47187121660755,14.649005507190672,0.009849013114270111,-0.08734860179948489,(1.0655778177615467+0.5399165015849234j),1.340629330579514,(1.8396929554839225+0.5187589242888984j),1.5301087114073972,0.23180786296345193,1.9788017392953363,0,0,0.584850131473499,0,0,0.3224773390146749,0.0,0.0,0.48905211319673264,0.0,0.0,0.0,1.0,1.0,0.6947391221476007,2562.9808843293777,15.029965900786657,8.6438114962657,9.84791876778039,23.673777397052355
13.570252664473994,0.6571071514887364,0.11167006286698103,0.1901625525448828,1.0927758781155155,2.840663766387105,-3.076805397967563e-05,0.0,0.0,0.0,0.0,0.0,0.0,4.740270723490603,4757.426385447237,1385860007.2161205,-0.3745909229331601,5.197850357015654,100.0,IMRPhenomXP,20.0,32.00567032708642,19.31418273002605,12.691487597060366,0.09998517666849738,-0.01796384916338578,(1.11209658807745+0.11545901785903734j),1.4017749876678354,(1.9940628696650424-3.2178940372189557j),1.6506739381091136,0.2392957638822237,1.0927758781155155,0,0,0.11167006286698103,0,0,0.1901625525448828,0.0,0.0,0.14279537438299716,0.0,0.0,0.0,1.0,1.0,0.7484746827425011,2720.9009349706603,11.046303913152206,7.258605298850329,7.76119482793363,18.304909212002535
16.571812315606316,0.5960659639881526,0.5527494848528502,0.2114228832284696,1.63603157640855,2.588296195637952,-5.00988765491907e-05,0.0,0.0,0.0,0.0,0.0,0.0,2.8034749457683295,4882.983779076543,1385860007.2214007,-0.37339833870519135,5.314608960688905,100.0,IMRPhenomXP,20.0,39.61452158279274,24.820102976073983,14.794418606718754,-0.013646085848568301,-0.040171287500516684,(2.457914500240986+0.6825575487784111j),1.3868424858590633,(2.20439055588996-0.6299092996069565j),1.493956844886347,0.23398749664454915,1.63603157640855,0,0,0.5527494848528502,0,0,0.2114228832284696,0.0,0.0,0.42527782990717355,0.0,0.0,0.0,1.0,1.0,0.7645758635721603,2767.2280203916066,14.065761347221892,8.384121596659114,9.391385577528405,22.449882943881008
13.005926016701766,0.6401237910223319,0.019591579158211303,0.34490472476100237,0.7322056629640673,0.49322132722023004,9.257673927681639e-05,0.0,0.0,0.0,0.0,0.0,0.0,2.417455551158365,4980.451654735084,1385860007.1891232,-0.3731703809824132,4.914036782796236,100.0,IMRPhenomXP,20.0,30.777607161020168,18.765417177343476,12.012189983676691,0.009888339653594258,-0.30801141322321257,(-0.0012402248374776927+1.15923180545888j),1.6033331508073774,(1.008566161162373+0.16380902581945458j),1.8614116994087762,0.23796369939446438,0.7322056629640673,0,0,0.019591579158211303,0,0,0.34490472476100237,0.0,0.0,0.14655802228434667,0.0,0.0,0.0,1.0,1.0,0.7770139730412396,2802.70819524308,10.560084198565827,6.75976113070098,7.318977911267067,17.31984532926681
16.49684006637466,0.8378496106785334,0.2815573092391322,0.5987077686102585,1.8434492640546039,0.009682578953223952,-0.00012421211032898527,0.0,0.0,0.0,0.0,0.0,0.0,4.00571579656662,3184.830912009272,1385860007.298639,-0.37185598353611926,5.279098606106277,100.0,IMRPhenomXP,20.0,38.07790845943289,20.71872923561713,17.359179223815758,0.024734971362255553,-0.07998011500475677,(0.2432971376405931-0.5206660109288369j),1.802196470371261,(3.1027337426600985-1.3889920543457162j),2.383715434145198,0.2480539407492688,1.8434492640546039,0,0,0.2815573092391322,0,0,0.5987077686102585,0.0,0.0,0.42614171231905057,0.0,0.0,0.0,1.0,1.0,0.537770607962253,2071.070230245342,13.473224893452835,11.288536231563782,10.727763933682624,24.76176112501662
12.24377093135569,0.5226609118966583,0.7678608980911742,0.3535527454561062,1.6654623425120565,1.3121314595818512,0.00011750833208788269,0.0,0.0,0.0,0.0,0.0,0.0,6.185008586157835,3370.5086574364736,1385860007.245727,-0.37040770775622,5.312250754596654,100.0,IMRPhenomXP,20.0,29.93002100642741,19.65639281377884,10.27362819264857,-0.0053710876595287615,-0.24953078880693758,(1.5686929833719228-0.9295225905880279j),1.6172526682685842,(0.12503221859394736-0.44199953045965623j),1.9868916196911985,0.22543099274216563,1.6654623425120565,0,0,0.7678608980911742,0,0,0.3535527454561062,0.0,0.0,0.6256475693253267,0.0,0.0,0.0,1.0,1.0,0.5636741185565523,2155.505822539604,12.57064536690286,6.570184970594952,7.8301295558041675,19.140830337497814
16.48900749209496,0.5716346827784962,0.35022614505770955,0.5241778294412653,1.2682989067757753,1.0876841579238248,3.06986003964279e-05,0.0,0.0,0.0,0.0,0.0,0.0,2.314490076997879,4969.5536998404805,1385860007.2148297,-0.3659008111442703,5.270270673307069,100.0,IMRPhenomXP,20.0,39.6775911411234,25.246064862209142,14.43152627891426,-0.03506426440141608,0.08725911224119409,(0.7433972683522315+0.8496495826536177j),1.4968019623824425,(3.334681005886692-1.4486475990499796j),1.6866758820222894,0.23142771234017043,1.2682989067757753,0,0,0.35022614505770955,0,0,0.5241778294412653,0.0,0.0,0.4134958202633906,0.0,0.0,0.0,1.0,1.0,0.7756258513479732,2798.761725058889,14.218121933200901,8.127571620991276,9.28630740511987,22.345693554192177
16.702690960105173,0.7453166696336034,0.12098132594237782,0.6584820021533254,2.2123375340496616,1.1069738691175233,-0.00016272310020217634,0.0,0.0,0.0,0.0,0.0,0.0,5.168161327484204,4534.480667439586,1385860007.2637703,-0.36534388692610253,5.095061667331155,100.0,IMRPhenomXP,20.0,38.87147575194767,22.27187560186886,16.599600150078807,-0.1996249138526025,0.853839265691259,(1.9393348132609707-1.594819015173403j),2.0715990667286883,(1.610286141265392+0.22230037135094224j),2.3991893867109093,0.24467655739727648,2.2123375340496616,0,0,0.12098132594237782,0,0,0.6584820021533254,0.0,0.0,0.35051457964323973,0.0,0.0,0.0,1.0,1.0,0.7196573950663698,2636.8511879296548,12.951344649094642,9.65285306114021,9.712801519665803,22.604197710234853
14.412973674618039,0.5252968740230666,0.2233102984275945,0.09997420400438042,2.0530134068805745,0.5465746463562632,2.1765041472507753e-05,0.0,0.0,0.0,0.0,0.0,0.0,0.644810356343821,3385.3945412112125,1385860007.2212396,-0.3648788753365553,5.195664907582677,100.0,IMRPhenomXP,20.0,35.199456665653706,23.077118471247452,12.122338194406256,0.000271107814671101,-0.10123271500242348,(2.2565203076061193+0.3596513375002879j),1.6565637533854924,(2.0776341731989523-0.6174279335990228j),1.861964243359789,0.2257855041454231,2.0530134068805745,0,0,0.2233102984275945,0,0,0.09997420400438042,0.0,0.0,0.18083459028309046,0.0,0.0,0.0,1.0,1.0,0.5657369676917994,2162.1732130308515,14.73882200358826,7.742257125267304,9.205233044899977,22.481079128855562
15.990891156527736,0.983008092149958,0.10547078342149839,0.0041266703045771186,2.030100517314028,2.6175755751687513,0.00023460329904450444,0.0,0.0,0.0,0.0,0.0,0.0,1.4963448133507604,4933.975261880094,1385860007.2950392,-0.3643924519296,5.207326450291578,100.0,IMRPhenomXP,20.0,36.73903926282427,18.526923520010534,18.21211574281374,0.059153598040869504,0.4268585191381531,(1.866926844988755-1.5268004927802459j),1.5180391189157447,(1.7065806821495655+2.077839725530361j),1.7160217204672614,0.24998164411517285,2.030100517314028,0,0,0.10547078342149839,0,0,0.0041266703045771186,0.0,0.0,0.0552329232331998,0.0,0.0,0.0,1.0,1.0,0.7710895425537603,2785.841775797934,10.460749202604566,10.28300111611151,9.028843981242321,20.743750318716074
15.313741617706324,0.7026334886193744,0.44209543337373813,0.6120894232977898,1.0772180039170363,0.5449830076279742,-0.00015392440165580703,0.0,0.0,0.0,0.0,0.0,0.0,5.335771596553611,4866.612870238488,1385860007.1825807,-0.3641648984672927,5.189635517903875,100.0,IMRPhenomXP,20.0,35.84176710136775,21.05078241497,14.790984686397751,0.07348909148965133,-0.26601197019106726,(0.1771013654181078+0.16397894353858886j),1.3547205907882214,(1.5845644276918813-0.32314100536031276j),1.5432149936869621,0.24237426371931592,1.0772180039170363,0,0,0.44209543337373813,0,0,0.6120894232977898,0.0,0.0,0.5122476246603768,0.0,0.0,0.0,1.0,1.0,0.7624815597158191,2761.2276716713445,11.943831297936649,8.392135852350497,8.688738632916815,20.335967150287146
15.992591905691976,0.8553397323576164,0.4643622193342747,0.07624522816774366,1.1379200997077246,0.005667929769418708,2.8439712495657854e-06,0.0,0.0,0.0,0.0,0.0,0.0,5.371459854752296,4615.39322625125,1385860007.2202346,-0.36345676372955404,5.219966316888719,100.0,IMRPhenomXP,20.0,36.87599959434528,19.875604963995585,17.000394630349696,0.0363487698316467,0.09335284454178616,(2.4041079661902955+0.17117570900095366j),1.4484240038320593,(1.044980630232449-1.7457979444589204j),1.8117632000554658,0.24848018177909734,1.1379200997077246,0,0,0.4643622193342747,0,0,0.07624522816774366,0.0,0.0,0.28543440489784216,0.0,0.0,0.0,1.0,1.0,0.7301503960373663,2667.6254562795802,11.487790315522563,9.825963493859488,9.243469204943372,21.31375380938205
15.942318425463185,0.8523630902613983,0.39887287044670655,0.2883910114780634,1.2760941783355382,1.522989280579972,0.00010367344076130065,0.0,0.0,0.0,0.0,0.0,0.0,2.2404019626990666,2956.7771654189796,1385860007.2158015,-0.36320491511354414,5.272670092335044,100.0,IMRPhenomXP,20.0,36.766140343961325,19.848236308127383,16.917904035833946,0.08081019469604778,-0.13298242584360187,(0.37787082328028426+1.3508937294064616j),2.0371577790977593,(3.28867312019533+0.7481291616443058j),2.6262964492122447,0.24841190066636182,1.2760941783355382,0,0,0.39887287044670655,0,0,0.2883910114780634,0.0,0.0,0.3480347495494435,0.0,0.0,0.0,1.0,1.0,0.5054931159666946,1963.9924817749006,13.183877161326375,11.237450278854823,10.589432961456247,24.421327440181194
12.412650955692989,0.7025960928019801,0.6551781529235748,0.27679091372901204,1.8022837917416468,2.423130603717708,-0.00012103789721500964,0.0,0.0,0.0,0.0,0.0,0.0,4.344854713628389,3024.4292101655665,1385860007.2588153,-0.36030686926202815,5.28970229899232,100.0,IMRPhenomXP,20.0,29.051935005546998,17.06331591407327,11.988619091473728,-0.060123277500085504,-0.08766537583377243,(2.203031401953485+0.528090122342381j),1.6841422160880828,(1.9920083480257729-0.5731430225262748j),1.7382295490517221,0.24237201055331095,1.8022837917416468,0,0,0.6551781529235748,0,0,0.27679091372901204,0.0,0.0,0.49903225493392867,0.0,0.0,0.0,1.0,1.0,0.5151237848274057,1996.1597999657458,11.261994620470583,7.91263341749955,8.192499569998478,19.17462803797013
14.804192277180466,0.6344179510924899,0.5196394394525714,0.2550643896157631,1.085521020653424,2.3871663469856435,-0.00011085093351018447,0.0,0.0,0.0,0.0,0.0,0.0,1.2021875524725925,4234.941688475824,1385860007.2164266,-0.3582123464905873,5.1940581699310515,100.0,IMRPhenomXP,20.0,35.0747987289565,21.460115942505123,13.614682786451377,0.09965252879418651,-0.24616343570095944,(1.0090693162474431+0.4974665249046006j),1.6767525294008148,(3.204192888195844+1.1713366313047662j),1.8618843746742986,0.23749212631989697,1.085521020653424,0,0,0.5196394394525714,0,0,0.2550643896157631,0.0,0.0,0.4169416191579124,0.0,0.0,0.0,1.0,1.0,0.6804520438348937,2520.1205164011976,12.770442346888895,8.101797868258021,8.809648767718715,20.872240215146917
14.617670727835765,0.6798777665541935,0.36560897720432,0.23015321617424372,1.4117985372727873,2.6397002372177707,-0.0001785564486290532,0.0,0.0,0.0,0.0,0.0,0.0,0.6435295948376996,3407.07828662907,1385860007.2149978,-0.35578795526922313,5.304044522372023,100.0,IMRPhenomXP,20.0,34.33625219125609,20.439732506066466,13.896519685189618,0.05863977360988226,-0.07761884872794056,(-0.0349779447291772-0.3976505730155235j),1.8297665319466847,(2.720930147710986-1.0180427312621365j),2.0267093359194615,0.24092145353255404,1.4117985372727873,0,0,0.36560897720432,0,0,0.23015321617424372,0.0,0.0,0.31078751214919814,0.0,0.0,0.0,1.0,1.0,0.5687382788797188,2171.8589724061953,13.029408908580383,8.858405428286943,9.31810673879563,21.88781433686733
12.112589286549058,0.8454015984607841,0.12722871024872404,0.3129522887347089,2.009664364924172,0.710557697874766,-1.7807921751362683e-05,0.0,0.0,0.0,0.0,0.0,0.0,1.1315028312512856,2342.6941958087073,1385860007.13515,-0.35551713447690547,5.217175635505386,100.0,IMRPhenomXP,20.0,27.945264438383163,15.14318859466243,12.802075843720733,-0.022411608912740633,-0.20425451078849877,(2.329273089870236+1.013516722997439j),2.2133066810815363,(1.7114282711265236-1.0104113510261874j),2.41117953671134,0.24824544000789142,2.009664364924172,0,0,0.12722871024872404,0,0,0.3129522887347089,0.0,0.0,0.21231100900411068,0.0,0.0,0.0,1.0,1.0,0.4156641303295856,1654.8375615860577,10.696879485910893,9.04315901593144,8.556117956968427,19.740038501842335
12.25511922081605,0.9282543227589583,0.1678450194249723,0.39004755306908295,1.3002102335336279,1.079289965430396,7.821753192763887e-06,0.0,0.0,0.0,0.0,0.0,0.0,4.1276962838452285,4976.543519303545,1385860007.2411861,-0.35460396335224686,5.279674227509272,100.0,IMRPhenomXP,20.0,28.1782831404412,14.613364434274176,13.564918706167022,-0.03345508148510712,-0.245318923523137,(2.2667097413359962+1.9984537842784038j),1.1406745987389204,(1.2402546708345978-1.4117262659724326j),1.2802401361109157,0.24965389899506335,1.3002102335336279,0,0,0.1678450194249723,0,0,0.39004755306908295,0.0,0.0,0.2748124769582814,0.0,0.0,0.0,1.0,1.0,0.7765162576277121,2801.2935562195416,8.225854602528813,7.635685093184042,6.898399701211314,15.861539695712855
12.64004691336012,0.696052593816036,0.3055650731791718,0.5851767606265688,1.1814154885165464,2.6130126692315128,-0.00020366791122203922,0.0,0.0,0.0,0.0,0.0,0.0,0.09560358839534269,3691.0646723896853,1385860007.2308812,-0.3544289534040237,5.238932715972532,100.0,IMRPhenomXP,20.0,29.6135607684889,17.4602844725822,12.153276295906698,-0.007568498508613075,-0.29473784609955,(-0.672453024733967-0.14739799726072852j),1.7080093454502705,(2.0255839913286655-0.3617744119281644j),1.9254706409231463,0.24197105910254837,1.1814154885165464,0,0,0.3055650731791718,0,0,0.5851767606265688,0.0,0.0,0.42031649127708814,0.0,0.0,0.0,1.0,1.0,0.6076687387042716,2295.911211642449,10.860623244222946,7.559564979600114,7.862345400550355,18.42018822382306
12.75712642694246,0.7806610803782004,0.13945239188830458,0.7392605955112909,1.029253298090639,2.0707154130359395,-7.089304281837199e-05,0.0,0.0,0.0,0.0,0.0,0.0,4.428353775936249,4990.022667164592,1385860007.1963897,-0.354225250164125,5.162320964809018,100.0,IMRPhenomXP,20.0,29.578276358507797,16.61084003263865,12.967436325869148,-0.05772655574475882,-0.28664714063523444,(1.3803588878685062-1.3035593507515382j),1.1798748740742242,(0.20783197829806746+0.267025444201139j),1.361321848429877,0.2462067726293609,1.029253298090639,0,0,0.13945239188830458,0,0,0.7392605955112909,0.0,0.0,0.4024147969297938,0.0,0.0,0.0,1.0,1.0,0.778232545524047,2806.1699072457677,9.341207973304424,7.292317508477291,7.174048444368632,16.633525481781714
12.720774495268287,0.9819568371476315,0.05369085278204375,0.18148939332833694,0.9464991124412404,0.788615385182124,0.00010420290152441416,0.0,0.0,0.0,0.0,0.0,0.0,3.2267970151142666,4555.961898275014,1385860007.132598,-0.3520308614981218,5.107712262803817,100.0,IMRPhenomXP,20.0,29.226118811735155,14.746092479892976,14.480026331842181,-0.040484582935610636,-0.34517523310972287,(1.0694274754345203+0.22511237912001733j),1.4836098081453515,(0.16481891405297558+0.353132987862861j),1.6815781129056888,0.2499792806101464,0.9464991124412404,0,0,0.05369085278204375,0,0,0.18148939332833694,0.0,0.0,0.11700840254641016,0.0,0.0,0.0,1.0,1.0,0.7224470582750131,2645.0519181912737,8.561129591211246,8.40665973579679,7.385292008921203,16.967789327008035
13.894406659229528,0.7333022989567288,0.28938081930359705,0.7677995866954679,1.8318431033718467,0.8465551219653353,0.00013237633112116485,0.0,0.0,0.0,0.0,0.0,0.0,0.9421641461383912,3048.8490556623997,1385860007.2812884,-0.3507681714760209,5.282271416471238,100.0,IMRPhenomXP,20.0,32.38316952058637,18.682932307929054,13.700237212657319,-0.0321897841126102,-0.17581613782354988,(0.544800379674071+1.5415430244997328j),1.8489823639862284,(1.6032523241955152+1.3995554349706743j),1.9236888804935754,0.24408125094933789,1.8318431033718467,0,0,0.28938081930359705,0,0,0.7677995866954679,0.0,0.0,0.4917838174440049,0.0,0.0,0.0,1.0,1.0,0.5185883784492102,2007.6862825039896,12.302828451122584,9.021692386878442,9.149554188883338,21.324520838001025
16.618878085353213,0.8843878912454441,0.636984951217935,0.10955467481221977,1.4479023809574632,1.261976880428875,0.00019783025452760182,0.0,0.0,0.0,0.0,0.0,0.0,4.258081550348138,3620.859715733824,1385860007.29212,-0.3483400670049477,5.309167744447857,100.0,IMRPhenomXP,20.0,38.266645674887535,20.307202064218345,17.959443610669194,-0.022758385364760603,0.007208999985232278,(1.3929884390130516-0.04332671375858308j),1.9357787175700865,(1.000788131724384-0.13448870125351578j),2.320562030373149,0.24905896441940872,1.4479023809574632,0,0,0.636984951217935,0,0,0.10955467481221977,0.0,0.0,0.38944942411307737,0.0,0.0,0.0,1.0,1.0,0.5981079991003945,2265.7165339808726,12.707027357130842,11.237941128371116,10.399095739905123,23.944968485501956
14.293501919006527,0.5815748488269188,0.7791302421827294,0.586376528296917,1.202872155704761,0.870104532580082,-0.00011607837551011496,0.0,0.0,0.0,0.0,0.0,0.0,4.598928481608274,3714.456703054792,1385860007.2168753,-0.34815087947460555,5.247469653968078,100.0,IMRPhenomXP,20.0,34.29911974023455,21.686687649133265,12.612432091101285,-0.056898815403293224,-0.27741560491212347,(1.6946821111158097+1.0947263050159832j),1.8241705587593717,(2.1962452100606495-0.5801879128383264j),1.9891989330661626,0.2325016913707099,1.202872155704761,0,0,0.7791302421827294,0,0,0.586376528296917,0.0,0.0,0.7082510725391835,0.0,0.0,0.0,1.0,1.0,0.6108454265463703,2305.905111631858,13.46292281788279,7.8296973025786585,8.8732920511508,21.29262012046145
16.481183535108162,0.6613164468782653,0.6861602930495272,0.27840688920678325,1.8067914564203327,0.8095782875075078,-0.00021202423198931985,0.0,0.0,0.0,0.0,0.0,0.0,4.363037803716299,3795.734068790605,1385860007.170438,-0.3447233734042139,5.288629052548977,100.0,IMRPhenomXP,20.0,38.840573959279375,23.379395317649234,15.461178641630143,0.03341853897688152,-0.1261286120650209,(-0.042866200732230526+0.47537210776077277j),1.6362185722824898,(0.20668187389522072-0.4863068178290798j),1.66578336308399,0.23960980988548294,1.8067914564203327,0,0,0.6861602930495272,0,0,0.27840688920678325,0.0,0.0,0.5238468260766929,0.0,0.0,0.0,1.0,1.0,0.6218491267152626,2340.374336748532,14.415271391488563,9.533056057405123,10.161970841571168,23.948327448893686
13.611009246905443,0.7027910213593102,0.023818745094951944,0.024117763577630846,1.0679524180467312,2.367622692419019,0.00016338896707351273,0.0,0.0,0.0,0.0,0.0,0.0,2.9006193118164836,4144.975045918522,1385860007.2207139,-0.34458795981858037,5.18459515938014,100.0,IMRPhenomXP,20.0,31.85577888419531,18.7079791263906,13.147799757804705,0.09428382414512848,-0.0757307971897716,(1.4176617082628424+1.0203509977811296j),1.480428638793247,(2.380743148875053-0.9538837249613823j),1.6355333127366825,0.24238375061347192,1.0679524180467312,0,0,0.023818745094951944,0,0,0.024117763577630846,0.0,0.0,0.023942158656693333,0.0,0.0,0.0,1.0,1.0,0.6685605242347346,2484.162240318589,11.212047063723261,7.879726007442725,8.157336248349738,19.09177307116599
12.706118702703458,0.7230011311956905,0.7150824455875473,0.19121737466020436,1.7479415551404667,0.02509835717034558,-0.0001215314246473168,0.0,0.0,0.0,0.0,0.0,0.0,4.7365295007901755,3567.53089811855,1385860007.1404462,-0.34300460898108454,5.30096532027811,100.0,IMRPhenomXP,20.0,29.6532430524874,17.21022842968727,12.44301462280013,-0.004836448039158503,-0.15283660406124477,(0.8159917326650264+1.7157968842009574j),1.1483150072160293,(2.697950203593122+0.08864925838371396j),1.5916896695983302,0.24353862607781834,1.7479415551404667,0,0,0.7150824455875473,0,0,0.19121737466020436,0.0,0.0,0.49525958417622634,0.0,0.0,0.0,1.0,1.0,0.5908182255550258,2242.576079335765,10.818475771286023,7.821770220452965,7.987159374082717,18.64024599173899
15.398971372514355,0.523830544122478,0.28129372547615,0.37639657342933197,1.5522905881016391,2.856944024467705,-0.00022226515787953906,0.0,0.0,0.0,0.0,0.0,0.0,5.682274116735338,4905.136952545463,1385860007.180094,-0.34228151278702423,5.316567049547761,100.0,IMRPhenomXP,20.0,37.627141797340805,24.692471182226495,12.934670615114312,0.06828596445443669,-0.07333293242791905,(0.41400662704522484+0.046914752676224004j),1.2419338400978768,(1.1826642309556759-0.3327524064561519j),1.4949272571800356,0.22558876634570588,1.5522905881016391,0,0,0.28129372547615,0,0,0.37639657342933197,0.0,0.0,0.3139861903851015,0.0,0.0,0.0,1.0,1.0,0.7674074933651441,2775.328802211392,13.971011934102432,7.31844278338251,8.712745323487743,21.28945471748494
12.896989175063286,0.9958258124666252,0.5123187108674636,0.5411238413057893,1.0972776881555466,0.9276956104883446,-0.0001049929599765267,0.0,0.0,0.0,0.0,0.0,0.0,3.249867540952169,4732.365790804483,1385860007.1989417,-0.3415571939621951,5.200169899643911,100.0,IMRPhenomXP,20.0,29.62957826310952,14.845773653208022,14.783804609901496,-0.03598074025169096,-0.31173902431746114,(0.8384383286232721-0.5712749724732985j),1.4354645124879157,(0.611573801526513-0.12772710933023143j),1.6124570422134925,0.24999890644998285,1.0972776881555466,0,0,0.5123187108674636,0,0,0.5411238413057893,0.0,0.0,0.5266911537143177,0.0,0.0,0.0,1.0,1.0,0.7452501382246128,2711.56877878312,8.506387324117421,8.470880068195031,7.389765451147869,16.977267392312452
12.641164454302755,0.9124848648782886,0.06667516137113116,0.42386702011450467,1.6978828938398816,2.9907458451002347,9.899615023853305e-06,0.0,0.0,0.0,0.0,0.0,0.0,0.017053965533001293,4184.07335885354,1385860007.2952747,-0.3409770616639749,5.308640960769585,100.0,IMRPhenomXP,20.0,29.078318407353926,15.204469819009251,13.873848588344673,-0.01544787937353731,-0.25798557926203003,(2.527399833595262+0.0019672713123688084j),1.1519452253598017,(0.7166300916674748+2.5820339852749745j),1.4709927214716152,0.24947650766124943,1.6978828938398816,0,0,0.06667516137113116,0,0,0.42386702011450467,0.0,0.0,0.23709855710441682,0.0,0.0,0.0,1.0,1.0,0.673735258169558,2499.8418032116856,9.0841545846607,8.289153568717605,7.552666643425719,17.373308153378307
16.14280000373618,0.9172952106002072,0.30201725920500283,0.6762029070043547,1.00948712109916,1.8544148012796415,-7.837647839251669e-05,0.0,0.0,0.0,0.0,0.0,0.0,3.234128545299925,4629.581424527665,1385860007.1736565,-0.3409724560279628,5.150162854037726,100.0,IMRPhenomXP,20.0,37.12788203489803,19.36471850011829,17.763163534779736,0.04284565041585475,-0.21712249087199087,(0.9755824203110685-0.41474041672267037j),1.622556559271984,(-0.6204257792205332+0.7904709809162296j),1.9550643388968663,0.24953481751532566,1.00948712109916,0,0,0.30201725920500283,0,0,0.6762029070043547,0.0,0.0,0.4810396135633757,0.0,0.0,0.0,1.0,1.0,0.7319862673693338,2672.9896926579204,11.180642055280742,10.255949408744282,9.320397227083696,21.436591464025028
15.72875955288216,0.5863755898771865,0.524280182799473,0.08771966244709883,1.6225174135893643,2.9284666211067525,-0.00017096442067721232,0.0,0.0,0.0,0.0,0.0,0.0,0.054550478763389414,4953.085284912686,1385860007.1982512,-0.3403122969996031,5.315400158335318,100.0,IMRPhenomXP,20.0,37.69434194958082,23.76129725527296,13.933044694307856,0.06324170217981928,-0.13484441711926953,(1.4154547055029711+0.19899808447918968j),1.2314029927324297,(1.1352694247379826-1.2492876991785815j),1.5369802568124513,0.23300425160828953,1.6225174135893643,0,0,0.524280182799473,0,0,0.08771966244709883,0.0,0.0,0.36291333230567985,0.0,0.0,0.0,1.0,1.0,0.7735269699551566,2792.7882593880763,13.397764825574523,7.856122252632082,8.86863285382114,21.253887078206606
13.51010278913742,0.8460852083698557,0.3154806283927436,0.5432901118093354,1.3930875930390894,0.9338005325505131,2.993263895612172e-05,0.0,0.0,0.0,0.0,0.0,0.0,1.2632336945513514,3067.472311889763,1385860007.1251795,-0.3401789017182779,5.300864276684367,100.0,IMRPhenomXP,20.0,31.168240248008022,16.883424506461672,14.284815741546351,-0.018748511567545645,-0.1976655292702072,(0.524487231097768+1.8775093960188685j),1.8297940364615888,(1.8118528743358748+1.2376179239479155j),1.9239821535962494,0.2482622102111958,1.3930875930390894,0,0,0.3154806283927436,0,0,0.5432901118093354,0.0,0.0,0.41988872037640484,0.0,0.0,0.0,1.0,1.0,0.5212264548393052,2016.4468628344832,11.098560935981851,9.390328242125744,8.881059585940845,20.488889178107595
16.0595564394686,0.5654197262787231,0.4316523571560959,0.5472618853012451,0.9473723104518901,0.24713518338493473,-7.167456000891471e-05,0.0,0.0,0.0,0.0,0.0,0.0,0.3648730126059509,3499.682980642614,1385860007.2158396,-0.3397752056196719,5.108340750087109,100.0,IMRPhenomXP,20.0,38.7139901316959,24.730741207488062,13.983248924207837,0.01829264138746023,-0.16736673321250528,(1.4283520589613594+0.8769302403433173j),2.300338303063033,(3.6860568713842032-0.6132208780410262j),2.7506134080550035,0.23073280811714642,0.9473723104518901,0,0,0.4316523571560959,0,0,0.5472618853012451,0.0,0.0,0.47340978914811094,0.0,0.0,0.0,1.0,1.0,0.5815089437669962,2212.875868536386,15.637433670518428,8.841713465686217,10.154578323924202,24.479147136204645
16.16219985681115,0.9913527217980902,0.27986683011278385,0.15996237969500077,2.4726926041916966,1.6022813850998625,-0.00021236718171700931,0.0,0.0,0.0,0.0,0.0,0.0,4.482128366795041,3396.2277466679598,1385860007.2968805,-0.33480293645872106,4.838901576894541,100.0,IMRPhenomXP,20.0,37.13140488123843,18.646322409276976,18.485082471961455,-0.22129113351829988,0.9534552704215411,(1.8299822368906713-1.0921579236781291j),3.0963728858146182,(3.4014727343825695+1.887716524869048j),3.6420854679590215,0.2499952858598755,2.4726926041916966,0,0,0.27986683011278385,0,0,0.15996237969500077,0.0,0.0,0.22017494229391366,0.0,0.0,0.0,1.0,1.0,0.5672369507030959,2167.016122443233,11.897577070851883,11.794695411991565,10.312543900627434,23.692272482843446
12.629853809437192,0.6433727013581395,0.2994159336327754,0.010762124727588153,1.3398335104672547,1.3973805120143408,-5.783851763197916e-05,0.0,0.0,0.0,0.0,0.0,0.0,2.2690689678449005,4166.795943693717,1385860007.2244897,-0.3345112454165311,5.289825820188835,100.0,IMRPhenomXP,20.0,29.86785457003422,18.17472965526956,11.693124914764663,-0.02740517169967327,-0.2608533173067016,(0.6737584912947512+0.6775134451236844j),1.223392395616412,(2.4945413151424787-0.5544611400665548j),1.5245624966632692,0.23822673174546938,1.3398335104672547,0,0,0.2994159336327754,0,0,0.010762124727588153,0.0,0.0,0.18640932190120182,0.0,0.0,0.0,1.0,1.0,0.6714498628199391,2492.9230741433503,10.873631366128196,6.995797585598494,7.556226537438039,17.869428951726686
13.335212093172018,0.5803232389942002,0.7041662574333257,0.002954227416395039,2.0238400005547987,1.8505440534262985,-0.00022684441576553504,0.0,0.0,0.0,0.0,0.0,0.0,6.26346298915776,3053.0393709762925,1385860007.2830536,-0.33062829020749795,5.210398451431254,100.0,IMRPhenomXP,20.0,32.01054452915872,20.25569436638285,11.75485016277587,-0.025016827149817455,-0.24086934737093246,(1.3329726944487432+0.027736282451892337j),1.7135671944505368,(2.3991810388886314+0.48500782664557535j),2.105144822056279,0.23236895724969248,2.0238400005547987,0,0,0.7041662574333257,0,0,0.002954227416395039,0.0,0.0,0.44666853390423633,0.0,0.0,0.0,1.0,1.0,0.5191822680493857,2009.659699427698,13.333287777503456,7.737616749482586,8.777888192635563,21.07090452698604
13.695232442199373,0.5616046128257821,0.001645186601500548,0.359121054848486,2.0260330066811583,0.7623222935006763,0.00014544694487736903,0.0,0.0,0.0,0.0,0.0,0.0,6.205359174763021,4362.018403108958,1385860007.283627,-0.32722653984890115,5.20932788762921,100.0,IMRPhenomXP,20.0,33.0518906892523,21.165338791772438,11.886551897479867,0.09492099345019778,-0.05256756708050325,(2.9548079288818214+0.9554841909832922j),1.3181886515038204,(-0.16547264421252053-0.7473873965511012j),1.4342977329596942,0.2302971162953683,2.0260330066811583,0,0,0.001645186601500548,0,0,0.359121054848486,0.0,0.0,0.13020531951384232,0.0,0.0,0.0,1.0,1.0,0.6971556142707259,2570.1935552801483,12.471065477909793,7.003807899246507,8.069520748151469,19.4748733771563
14.634298962595889,0.6875028969861599,0.49479966396437797,0.39694362816169315,1.8356453114736144,1.1239506874460161,-0.00023552667181535157,0.0,0.0,0.0,0.0,0.0,0.0,3.2364082953649262,3629.7107491706106,1385860007.2900767,-0.32670716800700195,5.281247934784233,100.0,IMRPhenomXP,20.0,34.33212111315098,20.344925732849013,13.987195380301968,0.22410152218070456,-0.3201782933270598,(0.8895887519326577-3.0091782513696415j),1.8757174849456515,(1.985345063673287-1.0211613255257515j),2.1428572243872703,0.24142680018876936,1.8356453114736144,0,0,0.49479966396437797,0,0,0.39694362816169315,0.0,0.0,0.4549322905678161,0.0,0.0,0.0,1.0,1.0,0.5993155954365671,2269.5400271254593,12.721020035633078,8.745738127116722,9.150350940335292,21.4667581627498
13.14324000610215,0.788584405997497,0.5152976596161135,0.7373193238833564,1.8035649869972314,0.8404580064851555,0.00018406151918882438,0.0,0.0,0.0,0.0,0.0,0.0,3.2967272364607925,4353.319288447788,1385860007.2999473,-0.32430655492567784,5.289399438208645,100.0,IMRPhenomXP,20.0,30.45123112851994,17.025325182535752,13.425905945984184,-0.039071786121300356,-0.15650114924060743,(1.9182188572361736-1.083434533526651j),1.240665488527441,(2.164225680866052+0.8675492812983572j),1.2786404230116553,0.2465070275191563,1.8035649869972314,0,0,0.5152976596161135,0,0,0.7373193238833564,0.0,0.0,0.613186706198243,0.0,0.0,0.0,1.0,1.0,0.696015559589796,2566.792072586479,10.038425111296476,7.91614550354209,7.749480794433879,17.95457061483857
15.81284048480346,0.9588974155842943,0.02858288752955636,0.48220787338103666,1.6825244676240838,2.644492981708313,-0.00012985616070381942,0.0,0.0,0.0,0.0,0.0,0.0,3.0228654363198664,2806.5338668496165,1385860007.2975664,-0.3230782991002479,5.310483672575542,100.0,IMRPhenomXP,20.0,36.33796756775576,18.550214665997185,17.787752901758573,0.07194271677021513,0.10950801926561171,(0.8476441065124667-0.9033219992455955j),2.3277962481880246,(3.6194583160883305+0.7070637472533992j),2.5748381416160218,0.2498899335695735,1.6825244676240838,0,0,0.02858288752955636,0,0,0.48220787338103666,0.0,0.0,0.2506362850770241,0.0,0.0,0.0,1.0,1.0,0.4839287825992549,1891.286097489973,12.50074456639662,11.986931657597127,10.65606427358706,24.48767622399375
12.217863169149803,0.8089506802508868,0.3079929191967754,0.7588455498951817,1.8368503478263694,0.01613777084510404,-6.717937676687123e-05,0.0,0.0,0.0,0.0,0.0,0.0,5.308566635524597,2639.1355119140035,1385860007.1006618,-0.32234512524364556,5.280920324678615,100.0,IMRPhenomXP,20.0,28.25882512514533,15.621666988303993,12.637158136841336,-0.020213421770876927,-0.08508086908911494,(1.0559539798669517-0.7854013870936318j),1.6923708564901996,(2.257279327061121-0.8833349985776165j),2.251498687729405,0.24721145570531647,1.8368503478263694,0,0,0.3079929191967754,0,0,0.7588455498951817,0.0,0.0,0.5096112088926528,0.0,0.0,0.0,1.0,1.0,0.45960018849669626,1808.1222103927696,10.702702775335625,8.657958690630807,8.37069169039605,19.360661465966434
16.925182290572323,0.7694290258437366,0.1217916350360949,0.7418095455727292,2.1668178314148605,3.05247444825002,-0.00015768632506357337,0.0,0.0,0.0,0.0,0.0,0.0,5.791845343220533,4514.560722740275,1385860007.2761586,-0.3200052372649509,5.12748335881899,100.0,IMRPhenomXP,20.0,39.28547351994232,22.20234490683196,17.083128613110365,-0.16884658804792485,0.813156074521725,(2.602141133781501+0.49737353105392373j),1.9559017632263949,(-0.33976245309627645-1.0475886651070543j),2.352456007019445,0.24575494830625588,2.1668178314148605,0,0,0.1217916350360949,0,0,0.7418095455727292,0.0,0.0,0.39140390540245773,0.0,0.0,0.0,1.0,1.0,0.7170679436075722,2629.226600983477,12.930382277235154,9.949011439360161,9.857025374902983,22.879393716595313
13.218466640288012,0.6896726491313885,0.1026873155505384,0.08802610564264227,0.9713204395888067,1.319215976915426,-0.0001422136040970998,0.0,0.0,0.0,0.0,0.0,0.0,0.07507049350147942,3649.087901993654,1385860007.217084,-0.316631198509707,5.125131484355605,100.0,IMRPhenomXP,20.0,30.999762490216646,18.34660844285591,12.653154047360733,0.03410220144008269,-0.09008236417424031,(-0.3080474025512283+1.5790467028827386j),1.9306417195505567,(2.5115631895439785-0.6043299302081081j),2.2759205071924966,0.2415671384839531,0.9713204395888067,0,0,0.1026873155505384,0,0,0.08802610564264227,0.0,0.0,0.09670305849231586,0.0,0.0,0.0,1.0,1.0,0.6019570625481988,2277.8936878967993,11.45262184098265,7.8985600445705035,8.251448774327123,19.351181885553157
15.828471656782801,0.7671274521072402,0.0746869205835603,0.35889210009565087,0.9166680874252306,0.3060996966111071,-0.00016741677881698701,0.0,0.0,0.0,0.0,0.0,0.0,3.270439254787421,4688.402167123971,1385860007.2869725,-0.31624234540343954,5.0855356867578045,100.0,IMRPhenomXP,20.0,36.748525368782985,20.795628139306874,15.952897229476111,-0.013405561982012593,0.6170551951870022,(0.6057642159156277-0.7361485380588758j),1.6703453431565685,(1.2285332168161287+0.3593655659082682j),1.973483373970743,0.24565848954554867,0.9166680874252306,0,0,0.0746869205835603,0,0,0.35889210009565087,0.0,0.0,0.1980631914772117,0.0,0.0,0.0,1.0,1.0,0.7395844727614362,2695.1276029086666,11.954365232000294,9.170521741983762,9.098995711117439,21.124886973984054
13.585831689706298,0.7728802819419862,0.49811692927789974,0.42388013412107384,1.1925512700949608,0.7189754552799169,-1.884655298203694e-05,0.0,0.0,0.0,0.0,0.0,0.0,4.070122469153941,4630.803021998361,1385860007.1495628,-0.31558795102268133,5.2434298520242875,100.0,IMRPhenomXP,20.0,31.523482197424816,17.780942412476083,13.742539784948736,-0.015514917747117662,-0.19613175615402056,(0.26711768978242834+0.357534981481703j),1.2036436045974472,(0.6668296431623468-0.5986529770280281j),1.288608899320577,0.245897100587365,1.1925512700949608,0,0,0.49811692927789974,0,0,0.42388013412107384,0.0,0.0,0.4657536863924704,0.0,0.0,0.0,1.0,1.0,0.7321442744235747,2673.4510951333855,10.265277941927355,7.933830909969666,7.843360331071389,18.19910885189702
12.419183157698214,0.5354652082450272,0.5722939796885383,0.07063649980801179,1.7771369311116327,0.027188293944929595,9.004892178586174e-06,0.0,0.0,0.0,0.0,0.0,0.0,2.664567604015065,4775.321977521351,1385860007.1903634,-0.3150323403024755,5.295297267600747,100.0,IMRPhenomXP,20.0,30.22332586798624,19.68349768245823,10.539828185528007,-0.00919053855135843,-0.17277600909975632,(0.14046676047427928+1.5839632452062817j),0.8387379938250199,(1.9595276897110152+0.685547044430101j),1.144707800691488,0.22711786513803395,1.7771369311116327,0,0,0.5722939796885383,0,0,0.07063649980801179,0.0,0.0,0.3973501740656657,0.0,0.0,0.0,1.0,1.0,0.7507750759651346,2727.547386764127,11.242733548515638,6.020092660799279,7.093534359833172,17.262826209314916
13.9650354709409,0.6311805349396684,0.5984850039000444,0.7650526810127776,1.425378364460553,3.062912497546054,0.00024143620139015584,0.0,0.0,0.0,0.0,0.0,0.0,1.185428962113693,2526.73005490923,1385860007.2993329,-0.31439045119522335,5.306127622998698,100.0,IMRPhenomXP,20.0,33.10947704401512,20.297861784648948,12.811615259366176,0.0015859213313755838,-0.28215802351981667,(2.6970316430606474+0.28124760367292173j),2.073848006961694,(0.9729939922294277+2.510379704426541j),2.757407028614649,0.23721903589220586,1.425378364460553,0,0,0.5984850039000444,0,0,0.7650526810127776,0.0,0.0,0.6629378791592268,0.0,0.0,0.0,1.0,1.0,0.44307407026766177,1750.9358078796658,14.065710279780784,8.87800253869843,9.677282517002515,22.943712818479213
12.288870961045689,0.6545730824578015,0.5520576138687866,0.750582926032258,1.5149210634051047,1.245458771636885,-0.00013946149003273922,0.0,0.0,0.0,0.0,0.0,0.0,1.6883423943104852,4078.73974320916,1385860007.2185786,-0.3131402242137251,5.315176455034211,100.0,IMRPhenomXP,20.0,28.997479113846,17.525656268244987,11.471822845601013,-0.048191609719103745,-0.21621484896868726,(2.111213208700473+1.465654532846524j),1.3810195788607769,(2.6330008108838694-0.4863801594624685j),1.6510499624150363,0.23910366483184078,1.5149210634051047,0,0,0.5520576138687866,0,0,0.750582926032258,0.0,0.0,0.6305971035453055,0.0,0.0,0.0,1.0,1.0,0.6597697859762898,2457.4129486680913,10.55908862561699,6.911695189615225,7.403961118509744,17.470783815232217
13.311170624908904,0.9615043049051349,0.6528960388518262,0.6909475633552385,1.5544155572722862,0.9756489138030585,-0.00013427824952395086,0.0,0.0,0.0,0.0,0.0,0.0,2.4509230909954733,3737.0024361236724,1385860007.219102,-0.3107142219047385,5.316604119698747,100.0,IMRPhenomXP,20.0,30.588109009344922,15.594209471196784,14.993899538148137,-0.05055964047785899,-0.1812366202241289,(2.494549131405086+1.6589553058098903j),1.557352503764672,(1.0627392204599697-0.6089750934309891j),1.6524447162433664,0.24990370897512765,1.5544155572722862,0,0,0.6528960388518262,0,0,0.6909475633552385,0.0,0.0,0.671548409140661,0.0,0.0,0.0,1.0,1.0,0.6139030262770857,2315.506183141774,9.662420366835265,9.29045877851516,8.247813163604263,18.95287914535043
14.443020575489406,0.8030537112526193,0.30559696375819245,0.45456478373770043,1.3031667898770298,2.7519357939237086,-0.00024037032452548055,0.0,0.0,0.0,0.0,0.0,0.0,1.643463305758535,4310.447657742347,1385860007.2169402,-0.30941658349555645,5.280489640033887,100.0,IMRPhenomXP,20.0,33.421171639763116,18.53587135601453,14.885300283748586,0.16966497933831404,-0.24191544102044116,(1.3534596682583846+0.5114511550296624j),1.5412675921161043,(2.884156694538934-1.7152555327449974j),1.791162342985771,0.2470172401869709,1.3031667898770298,0,0,0.30559696375819245,0,0,0.45456478373770043,0.0,0.0,0.3719450486461613,0.0,0.0,0.0,1.0,1.0,0.6903898217771374,2549.972558246593,10.965441886373542,8.805838802377194,8.544195184697218,19.771280688750736
12.512389892822537,0.8735345843040951,0.5052674015878978,0.154505100563729,1.6425129017750064,1.1973469050609677,0.0002124162486872619,0.0,0.0,0.0,0.0,0.0,0.0,3.9598834753538568,4789.471583918395,1385860007.278738,-0.3075315968373866,5.314164449479625,100.0,IMRPhenomXP,20.0,28.82479740956647,15.38524970451674,13.439547705049733,0.014560050562778315,-0.23946777656542828,(2.751550426970038-0.4464400112021678j),1.1541051161094196,(-0.5092484570352721+0.4612660345737893j),1.3459298038348997,0.24886090451138215,1.6425129017750064,0,0,0.5052674015878978,0,0,0.154505100563729,0.0,0.0,0.3417246501587827,0.0,0.0,0.0,1.0,1.0,0.7525926331415106,2732.79225960072,8.77856577368968,7.668380803906173,7.139360086430445,16.446946577595853
13.876785713764471,0.7095594733837238,0.5476339632398192,0.3030256521060021,1.7335313903645038,3.136746801418925,-0.00019049070222086574,0.0,0.0,0.0,0.0,0.0,0.0,1.7444107637289408,4786.858594087196,1385860007.2836,-0.30727434845161605,5.303438079508065,100.0,IMRPhenomXP,20.0,32.44566329923623,18.978961425083778,13.466701874152454,0.009902041868306899,-0.1925627036528912,(-1.338278489188139-0.46798166070279446j),0.9444111559640105,(0.7677260256893612-0.35409265872304907j),1.2938047935524497,0.2427841746709034,1.7335313903645038,0,0,0.5476339632398192,0,0,0.3030256521060021,0.0,0.0,0.446108308744829,0.0,0.0,0.0,1.0,1.0,0.7522570737569866,2731.824379394826,10.831151267314498,7.685345989375128,7.919377768018637,18.516497256689625
16.823432301853362,0.7210644992150971,0.2876131625737484,0.7613484995367519,1.9772293540665158,2.0339684635078874,0.00021858348279333792,0.0,0.0,0.0,0.0,0.0,0.0,2.502580490659245,4347.52964281888,1385860007.2219112,-0.3064938706291729,5.231764995952053,100.0,IMRPhenomXP,20.0,39.27233395019839,22.818629963089005,16.45370398710938,0.005449088548339809,-0.059390326663963044,(2.7046768006681714-0.09323038711305166j),1.3325570902605164,(1.500498747422809-1.1307228791070503j),1.5347600800691916,0.243433207419676,1.9772293540665158,0,0,0.2876131625737484,0,0,0.7613484995367519,0.0,0.0,0.4860913333009405,0.0,0.0,0.0,1.0,1.0,0.6952565317852443,2564.526122212054,13.460281400042218,9.705731067015728,9.923826858308521,23.166012467057946
12.675762769584882,0.6412007979744866,0.07024713042455107,0.45577455563773833,1.1468481541146425,0.10062971333611835,-0.00010625762325383565,0.0,0.0,0.0,0.0,0.0,0.0,3.2744075585948025,4368.652480339232,1385860007.1266763,-0.3063221581771103,5.224043797900551,100.0,IMRPhenomXP,20.0,29.98967321793065,18.27300672467554,11.716666493255115,-0.02968006680736024,-0.24893826184242318,(1.1815619652811389+0.4944503712443809j),1.1313528036587002,(0.9904805717625232-0.3565022691431154j),1.4218086246995854,0.23805133165450904,1.1468481541146425,0,0,0.07024713042455107,0,0,0.45577455563773833,0.0,0.0,0.22086885385585284,0.0,0.0,0.0,1.0,1.0,0.6980246994071377,2572.7849900678275,10.761331523066493,6.900174359858233,7.465004940158174,17.661505882924725
12.752098543618699,0.7144131020564237,0.5900377734556934,0.30407397029796873,0.9776608059812151,0.4609214999978032,-0.00010406251668769093,0.0,0.0,0.0,0.0,0.0,0.0,6.061877563519545,4650.080169117554,1385860007.244645,-0.3062674163533292,5.129434883719631,100.0,IMRPhenomXP,20.0,29.795493716474997,17.379413211865657,12.416080504609338,-0.014628924322574122,-0.3144717392221086,(2.282420451750845+0.5716526306617907j),1.386773499504882,(1.2758038083253873-1.3115714237552136j),1.619767176705089,0.2430627776779627,0.9776608059812151,0,0,0.5900377734556934,0,0,0.30407397029796873,0.0,0.0,0.47087379398965284,0.0,0.0,0.0,1.0,1.0,0.7346365468175315,2680.7230387241666,10.019051681893231,7.157741791724973,7.351452710375822,17.176793473618204
12.063285328738093,0.7870633777739626,0.1458676361905699,0.31953676552475935,1.7983546772103922,1.5522974511304994,0.00013043506338878335,0.0,0.0,0.0,0.0,0.0,0.0,0.34572199544643084,4808.077259508424,1385860007.187022,-0.3056374553766703,5.29062029922686,100.0,IMRPhenomXP,20.0,27.952954850616276,15.64183744027903,12.311117410337246,-0.010353718242239074,-0.1916980874158032,(1.134214957485101-0.007455195292238086j),0.8708365919723761,(2.0078437449618427-0.4506266047698785j),1.1535138969242376,0.24645055198323476,1.7983546772103922,0,0,0.1458676361905699,0,0,0.31953676552475935,0.0,0.0,0.22235547274345985,0.0,0.0,0.0,1.0,1.0,0.75498083295459,2739.675060705929,8.912825226669447,7.014958328411439,6.873741924821483,15.927783555080888
13.048038917362483,0.8709446150009199,0.0897207366173868,0.4774193539002828,1.885470057903128,0.8448632112401956,0.0002064071427115621,0.0,0.0,0.0,0.0,0.0,0.0,2.4222429078854812,4761.002924635092,1385860007.1764717,-0.3035154709699204,5.266389194202671,100.0,IMRPhenomXP,20.0,30.062426927517084,16.06804749134827,13.994379436168817,-0.015086487725607833,-0.19832682806581858,(0.043392001151480473-0.09790898702312772j),1.1298772863382813,(1.3263442100894602+0.9570903186909819j),1.1933306604024028,0.2488104836732136,1.885470057903128,0,0,0.0897207366173868,0,0,0.4774193539002828,0.0,0.0,0.2701985659761542,0.0,0.0,0.0,1.0,1.0,0.7489345787078788,2722.230437326674,9.187334784826211,8.001659757055025,7.460564320823502,17.188994541881236
12.90248941742476,0.8692265460953773,0.6773539745023542,0.2851051261712625,1.9065293871975644,0.7156521016799563,0.00011801847571823277,0.0,0.0,0.0,0.0,0.0,0.0,4.819863694402913,4303.685059718186,1385860007.1513734,-0.3034566415245368,5.2592882381626564,100.0,IMRPhenomXP,20.0,29.72953051594775,15.904723040687442,13.824807475260313,-0.01515989622019287,-0.16703687421957003,(1.5827459269919308+0.23383334292684074j),1.1796361031663771,(-0.22320501673744944-0.9049079084325989j),1.2385095577248928,0.24877635534675208,1.9065293871975644,0,0,0.6773539745023542,0,0,0.2851051261712625,0.0,0.0,0.4949506631664755,0.0,0.0,0.0,1.0,1.0,0.6895013051302765,2547.3108684359154,9.413856616974343,8.182774072609721,7.636862651863922,17.596630689584064
12.252761844001206,0.6288914284031397,0.4453908739265187,0.5663046557856332,1.1159979809047116,0.19577610154125993,-2.0115751521258276e-05,0.0,0.0,0.0,0.0,0.0,0.0,4.758184831501487,2913.5924080231807,1385860007.141021,-0.30284888740375226,5.209542346250856,100.0,IMRPhenomXP,20.0,29.064252141016624,17.84296462871644,11.22128751230018,-0.054269573116759506,-0.11803304746144772,(2.136667787048376+0.21190910612797026j),1.7452839053357845,(2.1111835769969045-0.7700184167614378j),2.1746475581675004,0.23702349603603143,1.1159979809047116,0,0,0.4453908739265187,0,0,0.5663046557856332,0.0,0.0,0.49207393681276057,0.0,0.0,0.0,1.0,1.0,0.499320105104081,1943.2757504624549,11.900703904372579,7.4842506774236925,8.172212059512558,19.384954581796272
14.647351515158823,0.6011742997449687,0.14523125424663494,0.7373330834998058,1.1257313110141622,0.10934001420144787,-0.00010107075704786394,0.0,0.0,0.0,0.0,0.0,0.0,0.13467012890060143,4281.416930171456,1385860007.1963575,-0.30154135576712715,5.214243306323747,100.0,IMRPhenomXP,20.0,34.96915944064633,21.839695682235305,13.129463758411026,0.0586249900182545,-0.06205697387788378,(-0.9907876844154235-0.5025767499054745j),1.3644738215547616,(0.33243068783316165+0.2245303985327449j),1.7058086771375065,0.2344893834978353,1.1257313110141622,0,0,0.14523125424663494,0,0,0.7373330834998058,0.0,0.0,0.36754084454900604,0.0,0.0,0.0,1.0,1.0,0.6865734266631547,2538.5297922064615,12.949152012577729,7.784697393452568,8.684680597712404,20.733849406030295
12.8981443420485,0.7673642230152058,0.3322072569147643,0.010631360489889642,1.3703861366546097,2.6672456690502684,4.9332945539261926e-05,0.0,0.0,0.0,0.0,0.0,0.0,2.3021208944206712,4241.796877579475,1385860007.2219312,-0.29981984453467714,5.2965202802042395,100.0,IMRPhenomXP,20.0,29.94453515054882,16.943047030488174,13.001488120060648,-0.014156277976136167,-0.2459634699010862,(0.27689392322531103+0.45669000907291357j),1.3321336683803224,(1.3050690040000852+1.711563795165197j),1.4934075218127334,0.2456684742430604,1.3703861366546097,0,0,0.3322072569147643,0,0,0.010631360489889642,0.0,0.0,0.1925836101943966,0.0,0.0,0.0,1.0,1.0,0.6813558798067214,2522.842992137613,10.077014172892323,7.732740151094735,7.671275603789005,17.809754323987057
14.393282971734934,0.5815783282878297,0.6612416398199614,0.2337902248397258,1.7155731865381347,0.866947075482472,0.00016430221003033493,0.0,0.0,0.0,0.0,0.0,0.0,1.0751411587417736,4885.162572124744,1385860007.283304,-0.29845538990605913,5.306221303680595,100.0,IMRPhenomXP,20.0,34.53852457291358,21.838010773898233,12.700513799015349,0.08115994169213137,-0.16080152919793478,(0.44776476680602334+0.40449991822945236j),1.1282813802010487,(-0.9392865122074537-0.11188499677516985j),1.1396281614606238,0.23250205937870583,1.7155731865381347,0,0,0.6612416398199614,0,0,0.2337902248397258,0.0,0.0,0.5040591121498991,0.0,0.0,0.0,1.0,1.0,0.764854479302496,2768.025704643584,12.373830834216445,7.196351851080001,8.155506950025382,19.570182685296444
12.581638640456884,0.7685862774041012,0.7162650258509271,0.6084160835180276,1.765954558366116,1.5947948402492829,-0.00012156684141764398,0.0,0.0,0.0,0.0,0.0,0.0,2.737708350429651,4817.051381448918,1385860007.2003772,-0.2982090559868089,5.29757279742579,100.0,IMRPhenomXP,20.0,29.206070757771553,16.51379473589476,12.692276021876797,0.0015749687437269788,-0.14731886822326512,(0.8006910510046148+1.3900873014290136j),0.8928504492388688,(-0.28870750889592306-0.5485282703349461j),1.2322372667953536,0.24571978362744384,1.765954558366116,0,0,0.7162650258509271,0,0,0.6084160835180276,0.0,0.0,0.6693963951436488,0.0,0.0,0.0,1.0,1.0,0.7561320430613888,2742.989303759206,9.403504025304942,7.227404153363607,7.164403548222865,16.630908178668545
15.883083032105098,0.654297760526165,0.08185588378116995,0.6353606003344026,1.3786949620072633,2.684880387324558,-5.48922831518878e-05,0.0,0.0,0.0,0.0,0.0,0.0,3.0743571087240555,4341.26370241059,1385860007.2971132,-0.29812953426119204,5.298172208331546,100.0,IMRPhenomXP,20.0,37.480550771640395,22.656471927834417,14.824078843805982,0.052282531131222054,0.18830299960971875,(0.2991271630322652-1.522886259999391j),1.5471695414598907,(3.095391173902033-0.7470641301403315j),1.7420590008026542,0.23908265509616955,1.3786949620072633,0,0,0.08185588378116995,0,0,0.6353606003344026,0.0,0.0,0.30077469339514323,0.0,0.0,0.0,1.0,1.0,0.6944348073202522,2562.0718251009516,13.371108661103118,8.748686452711778,9.373676085670233,22.119795113814895
13.344833634037997,0.7531094101255758,0.24801514214848225,0.24637193698315596,2.082773750295228,2.053119300711526,-6.271693770836992e-05,0.0,0.0,0.0,0.0,0.0,0.0,2.7437749355829832,3851.634082966245,1385860007.1347544,-0.29747411607009244,5.179517206545035,100.0,IMRPhenomXP,20.0,31.029097534188804,17.699464365983967,13.329633168204833,0.050016004550721416,-0.1994253943877804,(1.9239134090040524+0.8464738643942556j),1.4622099656341523,(0.9002642543083073-0.7282038622208821j),1.685001514036125,0.24504172007736905,2.082773750295228,0,0,0.24801514214848225,0,0,0.24637193698315596,0.0,0.0,0.2473092459473515,0.0,0.0,0.0,1.0,1.0,0.6293870799451077,2363.8545642885224,10.862651719676236,8.180765229004942,8.190094176079738,19.04341694868118
16.055030566876297,0.8203443458073716,0.09390535354135326,0.17409774069007666,2.2311716339478904,0.8202344974064311,-1.4293291483197083e-05,0.0,0.0,0.0,0.0,0.0,0.0,1.8664625363226104,4985.314616805619,1385860007.2868702,-0.2972464200579701,5.080714732790987,100.0,IMRPhenomXP,20.0,37.10203085801526,20.38187496968301,16.72015588833225,0.031491864260241975,0.8588497957824179,(1.1681742409388336-0.7963121713094662j),1.703016592963479,(1.8151543432862767-0.0427377065024394j),1.9384519424469224,0.2475649118322163,2.2311716339478904,0,0,0.09390535354135326,0,0,0.17409774069007666,0.0,0.0,0.13004432445955796,0.0,0.0,0.0,1.0,1.0,0.7776331838647008,2804.46756314942,11.465737225590809,9.40585270352652,9.031689277971015,20.871589929117327
15.028327634638766,0.7634254474517649,0.018216436323798036,0.5588845638864031,1.8729826414907882,2.364491777574299,0.00014597775327357848,0.0,0.0,0.0,0.0,0.0,0.0,5.764598661112622,3561.8421993583793,1385860007.2569056,-0.2965671609695648,5.270367708325251,100.0,IMRPhenomXP,20.0,34.90432145148794,19.793477235982035,15.110844215505907,0.01602920569479549,-0.09995075820100752,(1.308412974540331-0.6306215108496602j),1.5768033775162311,(2.80706916880028-0.3027939279466752j),1.6347450926543636,0.24550052486638627,1.8729826414907882,0,0,0.018216436323798036,0,0,0.5588845638864031,0.0,0.0,0.25228349473210643,0.0,0.0,0.0,1.0,1.0,0.5900391965097656,2240.09709630207,12.44842094423203,9.503441329418258,9.45154538808029,21.95186227365029
15.174365748025961,0.8884918344387295,0.5387116758397575,0.061570221858774504,1.0988032233227172,2.108916445107036,5.266508491436788e-05,0.0,0.0,0.0,0.0,0.0,0.0,1.6250070581127665,4757.288847622777,1385860007.216049,-0.29621193686813774,5.200950116082004,100.0,IMRPhenomXP,20.0,34.934667715127,18.498712611860345,16.435955103266657,0.016908865368896464,-0.11219858844027719,(0.4352506388907642+1.7745901311630792j),1.2769135414671235,(3.5772561842991903+0.3379992709235713j),1.4470684477305655,0.2491283881452349,1.0988032233227172,0,0,0.5387116758397575,0,0,0.061570221858774504,0.0,0.0,0.314227630950931,0.0,0.0,0.0,1.0,1.0,0.7484569910134896,2720.849782981435,10.580021531520545,9.400262738941946,8.678718336234379,19.98028427046249
16.565635926863706,0.8820675373523387,0.15942010952113367,0.724591953567574,1.8359267886678294,2.3621125867045993,2.3103590484083137e-05,0.0,0.0,0.0,0.0,0.0,0.0,5.732709931596904,3281.66104608642,1385860007.2218788,-0.2958562825249431,5.281171549889407,100.0,IMRPhenomXP,20.0,38.14777861309317,20.269080602048337,17.878698011044836,0.013402779847706547,-0.058168952115604355,(2.0883391846772477+1.6948357438416184j),1.8682435634856516,(1.7445577313588059+0.5430746246728375j),1.9115263801329623,0.24901839596278394,1.8359267886678294,0,0,0.15942010952113367,0,0,0.724591953567574,0.0,0.0,0.42429888074750155,0.0,0.0,0.0,1.0,1.0,0.5513195884312453,2115.399726776125,13.065702743137035,11.524832242416581,10.678416008151821,24.590534985553614
12.266936632917082,0.7282548508216953,0.46228333436784724,0.7556109312301873,1.1679938726727441,1.4659256135285375,-0.00021702038790966815,0.0,0.0,0.0,0.0,0.0,0.0,1.7642579979926536,4011.396067726204,1385860007.218751,-0.29541361234998886,5.233319780345434,100.0,IMRPhenomXP,20.0,28.608522669476564,16.553416676871873,12.055105992604688,-0.07682379219292823,-0.20568015745145773,(2.669736876035041+1.0980960568723832j),1.472678465456244,(2.3768090344929553-0.4054996121870499j),1.8324093660582665,0.24381915232860973,1.1679938726727441,0,0,0.46228333436784724,0,0,0.7556109312301873,0.0,0.0,0.585886196059979,0.0,0.0,0.0,1.0,1.0,0.6507999243376404,2429.971073806308,10.02751237919622,7.3025845318242455,7.430904528202601,17.33009691102047
15.130113256792116,0.9083421922604855,0.565873853493771,0.39493200841386955,1.384000352415907,2.547285223734321,-0.00017922239656177602,0.0,0.0,0.0,0.0,0.0,0.0,4.917997493877067,4842.45841344164,1385860007.197806,-0.29288742150907865,5.2991895097375945,100.0,IMRPhenomXP,20.0,34.80807365785539,18.239953923894664,16.568119733960724,0.09988592294779686,-0.24552060663058795,(0.0693623494703468-0.0909683911097544j),1.342762399380449,(0.5146314909361327+0.09182616252620812j),1.4440412876122073,0.2494232781107954,1.384000352415907,0,0,0.565873853493771,0,0,0.39493200841386955,0.0,0.0,0.4845081052864204,0.0,0.0,0.0,1.0,1.0,0.7593887713086118,2752.3526830525984,10.367210602536703,9.416974806334338,8.59964182080037,19.784185408871043
16.354400266828566,0.7178285095957879,0.0038156760330722685,0.3303655597074059,1.0491719553608836,1.3818879804655613,0.00010855392035818707,0.0,0.0,0.0,0.0,0.0,0.0,1.309894516858725,3238.1805157000904,1385860007.2126422,-0.2903589345548845,5.174034580177915,100.0,IMRPhenomXP,20.0,38.19424840528714,22.23402871237386,15.960219692913283,-0.026871877754450768,0.5521937950202718,(1.6467458467583689+1.4276302438050639j),2.4096313133071408,(2.9864467661085214-1.1629042167655261j),2.87623819687679,0.2432546162735909,1.0491719553608836,0,0,0.0038156760330722685,0,0,0.3303655597074059,0.0,0.0,0.14027098283304015,0.0,0.0,0.0,1.0,1.0,0.5452466434950556,2095.5751810630654,14.388660092530403,10.32859042930149,10.58368276396188,24.71725052183189
13.456301178710572,0.975058930596276,0.6022939380688531,0.10208480283279649,1.3847989567046268,2.4695498330526835,-6.937866010104499e-05,0.0,0.0,0.0,0.0,0.0,0.0,6.281764557998112,3167.6690010998987,1385860007.1253698,-0.28797194025735307,5.299340115178776,100.0,IMRPhenomXP,20.0,30.91742033053033,15.653922954691925,15.263497375838407,-0.014792708321142545,-0.1758451043250353,(1.377499368540501+1.4997130145606308j),1.700654515387832,(1.5385907495340534+0.413581270727058j),1.7615233533686054,0.2499601333233489,1.3847989567046268,0,0,0.6022939380688531,0,0,0.10208480283279649,0.0,0.0,0.35534769412538286,0.0,0.0,0.0,1.0,1.0,0.535359791973648,2063.1444256916106,10.195605640140796,9.941316332257045,8.764265710913918,20.13692197239784
16.490711096377943,0.9914456949545649,0.2621512704881676,0.5442270202728475,1.926748348614593,0.19662853608406886,-4.527342123950923e-05,0.0,0.0,0.0,0.0,0.0,0.0,6.06275830455325,3361.9108266414723,1385860007.2208529,-0.28722665555357807,5.252002576956522,100.0,IMRPhenomXP,20.0,37.88612485415221,19.024432827939396,18.861692026212815,0.025281119999600588,-0.06636983867419,(1.5510831555760156+1.5990263160080427j),1.5848683749265913,(2.1799483376619277-1.1418355545392112j),2.0567193298686255,0.2499953871159452,1.926748348614593,0,0,0.2621512704881676,0,0,0.5442270202728475,0.0,0.0,0.40258331364337024,0.0,0.0,0.0,1.0,1.0,0.5624817363977935,2151.648092848438,12.175779328978955,12.071623998432965,10.554178466364846,24.247403327411917
16.323786198928186,0.8493962178504748,0.48402393039042696,0.09240341548715084,1.2288023066965155,1.2960760574645782,-1.9685290910600756e-05,0.0,0.0,0.0,0.0,0.0,0.0,3.844733995488442,3635.6070466587757,1385860007.2201505,-0.28555637176532667,5.257081500176836,100.0,IMRPhenomXP,20.0,37.65222648658609,20.359199463676152,17.29302702290994,-0.029673319755479266,0.26802481028127545,(2.486597293918819+0.7323492712179814j),2.0325191797403375,(1.5298290285563192-1.3978207160006642j),2.436941498946313,0.2483421247981802,1.2288023066965155,0,0,0.48402393039042696,0,0,0.09240341548715084,0.0,0.0,0.30415929079571546,0.0,0.0,0.0,1.0,1.0,0.6001196951197526,2272.084415905024,12.72354782318486,10.807333398652862,10.201603198007332,23.53088122183772
13.908469518275105,0.7068469475685712,0.07996905787514148,0.7446691564922951,0.9955532919379927,2.080908522181594,-5.579175788689557e-05,0.0,0.0,0.0,0.0,0.0,0.0,5.04649501471838,3642.290677670808,1385860007.1376014,-0.2843206083570946,5.141265356457355,100.0,IMRPhenomXP,20.0,32.53251260202261,19.06000573066358,13.472506871359027,0.08225916083841511,-0.22663492353012282,(-0.02653233400049394+0.5745258142631863j),1.7977100904191512,(0.8917635051884302-1.8820127694994524j),2.0724309325173116,0.24262537926333044,0.9955532919379927,0,0,0.07996905787514148,0,0,0.7446691564922951,0.0,0.0,0.35523757941736833,0.0,0.0,0.0,1.0,1.0,0.6010308320633696,2274.9660002162054,11.904833654014963,8.414895329652078,8.687196548457601,20.31972898366704
15.486418288976086,0.7666593850522322,0.35585154747320136,0.027133823650954715,1.4932218737294756,3.0083227552378324,5.712621489249205e-05,0.0,0.0,0.0,0.0,0.0,0.0,3.112043534595333,4184.442264083275,1385860007.2209084,-0.28199679745034434,5.313726369946258,100.0,IMRPhenomXP,20.0,35.956126638985715,20.35260839933933,15.603518239646387,0.12771962207774967,0.01394968317478984,(1.9349992273691152-1.309862396711752j),1.3012641089613046,(0.8935188085179129-2.0202939281058048j),1.6830788349674168,0.24563870930250897,1.4932218737294756,0,0,0.35585154747320136,0,0,0.027133823650954715,0.0,0.0,0.2132012266849176,0.0,0.0,0.0,1.0,1.0,0.6737840347694762,2499.9893632817752,12.159638266679021,9.32230079598973,9.252339589383746,21.481939062668747
16.515035880143593,0.5892643538593318,0.5052452806006057,0.16702734850016088,1.4742101213160677,1.151939408965957,-7.496698065066217e-05,0.0,0.0,0.0,0.0,0.0,0.0,1.274299457242939,4443.810364836716,1385860007.2210891,-0.28054923166057977,5.312066572509977,100.0,IMRPhenomXP,20.0,39.548388383191714,24.88471366462939,14.663674718562325,-0.02640727841507351,0.10469221420592678,(2.716719337343787-0.21983722245244075j),1.5680610148877676,(1.9349721884385482-1.0470198295891722j),1.7919748312105248,0.2333016902077105,1.4742101213160677,0,0,0.5052452806006057,0,0,0.16702734850016088,0.0,0.0,0.3798414918987241,0.0,0.0,0.0,1.0,1.0,0.7078508449873615,2601.9897308693667,14.570776913960273,8.58603944343327,9.670069215128565,23.15681635739354
14.698876956368963,0.55688839768535,0.34174160581435475,0.1904702383213194,1.974137525405111,0.4388355874684866,-0.00012990805914946303,0.0,0.0,0.0,0.0,0.0,0.0,4.378181109313291,3232.6589975096485,1385860007.2334745,-0.2763095622504119,5.233090049524728,100.0,IMRPhenomXP,20.0,35.52484822911711,22.817851479870008,12.706996749247102,0.02964908907167807,-0.06953864765146056,(1.9676255695544917-1.1835213324214962j),1.493015012158267,(-0.722923623283701+0.0827562560320282j),1.729689241546057,0.22974877552828435,1.974137525405111,0,0,0.34174160581435475,0,0,0.1904702383213194,0.0,0.0,0.2876328658532175,0.0,0.0,0.0,1.0,1.0,0.5444741677062013,2093.0482857685256,14.773864113090527,8.227393513560079,9.517075302204127,23.001257626650606
12.026622278782488,0.5189477683385106,0.6923163760255252,0.02615423526873828,1.8579780314248449,0.8308154917068352,-0.00011579390028861102,0.0,0.0,0.0,0.0,0.0,0.0,2.610908597042944,4198.597980261882,1385860007.2191064,-0.2761281594528806,5.274922017181928,100.0,IMRPhenomXP,20.0,29.438853357309707,19.38108338610693,10.057769971202775,-0.03667760635015527,-0.07226831693423508,(2.1231517032710636+0.25255693759195574j),1.1904090518379438,(0.001129114432469869-1.4053257094848048j),1.2429673160426442,0.22492512389512032,1.8579780314248449,0,0,0.6923163760255252,0,0,0.02615423526873828,0.0,0.0,0.46472240373542845,0.0,0.0,0.0,1.0,1.0,0.675654927576175,2505.645934648014,11.566273620632353,6.002291883419745,7.177266679947599,17.5685655040521
15.608530380645867,0.8275235818239051,0.020886345066885248,0.08083503534134451,2.258501493485314,0.7803117555301944,9.172256406190387e-05,0.0,0.0,0.0,0.0,0.0,0.0,3.8436668597091432,4596.368194610712,1385860007.2519617,-0.2758903160012478,5.058880007387012,100.0,IMRPhenomXP,20.0,36.05200100139079,19.727242570194456,16.324758431196337,0.11959772207626873,0.563354570547907,(0.2973405138715941+1.2499713242179085j),1.8019806065038284,(-0.39983418656768177-0.05316803986805573j),2.05452849158507,0.2477732396555846,2.258501493485314,0,0,0.020886345066885248,0,0,0.08083503534134451,0.0,0.0,0.04803179774118765,0.0,0.0,0.0,1.0,1.0,0.7276867597957741,2660.417573528628,11.418298171438419,9.448911001162067,9.034352027152721,20.867209172600486
15.49147156453882,0.6307956819507594,0.2395385848737533,0.3712919967712261,1.8833244578301713,1.6695868861523795,0.00019067624796522564,0.0,0.0,0.0,0.0,0.0,0.0,2.2224050392283563,3663.0298312344626,1385860007.214751,-0.2753717022626345,5.267085018027409,100.0,IMRPhenomXP,20.0,36.73152085787645,22.52368047353312,14.207840384343328,0.08076858255728103,-0.06284794863552934,(0.43602409916886753+0.8114142243403857j),1.3477431777486035,(3.5039490805439493+0.29099919438007343j),1.778295815438366,0.23718630311304115,1.8833244578301713,0,0,0.2395385848737533,0,0,0.3712919967712261,0.0,0.0,0.29050112066351574,0.0,0.0,0.0,1.0,1.0,0.6038557031891185,2283.8898916802705,14.04345816693289,8.858552771357393,9.658893586084748,22.902010938290285
15.085095208443693,0.7261031229787953,0.1639395986223116,0.041339101081780696,1.888377326035229,0.877103260549928,-0.00022963573616669965,0.0,0.0,0.0,0.0,0.0,0.0,5.0879179691310545,2775.822863980864,1385860007.2979083,-0.2752895531308077,5.26543823486713,100.0,IMRPhenomXP,20.0,35.190801527525885,20.387427065652897,14.803374461872986,0.17731374693313295,0.12124069779745827,(-0.14669314783451828-0.451719470166274j),2.1588575417269107,(3.243726413295575-2.1884842408828167j),2.291834270044969,0.24370521801935532,1.888377326035229,0,0,0.1639395986223116,0,0,0.041339101081780696,0.0,0.0,0.11236643189904671,0.0,0.0,0.0,1.0,1.0,0.4794898882952451,1876.202659994151,13.780038124589339,10.00572871703118,10.19614620403092,23.78576684162052
14.250003156980439,0.5174240268284731,0.166288524127613,0.5850077275670998,1.5581359741997713,2.9148236547798922,7.727930199642269e-05,0.0,0.0,0.0,0.0,0.0,0.0,4.107524757328683,2498.6497641559877,1385860007.2157285,-0.27428222676720004,5.316658146099382,100.0,IMRPhenomXP,20.0,34.90079769271716,23.00002970538326,11.900767987333905,0.0693043836846281,-0.04340603140086374,(0.7201670756976191+0.2430879384014949j),2.1830589122006323,(3.6696728020608296-1.1212052408334598j),2.6945413944812246,0.22471531856816054,1.5581359741997713,0,0,0.166288524127613,0,0,0.5850077275670998,0.0,0.0,0.30906692523603324,0.0,0.0,0.0,1.0,1.0,0.4389207387218909,1736.4749005735082,15.984222818146911,8.27062093628914,9.903257888713094,24.25484375443605
13.226413500267636,0.6170970954568722,0.3860531989963771,0.7275096993971641,1.3074518584136476,3.123466015675568,0.00023078784598518472,0.0,0.0,0.0,0.0,0.0,0.0,5.7801030217508105,4209.714911618739,1385860007.1349251,-0.27419347123633075,5.281654775622564,100.0,IMRPhenomXP,20.0,31.45671090738694,19.452580179484894,12.00413072790205,-0.020422244601165263,-0.2513038161073684,(1.8172758631495147-0.43562147009185026j),1.1687375330036311,(1.8206526122667894-0.973682794911403j),1.5373984544236463,0.23598332072631237,1.3074518584136476,0,0,0.3860531989963771,0,0,0.7275096993971641,0.0,0.0,0.5163557115753528,0.0,0.0,0.0,1.0,1.0,0.6771232441036495,2510.080836265334,11.598777995520217,7.157572211884609,7.886369440509774,18.756350207404825
16.942201801205336,0.9252327091235457,0.6864086879688275,0.2770867461998356,1.9117273764302833,2.1376628937861435,-0.00012503020720809762,0.0,0.0,0.0,0.0,0.0,0.0,2.4129981272686347,4535.917559817236,1385860007.133047,-0.27406666195380014,5.257459262138619,100.0,IMRPhenomXP,20.0,38.958223223626646,20.235591800932063,18.722631422694583,0.00843128636680035,-0.08285099941756302,(1.5068441615592032-0.29976577886029665j),1.212950686230246,(0.6955370138830196-1.7862447707238032j),1.3081188868348668,0.24962295183214164,1.9117273764302833,0,0,0.6864086879688275,0,0,0.2770867461998356,0.0,0.0,0.4896958192896721,0.0,0.0,0.0,1.0,1.0,0.7198440859086505,2637.4004330514845,11.765945510253001,10.886237639851403,9.851010297979546,22.652183150104406
13.153287257087996,0.5596737012681418,0.032746962163312875,0.19268799121459948,1.105023767368364,2.6469601679169243,-8.100298028776388e-06,0.0,0.0,0.0,0.0,0.0,0.0,4.659371628227835,3893.490824625819,1385860007.2164097,-0.2722566521195171,5.204101215497718,100.0,IMRPhenomXP,20.0,31.762440455826415,20.36479837417337,11.397642081653045,0.06965336301709613,0.004401921344211246,(0.0840472209671648+1.4433944509939334j),1.623580046100196,(3.1794524414979652-0.36510006370338j),1.8393558099601761,0.23007392504992688,1.105023767368364,0,0,0.032746962163312875,0,0,0.19268799121459948,0.0,0.0,0.09014024105298457,0.0,0.0,0.0,1.0,1.0,0.6350156294213126,2381.3172005548963,12.45541510901713,6.970968274894752,8.044747108468554,19.426383383911883
13.769086974989746,0.7905799725997201,0.041188397980528625,0.14625199847768586,1.9878666019221385,1.7762094435691231,0.00012047335108678303,0.0,0.0,0.0,0.0,0.0,0.0,4.8673380208685995,4102.191020964377,1385860007.2860727,-0.27163303193386357,5.227119494490263,100.0,IMRPhenomXP,20.0,31.89555220205886,17.81297271841487,14.08257948364399,0.0801343353297912,-0.06617950607542289,(2.7103035300753224-0.5943272378995662j),1.1694557565260726,(1.054643865981016+0.9890775899595943j),1.4642667456841298,0.24658029229013978,1.9878666019221385,0,0,0.041188397980528625,0,0,0.14625199847768586,0.0,0.0,0.08757626094856745,0.0,0.0,0.0,1.0,1.0,0.6628857669642204,2466.910885222129,10.712084421129179,8.468759408142194,8.280236230614156,19.18084382927137
12.441981530402387,0.9672984117878964,0.2750667051353434,0.03990574697667553,1.6109952938756296,1.4968303338823596,1.0927709305879208e-05,0.0,0.0,0.0,0.0,0.0,0.0,4.9704094205097515,2441.933961030237,1385860007.2947514,-0.2707668829368073,5.31593009432358,100.0,IMRPhenomXP,20.0,28.588907342909746,14.532064465465572,14.056842877444174,-0.012812473644616018,-0.21069269516001277,(1.448602665572705-1.8023927001316358j),1.6896815079171768,(2.3110343125893595+0.4867071913296197j),2.2618434155009823,0.2499309224037062,1.6109952938756296,0,0,0.2750667051353434,0,0,0.03990574697667553,0.0,0.0,0.15944071775162358,0.0,0.0,0.0,1.0,1.0,0.4305007092767753,1707.0484084250534,10.15872580224907,9.826519334304248,8.697640937691485,19.985245136553317
12.09131217039078,0.9694792953726703,0.2596613633517607,0.5178541258079435,1.8831186099554262,0.2768616336422743,-2.194614999222568e-05,0.0,0.0,0.0,0.0,0.0,0.0,1.6289023445973003,3064.182289942693,1385860007.2578654,-0.26712829567396623,5.267151507641775,100.0,IMRPhenomXP,20.0,27.78254421279768,14.106542921305802,13.676001291491879,-0.0027969551222182254,-0.06953898299189598,(2.1714579148661675+0.8206180315915559j),1.1257730140522872,(1.3111620261864492-1.7390389598863552j),1.4672944258963998,0.24993996199103016,1.8831186099554262,0,0,0.2596613633517607,0,0,0.5178541258079435,0.0,0.0,0.3867571586741373,0.0,0.0,0.0,1.0,1.0,0.5207606655881759,2014.9010729007625,9.275978291988435,8.992868898409133,7.950831740978975,18.26884719039757
16.587559857127356,0.6033308843344036,0.3460155552575409,0.31384503107207584,2.2262345293954193,1.3517816393195614,0.0001557082457210311,0.0,0.0,0.0,0.0,0.0,0.0,4.85435629219461,4548.653738341572,1385860007.2925494,-0.26698592773240026,5.0845299236182235,100.0,IMRPhenomXP,20.0,39.580106516293085,24.686174827053314,14.89393168923977,-0.1895348901770526,0.8847253835874271,(0.33482239617868237+0.31929865605927393j),2.027309746706477,(0.46748021979770543-0.6105216009344958j),2.3957243572094518,0.23469792000389703,2.2262345293954193,0,0,0.3460155552575409,0,0,0.31384503107207584,0.0,0.0,0.333909837719158,0.0,0.0,0.0,1.0,1.0,0.7214983055009636,2642.2644395394723,14.339935594574708,8.65172602357315,9.635536557963851,22.991661618147862
14.71812710550424,0.8513980500664569,0.15609248720263463,0.7500984518971828,1.4961328061022698,1.0838076884220387,9.3458328495034e-05,0.0,0.0,0.0,0.0,0.0,0.0,6.147641018284526,3138.3979832062832,1385860007.290692,-0.26591673597459486,5.3139483762680575,100.0,IMRPhenomXP,20.0,33.94475831251628,18.334662452138705,15.610095860377577,0.14798828758242122,-0.22573510931539342,(2.760508390230006-1.6673693595149541j),2.023337282518609,(0.2575170072699294+1.6086617859199637j),2.252178140767152,0.24838939359766923,1.4961328061022698,0,0,0.15609248720263463,0,0,0.7500984518971828,0.0,0.0,0.429256607717199,0.0,0.0,0.0,1.0,1.0,0.5312412841804504,2049.5776847572843,11.973725265611401,10.194406343173014,9.611892820262918,22.168131608784414
14.165914778719658,0.7882242343033017,0.7176096957585739,0.712583079577615,1.737061312369207,1.6472705823958884,-0.00021829643807149725,0.0,0.0,0.0,0.0,0.0,0.0,3.646171229570798,2260.903228760278,1385860007.2997305,-0.2656867086368937,5.302852111591232,100.0,IMRPhenomXP,20.0,32.82170413145204,18.354355959301426,14.467348172150608,0.02255279976131419,-0.21415295116695088,(2.0763433111638228-2.0315884417042667j),1.8529379893088043,(2.7584168769222166+0.29474642961939873j),2.6720198721991353,0.24649370398958037,1.737061312369207,0,0,0.7176096957585739,0,0,0.712583079577615,0.0,0.0,0.7153940336428458,0.0,0.0,0.0,1.0,1.0,0.40333353820913953,1611.0947093692882,13.079111600741967,10.309272726862266,10.094474615633754,23.388384327604236
14.007066568867302,0.5080400147283838,0.7139581759326159,0.5715589860802089,1.1345275775743755,2.248240154158044,0.00014141653788952356,0.0,0.0,0.0,0.0,0.0,0.0,2.7542866199989486,3341.8378525094863,1385860007.2610195,-0.2655927712736532,5.218391618481212,100.0,IMRPhenomXP,20.0,34.42737254350057,22.82921686909041,11.598155674410158,-0.02240368770218204,-0.2689507037872003,(1.3820828410949604-0.7523899273312988j),1.8470840132345245,(0.3322951508424036-0.7887791123370452j),2.031865582773372,0.22339435220498738,1.1345275775743755,0,0,0.7139581759326159,0,0,0.5715589860802089,0.0,0.0,0.6659856514615349,0.0,0.0,0.0,1.0,1.0,0.5596953031376907,2142.622245639171,14.636972249107963,7.4361675970157535,8.980642911912874,22.073139846123716
16.840043234928878,0.9070206249560036,0.4736778718031334,0.3493883771862506,1.9741542165768018,0.09030711352485107,0.00015303912421902005,0.0,0.0,0.0,0.0,0.0,0.0,1.866161724445856,4600.839982525208,1385860007.2528,-0.2621381791257056,5.233082926615248,100.0,IMRPhenomXP,20.0,38.74354650694768,20.316270311885862,18.427276195061815,-0.025184148639012527,0.07883705286038323,(0.816466482031382+0.1778481343870623j),1.4103403746417948,(1.2009539604174342+0.7635679995314465j),1.7974067931425353,0.24940570445588126,1.9741542165768018,0,0,0.4736778718031334,0,0,0.3493883771862506,0.0,0.0,0.41456307587088087,0.0,0.0,0.0,1.0,1.0,0.7282660235314672,2662.1132979297295,11.755291161931448,10.662291536234846,9.743895329561957,22.417582698166296
12.675988579073108,0.5867980587728907,0.4476248662457789,0.13176636126403665,1.9351730286111979,2.3348449181863415,4.950609043298949e-05,0.0,0.0,0.0,0.0,0.0,0.0,0.634229566113826,3031.3492929108106,1385860007.2977698,-0.2616456084428225,5.248829900979198,100.0,IMRPhenomXP,20.0,30.37488418832038,19.142249399907893,11.232634788412483,-0.041514747327177304,-0.20144236806253257,(2.6934966848255586+0.07450054788165895j),1.7081396445686778,(1.6193288159510004+1.4273519492506923j),1.8134907388650157,0.23304798242295371,1.9351730286111979,0,0,0.4476248662457789,0,0,0.13176636126403665,0.0,0.0,0.3308203639050553,0.0,0.0,0.0,1.0,1.0,0.5161062070077367,1999.4307015842078,12.62592904865682,7.408870655956072,8.360884297209676,20.034799704612894
16.369796810864326,0.6734660998152522,0.7673167255279757,0.07087145168534344,1.271844103806948,1.550987172571656,0.00010895729841565917,0.0,0.0,0.0,0.0,0.0,0.0,2.5709908172365648,3729.2024178618044,1385860007.1649673,-0.26144010601641066,5.271370148675677,100.0,IMRPhenomXP,20.0,38.49409802755771,23.002615966829204,15.49148206072851,0.037665553994441936,-0.1866573754136165,(2.264208629713484+0.306517067636401j),1.6617147914748545,(1.9116875672706848-0.7655501896754041j),2.1640784746692088,0.24048162695240669,1.271844103806948,0,0,0.7673167255279757,0,0,0.07087145168534344,0.0,0.0,0.4870407866479809,0.0,0.0,0.0,1.0,1.0,0.6128456685824913,2312.188022563379,14.262130850403002,9.605061638875695,10.149636217364508,23.867192489278697
12.861474928618545,0.5211078933492223,0.10462284784560216,0.017288562335448,0.8400954021998995,0.30893652724896165,0.0001615841005355503,0.0,0.0,0.0,0.0,0.0,0.0,4.839426604246678,4880.2136051807765,1385860007.2195275,-0.2603950262397099,5.021973587339349,100.0,IMRPhenomXP,20.0,31.457645102077944,20.680745422215598,10.776899679862343,-0.006155048557090925,-0.1339961240707659,(0.9907558494886937-0.2099420022490309j),1.4160689805797126,(1.7186490080499386-0.3750328766902172j),1.6559440512153316,0.22522034095795457,0.8400954021998995,0,0,0.10462284784560216,0,0,0.017288562335448,0.0,0.0,0.07470348069331598,0.0,0.0,0.0,1.0,1.0,0.7642215886018158,2766.2135277454545,11.722306061681028,6.108586216997419,7.290169790299157,17.830892278678448
12.270536726530052,0.8571690342414073,0.0755461265920582,0.4050172610205716,1.9232632676465375,1.6703191650506808,-6.496305044037163e-05,0.0,0.0,0.0,0.0,0.0,0.0,4.870549646224722,4439.8676662008465,1385860007.254997,-0.2603906317733409,5.253291383133487,100.0,IMRPhenomXP,20.0,28.290810917723096,15.233298852238814,13.057512065484284,0.018600986390661767,-0.20791384984421768,(1.8998130331458494+1.3339143984461634j),0.9844319320671787,(0.8235220681002327-1.0186208374633146j),1.27552036265654,0.24852129382484947,1.9232632676465375,0,0,0.0755461265920582,0,0,0.4050172610205716,0.0,0.0,0.227612227685471,0.0,0.0,0.0,1.0,1.0,0.7073362746450226,2600.4646663967887,8.922260411415447,7.64788534010332,7.186947825542602,16.570145751518766
16.477880984543532,0.5428347869266815,0.3975896220976015,0.6227864930227165,1.4391849290665577,1.530859451428418,6.658920032295005e-05,0.0,0.0,0.0,0.0,0.0,0.0,4.7332977457094065,4784.462416098413,1385860007.1727414,-0.2596244465000406,5.308052391359729,100.0,IMRPhenomXP,20.0,40.00221742833949,25.927738839765006,14.074478588574483,0.022582801214728665,-0.05349847103543759,(-0.7953871875417114+0.3945210584795915j),1.1131503594105117,(0.9385351933448478-0.1679397864000182j),1.5021246753969058,0.2280493433643533,1.4391849290665577,0,0,0.3975896220976015,0,0,0.6227864930227165,0.0,0.0,0.4768234431658319,0.0,0.0,0.0,1.0,1.0,0.7519493261922058,2730.936546295889,14.799365741997768,8.033610549207388,9.405455248159242,22.83297629120516
12.435277477774175,0.7841640186098715,0.15415973317502926,0.589248075804629,1.2890806076334096,0.9730321674826983,-0.00020179665450086785,0.0,0.0,0.0,0.0,0.0,0.0,4.308950897315909,2679.699762290393,1385860007.2414565,-0.2590594656244183,5.276520150436006,100.0,IMRPhenomXP,20.0,28.822594115299253,16.154677380926184,12.66791673437307,-0.004646816335538428,-0.21061089729118265,(2.5974937859607454+1.8800628625873441j),2.0851882270089153,(1.5166522627507417-1.373950676579178j),2.266577684701592,0.24634137289065114,1.2890806076334096,0,0,0.15415973317502926,0,0,0.589248075804629,0.0,0.0,0.3453868959515581,0.0,0.0,0.0,1.0,1.0,0.4655259056420415,1828.4902065383606,11.023126454969677,8.64393913857381,8.485197996091598,19.667065593543487
12.0516442958787,0.6875607485946769,0.12592244937761085,0.4386423932287577,1.412230777215516,3.1018849310248915,-0.00013626183679492831,0.0,0.0,0.0,0.0,0.0,0.0,5.312606378987528,3292.2946492592496,1385860007.134206,-0.25844259542211034,5.304113736802151,100.0,IMRPhenomXP,20.0,28.272939124693558,16.753731175744615,11.519207948948944,-0.004913353060106651,-0.17521768160056594,(1.049857493797189+0.3860648745998919j),1.2300441134820144,(1.7390272945357879+0.5447368646973055j),1.6464401922917,0.24143056172560914,1.412230777215516,0,0,0.12592244937761085,0,0,0.4386423932287577,0.0,0.0,0.2533335419109218,0.0,0.0,0.0,1.0,1.0,0.5528020813660423,2120.228136891598,10.789353889200035,7.418336236911264,7.76122368748794,18.2076901261113
14.783063783174523,0.7273598673949517,0.2814787061790609,0.3318668297048142,1.7143348170829493,1.5964841046394578,-9.767989670216395e-05,0.0,0.0,0.0,0.0,0.0,0.0,2.1772941578155933,4452.656631969784,1385860007.2230444,-0.2566266364398597,5.306401071169501,100.0,IMRPhenomXP,20.0,34.480554397650266,19.961419185714167,14.519135211936101,0.03799081718868935,-0.08304845260717109,(2.21774020355603+0.45533769851824873j),0.9585018733983585,(0.8904527346013156-0.6780343702567243j),1.3401476082197086,0.24377192366495268,1.7143348170829493,0,0,0.2814787061790609,0,0,0.3318668297048142,0.0,0.0,0.3026962298333791,0.0,0.0,0.0,1.0,1.0,0.7090050299605445,2605.4087314897342,11.680140687575982,8.495665581669646,8.650099633419929,20.175806269245626
13.018508443541403,0.6670590774993752,0.3009166464119636,0.3783343307595313,1.1453282831136888,0.5255574701167075,-0.00023801754269828424,0.0,0.0,0.0,0.0,0.0,0.0,2.3649381122521977,3819.000658440275,1385860007.1252558,-0.25650692164827893,5.223356464170633,100.0,IMRPhenomXP,20.0,30.64811995743428,18.384543398070285,12.263576559363994,-0.022680521116579255,-0.18641598764651945,(1.842411702312139+0.5201224420695714j),1.2703343703364598,(2.1486939405959866-0.30765547456537573j),1.4281361712973477,0.240028226982089,1.1453282831136888,0,0,0.3009166464119636,0,0,0.3783343307595313,0.0,0.0,0.331894654210278,0.0,0.0,0.0,1.0,1.0,0.6249894974616347,2350.1694408281883,11.313638289224903,7.546865120371974,8.011441590162502,18.860503409596877
14.282380045325642,0.7831048330154262,0.2821960536616938,0.27512609376157826,1.243400690462433,2.518519839745069,0.00012345425663794739,0.0,0.0,0.0,0.0,0.0,0.0,5.732849963245644,4452.823390692948,1385860007.1312668,-0.2541318249398903,5.262158612501117,100.0,IMRPhenomXP,20.0,33.10708129268576,18.56709750300999,14.539983789675775,0.10450715307017422,-0.113937606295897,(0.4008547214201525+1.051163041684882j),1.4121455492726935,(0.6741096233416555-1.0181031941735128j),1.5372990061172929,0.24630098575239617,1.243400690462433,0,0,0.2821960536616938,0,0,0.27512609376157826,0.0,0.0,0.2790910652928143,0.0,0.0,0.0,1.0,1.0,0.7090267847219877,2605.473151867716,10.864134880150726,8.5077565311775,8.357025280706177,19.371891411328225
13.012083935585009,0.7082559010618632,0.592325838794506,0.3081052125887405,1.147058476095827,2.223666841201636,-1.9187995211758535e-05,0.0,0.0,0.0,0.0,0.0,0.0,0.5874227785696329,3195.2910889090986,1385860007.2421865,-0.25399729618283784,5.224138693055762,100.0,IMRPhenomXP,20.0,30.429600496440504,17.813256478449897,12.616344017990604,-0.03922761684907172,-0.22907983555291778,(2.938640790216178+0.07434666247814228j),1.7061038926907077,(1.0006248155809399-1.828680231802608j),1.8680330948344437,0.2427081401953975,1.147058476095827,0,0,0.592325838794506,0,0,0.3081052125887405,0.0,0.0,0.47448580347626035,0.0,0.0,0.0,1.0,1.0,0.5392385903484705,2075.890721655506,11.57277149244103,8.196483701161865,8.453584790022179,19.769255193602895
12.962316081905529,0.7161259237823892,0.6189548626399827,0.7725867649952424,1.6421131138917706,2.3627205316616484,-3.141640804226798e-05,0.0,0.0,0.0,0.0,0.0,0.0,3.622845253641352,4620.149758755294,1385860007.291158,-0.2536275524646523,5.3141930898275085,100.0,IMRPhenomXP,20.0,30.279447904259925,17.644071151563974,12.635376752695954,-0.050167137373716475,-0.06015023283138188,(0.9814054479069773-1.387250295525351j),0.9909014094955599,(1.9167945800595256-1.1948330425276377j),0.9337203103737253,0.24315941611495123,1.6421131138917706,0,0,0.6189548626399827,0,0,0.7725867649952424,0.0,0.0,0.6830642537236622,0.0,0.0,0.0,1.0,1.0,0.7307659988389718,2669.424852101443,10.194371257235193,7.300453533968189,7.48935216580455,17.49482479120338
15.17633660324832,0.5385964179050097,0.11208118131403176,0.6413468545281864,1.9437881987045098,0.17469052472715585,0.0001942071445077639,0.0,0.0,0.0,0.0,0.0,0.0,1.5530357212821686,4740.424774869501,1385860007.215736,-0.25325130596959644,5.245501403883947,100.0,IMRPhenomXP,20.0,36.894237098261755,23.979151822345877,12.915085275915875,0.04365374630735763,-0.06220768225859841,(0.7832540069904709+1.487688123270162j),1.0402441632136952,(2.7222034082852864-0.9211078718629183j),1.3290936760420384,0.22751709122386043,1.9437881987045098,0,0,0.11208118131403176,0,0,0.6413468545281864,0.0,0.0,0.29735432532756884,0.0,0.0,0.0,1.0,1.0,0.7462874847382787,2714.5729506210573,13.731502992440964,7.395738324180625,8.6906289691029,21.127241316621593
14.38417984305979,0.8977364834094174,0.5556679710012683,0.6049657182629296,1.3848526923491842,2.392963771721531,0.00020827477044932488,0.0,0.0,0.0,0.0,0.0,0.0,5.3141015155336895,4885.8546505812365,1385860007.181095,-0.2515694146140941,5.299350225245519,100.0,IMRPhenomXP,20.0,33.10387760253712,17.443874790805342,15.660002811731774,0.038077438924574825,-0.11788524094345343,(1.0288644172558283+0.6499793942382501j),1.1234480942799394,(-0.072688246310636+0.8078658157095034j),1.1274065700264064,0.24927404510011622,1.3848526923491842,0,0,0.5556679710012683,0,0,0.6049657182629296,0.0,0.0,0.5789885883017168,0.0,0.0,0.0,1.0,1.0,0.7649429724708353,2768.27903483957,9.88353451805004,8.872809521889833,8.14994029122801,18.756344039939872
12.9855911448406,0.6480830658738814,0.39868347662248493,0.417276909273159,1.348589132560222,1.5710388175606231,0.00024263120258158924,0.0,0.0,0.0,0.0,0.0,0.0,2.6428560438416415,4737.55207971863,1385860007.2206914,-0.2487786888560919,5.291844390006088,100.0,IMRPhenomXP,20.0,30.680203579950216,18.615690079724416,12.0645135002258,-0.00791295887670107,-0.21824555660314404,(1.3439732672697529-0.36416316520754616j),0.9370018550305881,(-1.4905561379097725+0.8270300423040403j),1.257189732924163,0.23860112094939373,1.348589132560222,0,0,0.39868347662248493,0,0,0.417276909273159,0.0,0.0,0.4059950551993687,0.0,0.0,0.0,1.0,1.0,0.7459177624550929,2713.502445325084,10.662409467412264,6.910127017243239,7.437687744570733,17.5725364846555
13.235134208689194,0.9139994576448675,0.26168271146705735,0.6103245503176541,1.2114527162010291,0.70673369318641,0.00019899239170434322,0.0,0.0,0.0,0.0,0.0,0.0,0.47233896353545657,3166.7137805139237,1385860007.1318002,-0.2471492176619492,5.250735071750761,100.0,IMRPhenomXP,20.0,30.443246149249656,15.905566758472009,14.53767939077765,-0.02640147502134016,-0.17852746540443531,(2.3839418764533207+1.5002700175161017j),1.64920924391558,(1.5791779884053352+0.007752062105611223j),1.7489432019203774,0.24949527040777703,1.2114527162010291,0,0,0.26168271146705735,0,0,0.6103245503176541,0.0,0.0,0.4281709778816449,0.0,0.0,0.0,1.0,1.0,0.5352255209995791,2062.7026567214243,10.360410598252665,9.469409667781074,8.620970683233466,19.82982026603374
12.165382093951928,0.7344012028632535,0.4323090306067888,0.29316585915061166,1.2283532238315324,2.3661210661993324,3.489230191902474e-05,0.0,0.0,0.0,0.0,0.0,0.0,4.765331656618674,4697.336997075325,1385860007.1391053,-0.2468267169470182,5.256921521133881,100.0,IMRPhenomXP,20.0,28.34948706477997,16.345403253860145,12.004083810919829,-0.0353148209223666,-0.13567148506501114,(1.743145865587271+0.17079247712504853j),1.087879830840189,(1.4133302045624554-2.028676192940028j),1.1513668156694081,0.24413736192469818,1.2283532238315324,0,0,0.4323090306067888,0,0,0.29316585915061166,0.0,0.0,0.3733913405596832,0.0,0.0,0.0,1.0,1.0,0.740736840432578,2698.4762236083807,9.389933546645837,6.895978491462719,6.988639414863418,16.285912038108552
15.96962706062643,0.9681365404454152,0.5493971275911086,0.0893181414693392,1.4389008241286287,3.119741057762831,-6.336743306155384e-05,0.0,0.0,0.0,0.0,0.0,0.0,2.479957008992712,4978.583813606363,1385860007.2211967,-0.24675332414802797,5.3080147414465575,100.0,IMRPhenomXP,20.0,36.694339634715156,18.644204241241688,18.050135393473465,0.06316002417910127,-0.05719488461157596,(1.778831455121063+1.4662529598299212j),1.0016551109229135,(2.378469174839455+0.2365963421948729j),1.368588063742553,0.24993447373495745,1.4389008241286287,0,0,0.5493971275911086,0,0,0.0893181414693392,0.0,0.0,0.32308189549102284,0.0,0.0,0.0,1.0,1.0,0.7767761078817693,2802.0321724910823,10.493277210637906,10.158925096641699,8.987979402573712,20.65220230727961
13.836807945207129,0.9657795232182684,0.5223164604764037,0.7058164133550385,1.815867321637071,2.3824652690291837,3.96589931442342e-06,0.0,0.0,0.0,0.0,0.0,0.0,6.203120723191923,4707.869687432193,1385860007.255867,-0.24675186674001104,5.286402892138219,100.0,IMRPhenomXP,20.0,31.79441842272785,16.173949340298215,15.620469082429636,-0.015486820772424803,-0.1875071187973174,(1.3247769368880027+0.8435897442475702j),1.1774117380183757,(0.1931553422950028-1.1165950647754488j),1.207835627525063,0.2499242395567082,1.815867321637071,0,0,0.5223164604764037,0,0,0.7058164133550385,0.0,0.0,0.6124692446053007,0.0,0.0,0.0,1.0,1.0,0.7420946914953275,2702.4189542799377,9.284196444233064,8.96648681537615,7.942626777267946,18.250683259609215
14.170399655541374,0.67014521204774,0.28805354238057784,0.7685027376000435,1.6380416138503042,0.8754076960857675,-0.0002060585252064113,0.0,0.0,0.0,0.0,0.0,0.0,0.8375473531666159,3109.839198325441,1385860007.1324098,-0.24612707551334578,5.314475620144617,100.0,IMRPhenomXP,20.0,33.34155317669049,19.963266029910603,13.378287146779886,0.05764572172389748,-0.13624288085992164,(0.6457431677825229+0.9171730960795443j),1.6983122100994212,(0.7926550785733267-0.25613975819146734j),1.69283188444572,0.2402483719537527,1.6380416138503042,0,0,0.28805354238057784,0,0,0.7685027376000435,0.0,0.0,0.48083362251130574,0.0,0.0,0.0,1.0,1.0,0.5272148108605587,2036.2814631083554,13.071681788275518,8.759924963824478,9.278589727372147,21.831606752099997
13.3377203319222,0.7466860021417084,0.47570586170663404,0.6899838929058967,1.8444959680340156,2.3399742340395604,-1.391153803466475e-05,0.0,0.0,0.0,0.0,0.0,0.0,4.369290715125481,3331.910437602238,1385860007.298749,-0.24532960204502707,5.2788053397887955,100.0,IMRPhenomXP,20.0,31.035347229050238,17.768131874301435,13.2672153547488,-0.03487055369628167,-0.1764881080420999,(2.3986740071584958-1.323600340176104j),1.5543890951337287,(2.1401553570339016+0.381046629259691j),1.592580616134115,0.24474190162485526,1.8444959680340156,0,0,0.47570586170663404,0,0,0.6899838929058967,0.0,0.0,0.5673069887934663,0.0,0.0,0.0,1.0,1.0,0.5583158660023626,2138.1483207500555,11.402137565269772,8.513816514481078,8.559060857243418,19.915954079750854
16.263504193968664,0.5405089569073313,0.7434817852367311,0.6803686133136084,1.7810211467108201,2.250976670370052,-0.0001811854302248006,0.0,0.0,0.0,0.0,0.0,0.0,1.1589214850414762,4231.006322009342,1385860007.2770245,-0.24518586685847765,5.294476346117432,100.0,IMRPhenomXP,20.0,39.512040857247754,25.64869271293993,13.86334814430783,0.09755231043619972,-0.1555711847206216,(3.6247768685938406+0.3895462646543456j),1.208560767441023,(0.45262005773062836-0.4018914154473025j),1.1581465429707571,0.2277584190883799,1.7810211467108201,0,0,0.7434817852367311,0,0,0.6803686133136084,0.0,0.0,0.7213376525653026,0.0,0.0,0.0,1.0,1.0,0.6799330423399008,2518.5565389479807,15.267687500934594,8.252321845517256,9.681043103548927,23.520009346451847
14.408421929607876,0.7004204582485465,0.5425988849693607,0.6440808297855666,1.3671645899726916,2.3614293973501996,-1.2641449390843795e-05,0.0,0.0,0.0,0.0,0.0,0.0,5.468237333475013,4080.5422861529037,1385860007.1243722,-0.2446905750913122,5.295860458821428,100.0,IMRPhenomXP,20.0,33.73406751576946,19.838662462645242,13.895405053124218,0.03467849545031276,-0.11713701573274005,(1.1430463171726715+1.7600062866204529j),1.3028615851673053,(1.3460790740957902+0.7218500210840013j),1.2970294355817014,0.2422401795939474,1.3671645899726916,0,0,0.5425988849693607,0,0,0.6440808297855666,0.0,0.0,0.584400328810688,0.0,0.0,0.0,1.0,1.0,0.6600094253988803,2458.144040281399,11.950933626704108,8.370678407314054,8.6797229637089,20.321612034018163
16.818266817171192,0.6196245781336545,0.48713571965205454,0.09852825105119747,2.1390349098558574,1.0934369214198483,0.00024053552828666116,0.0,0.0,0.0,0.0,0.0,0.0,3.4018709303911345,4253.826781432527,1385860007.2706366,-0.24431268739635925,5.145772238031993,100.0,IMRPhenomXP,20.0,39.97617952875247,24.682373970156902,15.293805558595565,-0.1852581673528335,1.0403437600534042,(1.5376084205502656+0.37116697958428985j),2.1072186963916035,(0.2576119270174412-0.5511731049415164j),2.4284172854696626,0.23621089160919181,2.1390349098558574,0,0,0.48713571965205454,0,0,0.09852825105119747,0.0,0.0,0.3384650079067041,0.0,0.0,0.0,1.0,1.0,0.6829412053209134,2527.614601352809,14.666212873105284,9.087545964316234,9.99337752501234,23.75375883742152
13.246434294187814,0.6099949585515212,0.26069278922801714,0.027384438052336257,2.045329628307908,2.8002954201169006,-9.444345801337315e-05,0.0,0.0,0.0,0.0,0.0,0.0,0.20006590580573394,4580.171781426549,1385860007.2007003,-0.2440346684367598,5.199649335838627,100.0,IMRPhenomXP,20.0,31.55677850274222,19.600544917937626,11.956233584804592,0.019808535982618114,-0.17959388535932685,(0.7206084301013906+0.666685687293767j),1.4434810019541668,(0.5303469862989638-0.17420516082396256j),1.6887670479395764,0.2353299559299146,2.045329628307908,0,0,0.26069278922801714,0,0,0.027384438052336257,0.0,0.0,0.17229691118553384,0.0,0.0,0.0,1.0,1.0,0.7255876816752291,2654.267789713608,11.358764973860437,6.928789369426468,7.676477083637939,18.287554343286907
12.51265619689586,0.7120620995351201,0.08891173413451661,0.6705259054913064,1.104539931684095,2.062113851865529,0.000175888259996985,0.0,0.0,0.0,0.0,0.0,0.0,4.104612095330565,2080.9240604394154,1385860007.1362896,-0.24093776485010787,5.203857864481739,100.0,IMRPhenomXP,20.0,29.24571244254221,17.082156336784372,12.163556105757836,0.005117016385534967,-0.20847212597577602,(1.4574915873285814+1.3138322869530439j),2.3949591869996945,(1.0442085820362557-0.8398815788179526j),2.7406216772384155,0.2429287099842943,1.104539931684095,0,0,0.08891173413451661,0,0,0.6705259054913064,0.0,0.0,0.33081032419626066,0.0,0.0,0.0,1.0,1.0,0.37585438005405036,1512.459522771536,12.415671734179675,8.840729282178824,9.094462595964771,21.2564010163585
12.397332522777086,0.8751723331343222,0.2145402640019258,0.3448628214408263,1.904239897334353,2.3755628602712955,-1.914950580914575e-05,0.0,0.0,0.0,0.0,0.0,0.0,1.591231465200725,4992.380709805352,1385860007.1899416,-0.24009665297830463,5.260084201694078,100.0,IMRPhenomXP,20.0,28.55758815929116,15.229313943405716,13.328274215885445,0.016857603763472895,-0.18124443424319825,(-0.5948887919138546+0.07742003358040078j),1.0202570015878465,(0.28791355537517616+1.4592525197949302j),1.075993618170878,0.2488921541329591,1.904239897334353,0,0,0.2145402640019258,0,0,0.3448628214408263,0.0,0.0,0.275363845194164,0.0,0.0,0.0,1.0,1.0,0.7785326893310484,2807.022162858334,8.562852982552629,7.493972023026774,6.970539589823361,16.0568250055794
15.653373058977117,0.6045097885235386,0.13184502251498859,0.5164792246932594,1.8766194349669727,1.5599646355879724,2.313048136787422e-05,0.0,0.0,0.0,0.0,0.0,0.0,4.052761942602568,4640.172455433293,1385860007.296704,-0.2391761522571758,5.269226737059297,100.0,IMRPhenomXP,20.0,37.34021190566136,23.272037461374186,14.068174444287179,0.10469942442982116,0.11350929138821497,(1.487892573646277-0.3814071145216817j),1.194788012803575,(1.7159222260275544+1.6643852774556478j),1.541151315141385,0.23481108523858282,1.8766194349669727,0,0,0.13184502251498859,0,0,0.5164792246932594,0.0,0.0,0.2767585293572657,0.0,0.0,0.0,1.0,1.0,0.7333558979575023,2676.987736755816,13.426000678104687,8.116148830637952,9.03067458761484,21.54214950874264
14.208309066296653,0.5630689761460859,0.04406081512000348,0.23300012078763396,1.1096854503244098,2.1768780801752032,0.00023246000736197673,0.0,0.0,0.0,0.0,0.0,0.0,6.097153693126916,3549.4920508406394,1385860007.2210867,-0.2388901883418173,5.2064308626231925,100.0,IMRPhenomXP,20.0,34.27513767021425,21.928103105675653,12.347034564538596,0.009517103577353137,-0.0930663257604496,(1.8078563373382703+1.282500110677297j),1.529703889088029,(1.1881162428212224+1.5970343580122486j),1.6871648196095121,0.23046517670872976,1.1096854503244098,0,0,0.04406081512000348,0,0,0.23300012078763396,0.0,0.0,0.112122981933864,0.0,0.0,0.0,1.0,1.0,0.5883469892411615,2234.708212593508,13.805612535678922,7.7735121155343,8.94534327986149,21.57912465121322
12.112511853806303,0.5162148113469816,0.5728727285398847,0.7164150955320064,1.062791025548175,1.3448348552034157,0.00012179972262898857,0.0,0.0,0.0,0.0,0.0,0.0,1.9807862573344177,4580.505838874814,1385860007.219012,-0.23769121858287345,5.181739006538036,100.0,IMRPhenomXP,20.0,29.6789696763038,19.574383164043535,10.104586512260266,-0.04471440371011859,-0.3672224981416652,(3.3120663909605095+1.2577304085393821j),1.46315794651816,(2.1908851402573624-0.6910211333208042j),1.7566877596184631,0.22454789681522622,1.062791025548175,0,0,0.5728727285398847,0,0,0.7164150955320064,0.0,0.0,0.6217435714722982,0.0,0.0,0.0,1.0,1.0,0.7256309909561056,2654.394754300963,11.343319207079217,5.85558938453099,7.019178443877638,17.19890859161021
15.78809889913958,0.7820745486053926,0.44245154065688236,0.25795866564339587,1.0848542046747631,0.5117186536052329,9.724194866937887e-05,0.0,0.0,0.0,0.0,0.0,0.0,4.6830224570663885,3959.126657507923,1385860007.2130837,-0.23663030887313896,5.193706250665399,100.0,IMRPhenomXP,20.0,36.600918811700474,20.53837693846391,16.062541873236565,0.06785601351264825,-0.1489588762441416,(0.29862742716468776+0.8886005046736075j),1.6203696497275721,(1.6655848479941415+0.8879491654710606j),1.8537001779589248,0.24626144149173435,1.0848542046747631,0,0,0.44245154065688236,0,0,0.25795866564339587,0.0,0.0,0.36148568989603785,0.0,0.0,0.0,1.0,1.0,0.6438151880996296,2408.498655517772,12.494334574319009,9.771501072335289,9.604546188304644,22.2658356466543
12.562321488094637,0.7319150844183835,0.14742002380314875,0.6375740038659464,1.1903597994367119,2.3407339699132916,-0.00017549655403062365,0.0,0.0,0.0,0.0,0.0,0.0,3.0668917066226205,2231.287780462936,1385860007.135118,-0.23633592291621763,5.2425562250170925,100.0,IMRPhenomXP,20.0,29.283662877980884,16.90825557294283,12.375407305038056,0.004080186865289992,-0.19456008740626207,(1.9803592079533925+1.3058492923427054j),2.3731694308900373,(2.1120633867627183+0.5769812840730654j),2.5386852685995422,0.244009934445933,1.1903597994367119,0,0,0.14742002380314875,0,0,0.6375740038659464,0.0,0.0,0.3545612947137523,0.0,0.0,0.0,1.0,1.0,0.39884514604557497,1595.0927721319892,12.0872961676574,8.846874394940969,8.980494748548352,20.934170562598364
16.54296431395488,0.5792913768171577,0.4147471664136,0.4368789546264835,1.1488091599945238,0.12646566644308133,3.972033545544606e-05,0.0,0.0,0.0,0.0,0.0,0.0,5.240381382361406,4120.842279345123,1385860007.221528,-0.235181006488971,5.224926519120314,100.0,IMRPhenomXP,20.0,39.72188150482393,25.15171176637326,14.570169738450671,-0.0035609646335896805,0.02212981760675925,(1.829930539901895+2.0395878588486145j),1.5284928758162546,(1.381796417162721+1.355753961878938j),1.9286793555542308,0.232258991332719,1.1488091599945238,0,0,0.4147471664136,0,0,0.4368789546264835,0.0,0.0,0.42286520862763743,0.0,0.0,0.0,1.0,1.0,0.6653611984908783,2474.443545066637,15.102856839204199,8.748954732255026,9.933559355739662,23.851811571459226
12.726144662253589,0.78119000597099,0.7364765504517947,0.37104430684395057,1.7920998217919244,0.20113288934861792,-0.00023064603678963768,0.0,0.0,0.0,0.0,0.0,0.0,0.9577573873552565,2182.1294528512894,1385860007.2913513,-0.233018197179242,5.292048141004912,100.0,IMRPhenomXP,20.0,29.50496801562362,16.56475048519005,12.940217530433575,-0.010530970910849202,-0.0681915212497437,(1.4079915890056178-1.3243618678102835j),1.4556911648836892,(2.4292337322825537-0.146532161682948j),2.1036047309269925,0.2462272865718381,1.7920998217919244,0,0,0.7364765504517947,0,0,0.37104430684395057,0.0,0.0,0.5762061606511384,0.0,0.0,0.0,1.0,1.0,0.3913664542620735,1568.3355472475557,11.90538296682979,9.300366190944688,9.146508185007983,21.205749157774477
12.357523914443028,0.579090479459142,0.21825416369726458,0.2120957127296916,1.869888976958598,1.721733476324454,-0.00019966069812961368,0.0,0.0,0.0,0.0,0.0,0.0,1.468493420225917,4922.753448911725,1385860007.1591494,-0.23261572259901087,5.271326859826594,100.0,IMRPhenomXP,20.0,29.673721938522014,18.791654008759288,10.882067929762725,-0.008411015134108135,-0.1716153720717839,(-0.49592351452021927+0.34510807290282836j),0.7482128668224368,(0.06964274636793914-0.923741621680878j),0.9986861816498311,0.23223752512102538,1.869888976958598,0,0,0.21825416369726458,0,0,0.2120957127296916,0.0,0.0,0.2159957115249996,0.0,0.0,0.0,1.0,1.0,0.7696573013263448,2781.7552243160503,10.618809638835206,6.149251565038438,6.983003943860293,16.768061203873646
15.607071478149395,0.8149070051600885,0.5713162603169964,0.5036745546167641,1.1766275924201166,0.5033983930458802,-5.592668215029776e-05,0.0,0.0,0.0,0.0,0.0,0.0,4.226691034105814,3902.433231450715,1385860007.2772448,-0.23182206800068395,5.236954682781749,100.0,IMRPhenomXP,20.0,36.08127211433252,19.880507382332727,16.200764731999794,0.07445420641076206,-0.19619860091783847,(1.9237701565637504-2.5389271822441795j),1.415915934155276,(0.8744979445011549-1.243454941801627j),1.6043244010418847,0.24739977326258705,1.1766275924201166,0,0,0.5713162603169964,0,0,0.5036745546167641,0.0,0.0,0.5409446216273137,0.0,0.0,0.0,1.0,1.0,0.636216405804346,2385.0349068748424,12.150292169060418,9.901358203309101,9.53851301257252,22.05165037236952
12.014625201680415,0.9251918580457217,0.17548233791240114,0.0036361962033050867,1.9543769584662163,2.199566074074875,-6.201860609605057e-05,0.0,0.0,0.0,0.0,0.0,0.0,4.921019301841854,4464.466472545651,1385860007.1309276,-0.2289711613441061,5.24129310001114,100.0,IMRPhenomXP,20.0,27.627396825112243,14.35046419381653,13.276932631295715,0.006908101485499696,-0.1519746650995113,(1.9045050059102786-1.7997113697660674j),0.9783414965979881,(-0.4386898556039095-1.412202243079081j),1.049456830759993,0.24962252368019636,1.9543769584662163,0,0,0.17548233791240114,0,0,0.0036361962033050867,0.0,0.0,0.0928980227536929,0.0,0.0,0.0,1.0,1.0,0.7105451044329967,2609.9671143953988,8.389409993706861,7.761813819984997,7.023857582324885,16.151223813691857
14.008316241609132,0.7353129439316675,0.25307263538820285,0.19889918580630025,2.042263240038555,0.5918412616979586,0.0001087542299485961,0.0,0.0,0.0,0.0,0.0,0.0,4.863069584950289,4256.831204898057,1385860007.288831,-0.22816838472061995,5.201218548990819,100.0,IMRPhenomXP,20.0,32.640438036544545,18.80953988771137,13.830898148833173,0.13781090987859246,-0.0919656840715053,(2.8723601559930705-0.8224892126580583j),1.3361533073128105,(1.6082923597117236+0.6243281362702551j),1.4915310776649375,0.24418365976323061,2.042263240038555,0,0,0.25307263538820285,0,0,0.19889918580630025,0.0,0.0,0.23011744518213526,0.0,0.0,0.0,1.0,1.0,0.6833369875521245,2528.805134958301,11.17395983502022,8.216357301662926,8.321753959663033,19.390317136683148
14.259675139849374,0.5325769255801094,0.27661879198369344,0.4471761239611829,1.3730740810660698,2.9146217529309095,-8.79174033567154e-05,0.0,0.0,0.0,0.0,0.0,0.0,4.833285433859326,4235.2825405571075,1385860007.2667139,-0.22693055457857536,5.2970625412531644,100.0,IMRPhenomXP,20.0,34.73657242655166,22.665467453389468,12.071104973162194,0.09971760772440152,-0.11127228584094517,(0.4613740498220613-0.2539477743473978j),1.3723718238557978,(0.4624404642769864+0.09300811270239821j),1.6822380261793006,0.22674503239886967,1.3730740810660698,0,0,0.27661879198369344,0,0,0.4471761239611829,0.0,0.0,0.33588818197880554,0.0,0.0,0.0,1.0,1.0,0.6804969968329551,2520.255956177015,13.487359689487421,7.18305655762031,8.485391623265611,20.670416247107728
12.53969634757024,0.6324827182155237,0.523887766809687,0.39038679159292466,1.1403276286854467,0.38386071202148125,0.0001735600404532839,0.0,0.0,0.0,0.0,0.0,0.0,0.10937334289976995,4819.455436124462,1385860007.1918614,-0.22465012844334886,5.22107533809678,100.0,IMRPhenomXP,20.0,29.721870178753466,18.206545066059025,11.515325112694445,-0.030137405877838308,-0.14762896160076355,(0.6096123145793569-0.9269442849698829j),0.9738245997624877,(0.4536780774954995-2.0313889268098655j),1.1615365330112066,0.23732936573490704,1.1403276286854467,0,0,0.523887766809687,0,0,0.39038679159292466,0.0,0.0,0.47216467121586675,0.0,0.0,0.0,1.0,1.0,0.7564403552558528,2743.8765186418746,10.365592552903374,6.5560581537749165,7.139266818851722,16.92165070667829
14.704264424018248,0.6110130660597084,0.266895442572649,0.39752071332986916,1.5719856380706088,1.5696194697987957,5.866742926904602e-05,0.0,0.0,0.0,0.0,0.0,0.0,3.625982175424674,3767.669204704591,1385860007.2095761,-0.2240082214782313,5.316737583273495,100.0,IMRPhenomXP,20.0,35.02126916712611,21.738662401281932,13.282606765844177,0.03773197321658217,-0.07194834928549865,(-0.9408445034523223-0.9355549090751157j),1.1040144204541562,(0.16321495094322747+0.7564564439798516j),1.5550603331679844,0.2354248876743211,1.5719856380706088,0,0,0.266895442572649,0,0,0.39752071332986916,0.0,0.0,0.3164380247352263,0.0,0.0,0.0,1.0,1.0,0.6180554844879214,2328.5166945270703,13.435053747963245,8.20899338322,9.087614463772125,21.644047131183243
16.039561474525506,0.6901457629216377,0.13034853000759644,0.7361283737240257,1.3749025374820778,2.400851396852397,-0.00023765201593226997,0.0,0.0,0.0,0.0,0.0,0.0,3.954056113641337,4072.6179589448307,1385860007.1337306,-0.22304918549921693,5.297427115505758,100.0,IMRPhenomXP,20.0,37.61291460589679,22.254243054680654,15.358671551216135,0.06548043800139647,-0.037093819060468824,(2.197056175197283-1.143597353913436j),1.4099853030251117,(-0.5904832651234495-1.4375538077141814j),1.414383443472859,0.24159753784307114,1.3749025374820778,0,0,0.13034853000759644,0,0,0.7361283737240257,0.0,0.0,0.3777096757596207,0.0,0.0,0.0,1.0,1.0,0.6589557321787461,2454.928640087683,13.414609337075936,9.258035795231995,9.668468641692064,22.67264513230793
14.632448668936792,0.6113245070212057,0.424692212333081,0.16554231913387119,1.8510952970028594,0.7521556844068508,0.00023418769670491898,0.0,0.0,0.0,0.0,0.0,0.0,2.582827853472036,3134.891877994748,1385860007.190536,-0.22255508515075118,5.27692908841077,100.0,IMRPhenomXP,20.0,34.84765354985591,21.626713550256518,13.220939999599395,0.062139929056224785,-0.06608963104842047,(0.8151810123555505+0.3621401343754028j),1.6613057143939252,(0.1926965445417224-0.7847915179997131j),1.690819195805736,0.23545384202021216,1.8510952970028594,0,0,0.424692212333081,0,0,0.16554231913387119,0.0,0.0,0.3263726745774748,0.0,0.0,0.0,1.0,1.0,0.5307474042865282,2047.9485327110222,14.128205273904479,8.636918124164053,9.559022362515053,22.765123398068532
13.922416423137589,0.8208044068216909,0.011491745527288445,0.6844972524477146,2.0562283471460607,2.378016822606742,-0.00023463826385924073,0.0,0.0,0.0,0.0,0.0,0.0,0.3047585562011745,4432.983863029029,1385860007.13762,-0.22069204667725772,5.193975513430367,100.0,IMRPhenomXP,20.0,32.1726449926067,17.669467885771283,14.503177106835414,0.09314966767560495,-0.19459263432689955,(-1.0555870007318484+0.2269723309388934j),1.4827403180718728,(2.233813859469953-0.17915311699760753j),1.6422465328029678,0.24757859147331984,2.0562283471460607,0,0,0.011491745527288445,0,0,0.6844972524477146,0.0,0.0,0.31487737213602734,0.0,0.0,0.0,1.0,1.0,0.706437617839429,2597.800119399484,10.35459351168261,8.499095985236375,8.158760846332706,18.853689496918985
12.402924734076175,0.602932239102037,0.5022666636218189,0.7160593808186223,1.1623939717058736,2.2211556068834066,4.8529458566608035e-05,0.0,0.0,0.0,0.0,0.0,0.0,2.775572985593314,4287.261763628446,1385860007.216586,-0.2196542466770568,5.230915103608706,100.0,IMRPhenomXP,20.0,29.59792060669904,18.46486076247353,11.133059844225512,-0.05270839496399149,-0.09197272536668599,(0.8055289350148104+0.9055056885317432j),1.2045000510492039,(1.5116720156024344-0.2951529482387188j),1.3120680807010203,0.23465952049376584,1.1623939717058736,0,0,0.5022666636218189,0,0,0.7160593808186223,0.0,0.0,0.5826833640528917,0.0,0.0,0.0,1.0,1.0,0.6873422498194849,2540.837100084017,10.94316269532689,6.5979855867513235,7.3505684667132964,17.54114828207821
12.126849758596704,0.7486888189722429,0.2766625167577174,0.618283860044528,1.723047704539852,0.12621874118929574,3.663568145488805e-05,0.0,0.0,0.0,0.0,0.0,0.0,1.5218398838698313,4588.03982840847,1385860007.2990649,-0.2195415313028959,5.305102992840743,100.0,IMRPhenomXP,20.0,28.21124343455005,16.132797973244116,12.078445461305932,0.00029470979922185947,-0.06763391781975558,(2.029862554900127+0.6015631209903061j),0.6505954874001972,(1.2666420459343803+1.239820248251158j),0.9691787783707412,0.24483656678030874,1.723047704539852,0,0,0.2766625167577174,0,0,0.618283860044528,0.0,0.0,0.4229252921961948,0.0,0.0,0.0,1.0,1.0,0.7266075848198428,2657.2568323332066,9.343639003489864,6.995478050425811,7.023512386494028,16.339117053915675
13.985371890825888,0.6535761386690956,0.030584093672835433,0.033191730252733365,1.5658186817760744,3.1025022640949715,-0.0002164210051508511,0.0,0.0,0.0,0.0,0.0,0.0,2.952513890687287,4271.881279843048,1385860007.221221,-0.21948552361208895,5.3167259019781925,100.0,IMRPhenomXP,20.0,33.00694598900662,19.960947196282557,13.045998792724063,0.030010715632704965,-0.0781901910030336,(2.2369096512519664-0.48721438418042784j),0.9521279089192186,(1.8836945014084907+0.0036940845244321664j),1.2987900932423517,0.23902745902043684,1.5658186817760744,0,0,0.030584093672835433,0,0,0.033191730252733365,0.0,0.0,0.03161476229890408,0.0,0.0,0.0,1.0,1.0,0.6853186476126679,2534.7617742039943,11.844019660352162,7.740968635933819,8.298354682443476,19.584988296285978
12.523503008865505,0.5068796322019058,0.21503525754902209,0.5213786982825627,1.6654601738807222,2.4605442016376915,-0.00021741865116660776,0.0,0.0,0.0,0.0,0.0,0.0,4.05610817108826,4991.760097952176,1385860007.2163546,-0.21923173913856653,5.312250960505439,100.0,IMRPhenomXP,20.0,30.794786359689837,20.436128872942167,10.358657486747672,-0.034079378609846556,-0.1494988427835191,(0.21977486425125134-1.004184425667114j),0.9291423951756299,(0.2517863616754396-1.5607000366966348j),0.9321706865281725,0.2232275099968807,1.6654601738807222,0,0,0.21503525754902209,0,0,0.5213786982825627,0.0,0.0,0.3180821414859851,0.0,0.0,0.0,1.0,1.0,0.778453703604807,2806.7978985764776,11.490953535377106,5.824530301661136,7.041793094462453,17.31548383703824
14.811021769346972,0.837047770934978,0.5384168471617975,0.00528220571458169,1.5805373059441747,1.5924668140767049,-0.0002384556340507327,0.0,0.0,0.0,0.0,0.0,0.0,1.9214933777564343,4813.812008976349,1385860007.22233,-0.2186314511159626,5.316690846416615,100.0,IMRPhenomXP,20.0,34.18845015755128,18.610539528948035,15.577910628603247,0.039131912144696246,-0.08505482110444662,(2.1392187585951308-0.4742553761119876j),0.837923412761321,(1.62211899329793-1.5132800770768522j),1.2052928785107642,0.24803293042944777,1.5805373059441747,0,0,0.5384168471617975,0,0,0.00528220571458169,0.0,0.0,0.295494931742862,0.0,0.0,0.0,1.0,1.0,0.7557165480334049,2741.793392423015,10.599968172421613,8.872679730707222,8.435884360682788,19.472647903128834
14.022562188051271,0.9809154340178783,0.5015605008159724,0.6378577334565801,1.68457043743962,0.8407674491066327,-0.0002407043155296757,0.0,0.0,0.0,0.0,0.0,0.0,1.6117799130446722,3560.6560683689913,1385860007.2243557,-0.21632573878538564,5.310252004543363,100.0,IMRPhenomXP,20.0,32.21718247254676,16.263784874047275,15.953397598499487,-0.021332878945856004,-0.11770633984915468,(0.7884738193766329-0.030174661485629382j),1.480034388282947,(0.828803492810711+1.2745030354478128j),1.4629088053758104,0.24997679547340274,1.68457043743962,0,0,0.5015605008159724,0,0,0.6378577334565801,0.0,0.0,0.569052558687379,0.0,0.0,0.0,1.0,1.0,0.5898767332583996,2239.5799671862183,10.229588579936753,10.034361321712991,8.819905276123198,20.26394990164974
13.78286506008109,0.9502477376060396,0.15941759577134793,0.5391214841537242,1.4434406346599253,1.5423999148433567,5.597106934010309e-05,0.0,0.0,0.0,0.0,0.0,0.0,2.745744884172848,4984.985983346196,1385860007.259941,-0.21603819727966034,5.308606536449034,100.0,IMRPhenomXP,20.0,31.677079678809584,16.242592706552095,15.434486972257488,0.05439144693621989,-0.17401227684806297,(0.4865163779697025-1.0167004710477137j),0.8963503594041822,(0.6876665003752005+0.7120776522529331j),1.2219966186690412,0.2498373005399284,1.4434406346599253,0,0,0.15941759577134793,0,0,0.5391214841537242,0.0,0.0,0.3444262764318228,0.0,0.0,0.0,1.0,1.0,0.7775913433019719,2804.348701991838,9.137416632768138,8.68280948285172,7.753674719454176,17.820226115619857
15.00089736187691,0.6953721628969701,0.5958995179067885,0.26849112897111693,1.6560132108249221,0.017771723967336693,3.744310879163885e-05,0.0,0.0,0.0,0.0,0.0,0.0,4.65750969476052,3706.2528144938024,1385860007.2903337,-0.21035132856997762,5.313102928693119,100.0,IMRPhenomXP,20.0,35.14834790973777,20.731936431985513,14.41641147775226,0.07102973917540578,-0.19188001196991866,(1.9225463663868534-2.3521894020340874j),1.1769971951023561,(1.5265833216460205+1.2115725254850294j),1.6744278020937067,0.24192859598394978,1.6560132108249221,0,0,0.5958995179067885,0,0,0.26849112897111693,0.0,0.0,0.4616100182043883,0.0,0.0,0.0,1.0,1.0,0.6097318228336068,2302.403892727915,12.879124421787933,8.955784605397865,9.318879796679965,21.834909027185798
12.536398383353863,0.9269943605616078,0.7361349958721315,0.38537727183221177,1.2203141868831957,0.1889123053270811,-4.011387171294476e-05,0.0,0.0,0.0,0.0,0.0,0.0,4.340626294229083,4806.884861260472,1385860007.188392,-0.2102821207090475,5.254019210728252,100.0,IMRPhenomXP,20.0,28.825912359960824,14.95900193063343,13.866910429327394,-0.038458079048046656,-0.09940974150110238,(-0.09730823288570864-0.9363055203889351j),0.9089433839694021,(1.3700847412238177+0.5292347325285129j),1.1879901873910583,0.2496411673604867,1.2203141868831957,0,0,0.7361349958721315,0,0,0.38537727183221177,0.0,0.0,0.5674004947427832,0.0,0.0,0.0,1.0,1.0,0.7548278391581392,2739.23442993362,8.524484052982576,7.902148643812207,7.143947744394159,16.426632696794783
13.187882570522337,0.663928131395501,0.25489570001014455,0.759820325814565,1.1817777044611335,0.5900104985105565,-0.00016627533020881886,0.0,0.0,0.0,0.0,0.0,0.0,4.265772023541698,4595.849144772348,1385860007.132213,-0.20953386880699476,5.239081267881421,100.0,IMRPhenomXP,20.0,31.06446697745125,18.669356200738157,12.395110776713095,-0.022387166480309473,-0.16753272529833474,(2.6317269923804254+0.3765210075981281j),1.061192287395992,(1.5584247077036624-0.9361724893125569j),1.1575316686185984,0.2398015257986879,1.1817777044611335,0,0,0.25489570001014455,0,0,0.759820325814565,0.0,0.0,0.45636693965121494,0.0,0.0,0.0,1.0,1.0,0.7276195148802589,2660.2206836399628,10.806405021439069,7.174676292987,7.633557306416736,17.981081314426067
12.172732661466686,0.8540302614869267,0.6974214980647102,0.5871999454235111,1.717442466061079,1.69939558375995,-5.84215375887023e-05,0.0,0.0,0.0,0.0,0.0,0.0,1.8204796714301492,3882.424806273916,1385860007.186395,-0.20863597153059588,5.305946983885607,100.0,IMRPhenomXP,20.0,28.0701226618143,15.140056365262424,12.930066296551878,0.0236605649543149,-0.11714985506820175,(-0.3675754386645968-0.2660148250284485j),0.7993039549864935,(-0.3335414465184327-0.36655617413156677j),1.2052854805969209,0.24845035566877932,1.717442466061079,0,0,0.6974214980647102,0,0,0.5871999454235111,0.0,0.0,0.6466496507119252,0.0,0.0,0.0,1.0,1.0,0.6335288587133029,2376.7102749897626,9.268312760135707,7.915419570081319,7.451801415406213,17.183732330217026
15.541291860486766,0.9710958922759159,0.2811304728112997,0.5086307382464662,1.5947388124094852,0.8374170870993396,0.00011613514918616967,0.0,0.0,0.0,0.0,0.0,0.0,0.02797025578588835,2571.7836329685224,1385860007.2166502,-0.20846089980757432,5.316451641807504,100.0,IMRPhenomXP,20.0,35.70912015528058,18.11637896218698,17.592741193093598,0.035006662552782064,-0.08142993805426402,(1.5593973857506438+1.7273379504851574j),2.083814470723745,(2.2168971807555553-2.128381086393768j),2.012269146355071,0.24994624193386736,1.5947388124094852,0,0,0.2811304728112997,0,0,0.5086307382464662,0.0,0.0,0.39321257603190013,0.0,0.0,0.0,1.0,1.0,0.4497168990925237,1773.990248343335,12.4964942972847,12.13529427994258,10.720225355871284,24.63178857722728
14.978163896059385,0.5062714836739977,0.1175691337562685,0.21612975245771857,2.057373474382833,2.127607441700431,-0.00012757197082613724,0.0,0.0,0.0,0.0,0.0,0.0,3.864046786616897,4977.441226858993,1385860007.2877507,-0.20834735320085196,5.193370580519168,100.0,IMRPhenomXP,20.0,36.839387760695004,24.457335984904134,12.382051775790869,0.17889758134360711,0.18625730975556598,(0.16577504061429044-0.5417523705758004j),1.157188633545204,(1.9804116212964777-0.7211411415186743j),1.2950656845374764,0.22313975786909154,2.057373474382833,0,0,0.1175691337562685,0,0,0.21612975245771857,0.0,0.0,0.15069625008466192,0.0,0.0,0.0,1.0,1.0,0.7766305858722347,2801.6185449766317,13.766134715561499,6.969401446903445,8.430657456404125,20.735536162464946
14.296405552038118,0.9288766020766647,0.7743922910649395,0.16675191632899003,1.5978706717547992,0.07932063137142902,0.00019515563488082323,0.0,0.0,0.0,0.0,0.0,0.0,2.5187627365844905,4797.074342105827,1385860007.2224112,-0.20728362370974263,5.316371735641513,100.0,IMRPhenomXP,20.0,32.87133780439129,17.041700733474286,15.829637070916998,0.04223429229283604,-0.13880480320059796,(0.48477902984128196-0.05346145414950798j),0.7311548707709801,(1.4507782853792999+1.1770914146484608j),1.1127749678804406,0.24966009612750156,1.5978706717547992,0,0,0.7743922910649395,0,0,0.16675191632899003,0.0,0.0,0.481774854593549,0.0,0.0,0.0,1.0,1.0,0.7535687556511589,2735.6066496780663,9.718296290667046,9.02709803644906,8.15274879069648,18.74539432711611
14.304948219548326,0.5560297884940664,0.3759279284844418,0.1784761098673947,1.8791710760611278,2.3695335722373176,-0.00019442687796934218,0.0,0.0,0.0,0.0,0.0,0.0,3.4365946624756125,4752.227860669258,1385860007.215643,-0.20544092815131032,5.2684175302558245,100.0,IMRPhenomXP,20.0,34.581907352535765,22.224450719548443,12.357456632987322,0.0859047386789249,-0.08056700611688683,(0.6738783209531163+0.3324184560553592j),1.1521905449006105,(3.374560544627392+0.6237752471645125j),1.1988144110682915,0.2296477767170058,1.8791710760611278,0,0,0.3759279284844418,0,0,0.1784761098673947,0.0,0.0,0.30537073622807764,0.0,0.0,0.0,1.0,1.0,0.7478060889167755,2718.96745302202,12.715627242906747,7.070267526442827,8.184516755181917,19.785894769349575
13.484270439303883,0.9938347296020988,0.38192134540247125,0.040191640564338285,2.0051506109936335,1.5107901839168567,6.081491801095227e-05,0.0,0.0,0.0,0.0,0.0,0.0,3.615510800365028,4809.9325573106835,1385860007.210988,-0.20505847804810085,5.219281970421352,100.0,IMRPhenomXP,20.0,30.97889626706216,15.537344097343759,15.4415521697184,0.053406416975744,-0.17450577547340496,(0.855255744883135-0.7200997694479322j),1.2420857506984273,(-0.7342865909201494-0.054931319630156406j),1.5377236058757442,0.24999760962546708,2.0051506109936335,0,0,0.38192134540247125,0,0,0.040191640564338285,0.0,0.0,0.21158483567952746,0.0,0.0,0.0,1.0,1.0,0.7552188763827853,2740.3605581690376,8.852083524399902,8.79750803588717,7.6823868639635,17.64959156028707
13.24781752832552,0.8369657520447884,0.24598984421112915,0.7814984584052812,1.5895172081589182,0.934397075728314,-0.0001741050858266471,0.0,0.0,0.0,0.0,0.0,0.0,1.0117757326180234,4102.288843063593,1385860007.1348326,-0.20498784125734204,5.316563044567988,100.0,IMRPhenomXP,20.0,30.580247539870133,16.64715169884372,13.933095841026413,-0.027044186676874915,-0.1731508536756765,(1.7812040958604942+0.36828745322020057j),1.3053664836709085,(1.9457043461182069-0.4692757388561867j),1.3468629115845405,0.2480307739207419,1.5895172081589182,0,0,0.24598984421112915,0,0,0.7814984584052812,0.0,0.0,0.4899804409364964,0.0,0.0,0.0,1.0,1.0,0.6628987626095005,2466.9504601211747,10.010923138050936,8.378799812901375,7.966701176406198,18.38972295095231
15.369159683641449,0.8417295182439934,0.6981780952222691,0.6636958678072,1.7438592517374392,0.13254594588843827,0.00012418037359722455,0.0,0.0,0.0,0.0,0.0,0.0,3.745349001219268,4059.218969604703,1385860007.2815905,-0.2049877456385798,5.301687545894458,100.0,IMRPhenomXP,20.0,35.46644075588354,19.2571386865207,16.20930206936284,0.09293056975591307,-0.18836931075281038,(1.558704147453875-0.31505146460370914j),0.9778925677334083,(1.888960570933467-2.142315908638481j),1.4503097422693665,0.2481537599843519,1.7438592517374392,0,0,0.6981780952222691,0,0,0.6636958678072,0.0,0.0,0.6824186102476569,0.0,0.0,0.0,1.0,1.0,0.6571730664980087,2449.4840568828267,11.620475299671329,9.781297075758573,9.274323843628506,21.4017723754299
15.155844714255771,0.5831784492288814,0.04694353233160902,0.2689613912253586,2.0791705548225026,1.0013097310893309,0.00023517092925278305,0.0,0.0,0.0,0.0,0.0,0.0,5.371647323339094,4912.913885576187,1385860007.293262,-0.20396692472073763,5.181533520039573,100.0,IMRPhenomXP,20.0,36.35256923319284,22.96176356550273,13.390805667690111,0.20507296987518941,0.43498774936579654,(0.5803686547276338-0.3835033383275236j),1.4802296629814962,(0.4485736651667394+1.1884811658660905j),1.665263412002705,0.2326707167734295,2.0791705548225026,0,0,0.04694353233160902,0,0,0.2689613912253586,0.0,0.0,0.12872586755341386,0.0,0.0,0.0,1.0,1.0,0.768400903385179,2778.167486677199,12.984478531733357,7.572268054181961,8.570366982534077,20.556746585915317
13.847250496047659,0.9389380208650286,0.27993326805918467,0.16652714587898254,2.0387706375245256,0.11984979140472711,-0.0002001847615135735,0.0,0.0,0.0,0.0,0.0,0.0,0.20301814657287104,4302.850946146481,1385860007.221747,-0.20319165041414067,5.202991446826886,100.0,IMRPhenomXP,20.0,31.8315733786494,16.417014384218536,15.414558994430859,0.12305004335772018,-0.12131758662140113,(0.8337448248151008+0.23058724070365136j),1.330813570048524,(2.6524608322606102-2.1805732183347644j),1.6548522079306838,0.24975205582604118,2.0387706375245256,0,0,0.27993326805918467,0,0,0.16652714587898254,0.0,0.0,0.22501592734586393,0.0,0.0,0.0,1.0,1.0,0.689391690276318,2546.9824006606245,9.717707550422105,9.124325094738476,8.196589681214068,18.842032645160582
14.24630856745315,0.5138714502105541,0.4899437639129561,0.43625903453789283,1.9279460852106602,0.4547748152479069,-0.00010855468910036425,0.0,0.0,0.0,0.0,0.0,0.0,3.7557745418190853,2701.4125068330695,1385860007.2227094,-0.20031844665907994,5.251556455748242,100.0,IMRPhenomXP,20.0,34.93787216217709,23.07849332736793,11.859378834809155,0.06836207730898058,-0.13105719734233068,(0.7229491395028078+0.049238538024955876j),1.6274068374149695,(3.1931013774873063+0.3593348907392758j),1.8684371125661157,0.22422110687465377,1.9279460852106602,0,0,0.4899437639129561,0,0,0.43625903453789283,0.0,0.0,0.47172091564252466,0.0,0.0,0.0,1.0,1.0,0.4686896501026703,1839.3351564153202,15.713662396786553,8.074802483955757,9.70001291045882,23.78846488074231
13.874580441840273,0.7013306982132954,0.7218466175073045,0.30472149898976836,1.449710482634729,0.8651478425994759,0.00019205502838497992,0.0,0.0,0.0,0.0,0.0,0.0,2.4025428584216093,3816.795309379211,1385860007.2580712,-0.20006783321828703,5.309389415336062,100.0,IMRPhenomXP,20.0,32.47974686280626,19.090789872254618,13.38895699055164,0.00043874843141655795,-0.14114807637715332,(2.089050422633201+1.5206964485975842j),1.4070345081491402,(-0.4113332274392505+1.6262840375433079j),1.413819702490116,0.2422955133784489,1.449710482634729,0,0,0.7218466175073045,0,0,0.30472149898976836,0.0,0.0,0.5498973010578747,0.0,0.0,0.0,1.0,1.0,0.6246920173812633,2349.2423734777462,11.750405411005733,8.240920031189935,8.539821882182826,19.99132544219567
14.35082198208457,0.5670720608578124,0.4003327214880189,0.28970045152129764,1.6212467520271625,1.074680317287689,-0.00022310201827032035,0.0,0.0,0.0,0.0,0.0,0.0,6.124550928262074,4088.0799317760393,1385860007.2168639,-0.19871704237015342,5.315465127578377,100.0,IMRPhenomXP,20.0,34.578057177371555,22.065390635861117,12.51266654151044,0.13253480458733646,-0.15898974946824085,(0.8657887179788568+1.2311126257611482j),1.4702715965288915,(3.356656260138561-0.7597090449321778j),1.622376148770202,0.23091934401974082,1.6212467520271625,0,0,0.4003327214880189,0,0,0.28970045152129764,0.0,0.0,0.3602985259366895,0.0,0.0,0.0,1.0,1.0,0.6610112888185834,2461.199372343085,13.284311060616224,7.533161650219873,8.63981002338147,20.817472710836096
15.553638193410833,0.8467180075604541,0.3831591389143924,0.21933391499187033,1.8947037662004949,0.3685427789014097,-0.00017255519506800907,0.0,0.0,0.0,0.0,0.0,0.0,4.1202837666281065,4308.267340554896,1385860007.2140255,-0.19741176270657368,5.2633364852348805,100.0,IMRPhenomXP,20.0,35.88140294349215,19.429822418254368,16.451580525237784,0.04756963566446881,-0.07863611695717099,(0.0877430512145342+1.1091947918954825j),0.9657933684108976,(2.317119537349722-2.022047431433277j),1.1823002236193505,0.24827765116963357,1.8947037662004949,0,0,0.3831591389143924,0,0,0.21933391499187033,0.0,0.0,0.3080454688142853,0.0,0.0,0.0,1.0,1.0,0.6901033907299078,2549.1146661983194,11.496233026231122,9.734067522421107,9.202773202350453,21.230300548652227
16.59674529694837,0.6044224874181132,0.6362696399022556,0.11914648001512074,1.7369953980824233,1.669392226955923,0.00011528729583000692,0.0,0.0,0.0,0.0,0.0,0.0,5.062383431842843,4928.613449515147,1385860007.2219148,-0.1971717990256252,5.3028631707108564,100.0,IMRPhenomXP,20.0,39.59141732819474,24.676428832599125,14.914988495595612,0.02462517599049807,-0.07600392162806102,(2.5446427368633984-0.3970790384777698j),0.8643823601827524,(1.493128425139955-1.2178055791656541j),1.2531559764723863,0.2348027251332916,1.7369953980824233,0,0,0.6362696399022556,0,0,0.11914648001512074,0.0,0.0,0.4414575694833977,0.0,0.0,0.0,1.0,1.0,0.7704053027067282,2783.8899050869936,13.938293561859508,8.424618065022997,9.37454563176806,22.362911626882504
13.22487730502595,0.8585063141964971,0.34204378477905895,0.03397252260919999,1.9962843294929318,2.003663466930339,9.989121955190829e-05,0.0,0.0,0.0,0.0,0.0,0.0,1.2432782121372956,4488.669754610219,1385860007.2512927,-0.19693711900568056,5.2233474195582446,100.0,IMRPhenomXP,20.0,30.488945531137666,16.40508041228754,14.083865118850127,0.040074250924508004,-0.1390987499917835,(1.1898851250649534-0.28695983205427866j),1.0375999754875838,(0.9870338558992897-0.5735170352361977j),1.2083318287619367,0.2485509410741969,1.9962843294929318,0,0,0.34204378477905895,0,0,0.03397252260919999,0.0,0.0,0.1997353504331398,0.0,0.0,0.0,1.0,1.0,0.7136986109368162,2619.287739077594,9.572908741123086,8.21840259948101,7.717154708899714,17.791311340604096
12.748145195980204,0.6311628891758141,0.4543390744461732,0.3182970457690938,1.620215802418934,0.9072512461826222,-8.18771212690516e-05,0.0,0.0,0.0,0.0,0.0,0.0,4.673532904717703,3452.0378875007596,1385860007.1455073,-0.19657575554708373,5.3155166508320475,100.0,IMRPhenomXP,20.0,30.2244861830526,18.52941014267697,11.69507604037563,-0.024406392706066038,-0.14874643898631912,(-1.2141714618205393-1.1605491829164267j),1.433279410851531,(0.8124578912743012+0.18117126554770355j),1.4531518399589765,0.23721753632600942,1.620215802418934,0,0,0.4543390744461732,0,0,0.3182970457690938,0.0,0.0,0.40169891175061945,0.0,0.0,0.0,1.0,1.0,0.5749478751491369,2191.842627140911,11.765094219973697,7.425690859304271,8.09432832484887,19.19078507927797
12.567393935017208,0.6693898686254189,0.2849783883401144,0.7226027876115457,1.8548502188430294,0.5594095134263039,0.00010648251753075309,0.0,0.0,0.0,0.0,0.0,0.0,4.424850463367487,4127.425759590655,1385860007.282853,-0.19617539077648716,5.275840489373161,100.0,IMRPhenomXP,20.0,29.57379620694379,17.71533226764755,11.85846393929624,0.0004735895590506356,-0.08384194475373863,(0.9035430318198064+1.7251307346944544j),0.8871367553488638,(1.6338547646364991+1.159844543011827j),0.9218846427276577,0.24019479274140473,1.8548502188430294,0,0,0.2849783883401144,0,0,0.7226027876115457,0.0,0.0,0.46045647446075805,0.0,0.0,0.0,1.0,1.0,0.6662343881527328,2477.097934366309,10.631956940516403,7.116924259643387,7.542392609571587,17.74888120015979
12.476246857541668,0.77546340351089,0.3366046468856765,0.39385349758432053,1.9276627758081433,1.9488954418363493,0.00011222265636034984,0.0,0.0,0.0,0.0,0.0,0.0,0.16936467303177039,3828.063802243206,1385860007.2973258,-0.19510735190376982,5.251662127577612,100.0,IMRPhenomXP,20.0,28.941513903473254,16.300822560601844,12.640691342871408,0.012705336140579115,-0.12430076827047354,(1.4850041756756815-1.1633884725988783j),1.0043645038241171,(0.6815873216120218+0.7369401823526162j),1.2118554734233735,0.24600155773383456,1.9276627758081433,0,0,0.3366046468856765,0,0,0.39385349758432053,0.0,0.0,0.3616090420886807,0.0,0.0,0.0,1.0,1.0,0.6262116486125112,2353.976398481964,10.023801375737134,7.77309113094626,7.671969923586785,17.796892506683395
12.51396165585303,0.6800198419879593,0.014563642351102324,0.12066727540770535,1.827136451248717,1.0634558304914619,0.00022762399634193283,0.0,0.0,0.0,0.0,0.0,0.0,5.839088051349513,4894.086470239049,1385860007.150996,-0.19482231534978567,5.283516907413176,100.0,IMRPhenomXP,20.0,29.394031967645788,17.49624095681154,11.897791010834245,-0.010959943755862955,-0.175019598242808,(-0.6307867069581522-1.8573818997479465j),1.1020081867926708,(1.4685271706137921+1.034665183510519j),1.2214436152781658,0.2409310442326216,1.827136451248717,0,0,0.014563642351102324,0,0,0.12066727540770535,0.0,0.0,0.05751109688837839,0.0,0.0,0.0,1.0,1.0,0.7659953570942651,2771.2906676472417,9.907297256771683,6.737158715077622,7.086067132386613,16.644455971849307
14.367744929665356,0.6987788761415283,0.37978102876274394,0.22967305052762452,1.5998697811600855,0.9901516798525811,8.533033143089407e-05,0.0,0.0,0.0,0.0,0.0,0.0,5.88730903322548,2096.937511565816,1385860007.216354,-0.1938940544102139,5.316315598077016,100.0,IMRPhenomXP,20.0,33.647203208039265,19.806699789240877,13.840503418798386,0.10688587338061417,-0.12047035037738674,(0.9929862892252534+0.4740065540478724j),2.7525297283061363,(3.51806534803367-0.9667083020147236j),2.9179746735548413,0.24213973562093194,1.5998697811600855,0,0,0.37978102876274394,0,0,0.22967305052762452,0.0,0.0,0.31803533260171224,0.0,0.0,0.0,1.0,1.0,0.3783193718829932,1521.3727398364279,14.370181681609774,10.041579405424855,10.424104327893788,24.41176108703463
13.919478966931083,0.9842672097885703,0.21535958390139767,0.5891710538683643,1.2134690009793212,2.226651255164886,0.00016278544657695996,0.0,0.0,0.0,0.0,0.0,0.0,1.3714365932688433,4313.676994884954,1385860007.2895477,-0.19348876305204055,5.251490178109059,100.0,IMRPhenomXP,20.0,31.979771449935527,16.116665785825827,15.863105664109701,0.0612291869990953,-0.14369898791809277,(0.8920029331955691+0.0007393268363773057j),1.1924894117842069,(1.0214372181621496+0.25259587279993156j),1.2666305681701624,0.2499842836677819,1.2134690009793212,0,0,0.21535958390139767,0,0,0.5891710538683643,0.0,0.0,0.40078338706476,0.0,0.0,0.0,1.0,1.0,0.6908140058354063,2551.2427616793348,9.531897494463218,9.381934150865975,8.232412860841942,18.913831645329193
12.944614702539587,0.7530570916335758,0.03227019484347622,0.3195875190312665,1.681005794333186,3.034517409486463,-0.0001429917010011153,0.0,0.0,0.0,0.0,0.0,0.0,3.2661365125770123,2395.8577358961543,1385860007.2226396,-0.19343045345234744,5.310652893136519,100.0,IMRPhenomXP,20.0,30.098694469370123,17.169260837547984,12.929433631822137,0.006114393675169971,-0.15970024230305802,(0.9767638216918133+0.36951258137119625j),1.8866397440103704,(3.363226121343766+0.2754642158732901j),2.459260708715561,0.24503932235912643,1.681005794333186,0,0,0.03227019484347622,0,0,0.3195875190312665,0.0,0.0,0.15569250068930515,0.0,0.0,0.0,1.0,1.0,0.42362883391278716,1682.9230121176358,12.0602086924293,9.082025682414779,9.092689326165043,21.14223437484408
15.849472962049052,0.7134712003778179,0.003622075698292271,0.255585274687347,1.1806442588905453,2.8418711888783523,-1.3381844168534418e-05,0.0,0.0,0.0,0.0,0.0,0.0,0.009298363361924833,4900.412000835903,1385860007.2132998,-0.19288691160219917,5.238615908757682,100.0,IMRPhenomXP,20.0,37.037454257442924,21.615451867108256,15.422002390334672,0.08217870333093114,0.5730956053118845,(1.055018304085112+1.5125986122555088j),1.443886651457819,(3.267815752953861-0.13358371119765217j),1.7045662375617812,0.24300926320871083,1.1806442588905453,0,0,0.003622075698292271,0,0,0.255585274687347,0.0,0.0,0.1085368743795407,0.0,0.0,0.0,1.0,1.0,0.7668037772421382,2773.6028415998744,12.23421193996343,8.728757878482341,8.97070357569023,20.96296981844577
15.471465838763857,0.5869285118612497,0.559964679597223,0.05423803444791053,1.3648059185541837,0.8096522337552293,-0.00020081063646111574,0.0,0.0,0.0,0.0,0.0,0.0,2.8722609309546456,4819.717613473914,1385860007.259257,-0.19111161611252925,5.295370506559941,100.0,IMRPhenomXP,20.0,37.07226953921889,23.361020526210215,13.71124901300867,0.02970140854109049,-0.08000764729766496,(0.2635377088818247-1.6280212946326487j),1.1430893395816792,(-0.257253704442956-0.2987207296318983j),1.1427666796909146,0.23306146986602425,1.3648059185541837,0,0,0.559964679597223,0,0,0.05423803444791053,0.0,0.0,0.3729207232831904,0.0,0.0,0.0,1.0,1.0,0.756473971502435,2743.973244466729,13.299952578419308,7.806121374676835,8.808252265491888,21.106073953096146
13.597450940600172,0.7595584508831843,0.10019280645736127,0.13426285131099655,1.2651664974364922,3.1023361939540433,0.00018088557265738677,0.0,0.0,0.0,0.0,0.0,0.0,1.0016285798357913,4780.917524909442,1385860007.2547,-0.19053507418288573,5.269287740082246,100.0,IMRPhenomXP,20.0,31.594043985019372,17.955666075861934,13.638377909157436,0.09323288241156957,-0.0351007118820994,(-0.43692288241774574-0.3319829175322397j),1.0482026090979968,(0.3615842311143412-0.5190482185453118j),1.3428895689550968,0.24533177643167026,1.2651664974364922,0,0,0.10019280645736127,0,0,0.13426285131099655,0.0,0.0,0.11490001352829356,0.0,0.0,0.0,1.0,1.0,0.7514939774447037,2729.622589527308,10.25162878496327,7.7867112789361626,7.763344388107926,18.038340063899433
13.924365293195223,0.8460280100521822,0.10534293133897288,0.6629124463039022,1.334811059809346,2.4851540520490545,-0.00011124415251235841,0.0,0.0,0.0,0.0,0.0,0.0,1.4113116571727184,3350.1701003225717,1385860007.2563488,-0.1900789040851345,5.28863142422699,100.0,IMRPhenomXP,20.0,32.124065788298665,17.40172175794375,14.722344030354913,0.08288225386451487,-0.16076845411935503,(0.03360035560656992-0.883934151481987j),1.7179704891457106,(0.8737611298220928-0.30320915011646665j),1.8134031407171782,0.24826081059402597,1.334811059809346,0,0,0.10534293133897288,0,0,0.6629124463039022,0.0,0.0,0.36087503845917057,0.0,0.0,0.0,1.0,1.0,0.5608523915859784,2146.372148261834,11.148858054579973,9.432246194270538,8.921000709776731,20.58110424885051
12.822609286691108,0.5734303920472887,0.030440784188590888,0.40281228638296257,1.4815218972611155,2.702619274588151,8.592960312053268e-05,0.0,0.0,0.0,0.0,0.0,0.0,3.107243821513225,3550.0643155410876,1385860007.222014,-0.18900221734377176,5.31274802403573,100.0,IMRPhenomXP,20.0,30.8393365611672,19.600064112807818,11.239272448359381,-0.00910971228334656,-0.1643602982526815,(0.815683138546648-0.03888145276135651j),1.493827209027865,(3.39920445947208-1.0148244882466173j),1.6818743932300873,0.2316251095323404,1.4815218972611155,0,0,0.030440784188590888,0,0,0.40281228638296257,0.0,0.0,0.16615008379905558,0.0,0.0,0.0,1.0,1.0,0.5884254320724037,2234.958138306509,12.339303889913044,7.075731867183472,8.07252832130846,19.41503575709652
14.040183815302472,0.5102403963814939,5.714075349620984e-05,0.3041793389017522,1.8251106376748172,1.692498326976227,-0.00019918930026416228,0.0,0.0,0.0,0.0,0.0,0.0,2.9487391289700704,3823.168965240743,1385860007.2645495,-0.18844087855476133,5.284045694083238,100.0,IMRPhenomXP,20.0,34.47967704678297,22.830588513852227,11.649088532930742,0.025204259211092594,-0.06488774371590766,(2.5188588207991502-1.213750203411744j),0.9718080705768894,(1.2974270266901418+0.3299840863482065j),1.322069815383528,0.2237085968452981,1.8251106376748172,0,0,5.714075349620984e-05,0,0,0.3041793389017522,0.0,0.0,0.10280596888931791,0.0,0.0,0.0,1.0,1.0,0.6255516626592309,2351.920916287488,14.044824928236237,7.1662370384919445,8.637180926218127,21.21106196672818
14.289346831871146,0.5293216826731235,0.6094856794729555,0.5343414530555148,1.2148888990492555,0.4142071596753558,-8.450797632703077e-05,0.0,0.0,0.0,0.0,0.0,0.0,2.2803870611360284,4417.900688604787,1385860007.1253648,-0.18781003929023576,5.252019155382672,100.0,IMRPhenomXP,20.0,34.84810624150976,22.78664236329812,12.061463878211642,0.025750423780265486,-0.11359399316069307,(2.304883315604871+0.22783325946600866j),1.0090476344440793,(1.817600560539746-0.1641682662753042j),1.193793778299461,0.2263195091034348,1.2148888990492555,0,0,0.6094856794729555,0,0,0.5343414530555148,0.0,0.0,0.5834771105622436,0.0,0.0,0.0,1.0,1.0,0.7044675050102233,2591.953587179588,13.368774879144118,7.076382414306748,8.383466853940076,20.445157293450865
15.780448774709413,0.8849755176842214,0.4000560527870065,0.5643675488656146,1.7444192407343264,2.3003530827517142,0.00016005180112705773,0.0,0.0,0.0,0.0,0.0,0.0,2.5433110062240853,4599.163038131313,1385860007.2689354,-0.1877807962371718,5.301589491687946,100.0,IMRPhenomXP,20.0,36.33519143583435,19.276213985247825,17.05897745058652,0.052095545190628645,-0.07516866684506729,(1.2366091955049436-1.9360100635099657j),1.0835870926166005,(2.0257360055668365+0.511148128145626j),1.0245984111260795,0.24906908687061108,1.7444192407343264,0,0,0.4000560527870065,0,0,0.5643675488656146,0.0,0.0,0.4771985142881935,0.0,0.0,0.0,1.0,1.0,0.7280488071887258,2661.477493125806,11.154901357564842,9.871814603627369,9.131946221115026,21.026715961192217
13.948212934198237,0.6641164925632341,0.2301887231555534,0.6643196373022578,1.8247016651165273,0.10634979331588684,-5.934234275209845e-05,0.0,0.0,0.0,0.0,0.0,0.0,3.035721561894216,4006.4934526996703,1385860007.2205822,-0.18661877506455182,5.284151914207664,100.0,IMRPhenomXP,20.0,32.85431971818551,19.742800377863023,13.111519340322484,0.05286489476957956,-0.14855930032421005,(-0.059655123267380254-0.36805128209302734j),1.0340978742679678,(2.34112978233869-0.0007214376927838094j),1.417404975939118,0.23981526066338207,1.8247016651165273,0,0,0.2301887231555534,0,0,0.6643196373022578,0.0,0.0,0.4034419186528779,0.0,0.0,0.0,1.0,1.0,0.6501456379103209,2427.963534510869,11.96427753059695,7.945674029673159,8.452716301975444,19.90995156027011
16.359611737134873,0.8834249124018483,0.5395236089047315,0.22815494793125232,1.8460319646587384,1.8112752791221534,-0.0002355714010665591,0.0,0.0,0.0,0.0,0.0,0.0,0.6389344917572952,2664.1947649828708,1385860007.2563694,-0.18566833506852065,5.278372843043059,100.0,IMRPhenomXP,20.0,37.67117615677272,20.001421829305812,17.669754327466904,0.033909545724974066,-0.05509114878399002,(1.0792350456192419+1.1990436149800208j),1.5518442809313637,(1.1083769697558794+2.333718670031192j),2.1103573913707967,0.2490422439845193,1.8460319646587384,0,0,0.5395236089047315,0,0,0.22815494793125232,0.0,0.0,0.3934754016022216,0.0,0.0,0.0,1.0,1.0,0.46326323782619355,1820.7214382899374,13.669052370248627,12.075581392803171,11.180224661038103,25.744633763051798
13.445975427358416,0.658711369186137,0.5037889480411626,0.541485549210484,1.2926544948718284,0.17999097569433573,1.765763290213269e-05,0.0,0.0,0.0,0.0,0.0,0.0,5.090804639120172,4689.788474366154,1385860007.134994,-0.18477859546187547,5.277547562764584,100.0,IMRPhenomXP,20.0,31.702988514529956,19.11302297884733,12.589965535682625,0.001543558812908019,-0.16699966184412052,(1.5857152287869871+1.2141647280149799j),0.8314739179178086,(1.6635136769212724+0.9883611725118572j),1.1370842681914421,0.23941619065415287,1.2926544948718284,0,0,0.5037889480411626,0,0,0.541485549210484,0.0,0.0,0.5187591111636901,0.0,0.0,0.0,1.0,1.0,0.7397633086807949,2695.647428424046,10.985990383565511,7.236596767424174,7.7286234054183245,18.222587150989686
16.618837605011258,0.894242468964266,0.5751600708025038,0.6459134753966341,1.7685460884660629,0.6706624924133582,7.92524929914076e-05,0.0,0.0,0.0,0.0,0.0,0.0,2.4910386800795825,3659.6974023582193,1385860007.2169294,-0.183997434968866,5.297057028321693,100.0,IMRPhenomXP,20.0,38.25164815086635,20.19363876462003,18.058009386246326,0.05765581090028249,-0.09582160620650182,(0.3052971685290698+2.1032434982827053j),1.3568947174370203,(3.2590260843434753-0.4344538652762633j),1.2795135510480014,0.2492207236844571,1.7685460884660629,0,0,0.5751600708025038,0,0,0.6459134753966341,0.0,0.0,0.6085616549441992,0.0,0.0,0.0,1.0,1.0,0.6034020319267996,2282.4577548051957,12.59424546216487,11.262309156828318,10.364735277926828,23.856554618993187
12.992643905630068,0.7055274008528167,0.6173393902460081,0.3238490756705303,1.2795144534277585,1.7023378151205673,-0.00015507780756456827,0.0,0.0,0.0,0.0,0.0,0.0,6.1190840026804505,4350.846652533651,1385860007.2996514,-0.1836831966542447,5.273701902042013,100.0,IMRPhenomXP,20.0,30.39622467301428,17.8221848900318,12.57403978298248,-0.009107309767554694,-0.19074093058686126,(2.227998699514107-0.7798220726609161j),0.9593348027234223,(1.6904227585828118+2.396151301672521j),1.295816829910873,0.2425473215169799,1.2795144534277585,0,0,0.6173393902460081,0,0,0.3238490756705303,0.0,0.0,0.49593092813958095,0.0,0.0,0.0,1.0,1.0,0.6956914170872874,2565.8245270660695,10.510276050488722,7.415287744146917,7.662151128857933,17.92556379463564
12.742280076778792,0.749000138402715,0.14421953505232113,0.012534464292142467,1.8799720981579207,2.4854639279930364,0.00012140125153537173,0.0,0.0,0.0,0.0,0.0,0.0,2.3304155923385053,2861.0421096138507,1385860007.221688,-0.18361937202526057,5.268162022115473,100.0,IMRPhenomXP,20.0,29.64188517089758,16.947903273448688,12.693981897448893,0.0003389036627985398,-0.1493965704636353,(0.4033754619888753+0.6093318624683105j),1.8614999174016043,(2.9589739367473817+1.0848140571154816j),1.9911990712511844,0.24485118503140263,1.8799720981579207,0,0,0.14421953505232113,0,0,0.012534464292142467,0.0,0.0,0.08782609398889073,0.0,0.0,0.0,1.0,1.0,0.4917810505000746,1917.8699947271723,11.360851693194128,8.509279490575121,8.54165567561495,19.87013118376925
15.630031599202077,0.7007760375163617,0.6700683532726193,0.5750092107927752,1.329434125183393,0.2382181371537422,0.00013276041803342,0.0,0.0,0.0,0.0,0.0,0.0,4.255836393522086,4714.0192120824595,1385860007.217578,-0.18343322315829402,5.287323151035652,100.0,IMRPhenomXP,20.0,36.59222892443967,21.51501909556251,15.077209828877153,0.06546222476818864,-0.179728850339683,(1.4748560723602482+0.5161242068578192j),0.8037929590882418,(2.616769398841892-0.2290341543534312j),1.1365187630966902,0.24226182599115687,1.329434125183393,0,0,0.6700683532726193,0,0,0.5750092107927752,0.0,0.0,0.6309008393099894,0.0,0.0,0.0,1.0,1.0,0.7428871690792007,2704.7185386757096,12.344470415103974,8.65070906273452,8.967896417218855,20.995179477838494
14.327704277330875,0.9972657116314989,0.19121950534109378,0.6819940125384543,1.6967119327800668,0.07614899264948904,0.00016490678359397615,0.0,0.0,0.0,0.0,0.0,0.0,3.599422209762948,4545.010375352803,1385860007.2235038,-0.183332083439252,5.308789883863726,100.0,IMRPhenomXP,20.0,32.91645768382236,16.480760417668222,16.43569726615414,0.07084369926864675,-0.15760267871724087,(1.180611443424828+0.3039262356591145j),0.832674785949636,(2.7756501929846804-0.12478067330459759j),1.2191020674529256,0.24999953144891687,1.6967119327800668,0,0,0.19121950534109378,0,0,0.6819940125384543,0.0,0.0,0.43627081990603117,0.0,0.0,0.0,1.0,1.0,0.7210251916684702,2640.8738107738636,9.576129679828066,9.549945779829253,8.32509852074896,19.126075459657315
16.36023140996931,0.9976853798496828,0.3852580578318036,0.05731685225216019,1.2186569959499016,1.1987321746219974,-0.00017541424110480445,0.0,0.0,0.0,0.0,0.0,0.0,4.309434048608748,4208.179869082878,1385860007.2818544,-0.18300188894222247,5.253411825911663,100.0,IMRPhenomXP,20.0,37.58597209088516,18.814760557397353,18.771211533487808,-0.01913235870337493,0.8183784033649042,(-0.8725553830081072+0.806128554753195j),1.7755419422067467,(1.592460718884848+0.5513660790356524j),2.069690480109978,0.24999966438196872,1.2186569959499016,0,0,0.3852580578318036,0,0,0.05731685225216019,0.0,0.0,0.22147743974382997,0.0,0.0,0.0,1.0,1.0,0.6769205500849621,2509.468854563826,11.219828247941797,11.193858607396013,9.756116000331923,22.413686855337808
13.487640134761246,0.7911266252795872,0.7862521505576029,0.7189856133753361,1.8000567753663184,0.40366202471208495,0.0001125486235087137,0.0,0.0,0.0,0.0,0.0,0.0,1.4671255892902617,3944.719761891255,1385860007.2189698,-0.1820619327662052,5.290224618864111,100.0,IMRPhenomXP,20.0,31.24207834713449,17.442696628027477,13.799381719107013,0.005409897509006445,-0.05396889006356842,(3.2391158991729365+1.903241886519389j),0.7438355571017943,(0.9091955032637272-1.6035261609527351j),0.9116965169677138,0.2466001982247564,1.8000567753663184,0,0,0.7862521505576029,0,0,0.7189856133753361,0.0,0.0,0.7565410470520405,0.0,0.0,0.0,1.0,1.0,0.6418864604116834,2402.5533177104157,10.623570538278225,8.4045895083677,8.21472157787292,19.028160046645926
12.405246707024638,0.9161499757626601,0.5116915867453214,0.6458359541628409,1.2736835841271632,1.673465679639128,-8.273582962104977e-05,0.0,0.0,0.0,0.0,0.0,0.0,4.980854414973908,1816.3080172819054,1385860007.219143,-0.18192927621297317,5.271935203673154,100.0,IMRPhenomXP,20.0,28.53256784347674,14.890571304117412,13.64199653935933,-0.013306210369418592,-0.09863885183756649,(1.7563327235876296+1.7784224630825094j),2.367474785447756,(1.6520448323750843-0.20396926062481965j),3.1792093392283474,0.24952127357825693,1.2736835841271632,0,0,0.5116915867453214,0,0,0.6458359541628409,0.0,0.0,0.5758287161520856,0.0,0.0,0.0,1.0,1.0,0.33450961717362,1361.0302932871173,11.158084672071828,10.222479001876314,9.295734213813997,21.380563673948142
16.45486439048848,0.7045010809937894,0.781527420048629,0.059108379856821186,1.2935880911315463,0.7256833157724359,-6.434280546935929e-05,0.0,0.0,0.0,0.0,0.0,0.0,3.5629598017056323,4968.3599447070155,1385860007.2165565,-0.1817040557184879,5.277813673934777,100.0,IMRPhenomXP,20.0,38.5018897775678,22.588363367373002,15.913526410194793,0.038213349784527395,-0.10880610898093312,(1.61740664647164+0.6091743798589871j),1.1697300416498118,(2.0348467793413034-2.4991499641769797j),1.188995473040594,0.24248624137237873,1.2935880911315463,0,0,0.781527420048629,0,0,0.059108379856821186,0.0,0.0,0.48293858345552454,0.0,0.0,0.0,1.0,1.0,0.7754737632905931,2798.3291332339522,12.722442783670664,8.962974693977618,9.267872457879458,21.68541747764828
12.901283906249942,0.7425588934195471,0.4842438942848364,0.40255548307711503,1.29867356353044,1.7057423920085675,1.2229281223996883e-05,0.0,0.0,0.0,0.0,0.0,0.0,6.077184885819474,3832.0539359892887,1385860007.2994037,-0.1814274488345311,5.279246699924169,100.0,IMRPhenomXP,20.0,30.03442680353043,17.23581734709221,12.798609456438223,-0.004921510393770312,-0.18267882493080223,(2.0857712906696344-0.8474620542228182j),1.0269703528014547,(1.6946930132273021+2.4042662682739704j),1.4034014406560034,0.24454341574022764,1.29867356353044,0,0,0.4842438942848364,0,0,0.40255548307711503,0.0,0.0,0.44943390510130177,0.0,0.0,0.0,1.0,1.0,0.6267495027850613,2355.650900578313,10.595249801880245,7.867596968387869,7.930713293080722,18.462846770268115
12.378378261232458,0.8305943548205542,0.4635064806241815,0.3190328318676932,1.4326150009342373,0.8109857970244535,0.00017267182169747823,0.0,0.0,0.0,0.0,0.0,0.0,3.1716426888771823,4323.5589282126575,1385860007.1399953,-0.18092940093933385,5.3071607135089645,100.0,IMRPhenomXP,20.0,28.585178419350452,15.615244493722116,12.969933925628332,-0.01296728401098779,-0.09230127268984112,(1.3036679040551025+1.2526900167662613j),1.0283870689249834,(2.7270842151808234-0.5214862711352609j),1.000536704752375,0.24785902533565382,1.4326150009342373,0,0,0.4635064806241815,0,0,0.3190328318676932,0.0,0.0,0.39795454839983585,0.0,0.0,0.0,1.0,1.0,0.692111600486613,2555.1263320763032,9.228259229019839,7.664940020444558,7.315343892017947,16.8931992494644
15.670752135704129,0.5149061444293406,0.049935258126151454,0.40263309567984235,0.9173089306337899,1.5938287836441452,-0.00022681112707820684,0.0,0.0,0.0,0.0,0.0,0.0,2.133984167244444,3554.012244342614,1385860007.2145758,-0.18066454378638408,5.086026720247892,100.0,IMRPhenomXP,20.0,38.416329643093306,25.3588843007595,13.057445342333807,0.037179406912109414,0.6605304988011707,(2.071596670164976+0.2468233843567285j),2.20333845184048,(2.09834061233564-0.5089490087413822j),2.6166455165979077,0.224365780316669,0.9173089306337899,0,0,0.049935258126151454,0,0,0.40263309567984235,0.0,0.0,0.1698148192139093,0.0,0.0,0.0,1.0,1.0,0.5889664923325536,2236.6816798886316,15.959357496288952,8.217571235983637,9.862229449974084,24.17692873227259
14.951952773065486,0.6754643142840415,0.06361012368268258,0.049252230164340376,1.58965239684093,2.6932314197554783,-2.8598291617465486e-05,0.0,0.0,0.0,0.0,0.0,0.0,2.480853202865463,3975.8496814140076,1385860007.2957633,-0.18044737658942056,5.3165605042797965,100.0,IMRPhenomXP,20.0,35.14784395003689,20.977972285286334,14.169871664750561,0.1733826940658285,0.24009166144487715,(0.14915192484231962-1.631329599972945j),1.4852831284170758,(2.2148212573113932-0.2676400934017872j),1.664176808332212,0.24062017877159975,1.58965239684093,0,0,0.06361012368268258,0,0,0.049252230164340376,0.0,0.0,0.05782173140404754,0.0,0.0,0.0,1.0,1.0,0.646052056042793,2415.3851288066576,12.744416076195442,8.60839826585787,9.08352364566821,21.35281434205331
13.433794423310575,0.9273098523053058,0.5828845128265118,0.4762470902469169,1.4325811653111566,0.8468015875403752,0.00010856752566360797,0.0,0.0,0.0,0.0,0.0,0.0,3.293890383834623,3141.488980552909,1385860007.298706,-0.17993345561262863,5.307156007487348,100.0,IMRPhenomXP,20.0,30.88912622711213,16.027068086724526,14.862058140387601,-0.01575980799607013,-0.15271765142665394,(1.746011067642165-2.011016862342306j),1.6370495992550254,(2.364413454061434+0.27609121805340137j),1.634257300402881,0.24964437848464208,1.4325811653111566,0,0,0.5828845128265118,0,0,0.4762470902469169,0.0,0.0,0.5315767625629916,0.0,0.0,0.0,1.0,1.0,0.5316765966677943,2051.013238920246,10.463741576774018,9.703130656119201,8.770646788320834,20.16687223289322
13.44959682527721,0.7075125445540689,0.6009313447378194,0.4484945671255659,1.1773212063385585,0.3722075321654892,-0.00011930828732504,0.0,0.0,0.0,0.0,0.0,0.0,0.6834055432978552,4673.950066427458,1385860007.140181,-0.17971801553189337,5.237242899958375,100.0,IMRPhenomXP,20.0,31.456142436484598,18.42220283347882,13.033939603005777,-0.0033495005794090815,-0.17941108354094437,(0.7498208101966191+0.5654906494534669j),0.9960259814018538,(1.427633562967195+0.7412077078994885j),1.2029712014877314,0.2426645511815871,1.1773212063385585,0,0,0.6009313447378194,0,0,0.4484945671255659,0.0,0.0,0.5377687444066843,0.0,0.0,0.0,1.0,1.0,0.7377195240109278,2689.703368976593,10.601367239609244,7.500600311448082,7.739797268452991,18.101967551057328
16.331754617487356,0.6083629460223487,0.7709061207985775,0.20453619110146593,1.37772358940482,0.7479131035710997,1.96651102623466e-05,0.0,0.0,0.0,0.0,0.0,0.0,2.167717280728371,3979.64744446374,1385860007.13577,-0.1785216317719005,5.297982786853622,100.0,IMRPhenomXP,20.0,38.92208210529438,24.19981273602006,14.72226936927432,0.08631514315400324,-0.11662244052592152,(-0.8661367282585001+1.5144353128226733j),1.3754828346001728,(1.2914835478598536-0.04061057040603827j),1.33329636185562,0.23517688628102387,1.37772358940482,0,0,0.7709061207985775,0,0,0.20453619110146593,0.0,0.0,0.5566768140235521,0.0,0.0,0.0,1.0,1.0,0.6465597580141704,2416.946850165741,14.697196757198894,8.94122991747963,9.918713571127373,23.638426674678524
14.288794995817621,0.533164121706153,0.2748015853588403,0.7087031376561354,2.126654065311668,0.3745979444341996,-8.167120208001002e-05,0.0,0.0,0.0,0.0,0.0,0.0,1.7676567984061828,4215.155306774806,1385860007.2891111,-0.17572989259742178,5.153569912652522,100.0,IMRPhenomXP,20.0,34.80049588763993,22.698480478993243,12.102015408646691,0.21746673206889922,-0.24355222456950187,(2.688725990460824-0.8917068900763387j),1.5169913191786546,(1.5821593682932062-0.5945167762156884j),1.7891795783902247,0.22682118839784765,2.126654065311668,0,0,0.2748015853588403,0,0,0.7087031376561354,0.0,0.0,0.4256926326787323,0.0,0.0,0.0,1.0,1.0,0.6778415010156414,2512.2488196956224,13.528381831807867,7.212847817461318,8.516176877951963,20.741229649269183
15.584961557493637,0.7656747792213665,0.3471969029049962,0.318494438828296,1.7820861763082259,0.7005050106826809,0.0001241309555756129,0.0,0.0,0.0,0.0,0.0,0.0,1.6157354618634503,4654.080487311477,1385860007.2574077,-0.17520688883524516,5.29424849972013,100.0,IMRPhenomXP,20.0,36.18861702426964,20.495630027760956,15.69298699650868,0.04711949782378477,-0.07041200264759961,(0.10317689048460695-1.6031637427570944j),1.0155877253171235,(1.9206362881722592-1.8605164162595884j),0.9730228350417783,0.24559691924042343,1.7820861763082259,0,0,0.3471969029049962,0,0,0.318494438828296,0.0,0.0,0.33475024335950054,0.0,0.0,0.0,1.0,1.0,0.7351534603905434,2682.229913735459,11.811998474848362,9.044149324392636,8.981892330137658,20.856147799241
15.897581247729505,0.6596758824037986,0.6076301875281654,0.17660595663356107,1.589860592968408,2.3780964151617052,0.00018466737896451457,0.0,0.0,0.0,0.0,0.0,0.0,6.07317831419384,4437.067926791996,1385860007.2323787,-0.1730741292957605,5.3165565563731185,100.0,IMRPhenomXP,20.0,37.476638445842326,22.580697136818593,14.895941309023733,0.0586166157513448,-0.08145823445274658,(2.725212688404077+0.6242804995237081j),1.1791262266804603,(0.5174646462858127+0.07805766936107654j),1.1101070355440348,0.2394881562511877,1.589860592968408,0,0,0.6076301875281654,0,0,0.17660595663356107,0.0,0.0,0.43630981535947605,0.0,0.0,0.0,1.0,1.0,0.7069708171042831,2599.3812479150624,13.228519732472428,8.726535427414811,9.313329254625613,21.95505515988724
15.89239479197653,0.7770672741255058,0.10584497387315084,0.6100399562748295,1.2016005016390043,2.1590728767494483,-0.00016647754016103878,0.0,0.0,0.0,0.0,0.0,0.0,5.750421406369006,4628.550204365148,1385860007.2199671,-0.1727490680233026,5.2469785316146655,100.0,IMRPhenomXP,20.0,36.860295836915455,20.742206203225702,16.118089633689753,0.08039143724533604,-0.033308584490394644,(1.1680247891894457+1.512956051941675j),1.157577175619853,(1.236774274479062-0.7715459285208669j),1.2497412929654605,0.24606558721122776,1.2016005016390043,0,0,0.10584497387315084,0,0,0.6100399562748295,0.0,0.0,0.3263168863928562,0.0,0.0,0.0,1.0,1.0,0.7318528742572376,2672.6001319312136,11.976887015949137,9.306846945992758,9.176527075830567,21.283733961941895
15.392911395207712,0.717126734103218,0.7779572068112941,0.7594077593790525,1.6645259800125456,2.4430077654676934,-0.00010165506165596828,0.0,0.0,0.0,0.0,0.0,0.0,6.175218591868129,4149.5167743223465,1385860007.2952607,-0.1708422017565625,5.312339219735033,100.0,IMRPhenomXP,20.0,35.95224722164081,20.93744538921126,15.014801832429551,0.1905799461317148,-0.14600337993880474,(3.046961278444452-0.8095351764396163j),1.4826603788058168,(1.9893066265946822+0.41985791986799964j),1.4957073306344937,0.24321548013833733,1.6645259800125456,0,0,0.7779572068112941,0,0,0.7594077593790525,0.0,0.0,0.7702103676337827,0.0,0.0,0.0,1.0,1.0,0.6691621770448568,2485.9877931787364,12.54368549512645,8.99541221273794,9.22193877077892,21.53909770786439
16.439497056587147,0.6686437576061177,0.16218364390309317,0.6662159301355267,1.7136609251575168,2.8250754097621513,-0.00023334933065402184,0.0,0.0,0.0,0.0,0.0,0.0,4.009718823967844,4225.478837910154,1385860007.2661982,-0.1708121304846686,5.306498238641624,100.0,IMRPhenomXP,20.0,38.69082621209068,23.18699005448449,15.50383615760619,-0.015076598024329702,0.2657010017455921,(1.8421744841055665-0.25604559286159795j),1.6154919727640846,(0.5928626166850351+1.8177145534480743j),1.920794289262837,0.2401416764915305,1.7136609251575168,0,0,0.16218364390309317,0,0,0.6662159301355267,0.0,0.0,0.364154879695658,0.0,0.0,0.0,1.0,1.0,0.6792038839747175,2516.3584350548085,13.808323263045523,9.232849152842727,9.790054211686579,23.041172415888248
13.78144426744329,0.8050162992161947,0.1397916974131066,0.044281043911325216,1.5187454357833197,1.5155271682046954,0.00011682865536249867,0.0,0.0,0.0,0.0,0.0,0.0,4.193901890581332,3933.516282602671,1385860007.181623,-0.16984008081094615,5.315383030744406,100.0,IMRPhenomXP,20.0,31.885210059016373,17.664776807202305,14.220433251814066,0.07384997509378399,-0.06343635597787989,(0.29763851772398064-0.3264828350926614j),1.0877254512921508,(0.6684958461345364+0.9257695822970889j),1.4694843457758517,0.24708274514766174,1.5187454357833197,0,0,0.1397916974131066,0,0,0.044281043911325216,0.0,0.0,0.09719505557053056,0.0,0.0,0.0,1.0,1.0,0.6403855239047161,2397.921835222616,10.76867391828336,8.66895802516243,8.401344724524526,19.43763194344579
13.756131180077709,0.8275795616477771,0.21537816301419835,0.09181774201093412,1.556206635705581,3.0336184612938224,6.996215911144843e-05,0.0,0.0,0.0,0.0,0.0,0.0,3.730138160888156,4502.153338535934,1385860007.2249007,-0.16955942935230262,5.316631857185313,100.0,IMRPhenomXP,20.0,31.773276769014938,17.385441069590208,14.387835699424725,0.10042447917373609,-0.05998146895028578,(0.3511030819718255+0.06151408445911228j),1.039395921571835,(0.7946135716034478+0.8016355238183122j),1.3658685983458303,0.24777482120164962,1.556206635705581,0,0,0.21537816301419835,0,0,0.09181774201093412,0.0,0.0,0.15942652008889646,0.0,0.0,0.0,1.0,1.0,0.715453826702253,2624.4678093763773,10.134601584125152,8.38718913646516,8.018945754151929,18.521790720590317
16.274247863916457,0.8078687352813751,0.7515440056039204,0.47499060582273017,1.7473813768340876,0.24855810962474215,-0.00012637453394908705,0.0,0.0,0.0,0.0,0.0,0.0,6.015773190467273,3627.84379807553,1385860007.269013,-0.1687991784764047,5.301065442461833,100.0,IMRPhenomXP,20.0,37.644082682422194,20.82235393963119,16.821728742791006,0.04300391840599094,-0.11961727090249719,(1.7512377866347135-0.30908420202180464j),0.8526632232595939,(2.0352323994731925+1.1113100091294013j),1.3177109702465677,0.24717640565649193,1.7473813768340876,0,0,0.7515440056039204,0,0,0.47499060582273017,0.0,0.0,0.6279626631320501,0.0,0.0,0.0,1.0,1.0,0.5990609275063712,2268.733930174919,13.021613861894718,10.519754721931308,10.177378224915458,23.541368583826028
14.880612881498585,0.9180094781240024,0.6526191984680239,0.7252969119328179,1.9085132601192414,2.049635250547944,0.00015617563852587436,0.0,0.0,0.0,0.0,0.0,0.0,6.05043516719733,4264.529606032719,1385860007.2471697,-0.168123880396442,5.258593770642335,100.0,IMRPhenomXP,20.0,34.22420891863454,17.84360781788686,16.380601100747683,0.08475830170745935,-0.10230121398725789,(0.8467754742436147+1.2393337386485208j),1.1105118115186956,(0.06012233069371355-1.058462398475971j),1.2619575916765187,0.24954315822294848,1.9085132601192414,0,0,0.6526191984680239,0,0,0.7252969119328179,0.0,0.0,0.6874046521219437,0.0,0.0,0.0,1.0,1.0,0.6843508353732185,2531.8535381758056,10.593759591619209,9.725171714073493,8.834627898766316,20.3189313056927
13.330387864648216,0.5183417573138152,0.02740857843006843,0.4521428898436634,1.7767274811940095,2.7390506728388684,9.582884186137342e-06,0.0,0.0,0.0,0.0,0.0,0.0,4.878883122791306,3892.769487319952,1385860007.2962306,-0.16761754393994144,5.2953828860701195,100.0,IMRPhenomXP,20.0,32.63747192458694,21.495471469037213,11.142000455549725,0.08739750228427656,-0.01128356091791538,(2.3901848252021898-0.21599749554143358j),1.43941306591408,(0.8012309248768195-0.16303362749485734j),1.6459695752358174,0.22484183679806916,1.7767274811940095,0,0,0.02740857843006843,0,0,0.4521428898436634,0.0,0.0,0.17240724444784908,0.0,0.0,0.0,1.0,1.0,0.6349187402456176,2381.0171052209753,13.147730795359223,6.815017885155465,8.153547657448444,19.96274868051469
13.705286217568506,0.5390615248428594,0.4215712004660751,0.4436643408973015,1.4762111781718164,1.6633453422150737,-4.394654717663728e-05,0.0,0.0,0.0,0.0,0.0,0.0,5.9298734115925456,2877.3265169959204,1385860007.2874181,-0.1669761774425258,5.3122584296135695,100.0,IMRPhenomXP,20.0,33.31288810037787,21.644935931836233,11.667952168541637,0.0068728469725476415,-0.13200493707270122,(0.1055104873696581-0.3417021077923096j),1.14464226114325,(-0.1826872617037532+0.3605503240394653j),1.7186631006295634,0.2275759544179998,1.4762111781718164,0,0,0.4215712004660751,0,0,0.4436643408973015,0.0,0.0,0.4293093979176944,0.0,0.0,0.0,1.0,1.0,0.4941205102102964,1925.7660327992448,14.486740382668145,7.809244360683719,9.172811780516618,22.295984743351863
12.893150911063655,0.548306292280883,0.7644385697056925,0.26955540040409937,1.7501518007099426,1.8417184201829493,3.748731836307652e-05,0.0,0.0,0.0,0.0,0.0,0.0,0.6375041386414476,4573.68639766577,1385860007.2855,-0.16630482230316712,5.300567116704245,100.0,IMRPhenomXP,20.0,31.244485862981758,20.179783560108145,11.064702302873615,0.0017345308659253433,-0.05827105370960206,(1.6725164623478188-0.3320824053099367j),0.5218818629221716,(1.6629934257096688+0.9721821391515784j),0.7982075931629352,0.22872280702014475,1.7501518007099426,0,0,0.7644385697056925,0,0,0.26955540040409937,0.0,0.0,0.5891841274646588,0.0,0.0,0.0,1.0,1.0,0.7247467190272229,2651.801780658483,11.700143178987915,6.415262125626327,7.4753879910758965,18.11540530461424
14.075874799041415,0.7995943818649157,0.03599793766490791,0.38085585256580323,1.6276849459188993,0.8986929479359206,4.999815068587517e-05,0.0,0.0,0.0,0.0,0.0,0.0,3.7607488903415027,4238.208051529589,1385860007.2186537,-0.16529851402230245,5.315119259446184,100.0,IMRPhenomXP,20.0,32.580902428425375,18.104581097136933,14.476321331288442,0.07463638685149165,-0.0575031293691719,(-0.08902174928129755-1.2227177617184461j),1.2033368569583764,(1.3795987864436479-1.742852487328054j),1.2099985098256516,0.24689965134492572,1.6276849459188993,0,0,0.03599793766490791,0,0,0.38085585256580323,0.0,0.0,0.18922493930215997,0.0,0.0,0.0,1.0,1.0,0.6808827397745897,2521.4180168428443,10.770876914093842,8.612332668267955,8.374096815896285,19.383209582361797
14.610142469359591,0.6865479070566818,0.46393569983961086,0.7806945516786107,1.4304586887979236,2.3224105381188727,0.000145522564394908,0.0,0.0,0.0,0.0,0.0,0.0,3.1282036845328256,3737.986033817327,1385860007.1684783,-0.16298596020297085,5.306858470126155,100.0,IMRPhenomXP,20.0,34.280753622851734,20.325988653757,13.95476496909473,0.07437926781238868,-0.1017002140218688,(0.3273999233196871+0.4322494580753891j),1.2816407219883745,(0.05923158821498078-2.581923203057196j),1.2031313077813033,0.2413645496272196,1.4304586887979236,0,0,0.46393569983961086,0,0,0.7806945516786107,0.0,0.0,0.5928796366598023,0.0,0.0,0.0,1.0,1.0,0.6140363251252432,2315.924345537336,12.593265924284436,8.645880363325709,9.051929155451875,21.239146287610147
16.41753036280822,0.67328068132254,0.14234459770839286,0.3369386077473364,1.0210824522469237,2.4585399000718793,0.00011247466306958589,0.0,0.0,0.0,0.0,0.0,0.0,3.6788029586739444,4653.387735743436,1385860007.2135427,-0.16030467426881323,5.15736035383736,100.0,IMRPhenomXP,20.0,38.607590003409555,23.072990941899,15.534599061510553,-0.042050815781294215,1.004923109355337,(1.557389494646565+1.0358799297134094j),1.7293070588524453,(3.1766639689058587-1.2186423746536232j),1.9412099140894887,0.24046870208660795,1.0210824522469237,0,0,0.14234459770839286,0,0,0.3369386077473364,0.0,0.0,0.2206437074290354,0.0,0.0,0.0,1.0,1.0,0.7350639475924536,2681.9690052323936,13.2980637249219,8.953329404985972,9.462204770947443,22.25139312990787
16.461023709283264,0.6699648758884782,0.4658504703980468,0.7001797188373571,1.4781353613935,2.365972855000929,1.2195327242657886e-05,0.0,0.0,0.0,0.0,0.0,0.0,3.0633891225723504,4532.305035480543,1385860007.2148945,-0.16005441142572163,5.312439105786062,100.0,IMRPhenomXP,20.0,38.73240138577606,23.19354253793458,15.53885884784148,0.04263267450330943,-0.09387631438029143,(-0.12046166481852587+0.11166242790094444j),1.2150565124404895,(1.8494339570467846+1.7442060448835013j),1.151556067736598,0.24023559780520673,1.4781353613935,0,0,0.4658504703980468,0,0,0.7001797188373571,0.0,0.0,0.559859852340381,0.0,0.0,0.0,1.0,1.0,0.7193746972063798,2636.0193715298064,13.489521845133105,9.037505828769516,9.573843174515098,22.52702767390262
12.501522009276748,0.6238856005775647,0.15895846790222834,0.09369637278616319,1.4213417425224912,1.5575957974815566,0.00011476771376220857,0.0,0.0,0.0,0.0,0.0,0.0,1.7616352912538278,2800.7416242797403,1385860007.223038,-0.15910238270608845,5.3055281275343145,100.0,IMRPhenomXP,20.0,29.687008000769637,18.281465141516687,11.405542859252952,-0.00033061639107967444,-0.1651448395105004,(1.3094402317426546-0.09794891150598022j),1.3779251727658395,(2.7142561042561253+0.24211515865634398j),1.8705569243751987,0.23658875587150846,1.4213417425224912,0,0,0.15895846790222834,0,0,0.09369637278616319,0.0,0.0,0.13388522296923858,0.0,0.0,0.0,1.0,1.0,0.48309240762329697,1888.4471522759031,12.326585347984702,7.690379102898045,8.429361478096187,20.016964450882746
16.716590633210263,0.976879720444873,0.41301873875177003,0.08986791925289905,2.1744624578073264,1.2288774235769533,0.0001964162238466814,0.0,0.0,0.0,0.0,0.0,0.0,2.5240097970214146,4397.700291800474,1385860007.2253447,-0.15708085803527627,5.122255103736254,100.0,IMRPhenomXP,20.0,38.40779248228436,19.428492328122598,18.979300154161763,-0.13549040931695133,1.3803593954744686,(2.681236474455802-1.127147647792155j),2.0589042841169913,(-1.1596529245932725+0.8367269754204097j),2.413123396414203,0.2499658047582764,2.1744624578073264,0,0,0.41301873875177003,0,0,0.08986791925289905,0.0,0.0,0.2533330082802425,0.0,0.0,0.0,1.0,1.0,0.7018267207111377,2584.1057980260434,11.41625765518834,11.152310586727028,9.822733671865809,22.56856824191537
12.313092359830227,0.6536981497095434,0.5285327845034885,0.4060545817850904,1.507378438540908,1.667699799804393,-0.0001763792561683212,0.0,0.0,0.0,0.0,0.0,0.0,0.12616170034198526,4490.85629435534,1385860007.1396167,-0.15571500423754858,5.314726026856212,100.0,IMRPhenomXP,20.0,29.05950901535668,17.572438489128572,11.487070526228113,-0.0015000829538729388,-0.06529544990078828,(1.5158468646592107-0.5053373440081277j),0.6608531374913144,(0.05343494850120081-1.9768764112988626j),1.0130774777409235,0.2390368046764036,1.507378438540908,0,0,0.5285327845034885,0,0,0.4060545817850904,0.0,0.0,0.48011779745713445,0.0,0.0,0.0,1.0,1.0,0.7139833166007556,2620.1283495047987,10.252397627754613,6.7019733593497035,7.183904440942911,16.954370987104316
13.030015044429543,0.8650538669657919,0.06652876205459198,0.7932042405676031,1.7280838288598075,2.3849298374368804,0.00016898626230273345,0.0,0.0,0.0,0.0,0.0,0.0,1.805248779459671,3302.8694944115578,1385860007.1684952,-0.15308374996822094,5.304317269341558,100.0,IMRPhenomXP,20.0,30.029540144782054,16.10116505301605,13.928375091766004,-0.013680330691596021,-0.12331889159453557,(-0.04074334865618381-0.2353000840006827j),1.4208411401279593,(2.1523998443704246-0.3125929001562082j),1.395466277186678,0.24869118538063523,1.7280838288598075,0,0,0.06652876205459198,0,0,0.7932042405676031,0.0,0.0,0.4035771679215885,0.0,0.0,0.0,1.0,1.0,0.5542753261978169,2125.022138929806,10.359274693244929,8.961330632352393,8.383337768286221,19.32060532559732
12.078731165094197,0.9779343968387458,0.013926963035226603,0.6676982542877503,1.4203886950070659,2.395032060507039,0.00017146947604716295,0.0,0.0,0.0,0.0,0.0,0.0,4.815993357407835,4465.818777113936,1385860007.1408563,-0.15242896564539477,5.305384155635461,100.0,IMRPhenomXP,20.0,27.751709573069824,14.030652188173827,13.721057384896001,-0.011438678315082385,-0.08259590971202346,(0.3682964633588725+1.642684176277565j),0.9887260398412154,(1.453196962224636+0.4635178418592049j),0.9729794731804818,0.2499688865729981,1.4203886950070659,0,0,0.013926963035226603,0,0,0.6676982542877503,0.0,0.0,0.3371659109009219,0.0,0.0,0.0,1.0,1.0,0.710721397174254,2610.488642301448,8.201599752799881,8.020626507367158,7.060606820634663,16.222226260167037
13.10823094858394,0.6782445062615223,0.15059736797461581,0.6660440711898166,1.3455359771135629,1.7412468784145667,-0.00022587462774251746,0.0,0.0,0.0,0.0,0.0,0.0,5.103595834954056,2112.4538663229587,1385860007.2816932,-0.15152870923712025,5.291149664685613,100.0,IMRPhenomXP,20.0,30.799140335362605,18.351998305640898,12.447142029721705,0.006961284151588254,-0.13235891613577166,(0.4340097276049941-0.9262079565152429j),1.553743998403182,(2.49127415524797-1.3395596460055739j),2.2093515659479945,0.24081072005767895,1.3455359771135629,0,0,0.15059736797461581,0,0,0.6660440711898166,0.0,0.0,0.3589096212976396,0.0,0.0,0.0,1.0,1.0,0.3807040120871113,1529.983145897424,13.291768652065766,9.015069066762726,9.493874743486236,22.306837718828493
14.099495973172449,0.8703413254835055,0.003495191429881839,0.3931896968017992,1.4149650504227482,2.4462720617145206,9.395811880580514e-05,0.0,0.0,0.0,0.0,0.0,0.0,1.3837918872952815,4698.495032786681,1385860007.2623973,-0.15130970346326267,5.304547136341876,100.0,IMRPhenomXP,20.0,32.48589740911871,17.368967346492607,15.116930062626102,0.0738464790381963,-0.05886218732229409,(-0.45944698293363556-0.04484542092371914j),1.098700998494792,(1.5243142764236983-0.2595026914096125j),1.1114354445974741,0.24879856183342386,1.4149650504227482,0,0,0.003495191429881839,0,0,0.3931896968017992,0.0,0.0,0.18483494354777663,0.0,0.0,0.0,1.0,1.0,0.7408861608170507,2698.909957037925,9.977083934276795,8.683468455818655,8.099033865922127,18.66055239009545
12.943125076066543,0.6619516377846619,0.46836750572155306,0.6276417960808774,1.7088430251392361,2.301691082704073,-2.120087003126364e-05,0.0,0.0,0.0,0.0,0.0,0.0,1.5322942803115092,4171.846822754378,1385860007.299153,-0.1512679203421925,5.307179426594031,100.0,IMRPhenomXP,20.0,30.498989439013144,18.35130983695019,12.147679602062956,-0.006839628268352049,-0.0878845603488323,(1.8615172734555117-1.2198866661340544j),0.9833536041687937,(2.1878525160887525+0.5049056144342428j),0.9059299679702462,0.23965665722167312,1.7088430251392361,0,0,0.46836750572155306,0,0,0.6276417960808774,0.0,0.0,0.5318061010232085,0.0,0.0,0.0,1.0,1.0,0.6721181903236471,2494.9473393149956,10.974887985279437,7.264845076358933,7.740556350003785,18.23973306163837
14.947619056422253,0.7959543245584199,0.5439154793878441,0.3807617087859475,1.318263563476838,1.7164391395158032,0.00010159171959839747,0.0,0.0,0.0,0.0,0.0,0.0,5.720049770412808,2644.379759439715,1385860007.2171524,-0.15036899924401936,5.284507100558988,100.0,IMRPhenomXP,20.0,34.60935279963878,19.27073106836854,15.338621731270239,0.08001091761512713,-0.17825948029040273,(1.0983107807374781+0.9720920486695694j),1.6000320284319856,(3.12643793721289+0.5024426230275267j),2.2244694711176924,0.2467729609296757,1.318263563476838,0,0,0.5439154793878441,0,0,0.3807617087859475,0.0,0.0,0.4716068758210346,0.0,0.0,0.0,1.0,1.0,0.46036739985210123,1810.763354867425,13.195810225783037,10.503262215264227,10.235519539765182,23.69907244104726
15.35941155951446,0.5056910550473781,0.2914386180506184,0.4328929976233754,1.2479778238997639,0.7321257319178152,-0.00020502866694747506,0.0,0.0,0.0,0.0,0.0,0.0,1.5946330507073603,4023.681886374572,1385860007.2445042,-0.15024986552163178,5.263701416073156,100.0,IMRPhenomXP,20.0,37.78561185350149,25.09519580848711,12.690416045014386,0.03788795849484128,-0.06655113023550552,(1.8459058024186972+0.7554985269752665j),1.3615664111720234,(1.2444490756174138-0.049663419113893395j),1.407607340264095,0.22305580537373595,1.2479778238997639,0,0,0.2914386180506184,0,0,0.4328929976233754,0.0,0.0,0.33894651431355327,0.0,0.0,0.0,1.0,1.0,0.6524387779643201,2434.9960504061314,15.18676282785042,7.679810117169981,9.29499583545001,22.866572945020398
14.069340911557203,0.9345941903339557,0.2875328053367759,0.28945582940365217,1.1625754557163512,2.3197796166405533,-0.0001770454397866296,0.0,0.0,0.0,0.0,0.0,0.0,6.1124920615921,2828.4228766037368,1385860007.221344,-0.1495350128177555,5.230993618191463,100.0,IMRPhenomXP,20.0,32.345045168047044,16.71929199914714,15.625753168899903,0.18140452778744143,-0.14025202110820567,(0.8006786133724442+0.14598416863310892j),2.0823076953800532,(2.283956002542077-0.8605491870303595j),2.249903027465403,0.24971424561558703,1.1625754557163512,0,0,0.2875328053367759,0,0,0.28945582940365217,0.0,0.0,0.2884618100498856,0.0,0.0,0.0,1.0,1.0,0.4870860361518183,1901.9900685256293,11.242989035397173,10.507632234470563,9.461013397694797,21.75062126986774
16.38972733587408,0.798057369923767,0.2353520683266105,0.7806113601622471,1.481474697181907,0.0648295457896603,0.00014120085791596376,0.0,0.0,0.0,0.0,0.0,0.0,3.9308284329079655,2477.8935880601693,1385860007.2158883,-0.14920105113178694,5.31274379792248,100.0,IMRPhenomXP,20.0,37.941588926397664,21.101434003747215,16.840154922650445,0.03966414989921363,-0.10377420440900709,(0.814136718403304+1.0253143598557821j),1.6986817716142486,(3.6798340659480515-0.12276735690842125j),2.5025286586363924,0.2468465283135457,1.481474697181907,0,0,0.2353520683266105,0,0,0.7806113601622471,0.0,0.0,0.47736225312249,0.0,0.0,0.0,1.0,1.0,0.435844160685852,1725.7399039878646,14.696186801823817,11.728400186971891,11.414697907080171,26.42458698879571
16.832568373170435,0.9378983841588044,0.041929993319859096,0.793747504672182,1.9303038905348142,0.6560960925854066,-3.6329799883429604e-05,0.0,0.0,0.0,0.0,0.0,0.0,4.727754566481115,4580.2627777503885,1385860007.2655566,-0.148205880447434,5.250673466815339,100.0,IMRPhenomXP,20.0,38.69493445637278,19.967473409690328,18.727461046682453,-0.01257131883567908,0.0826196477619554,(0.9191118969520633+1.3445373185100369j),1.3183192750897441,(0.3605834704496047+0.9584127783254434j),1.4005873723892386,0.24974326575118874,1.9303038905348142,0,0,0.041929993319859096,0,0,0.793747504672182,0.0,0.0,0.40579243050627367,0.0,0.0,0.0,1.0,1.0,0.7255994741626192,2654.3023606544757,11.571325622581064,10.852727603994152,9.754620713093788,22.424053226575214
12.473039396217306,0.5969826734707588,0.5986711574219078,0.6621162083004901,1.7801397425729841,1.8254808605636683,-6.35599007563407e-05,0.0,0.0,0.0,0.0,0.0,0.0,0.7784572108714854,4125.933973619922,1385860007.1190252,-0.14801897362785632,5.294664011847948,100.0,IMRPhenomXP,20.0,29.80955571127693,18.666173532422327,11.1433821788546,0.006422828086168009,-0.04690994974329521,(1.465252138753648-1.3056861515592117j),0.6561139652521506,(-0.26702209625806006-0.13628032350207114j),0.9596640140601289,0.23407838802215705,1.7801397425729841,0,0,0.5986711574219078,0,0,0.6621162083004901,0.0,0.0,0.6223881311381401,0.0,0.0,0.0,1.0,1.0,0.6660365555690018,2476.4966708731586,11.203939955595551,6.688558028097288,7.486654092027043,17.89249798369284
14.329240139594273,0.6481293307591989,0.3865475360190564,0.2754747329856663,1.8322630525197057,0.06036683125607412,-0.00011593163506232364,0.0,0.0,0.0,0.0,0.0,0.0,4.121708166694762,3838.4078280983917,1385860007.2892375,-0.14644904333009912,5.282159135639787,100.0,IMRPhenomXP,20.0,33.85444523770746,20.541133881837204,13.313311355870253,0.09815370643287702,-0.1397914021078619,(3.0664392365405093+0.007005183880399828j),1.1907014448301974,(1.5850392301418224+1.1339538662666522j),1.6033028618967824,0.23860475764983763,1.8322630525197057,0,0,0.3865475360190564,0,0,0.2754747329856663,0.0,0.0,0.34286798966791054,0.0,0.0,0.0,1.0,1.0,0.6276057422274379,2358.3155043973416,12.620460440085393,8.179690578905491,8.803876619398125,20.800151018990885
14.955114136107767,0.7909887395776771,0.624581274648507,0.25309354453633565,1.1743763440445556,0.5377742557446615,0.00017525593318974247,0.0,0.0,0.0,0.0,0.0,0.0,1.1391504542008524,4532.830594317535,1385860007.2181566,-0.1457794006461266,5.236015332278079,100.0,IMRPhenomXP,20.0,34.64168255846631,19.342211256244394,15.299471302221912,0.105945802999174,-0.17922462405333128,(-0.40819098702492923+1.735318181710491j),1.186366619217414,(2.1830230578076786-1.1608468078971086j),1.3239544604871074,0.24659518384836568,1.1743763440445556,0,0,0.624581274648507,0,0,0.25309354453633565,0.0,0.0,0.4605140167609515,0.0,0.0,0.0,1.0,1.0,0.7194429918318126,2636.2203361917127,11.249114595906505,8.897922975580938,8.69765046422115,20.147037571487445
13.72040990798853,0.8113354305595019,0.020192131064935115,0.20937352527668862,1.7106714959199762,0.03228459716185481,-0.00022808805531904187,0.0,0.0,0.0,0.0,0.0,0.0,4.941602055574177,3566.257461659728,1385860007.2168067,-0.14440683112206765,5.306923692303461,100.0,IMRPhenomXP,20.0,31.72820332860329,17.51647033084468,14.211732997758608,0.06995301613812988,-0.0544450479533114,(-0.45410489641287677+1.5006078654418689j),1.0637051353503721,(1.9037491160973476-1.2262216040949956j),1.490068841002603,0.24728779231700074,1.7106714959199762,0,0,0.020192131064935115,0,0,0.20937352527668862,0.0,0.0,0.10493047678328095,0.0,0.0,0.0,1.0,1.0,0.5906438629474183,2242.021334013175,11.01218867332575,8.934578838675218,8.62569568688053,19.94676751200097
16.889013047583518,0.6300973104495378,0.4553465501521081,0.616805229684207,1.7882718711161096,2.194998381964933,-8.479031528125136e-05,0.0,0.0,0.0,0.0,0.0,0.0,2.4402883672335705,3737.8719807645734,1385860007.2570753,-0.14430812466448328,5.292901692803099,100.0,IMRPhenomXP,20.0,40.05123688345703,24.569844160047083,15.481392723409948,0.01872168342405578,-0.04618371259348297,(1.0206439637046145-1.2732371036920693j),1.2276358527018174,(2.8712921305019963-0.6237381765719516j),1.1676998244045118,0.2371267582493901,1.7882718711161096,0,0,0.4553465501521081,0,0,0.616805229684207,0.0,0.0,0.5177567382247782,0.0,0.0,0.0,1.0,1.0,0.6140208659992102,2315.8758515394543,15.222754970293616,9.59181696441434,10.46393724106401,24.814571934707956
15.47855726986836,0.8717875935757625,0.5000777275333251,0.5017194229867993,1.2369013159567817,0.5625451283043841,-0.00014487320162512958,0.0,0.0,0.0,0.0,0.0,0.0,3.5557420063380265,4347.140150743078,1385860007.2771027,-0.14363431619912737,5.259927719017533,100.0,IMRPhenomXP,20.0,35.66087089186744,19.05177222792829,16.609098663939147,0.062206701666141395,-0.12983002721197456,(2.8970737883942124+0.24222856201459886j),1.1508753629247221,(1.6403188156134423+0.14943911768095336j),1.2391601538230166,0.24882702978854318,1.2369013159567817,0,0,0.5000777275333251,0,0,0.5017194229867993,0.0,0.0,0.5008423494026444,0.0,0.0,0.0,1.0,1.0,0.6952054558912693,2564.373606219939,11.23862134924032,9.797690661163408,9.130785425493084,21.03631201040373
16.729167891643243,0.6358881977591371,0.11253779431277443,0.15777525742716556,1.217571508715782,1.6888503878452112,-0.00020175403769104078,0.0,0.0,0.0,0.0,0.0,0.0,4.320305926112854,4746.355955042968,1385860007.2129402,-0.1418730658875682,5.253012289570921,100.0,IMRPhenomXP,20.0,39.623261808854075,24.221252933501557,15.402008875352516,0.03322207843189817,0.03588563839169234,(1.6222529618035255+0.3271206558710781j),1.1222615812478367,(2.7401843313754664+0.04221128389516027j),1.4475836243610456,0.237614821137003,1.217571508715782,0,0,0.11253779431277443,0,0,0.15777525742716556,0.0,0.0,0.13012210657226114,0.0,0.0,0.0,1.0,1.0,0.747050698931253,2716.782027268312,13.864081304749055,8.816005674463023,9.57566251619212,22.680086979212078
15.019750731293062,0.7196221479042552,0.31157394093929835,0.7762776006388961,1.5847586968089666,2.4493539669190763,-4.764061466233942e-06,0.0,0.0,0.0,0.0,0.0,0.0,0.25838384490522615,3599.556744635554,1385860007.208091,-0.1397166026260881,5.316640813448895,100.0,IMRPhenomXP,20.0,35.06869851088779,20.393258224562214,14.675440286325577,0.10382137571265382,-0.15810332762293422,(1.7781504848291956+0.6501265290153904j),1.5496955090834372,(-0.9216336855263659-0.24846878017786506j),1.5426922653660649,0.24335398438237327,1.5847586968089666,0,0,0.31157394093929835,0,0,0.7762776006388961,0.0,0.0,0.5060416884846224,0.0,0.0,0.0,1.0,1.0,0.5951988522473615,2256.494082764484,12.784148005016185,9.199756046495645,9.415597754557565,21.983904051511832
14.138652792115224,0.8134692663279562,0.30161398756844476,0.6162344713697894,1.7645577319987522,0.21852621152246926,-0.00015665816881007524,0.0,0.0,0.0,0.0,0.0,0.0,2.74860390795993,3146.2239997258735,1385860007.1895897,-0.13790235411344343,5.297847900486136,100.0,IMRPhenomXP,20.0,32.690049600794026,18.02624958016918,14.663800020624851,0.03199046626867896,-0.09519644930801907,(-0.9891916604465387+0.5814579692519372j),0.9484516526416674,(0.5291974949744157+0.6011779620036617j),1.4155957834136321,0.2473550320986281,1.7645577319987522,0,0,0.30161398756844476,0,0,0.6162344713697894,0.0,0.0,0.4427435335065793,0.0,0.0,0.0,1.0,1.0,0.532343255979369,2053.2109871350317,11.763845672194401,9.569526908155284,9.226818297365602,21.333372580349682
13.399649185745108,0.6126204694869488,0.5848518953113936,0.4731340568281006,1.196326540400018,2.0526425181705346,-0.00012580264871234111,0.0,0.0,0.0,0.0,0.0,0.0,3.178550381393412,3938.7040993991827,1385860007.2417781,-0.13779728237568145,5.24492182261781,100.0,IMRPhenomXP,20.0,31.90194249029584,19.78267242288284,12.119270067413,-0.005221922717640215,-0.15239732206109902,(1.6053748325784813+2.6472158863463013j),1.1556107475618935,(2.1905187598429112-0.6130046041910514j),1.314997180761616,0.2355738976410917,1.196326540400018,0,0,0.5848518953113936,0,0,0.4731340568281006,0.0,0.0,0.5424112615995592,0.0,0.0,0.0,1.0,1.0,0.6410806546759673,2400.0673446502506,12.054661887894197,7.384932625268171,8.165137494958088,19.43959451316237
13.983239507984816,0.7463589934698311,0.127555584904236,0.5279199651386811,1.1393469549163973,0.19589958591177067,-3.256835974596242e-05,0.0,0.0,0.0,0.0,0.0,0.0,2.2294748697891533,2991.6025856093993,1385860007.221259,-0.1368904848482928,5.220624441625123,100.0,IMRPhenomXP,20.0,32.53863754954394,18.63227301558032,13.906364533963623,0.1238211658929429,-0.146349402226027,(0.7209769022253999-0.0748857724014143j),1.7467476152564112,(1.8646927673689129-1.330282214643621j),2.18612058319306,0.24472634282230554,1.1393469549163973,0,0,0.127555584904236,0,0,0.5279199651386811,0.0,0.0,0.2986633336376383,0.0,0.0,0.0,1.0,1.0,0.5104567281526836,1980.5947046834337,12.335522539839943,9.206728186759355,9.257623371367002,21.542250726599296
12.881483869715924,0.9361439317626301,0.6599533302339643,0.2940259032425976,1.5312245997742493,1.6819205218446762,-0.00020923964666930416,0.0,0.0,0.0,0.0,0.0,0.0,0.2538149586220508,4361.39088142959,1385860007.2592797,-0.13688426494870543,5.315955125286717,100.0,IMRPhenomXP,20.0,29.613209929362828,15.294942407718366,14.31826752164446,0.010684159090554202,-0.11872287404120918,(2.3237818732239757-1.3986431816904945j),0.6697274670894325,(-0.5215170404119872+1.389368201134365j),1.0531800164206016,0.2497280625135376,1.5312245997742493,0,0,0.6599533302339643,0,0,0.2940259032425976,0.0,0.0,0.48302395291663863,0.0,0.0,0.0,1.0,1.0,0.6970733920922741,2569.948314760023,9.012540340911043,8.437034949909778,7.590410603182401,17.449575290820825
14.406425913052475,0.8191527189661203,0.4566065773297345,0.11259328733812524,1.5447871057034421,0.8948840355662869,5.4809764917533024e-05,0.0,0.0,0.0,0.0,0.0,0.0,3.046748001040145,4045.2488344054736,1385860007.2167845,-0.13663264544520404,5.316400012571159,100.0,IMRPhenomXP,20.0,33.29509939636848,18.302531199959446,14.992568196409028,0.09549622851636075,-0.09295693611571032,(0.6944330021123717+1.0786855046185897j),1.3144994005540735,(3.3161806488622023-0.9258461914207886j),1.3200199012761489,0.2475292679076191,1.5447871057034421,0,0,0.4566065773297345,0,0,0.11259328733812524,0.0,0.0,0.3016996149185399,0.0,0.0,0.0,1.0,1.0,0.6553130304711067,2443.7968862251983,11.05683992274893,9.057240485892933,8.703142939044204,20.114080408641865
14.631001923517951,0.9064036308366424,0.029167484760228835,0.004136622752690134,1.836845344277803,0.08371466544945942,-3.6251059852889466e-05,0.0,0.0,0.0,0.0,0.0,0.0,1.4172821469864816,3810.4976353431402,1385860007.238792,-0.13560254327006005,5.280921688204836,100.0,IMRPhenomXP,20.0,33.66192230423368,17.657290281943514,16.004632022290163,0.08201451778340951,0.06891344307541214,(0.6883785369300555-0.5363501639985034j),1.1166153266299348,(0.08585962514021893+0.4911188084010189j),1.5024130715776338,0.2493974011491795,1.836845344277803,0,0,0.029167484760228835,0,0,0.004136622752690134,0.0,0.0,0.017266508576792176,0.0,0.0,0.0,1.0,1.0,0.6238423018367694,2346.5933966652424,10.87377158605297,9.856026046486729,9.010112562635209,20.7297976325397
12.596961934317147,0.5618008478586028,0.23186904150404014,0.039846532343207564,1.1803334195544801,0.30412461557416237,0.00017691785943970545,0.0,0.0,0.0,0.0,0.0,0.0,5.939730432285348,4471.755433822465,1385860007.234688,-0.13441525816809108,5.238488024976551,100.0,IMRPhenomXP,20.0,30.399550915344513,19.464422084944808,10.935128830399707,-0.0070531235468191955,-0.14394016184827074,(1.8891796852669713+1.1376730154910888j),0.9012753980716407,(1.3201694140754836-0.6812169404243655j),1.1101417822630075,0.23031969766128893,1.1803334195544801,0,0,0.23186904150404014,0,0,0.039846532343207564,0.0,0.0,0.16279595283053547,0.0,0.0,0.0,1.0,1.0,0.711495191114701,2612.7771026029977,11.372758852023171,6.389225565558049,7.360208781020713,17.761984417581218
16.343995596162422,0.7347236667248616,0.6750098414190877,0.33393442916129806,1.2971886464088958,2.2682973455551285,0.00022615074205834185,0.0,0.0,0.0,0.0,0.0,0.0,0.18263215724398227,4751.794424395519,1385860007.1767054,-0.13431883208174833,5.278831152800084,100.0,IMRPhenomXP,20.0,38.08554574985516,21.954819940723027,16.13072580913213,0.05917193004482035,-0.11231947849915214,(1.1102995877896287+0.3602174318873055j),1.1770363689096406,(-0.45694503383518204-0.9705532666584138j),1.1893913892142618,0.24415376305041162,1.2971886464088958,0,0,0.6750098414190877,0,0,0.33393442916129806,0.0,0.0,0.5305509962839084,0.0,0.0,0.0,1.0,1.0,0.7477503370076691,2718.806190792981,12.561759809648766,9.229422227862141,9.351447543786515,21.791182037510907
14.69767352459951,0.6983659393398318,0.16312937457920393,0.5943475602050833,1.1878592068631266,0.49314450041443614,-9.997799784766838e-05,0.0,0.0,0.0,0.0,0.0,0.0,2.7510637827139743,4470.191426379605,1385860007.2219813,-0.13344372948863814,5.241552561654905,100.0,IMRPhenomXP,20.0,34.4220152104152,20.26772582579895,14.154289384616254,0.053273053648900115,-0.06516512280038178,(0.9939845593285361-1.0972126938673994j),1.0750363085528747,(0.29893895041274005-2.877744777883772j),1.2122258276170004,0.24211433674782448,1.1878592068631266,0,0,0.16312937457920393,0,0,0.5943475602050833,0.0,0.0,0.3404457504493499,0.0,0.0,0.0,1.0,1.0,0.7112913564817859,2612.1743751074355,11.843527257373061,8.27111603819224,8.588644750018606,20.1146432955653
14.209805457898737,0.9003167841471522,0.06554142993981103,0.21991339813031408,1.2413856586242524,1.8275378555549753,-4.6248887329712726e-05,0.0,0.0,0.0,0.0,0.0,0.0,4.595627275090587,3193.8034325288563,1385860007.173311,-0.13233847513667518,5.261472006976147,100.0,IMRPhenomXP,20.0,32.69957659186713,17.207434499686563,15.492142092180568,0.04051601626852386,-0.06337719457229607,(-0.5306384105194123-0.2173114243701657j),1.2405681857719237,(0.9062820231603711-0.37470586399483474j),1.604313865920718,0.24931208927461204,1.2413856586242524,0,0,0.06554142993981103,0,0,0.21991339813031408,0.0,0.0,0.13867853798578084,0.0,0.0,0.0,1.0,1.0,0.5390298729421849,2075.2056059543224,11.180702078765288,10.066173740061343,9.23296273043333,21.246875818826627
14.538665327906529,0.6583420018983779,0.2915946306504347,0.4141944297282966,1.7569534565854412,0.13813075946184217,4.8074266096324284e-05,0.0,0.0,0.0,0.0,0.0,0.0,2.0590567261764656,3554.963098877291,1385860007.2620091,-0.13221454348632378,5.299310039609501,100.0,IMRPhenomXP,20.0,34.28171355794984,20.672282025484513,13.609431532465328,0.04952097733081007,-0.077293593463585,(-0.24082573481343186+0.4026095652707804j),0.9860222351137953,(0.34845718603792386-0.2005426265837414j),1.4354951630918862,0.23938854366473278,1.7569534565854412,0,0,0.2915946306504347,0,0,0.4141944297282966,0.0,0.0,0.3402652890941473,0.0,0.0,0.0,1.0,1.0,0.589096787111114,2237.096648033519,13.00882500874319,8.564255898601674,9.149011844858727,21.573080907344863
16.212463000481407,0.7680433731998841,0.18477358053149598,0.42441042350471103,1.5857063406058283,2.7870807796550374,0.0001532342741627315,0.0,0.0,0.0,0.0,0.0,0.0,0.15587375945498272,3653.141824358117,1385860007.222803,-0.13219617228727465,5.31662713212973,100.0,IMRPhenomXP,20.0,37.6364842655817,21.287082000406755,16.34940226517494,-0.0001806151903265274,0.3091339707696541,(1.7066881761407504-0.4199075027649985j),1.8195146629989905,(0.15919482719027972+0.16355872053064424j),2.1334279650143797,0.24569703565025977,1.5857063406058283,0,0,0.18477358053149598,0,0,0.42441042350471103,0.0,0.0,0.28887254779100074,0.0,0.0,0.0,1.0,1.0,0.6025092984497178,2279.6384474023093,13.28359343749211,10.202375911947284,10.1169228884759,23.485969349439394
13.52039888165038,0.8761284454583025,0.03537804052036355,0.08755786983514567,1.6104114587690217,1.5698653183431224,0.00023643583774737018,0.0,0.0,0.0,0.0,0.0,0.0,3.7155222646152337,4431.255530818517,1385860007.2273593,-0.13119000533278902,5.315953405837165,100.0,IMRPhenomXP,20.0,31.14324897304402,16.599742436843826,14.543506536200196,0.06412110532185133,-0.03798660822778066,(1.5391568327986855-1.7948791707436889j),0.8481423322638946,(-0.5135010918273153+1.1043062579065084j),1.189662042119553,0.2489101717832567,1.6104114587690217,0,0,0.03537804052036355,0,0,0.08755786983514567,0.0,0.0,0.059745366143781634,0.0,0.0,0.0,1.0,1.0,0.7062119432376635,2597.13075867473,9.729003775078837,8.523856953317779,7.92422004501646,18.252860728396612
13.658083044371956,0.8759579110207978,0.25841727654415714,0.6782643156783945,1.410109007436388,0.17291119411786482,0.00016516032581685876,0.0,0.0,0.0,0.0,0.0,0.0,2.9419292704393807,1373.9501434293234,1385860007.1250577,-0.13034514867896174,5.303772139821449,100.0,IMRPhenomXP,20.0,31.460637152063075,16.770438700804245,14.690198451258828,0.014806556450698727,-0.10778579537885813,(2.1199007300908543+0.15786846724217113j),2.173095648593749,(1.9322989541009203-1.0579669328157129j),3.3193903724878773,0.2489069702792347,1.410109007436388,0,0,0.25841727654415714,0,0,0.6782643156783945,0.0,0.0,0.4544602331519488,0.0,0.0,0.0,1.0,1.0,0.26245091336687537,1088.3196550852638,13.284032292454496,11.636253176831259,10.818704236148658,24.92028546928576
15.115275952610569,0.5428592515296701,0.011889907126652943,0.4431515879737302,1.9112728293958368,0.7659783573677894,4.20814225509792e-05,0.0,0.0,0.0,0.0,0.0,0.0,4.467653842492104,3152.023323749035,1385860007.2235634,-0.12974519197815138,5.257620412208598,100.0,IMRPhenomXP,20.0,36.694020985568606,23.78312924473718,12.910891740831433,0.1583696670363457,0.15351617901475167,(3.0014823702084144-0.14161318896661262j),1.7360531365857221,(-0.9126825240311579+0.5527972922268063j),1.809202773441419,0.2280523886717058,1.9112728293958368,0,0,0.011889907126652943,0,0,0.4431515879737302,0.0,0.0,0.1636305101958952,0.0,0.0,0.0,1.0,1.0,0.5331594546512848,2055.900511302931,15.512495567622887,8.421101733197085,9.858906656286784,23.93359730081997
15.232028388357817,0.778956518098689,0.45826882378687284,0.7077627090484899,1.2471315983279838,1.962901064075261,0.00016182171769434821,0.0,0.0,0.0,0.0,0.0,0.0,2.485455234264463,4336.767315680943,1385860007.2779121,-0.12892577468751432,5.263417938194232,100.0,IMRPhenomXP,20.0,35.32223785216143,19.85559371058326,15.466644141578167,0.08682862295821447,-0.15594681610812833,(2.8545754907461363+2.245207782075359j),0.9963925073562154,(0.9057368915803349+0.48657304000847446j),1.2043292670684325,0.24614020029451913,1.2471315983279838,0,0,0.45826882378687284,0,0,0.7077627090484899,0.0,0.0,0.5675153883729566,0.0,0.0,0.0,1.0,1.0,0.6938449941812942,2560.3094380836824,11.722202314138135,9.131085899069436,8.992575141576099,20.853288213207573
15.688078039751476,0.7970377264834642,0.2687351308923428,0.021850653840953173,1.3327602999026622,1.2952318876937607,1.32774501568041e-08,0.0,0.0,0.0,0.0,0.0,0.0,2.4720276964779213,4879.087081345397,1385860007.216707,-0.12824242615228476,5.288136061685244,100.0,IMRPhenomXP,20.0,36.32043552044098,20.21128159146368,16.109153928977303,0.026151517250736944,0.47350474425706235,(0.974749845484894-0.10968621944759417j),1.3342590957059584,(0.8121557126202155+0.048283916458169804j),1.6038212365269207,0.2468109872361255,1.3327602999026622,0,0,0.2687351308923428,0,0,0.021850653840953173,0.0,0.0,0.1592347907530401,0.0,0.0,0.0,1.0,1.0,0.7640775057954651,2765.8008738150106,11.457139227196215,9.131772201648985,8.893077536679629,20.588911428845197
14.977587878956113,0.6473088525033608,0.33705920078062124,0.7476012405213946,1.9017775978745135,0.4892654168349824,-8.71797280806543e-05,0.0,0.0,0.0,0.0,0.0,0.0,2.8984613981448692,3084.314589816028,1385860007.2782116,-0.12474017914754354,5.260933692374609,100.0,IMRPhenomXP,20.0,35.391990388576176,21.484732711046952,13.907257677529222,0.07550068493783546,-0.11788730393160174,(1.6826764497246949+1.4112489780875295j),1.4398497214632118,(1.380487282537245-0.7437572233886204j),1.6088493094775909,0.2385401465934329,1.9017775978745135,0,0,0.33705920078062124,0,0,0.7476012405213946,0.0,0.0,0.49838140593063995,0.0,0.0,0.0,1.0,1.0,0.5236092042247524,2024.347576855547,14.101209582793825,9.127837793947664,9.830334338638401,23.22904737674149
13.774538350680059,0.9535113868587701,0.0775433185196194,0.4291873215464801,1.486207756912424,1.416039731549954,-8.374006065870089e-05,0.0,0.0,0.0,0.0,0.0,0.0,3.920711102527952,3161.9613652447347,1385860007.2210763,-0.12429397442301804,5.313156402830147,100.0,IMRPhenomXP,20.0,31.656336862033008,16.204838668965287,15.451498193067717,0.07544543640926316,-0.13591522377788046,(0.7551481913143175+0.1761635870219095j),1.6223134331705116,(1.8709544619949205-0.11110250623918579j),2.077358191437008,0.24985842019970103,1.486207756912424,0,0,0.0775433185196194,0,0,0.4291873215464801,0.0,0.0,0.24918120262013932,0.0,0.0,0.0,1.0,1.0,0.5345573745933783,2060.503835390446,10.559943171404191,10.069026058515409,8.976228962654451,20.6289692299196
14.094464067326207,0.9090031166556041,0.7724986947050795,0.1331032106596929,1.7220326965468442,0.7047137778240831,1.685476764051627e-05,0.0,0.0,0.0,0.0,0.0,0.0,4.341630871031861,4872.093124134097,1385860007.2325203,-0.12283800145417967,5.305258207264788,100.0,IMRPhenomXP,20.0,32.42480017378711,16.98520022879394,15.43959994499317,0.04098125500732541,-0.07076650284916419,(1.2540222553777627+0.6216420812114378j),0.8669248146399785,(0.4848050022727906-2.002788840637033j),0.7923721498398746,0.2494319588870207,1.7220326965468442,0,0,0.7724986947050795,0,0,0.1331032106596929,0.0,0.0,0.46804005726136216,0.0,0.0,0.0,1.0,1.0,0.7631828065307202,2763.2376458797626,9.633261035600963,8.756664304918267,7.993762198180009,18.389925340519234
13.22347411660387,0.5828214166715521,0.44765293312613097,0.2793698183767579,1.5496329833777254,0.7699913823154391,9.562177789482635e-05,0.0,0.0,0.0,0.0,0.0,0.0,4.944460786253498,3798.1988131500857,1385860007.2562912,-0.12199657340547909,5.316514330233119,100.0,IMRPhenomXP,20.0,31.72068590984539,20.040596858077315,11.680089051768077,-0.0010421866067444885,-0.08044789776682304,(2.318445993852754+1.3493301672905578j),1.082570623653403,(0.6832368007114906+0.7720850021947379j),0.9806352052034167,0.23263318480968964,1.5496329833777254,0,0,0.44765293312613097,0,0,0.2793698183767579,0.0,0.0,0.38568826528231503,0.0,0.0,0.0,1.0,1.0,0.622182002719194,2341.413492285876,12.354098876996614,7.200233409191598,8.151658750028004,19.554332286188213
16.923294768067564,0.7836889956109234,0.21274106140551466,0.5299850546898294,1.9198754915673315,1.090317203000547,-2.798905252514826e-05,0.0,0.0,0.0,0.0,0.0,0.0,6.277069256943538,4064.482617563883,1385860007.2951865,-0.12136571706437227,5.254530988010372,100.0,IMRPhenomXP,20.0,39.22668693823152,21.99188705808894,17.234799880142585,-0.09282658499684304,0.9197144355714233,(1.4871058678510074-1.0386749881022108j),1.9255276299190291,(-0.19096169084286788+1.7425557837705217j),2.1837478163069717,0.24632329343573678,1.9198754915673315,0,0,0.21274106140551466,0,0,0.5299850546898294,0.0,0.0,0.35212669817983877,0.0,0.0,0.0,1.0,1.0,0.6578735226741866,2451.624079377404,13.26511748774149,10.395726600629024,10.207832223998556,23.660844088370514
15.344693325216515,0.9093245650775458,0.4181812519112025,0.2942961199943381,1.8275009720673017,0.5310875411347854,-0.00017691287352914522,0.0,0.0,0.0,0.0,0.0,0.0,2.7911577064056745,2884.4920917049553,1385860007.2265368,-0.12130514187714736,5.283421293145199,100.0,IMRPhenomXP,20.0,35.300639350776535,18.488548252320225,16.812091098456307,0.03319940798830867,-0.05335668374113878,(0.8673245728848785-2.207609277718321j),1.3317215530866477,(0.42544879071185676+0.3057342224887356j),1.37799742679884,0.24943615493582047,1.8275009720673017,0,0,0.4181812519112025,0,0,0.2942961199943381,0.0,0.0,0.3591803906850222,0.0,0.0,0.0,1.0,1.0,0.4951490080584735,1929.2338599467114,12.365689407993212,11.244425142807442,10.262985991705518,23.610114550800656
16.852198651081256,0.7760404604384166,0.589816246556654,0.36276459049947074,1.2908270948695948,1.7890204069589715,9.352910232905774e-05,0.0,0.0,0.0,0.0,0.0,0.0,2.5134155965377185,4670.497568725536,1385860007.2160275,-0.12088996121793683,5.277023953957642,100.0,IMRPhenomXP,20.0,39.09033366515528,22.00982158678176,17.08051207837352,0.02200874390995544,-0.1019491306363709,(1.5707821638453925+0.8225602611523141j),0.9653991390780905,(2.6348968899726084-2.164757861214813j),1.3157609652446698,0.24602466776841797,1.2908270948695948,0,0,0.589816246556654,0,0,0.36276459049947074,0.0,0.0,0.4906060789761102,0.0,0.0,0.0,1.0,1.0,0.7372738205780159,2688.4061263651697,12.669172427555939,9.831790404054203,9.70036988496971,22.500962831610142
15.96618500307682,0.6988015633763476,0.4507851958993019,0.004230876990429522,1.1876059375721,1.7631680083001964,0.00020720738998983014,0.0,0.0,0.0,0.0,0.0,0.0,3.795647529801554,2916.988259927343,1385860007.2212284,-0.12056907100855829,5.241450501828844,100.0,IMRPhenomXP,20.0,37.39039204618088,22.009864396326506,15.380527649854374,0.035694197701996444,0.13837321601675567,(2.706751713334551+0.5816267746648446j),1.8234823387867518,(1.7002212903805558+0.7956082739481344j),2.327690981152904,0.24214112952016617,1.1876059375721,0,0,0.4507851958993019,0,0,0.004230876990429522,0.0,0.0,0.26709519765973183,0.0,0.0,0.0,1.0,1.0,0.49980625182809796,1944.9100600288705,14.675138451715958,10.255009692823464,10.645498365949473,24.93014814453942
13.787686217170858,0.7475631509623548,0.18726523068813405,0.23527327738564718,1.8032783380801465,2.4437644784145003,4.458951963083016e-05,0.0,0.0,0.0,0.0,0.0,0.0,5.338353788486286,3543.3371827449328,1385860007.298044,-0.11919669905632224,5.289467349447243,100.0,IMRPhenomXP,20.0,32.079095459179065,18.35647280701337,13.722622652165695,0.10927968920083764,-0.07053361058857632,(2.3939624021082055+0.033449864668425366j),1.4991923314209443,(1.793253914029902+1.3690786980330993j),1.5505414615696744,0.24478349350298403,1.8032783380801465,0,0,0.18726523068813405,0,0,0.23527327738564718,0.0,0.0,0.20780185429511344,0.0,0.0,0.0,1.0,1.0,0.5875031684709597,2232.0189742104985,11.563109398196557,8.644154496638237,8.685139337675015,20.207263894834796
14.470066907266379,0.6154684893743102,0.14545581730497706,0.23302687130681107,1.5867920388566068,1.6794366275310602,-5.891878635508053e-05,0.0,0.0,0.0,0.0,0.0,0.0,1.5366487553311619,1760.6822634331565,1385860007.2219312,-0.11887250680534334,5.316610353646284,100.0,IMRPhenomXP,20.0,34.427480027408336,21.31114302374446,13.116337003663872,0.02124471587429455,-0.06448309229679561,(2.2103714835856407+0.1837286377991321j),1.674727883899665,(1.375039346855016+0.39395347361276895j),2.61260500031921,0.23583531587030082,1.5867920388566068,0,0,0.14545581730497706,0,0,0.23302687130681107,0.0,0.0,0.1788190334084988,0.0,0.0,0.0,1.0,1.0,0.325662757256811,1328.152465563052,16.075840485889135,9.894173259272563,10.915345421039989,25.970013745161697
13.244227974137724,0.6470718883788715,0.1101497470329723,0.07997167443610023,1.836366421516457,1.5256522115103601,-0.0002007779698240245,0.0,0.0,0.0,0.0,0.0,0.0,6.0847060773278745,3150.694823239558,1385860007.2160575,-0.11516457797954693,5.2810520758508845,100.0,IMRPhenomXP,20.0,31.29753933956451,19.00192672851036,12.29561261105415,0.06512031025358445,-0.04569403244981496,(0.63280141426828+1.0398893643694398j),1.4862357096233743,(3.6724401237451247-0.9100396699011901j),1.9199257881329774,0.23852144013120088,1.836366421516457,0,0,0.1101497470329723,0,0,0.07997167443610023,0.0,0.0,0.09829393031928138,0.0,0.0,0.0,1.0,1.0,0.5329725125722679,2055.2846199241426,12.395477787547456,8.02076521934669,8.639573029208742,20.416243006894145
15.170017965916617,0.7027977259263526,0.3642274338570289,0.628324407736513,1.2300154442676634,0.38473120031182373,-0.00012453123068533,0.0,0.0,0.0,0.0,0.0,0.0,6.171402189020912,3348.480473547524,1385860007.2162397,-0.11371554273176931,5.257512526448469,100.0,IMRPhenomXP,20.0,35.504513032824484,20.8506932398617,14.653819792962777,0.055345684447370536,-0.12042160938483537,(0.9238080318053109+0.129309963557215j),1.3141638191281848,(2.6244389934202434+2.072716401256085j),1.5868019398673496,0.24238415420416723,1.2300154442676634,0,0,0.3642274338570289,0,0,0.628324407736513,0.0,0.0,0.47322849125834726,0.0,0.0,0.0,1.0,1.0,0.5606178067680627,2145.612115895717,13.360537826389487,9.389755601539544,9.720520873289747,22.750293427929037
12.523606642267024,0.7290430155055891,0.4095275549625463,0.019741904467823534,1.2700712550046767,2.1725966692028718,0.00014541096777556466,0.0,0.0,0.0,0.0,0.0,0.0,0.8157286501246412,3519.3982232850854,1385860007.1404219,-0.11210475894551575,5.270822055529102,100.0,IMRPhenomXP,20.0,29.2041441587347,16.89035142378752,12.313792734947176,-0.011483879279456488,-0.1044958050217788,(1.0903312787476467-0.892602775767876j),1.1015025777631828,(-0.22876406809822367+0.24800411782378273j),1.136482182881696,0.2438605549925911,1.2700712550046767,0,0,0.4095275549625463,0,0,0.019741904467823534,0.0,0.0,0.24517623258992963,0.0,0.0,0.0,1.0,1.0,0.5842180998230807,2221.536420573424,10.661632653782815,7.772788820126681,7.905228859375872,18.434421473909495
14.834003619909996,0.6395863737727978,0.23612470510058792,0.6457165444093018,1.8033754189992852,2.190355975071948,-0.00014232195927270385,0.0,0.0,0.0,0.0,0.0,0.0,2.8527522913938417,4236.577502964373,1385860007.2316504,-0.11030729085847546,5.28944435930362,100.0,IMRPhenomXP,20.0,35.10750929304043,21.412418311488956,13.695090981551475,0.047002266871251086,-0.05225119124702804,(1.8313502350848745-1.9397592769474585j),0.9581319662173031,(-1.0702334702834133-1.269515772403989j),0.9251823395094342,0.23791980868933094,1.8033754189992852,0,0,0.23612470510058792,0,0,0.6457165444093018,0.0,0.0,0.3959024169801895,0.0,0.0,0.0,1.0,1.0,0.6806677528950759,2520.7703968192877,12.740423129202346,8.148601029537609,8.826255870238075,20.889024158739954
16.902997021832803,0.7601636712655395,0.1205452534924751,0.762444464564189,1.5349499177197137,2.5372317702419793,0.00016422417660460212,0.0,0.0,0.0,0.0,0.0,0.0,1.120338363374182,4261.999195572608,1385860007.214624,-0.11009022243263811,5.316095670340761,100.0,IMRPhenomXP,20.0,39.27200844004497,22.31156629417809,16.960442145866885,-0.03236466486237033,0.34525251196295237,(1.6451223954672334-0.21423115057494443j),1.5433696922030968,(0.6007756039020085-3.611736109132791j),1.6156404156909732,0.24535844140209295,1.5349499177197137,0,0,0.1205452534924751,0,0,0.762444464564189,0.0,0.0,0.3977629173020557,0.0,0.0,0.0,1.0,1.0,0.68401763267388,2530.8518824842145,13.249009904220436,10.0714160094257,10.037304060168454,23.320425913646137
13.694926669050908,0.7033971702720809,0.5161641108428073,0.08674366783956416,1.782332430448245,1.8637782037696309,-9.338223748990321e-06,0.0,0.0,0.0,0.0,0.0,0.0,5.625393495426982,3575.8991523272116,1385860007.2402277,-0.10956071240625631,5.294195648642022,100.0,IMRPhenomXP,20.0,32.04929250031531,18.814926465561832,13.234366034753478,0.017090268111217943,-0.07049676648067171,(-0.7664786511261801-2.441238037462753j),0.7364991421797998,(0.0006546652591351616+1.2225089990751716j),1.0514406644327543,0.24242018255705713,1.782332430448245,0,0,0.5161641108428073,0,0,0.08674366783956416,0.0,0.0,0.3388401550813814,0.0,0.0,0.0,1.0,1.0,0.5919637024961407,2246.2190266181065,11.818690612141921,8.313233532901835,8.602537009843733,20.131924145043758
14.633528864625983,0.7841718667611863,0.24009933497026373,0.78530103667521,1.3665769470796345,1.7218329124566325,0.00019873979348738053,0.0,0.0,0.0,0.0,0.0,0.0,0.47573930349447335,4607.572747694389,1385860007.1876998,-0.1085742826936138,5.295738934164049,100.0,IMRPhenomXP,20.0,33.91769562886676,19.010329812249353,14.907365816617407,0.08446040542552602,-0.14920275475917633,(1.2592657517147012-0.5461227580856544j),0.7998533865959646,(0.04687809716043792+0.3228988127888643j),1.1574666148346129,0.24634167113767771,1.3665769470796345,0,0,0.24009933497026373,0,0,0.78530103667521,0.0,0.0,0.4797241402663159,0.0,0.0,0.0,1.0,1.0,0.7291379515245552,2664.6646399650795,10.994108246533035,8.621270387058363,8.462904218673714,19.615378633591398
14.064564235154064,0.5733246433949667,0.25928341840966757,0.6000507612521716,1.7711325677968788,1.5995344004859047,5.755077242765175e-05,0.0,0.0,0.0,0.0,0.0,0.0,1.2495217418459181,4373.032981835659,1385860007.2983472,-0.10848391212646069,5.296535299171923,100.0,IMRPhenomXP,20.0,33.827346293794896,21.50055071965392,12.326795574140977,0.08256399601520537,-0.15329411833094841,(2.322450336215278-0.01395922888876344j),0.9905006697183109,(2.2260122352836533-0.4218870184114577j),1.3536816638248013,0.2316135265668627,1.7711325677968788,0,0,0.25928341840966757,0,0,0.6000507612521716,0.0,0.0,0.38346015214101825,0.0,0.0,0.0,1.0,1.0,0.6985984105288429,2574.4949313894563,12.65781869709858,7.257039390672185,8.280099726912608,19.914858087770767
13.660550418847228,0.6978973195982938,0.3256433644666308,0.271151804337697,1.8607615118535181,0.37787029487358914,-2.285157745259166e-05,0.0,0.0,0.0,0.0,0.0,0.0,2.368330350162817,3921.681968636944,1385860007.2128315,-0.10680607852806334,5.2740957130009605,100.0,IMRPhenomXP,20.0,31.995359009688674,18.84410714380447,13.1512518658842,0.03299013144888807,-0.07640767435865792,(1.693947305524192+0.5529708345401334j),0.8500985373294605,(0.17571591009760001-0.8258643158444788j),1.0428362751842857,0.24208544830052478,1.8607615118535181,0,0,0.3256433644666308,0,0,0.271151804337697,0.0,0.0,0.3032453588182624,0.0,0.0,0.0,1.0,1.0,0.638799059048172,2393.02184585759,11.498729535974523,8.024932521942352,8.33570799508598,19.523662057916876
16.79230937922248,0.975420843113026,0.6794784446651092,0.035085205159828006,1.1240591050055917,2.2676771387826173,0.00022593977075518578,0.0,0.0,0.0,0.0,0.0,0.0,3.4623562462672295,4995.606759435848,1385860007.2918425,-0.10678859203504532,5.213443975395837,100.0,IMRPhenomXP,20.0,38.58218030587083,19.53111937660329,19.05106092926754,-0.050669690031472925,0.3280348997456741,(0.436882185183718-0.8103121585826173j),1.4060821173939517,(0.3374767111709339-0.8490869686622402j),1.5425192563582442,0.2499612961018295,1.1240591050055917,0,0,0.6794784446651092,0,0,0.035085205159828006,0.0,0.0,0.3612907535885845,0.0,0.0,0.0,1.0,1.0,0.7789432738583054,2808.1877638408478,10.979056872478422,10.709200911138764,9.439485578875184,21.688257783617185
12.088607359573325,0.9766464481002081,0.4854207952877936,0.4697099578570336,1.7736828822603519,0.3104380435245045,0.00013687173670715372,0.0,0.0,0.0,0.0,0.0,0.0,0.20302408120766938,4313.0929341604215,1385860007.2033572,-0.10635873185714173,5.2960140447003194,100.0,IMRPhenomXP,20.0,27.77465304517404,14.05140159074415,13.723251454429889,0.006808290899096958,-0.02912332688810504,(0.6310115811871443+0.977201143456666j),0.5359031663182479,(0.9165025549921981+1.109525584300431j),0.7666345964406356,0.24996510301541586,1.7736828822603519,0,0,0.4854207952877936,0,0,0.4697099578570336,0.0,0.0,0.4776581862546107,0.0,0.0,0.0,1.0,1.0,0.6907372881776166,2551.01305770989,8.310813092606267,8.116726087718616,7.149902852502407,16.427539180324885
14.223713698518814,0.7390627273665269,0.013640700893644908,0.08176062972468197,1.1946650350977712,1.9918217768592752,-8.941076157351936e-05,0.0,0.0,0.0,0.0,0.0,0.0,1.58717881104265,4965.871379312156,1385860007.214821,-0.10556241977348613,5.2442672330155755,100.0,IMRPhenomXP,20.0,33.127031324809174,19.048784614557082,14.078246710252094,0.025890701084370527,-0.060744416320086536,(1.3197307867954227+0.8686876100327018j),0.8472710432583106,(3.0252544835502726-0.7827762767662721j),0.9876991849168554,0.24437164150343957,1.1946650350977712,0,0,0.013640700893644908,0,0,0.08176062972468197,0.0,0.0,0.042590145670785035,0.0,0.0,0.0,1.0,1.0,0.7751566765356366,2797.427099437307,10.730762454011858,7.930706565984329,8.01265256556258,18.661469019996186
13.845157313043513,0.6579811457528553,0.6116502896975327,0.3493595085311591,1.5179895241778718,0.7411850862435564,-0.00016346979512179118,0.0,0.0,0.0,0.0,0.0,0.0,0.315151864620868,1746.1371789130426,1385860007.1319592,-0.10340352690758459,5.315343362815896,100.0,IMRPhenomXP,20.0,32.648657668695435,19.69181480279762,12.956842865897814,0.0019211287479570238,-0.06430602040091071,(2.66867350233091+0.621374818640026j),2.4057502211373145,(1.232104494357351-0.5663931892495278j),2.1352131464945012,0.23936148698620424,1.5179895241778718,0,0,0.6116502896975327,0,0,0.3493595085311591,0.0,0.0,0.5075584011049783,0.0,0.0,0.0,1.0,1.0,0.32334000614877595,1319.492468467689,14.880389553177142,9.791015767448314,10.462282745714088,24.671405320625457
14.374515714765321,0.9228953648575937,0.5190152264262323,0.63957375750007,1.3466579799086211,1.8431166744251526,0.00014599433016311238,0.0,0.0,0.0,0.0,0.0,0.0,2.3223249832465114,4417.916653273621,1385860007.2122736,-0.10258766943533648,5.291406108540583,100.0,IMRPhenomXP,20.0,33.055865000759745,17.190672776523023,15.865192224236718,0.025346520472504297,-0.08061929292355474,(0.7379511663001138+1.2737809957504997j),0.7094450543959654,(0.39924529500746936-0.9595020954761526j),1.0125777244333964,0.2495980336702742,1.3466579799086211,0,0,0.5190152264262323,0,0,0.63957375750007,0.0,0.0,0.5768774021615849,0.0,0.0,0.0,1.0,1.0,0.7044695938728265,2591.959789814553,10.085643556399898,9.307993689807322,8.433424548280811,19.393637246207224
16.34554505338908,0.9344561690864387,0.36146077574380747,0.034944945753782174,2.001687541558932,0.8968617471897348,-4.1029865296530056e-05,0.0,0.0,0.0,0.0,0.0,0.0,4.671460309609583,4767.622299624847,1385860007.2268195,-0.10212581610780536,5.220881215244026,100.0,IMRPhenomXP,20.0,37.57809140072174,19.425661848140127,18.152429552581612,-0.00546864468352215,0.7646800698961167,(-0.4709712916085796+1.5801455234439548j),1.538614914524236,(1.1943993253289753-0.7435083362360306j),1.694137322607148,0.2497129973783895,2.001687541558932,0,0,0.36146077574380747,0,0,0.034944945753782174,0.0,0.0,0.2037344149637384,0.0,0.0,0.0,1.0,1.0,0.7497855417236343,2724.6894909753773,11.101738690219596,10.374088206661302,9.341456231995052,21.4758268968809
13.76299840381349,0.9494724047482284,0.027559179475204323,0.228781681274125,1.6352600501429493,1.6327660023606902,5.793591842474772e-05,0.0,0.0,0.0,0.0,0.0,0.0,5.097676385830085,4863.90898698468,1385860007.2255945,-0.10207001386048065,5.314659064029024,100.0,IMRPhenomXP,20.0,31.63181862267003,16.225835536643686,15.40598308602634,0.06019981694398968,-0.053882968035901424,(0.6295390521370821+1.3339559692546186j),0.6910627665408015,(-0.4975794525982549+0.08656580270992031j),1.0176307525686836,0.24983205654495877,1.6352600501429493,0,0,0.027559179475204323,0,0,0.228781681274125,0.0,0.0,0.12556272761834947,0.0,0.0,0.0,1.0,1.0,0.7621355160737356,2760.235497542382,9.208052041761768,8.74279131513838,7.810408608345413,17.950843356900148
12.550889440780225,0.9337036547968676,0.12701117486756397,0.011251865056831713,1.403855320547632,0.8737245986676931,-9.262168915951969e-05,0.0,0.0,0.0,0.0,0.0,0.0,5.19288648886802,2932.820370256672,1385860007.2023265,-0.10172085207412751,5.302738430769854,100.0,IMRPhenomXP,20.0,28.85472704282592,14.922000571932033,13.932726470893888,-0.007826195807091763,-0.11617879512538343,(-0.3793084760279161+1.374775299286384j),1.5795399170104318,(-0.24331662361627693+0.2893802139116839j),1.5981613538821426,0.24970614076278855,1.403855320547632,0,0,0.12701117486756397,0,0,0.011251865056831713,0.0,0.0,0.07111590343912075,0.0,0.0,0.0,1.0,1.0,0.5020711064173158,1952.517664714716,9.93428374208158,9.275677037770675,8.355722566767255,19.209960779852256
16.566863875517864,0.5107356016210977,0.16694766294862406,0.362491628935256,1.0359850015779641,2.822817684773307,-9.300071183210204e-05,0.0,0.0,0.0,0.0,0.0,0.0,0.227527986248008,3320.5630285080506,1385860007.2135472,-0.10122881109228654,5.166339506300666,100.0,IMRPhenomXP,20.0,40.67698741826034,26.925285519591792,13.751701898668543,-0.09811531781109606,0.6464610179031087,(2.1041125261532394+0.6200981248720338j),2.4540629627615003,(3.001469227124519-0.38665931984288393j),2.8647531653318263,0.22377893594361242,1.0359850015779641,0,0,0.16694766294862406,0,0,0.362491628935256,0.0,0.0,0.23305536902531335,0.0,0.0,0.0,1.0,1.0,0.5567380026585079,2133.0262595523004,17.29596468616449,8.83366492960548,10.642037290299283,26.12962961576997
15.77719139251341,0.6344139987064549,0.02784169127822498,0.7292168108029973,1.2732665427689898,2.249019891377863,0.00017202646609721793,0.0,0.0,0.0,0.0,0.0,0.0,1.668864966707795,4781.5971302558855,1385860007.283149,-0.10031443289060293,5.27180742069321,100.0,IMRPhenomXP,20.0,37.38010591360864,22.87064718192138,14.509458731687257,0.07114565317036936,0.05177498398617564,(1.9754627697756457+0.7424003539307955j),1.0598639236842002,(0.5333353256026792-1.1849431430319664j),1.0763473524577505,0.2374917953726514,1.2732665427689898,0,0,0.02784169127822498,0,0,0.7292168108029973,0.0,0.0,0.3000873980104793,0.0,0.0,0.0,1.0,1.0,0.7515812797197068,2729.8745374770997,13.057142963746,8.28363427931195,9.007398957265702,21.34077724305795
16.946869471457468,0.715667847513592,0.020201566342125155,0.03667520188673699,1.7145495422344041,0.7691410879734986,4.838777196003815e-05,0.0,0.0,0.0,0.0,0.0,0.0,2.672558261390802,4122.006471402485,1385860007.2948637,-0.10029916178478393,5.30637001287714,100.0,IMRPhenomXP,20.0,39.58972049154319,23.07539920907071,16.51432128247248,0.10309656648802701,0.0029290360686871075,(1.1460825891033688-0.2583065393772018j),1.1961769432700875,(1.1485498266609473+1.8429526661145865j),1.1237683284058948,0.24313365644513912,1.7145495422344041,0,0,0.020201566342125155,0,0,0.03667520188673699,0.0,0.0,0.0270733226136096,0.0,0.0,0.0,1.0,1.0,0.6655156308200215,2474.9131027866265,13.854807953804354,9.915440586013355,10.175148859523837,23.770248539817707
13.078441480793753,0.6129878666537196,0.11947273861444191,0.37821841876598433,1.177729102130241,2.126284641224026,2.6251451982496003e-05,0.0,0.0,0.0,0.0,0.0,0.0,2.666668752896422,2786.1952969867325,1385860007.2771087,-0.09934594262828966,5.237412129385483,100.0,IMRPhenomXP,20.0,31.134520898552207,19.302390019302138,11.832130879250068,0.010132308137181134,-0.11965164798498273,(2.017554822690638-1.6033483574461198j),1.6158978971141094,(1.1194602340944302-0.7450134037000399j),1.7738671071816607,0.23560780715777488,1.177729102130241,0,0,0.11947273861444191,0,0,0.37821841876598433,0.0,0.0,0.21780451516463098,0.0,0.0,0.0,1.0,1.0,0.48099029585617875,1881.3055652801063,13.033434502110081,7.989337210619444,8.830875879056956,21.022771712729526
12.3996480082643,0.5391036497727772,0.7281198663382451,0.049872781311144455,1.3697333574511585,0.6626068729436458,-2.2602720557256912e-05,0.0,0.0,0.0,0.0,0.0,0.0,4.188849714858806,2703.3385048546156,1385860007.2403579,-0.09776568228106708,5.296387454647326,100.0,IMRPhenomXP,20.0,30.138902624918718,19.58211367335021,10.556788951568505,-0.02071306534207662,-0.04575064085440084,(2.131884585147205-0.23690761461230894j),1.3685000990259326,(0.801425199595191+0.40180949107038355j),1.2854340101088726,0.2275812801159669,1.3697333574511585,0,0,0.7281198663382451,0,0,0.049872781311144455,0.0,0.0,0.4905494603166373,0.0,0.0,0.0,1.0,1.0,0.46897001677202105,1840.2952304212465,13.330506034684632,7.186524456616517,8.441049079757141,20.51703049130115
14.037289965599772,0.6799905848598722,0.05394255704354026,0.7337206391630091,1.2337951300089711,0.10676502970548554,-0.00010115733527746426,0.0,0.0,0.0,0.0,0.0,0.0,0.768155248451592,3170.5487907978254,1385860007.2162037,-0.09684518890717575,5.2588448283073195,100.0,IMRPhenomXP,20.0,32.972338430395034,19.626501914679036,13.345836515715998,0.11826102419055129,-0.12964074779226475,(0.7306621782933305+0.04655209408851037j),1.4916292900483736,(3.241851988943755-0.5866921706301368j),1.947861485764796,0.24092906979822748,1.2337951300089711,0,0,0.05394255704354026,0,0,0.7337206391630091,0.0,0.0,0.32908856071825454,0.0,0.0,0.0,1.0,1.0,0.5357645335367376,2064.4758613437252,12.779629615147343,8.690027816296585,9.140261842922667,21.469657431443927
16.25975600494366,0.7267026480615182,0.30509629407944205,0.28157681199134305,1.5483025933603969,2.520009031603281,-5.142695471971868e-05,0.0,0.0,0.0,0.0,0.0,0.0,2.9990782754716716,3477.213530158786,1385860007.2974706,-0.09679198097522645,5.316485285145889,100.0,IMRPhenomXP,20.0,37.928096270739935,21.965621187481176,15.96247508325876,0.008307819102743697,0.19809960301199592,(1.0264696199761372-1.3757153838640905j),1.7714706366148623,(3.8498882525204197+0.923113385027003j),1.8343622681397311,0.24373709612602787,1.5483025933603969,0,0,0.30509629407944205,0,0,0.28157681199134305,0.0,0.0,0.2951978498200063,0.0,0.0,0.0,1.0,1.0,0.5784172133962229,2202.9749258586157,13.916232667165703,10.11296313026952,10.301304285676242,24.029195797435225
13.424747154406504,0.6854256543849284,0.6265544720713419,0.2200650235314078,1.576806490563675,0.17986192291372058,7.507663587783892e-05,0.0,0.0,0.0,0.0,0.0,0.0,0.3288286741717338,4875.70686772192,1385860007.2823772,-0.09678206001209655,5.316720229361319,100.0,IMRPhenomXP,20.0,31.50514057845698,18.692690773093947,12.812449805363032,0.008572391492775777,-0.08533022067693352,(1.4696307770049513+0.43975862630645934j),0.45684958584287905,(2.172590948891048+1.4164455145298602j),0.8051042421916347,0.24129101761708158,1.576806490563675,0,0,0.6265544720713419,0,0,0.2200650235314078,0.0,0.0,0.4612441271497614,0.0,0.0,0.0,1.0,1.0,0.7636451298701193,2764.562331131744,10.59889569420949,7.26475501696114,7.611932200552809,17.86365071117063
12.205086181672625,0.7432549387693328,0.4833753356337657,0.31041203173446175,1.6105263921853852,1.7859152594551486,-2.816911895916032e-05,0.0,0.0,0.0,0.0,0.0,0.0,0.604468668604286,3786.357569695659,1385860007.298971,-0.09649292135357412,5.315948843736153,100.0,IMRPhenomXP,20.0,28.411309638719562,16.297851224661834,12.113458414057726,0.003082861715948293,-0.04693165360346008,(0.5273582579194899-2.3808156168604384j),0.4563459656962798,(1.2525548774436952-1.2705313215307852j),0.8549900604499947,0.2445772148687382,1.6105263921853852,0,0,0.4833753356337657,0,0,0.31041203173446175,0.0,0.0,0.4096306256719664,0.0,0.0,0.0,1.0,1.0,0.6205823513847789,2336.417861197732,10.056786815391028,7.474756468689692,7.53129649427778,17.531543284080723
13.771404543259639,0.7266169552265902,0.32371386871881785,0.1280011076519454,1.6892943847544928,2.5258995146344962,0.0001632368422986356,0.0,0.0,0.0,0.0,0.0,0.0,0.39650472317489643,4778.8930928878035,1385860007.214554,-0.09586629726495177,5.309700902857035,100.0,IMRPhenomXP,20.0,32.12403727196724,18.60519044176274,13.5188468302045,0.08471628801480424,-0.1008132758190805,(0.1499511267415002+0.2996060355253151j),1.1390728792397777,(1.1767311740961293-0.8004778643354387j),1.1928957793751305,0.24373254595539556,1.6892943847544928,0,0,0.32371386871881785,0,0,0.1280011076519454,0.0,0.0,0.24135152997603773,0.0,0.0,0.0,1.0,1.0,0.7512339065059553,2728.871965058202,10.624046492386409,7.719612314483547,7.8638293217701625,18.343658806869954
16.2757289001095,0.6319092649042903,0.16898848913805323,0.005952168853655327,1.615259787931331,3.01544575750733,0.0002393775230061123,0.0,0.0,0.0,0.0,0.0,0.0,1.1119901273556807,4841.711130680732,1385860007.2701712,-0.09360382824685498,5.315749464933839,100.0,IMRPhenomXP,20.0,38.581830013002104,23.642141657468244,14.939688355533859,0.03071064461656814,0.21614293943602814,(-0.4499573031346774-0.7737984443644463j),1.1110982564383713,(0.4368574760591127+0.267335147376333j),1.4377792120086836,0.23728085948631245,1.615259787931331,0,0,0.16898848913805323,0,0,0.005952168853655327,0.0,0.0,0.10585742939150748,0.0,0.0,0.0,1.0,1.0,0.7592930336425429,2752.077691792949,13.43843305541782,8.49187035351459,9.251289346841373,21.930303408932414
16.602592203230316,0.8526426203175632,0.2671258468729562,0.2634575587847522,1.7598245077841224,2.624311989557925,2.06235395182802e-06,0.0,0.0,0.0,0.0,0.0,0.0,0.04721295720862944,3935.863216030561,1385860007.2651575,-0.09339983232974669,5.298765043067358,100.0,IMRPhenomXP,20.0,38.28826254481252,20.666836725503753,17.62142581930877,-0.020498827904363193,0.7555209888365111,(0.9102247149544529+1.1268162546201432j),1.7646967825990738,(-0.07404864771865874+1.0638954569586943j),1.9463986064034255,0.2484183860474808,1.7598245077841224,0,0,0.2671258468729562,0,0,0.2634575587847522,0.0,0.0,0.26543758884990054,0.0,0.0,0.0,1.0,1.0,0.6407000235720851,2398.8926452989695,12.596353037472694,10.740187460315815,10.11921250972108,23.336540497788505
16.148776091421617,0.9250106731665722,0.3362872644483388,0.7404929517215444,1.7265027417476784,0.3019110908209531,0.00020833769974373708,0.0,0.0,0.0,0.0,0.0,0.0,6.062977861624132,2693.0641580723263,1385860007.26828,-0.09277675065705959,5.304566744710244,100.0,IMRPhenomXP,20.0,37.13396611365225,19.29026505217669,17.84370106147556,0.025823270954087985,-0.05968682421618299,(1.3871322540639481-1.8564880995588855j),0.8902502837398301,(2.4721872145474655-0.39204623949380807j),1.4145217924449356,0.24962062156980588,1.7265027417476784,0,0,0.3362872644483388,0,0,0.7404929517215444,0.0,0.0,0.5305171355312361,0.0,0.0,0.0,1.0,1.0,0.46747388336782936,1835.1700785700923,13.145218644645203,12.159467547405033,11.004472566394456,25.304686192050237
14.618756926255333,0.7075673948590829,0.3661150321831126,0.6662590874075384,1.643147134019688,1.728882444842723,2.542205228539497e-05,0.0,0.0,0.0,0.0,0.0,0.0,5.857045872114073,4241.945140348225,1385860007.2884297,-0.09261766199917432,5.314118684204667,100.0,IMRPhenomXP,20.0,34.19032128992291,20.022823926515926,14.167497363406987,0.04682475961577759,-0.11559881177107134,(1.8188167361649288-1.1865212271229844j),0.6575970110827714,(0.4524969613496935+0.08041457432841831j),1.0807752055102535,0.24266777323646826,1.643147134019688,0,0,0.3661150321831126,0,0,0.6662590874075384,0.0,0.0,0.4904861977821803,0.0,0.0,0.0,1.0,1.0,0.6813754225346178,2522.901840977242,11.908597959837062,8.4261356348661,8.694522787907795,20.33473359470316
15.103326610553161,0.5167360671547587,0.32879329951786984,0.12810861546131322,1.2840634047442425,1.7025546186211948,-0.0001995924180891138,0.0,0.0,0.0,0.0,0.0,0.0,5.1607823030969175,3699.5763853250783,1385860007.2458754,-0.0909652304885391,5.275054453885616,100.0,IMRPhenomXP,20.0,37.00013987361005,24.394580359006376,12.605559514603677,0.03750816635721699,-0.06525933474346557,(0.8194070747796892+0.17915346230190507j),1.1741055208417701,(0.5659362041208877-0.32282527177110515j),1.5753825243479984,0.22462016769959456,1.2840634047442425,0,0,0.32879329951786984,0,0,0.12810861546131322,0.0,0.0,0.26042213289023575,0.0,0.0,0.0,1.0,1.0,0.608825161620526,2299.551562560481,15.16297789278381,7.835257562671656,9.387798606618006,22.998235455455465
16.099766507045057,0.7795556277507102,0.2475241356766553,0.2840111182109,1.8940215117728487,2.4214610569479054,-0.0001294269773121935,0.0,0.0,0.0,0.0,0.0,0.0,2.2553426413917474,3718.3401359760287,1385860007.2309997,-0.0896102711471487,5.263565280676641,100.0,IMRPhenomXP,20.0,37.33233831435234,20.978460988903716,16.35387732544862,0.01007019490237182,0.2437276455262012,(1.5460093126665084-0.20062802711575803j),1.735116471371798,(0.8286971695076905+0.8816790031852137j),1.839170351101278,0.2461636793074073,1.8940215117728487,0,0,0.2475241356766553,0,0,0.2840111182109,0.0,0.0,0.2635076947914462,0.0,0.0,0.0,1.0,1.0,0.6113723778461663,2307.561045247411,13.019002483426261,10.149036653655415,9.991338270651468,23.168039137081678
16.50622018919569,0.5794912033493914,0.33158139202164094,0.05445263311766091,2.0944918476624172,1.0077090482322224,1.961973250558073e-05,0.0,0.0,0.0,0.0,0.0,0.0,1.9674714431594453,4742.599313190011,1385860007.2250168,-0.08946937609053052,5.172841392131202,100.0,IMRPhenomXP,20.0,39.63146981801988,25.09128872258315,14.540181095436724,-0.08037637822541166,1.1258416573162178,(2.852096247594042+0.40656790206434235j),1.7216428387559515,(-1.4493944050903074+0.16217165115172097j),1.94789613146943,0.23228032483740213,2.0944918476624172,0,0,0.33158139202164094,0,0,0.05445263311766091,0.0,0.0,0.22990708219361297,0.0,0.0,0.0,1.0,1.0,0.7465673281426353,2715.3830586290037,14.366058678806366,8.325004631169469,9.450663552002327,22.69106330997584
16.605445241083437,0.9152670317469251,0.40379169274945437,0.3303349263533519,1.705195270662938,3.1263826425484234,0.00011508385099219862,0.0,0.0,0.0,0.0,0.0,0.0,1.5499537991479488,3292.4175767516936,1385860007.216116,-0.08891858842662836,5.307679431198402,100.0,IMRPhenomXP,20.0,38.194166144601496,19.94195352998083,18.25221261462067,0.013433834634773767,0.09324221305461533,(1.0355334674047254+2.044648472811756j),1.5664484139959085,(2.06467738995949-1.1640985347152724j),2.148537881047514,0.24951068764334114,1.705195270662938,0,0,0.40379169274945437,0,0,0.3303349263533519,0.0,0.0,0.3686882030393199,0.0,0.0,0.0,1.0,1.0,0.5528192138807833,2120.2839113874,12.842418068837638,11.754241866318106,10.693740193736623,24.596659935155742
14.187094137971831,0.7656924932010298,0.3385211663392778,0.7975498512554083,1.5478196157046895,2.2903903215902206,0.00020546653406696542,0.0,0.0,0.0,0.0,0.0,0.0,5.663068332466997,4361.952166730386,1385860007.2730753,-0.0882671581938883,5.316474302649011,100.0,IMRPhenomXP,20.0,32.94267803036152,18.657086756165356,14.285591274196165,0.03447269359104643,-0.05420048418440837,(-0.04295743688365786-0.07784399020733758j),0.9326936810455346,(-0.6500411482004749-1.1745940650527007j),0.7992290992374067,0.2455976732555953,1.5478196157046895,0,0,0.3385211663392778,0,0,0.7975498512554083,0.0,0.0,0.5375789408711455,0.0,0.0,0.0,1.0,1.0,0.6971469343087394,2570.167666511971,10.993206527379744,8.417415714223232,8.359378820520535,19.410622241602976
15.397592343960032,0.5028009352965348,0.6107985156662693,0.11127906167112211,1.6929857038207667,1.822393022181961,7.49363353348048e-05,0.0,0.0,0.0,0.0,0.0,0.0,1.5292932071058067,1994.5194495206044,1385860007.2687938,-0.08806030780144591,5.309254518264838,100.0,IMRPhenomXP,20.0,37.92249644177509,25.23454407771723,12.687952364057857,0.016759266356993208,-0.056171680557216774,(1.3619294239190143-1.7257561817110074j),1.108022463853815,(2.2666208051654104+0.08957615130088213j),1.8986933661556076,0.22263485829973906,1.6929857038207667,0,0,0.6107985156662693,0,0,0.11127906167112211,0.0,0.0,0.4436713581242656,0.0,0.0,0.0,1.0,1.0,0.3624832322841615,1463.885500426056,18.520994225677395,9.312373219292315,11.30112428477115,27.83336744496971
13.043841022019558,0.8740417540294878,0.06575538479849961,0.4687867319056636,1.7425925875821182,0.26242638956681025,-0.00019054105691576362,0.0,0.0,0.0,0.0,0.0,0.0,2.340556864440991,4645.3108867244155,1385860007.1683276,-0.08756186972800828,5.301908146955963,100.0,IMRPhenomXP,20.0,30.04839671764687,16.034005994283767,14.014390723363105,0.010506486511893454,-0.06623866403369338,(0.40276560875097384+0.4579451044777856j),0.4814088803771276,(1.92984922288648+2.068506588797307j),0.743110531791764,0.24887063404547546,1.7425925875821182,0,0,0.06575538479849961,0,0,0.4687867319056636,0.0,0.0,0.25372677059979487,0.0,0.0,0.0,1.0,1.0,0.734020150675093,2678.9255415565754,9.24672414449242,8.08202299027897,7.522312250489879,17.32874713477139
12.74676313001802,0.6881946519666075,0.10125758700369102,0.3084200818882245,1.8319847459890481,0.5099756414095529,0.0002191545925033259,0.0,0.0,0.0,0.0,0.0,0.0,4.315855050183256,3378.89624263031,1385860007.2230554,-0.08660399160734844,5.282233566931346,100.0,IMRPhenomXP,20.0,29.900617933055308,17.711593801238237,12.189024131817071,0.007177243107781006,-0.058159089331137004,(1.0046404397031097+0.3883801996491954j),0.9131557197537992,(2.854327387824144-0.06663989299040607j),0.9608268862438135,0.24147170748168612,1.8319847459890481,0,0,0.10125758700369102,0,0,0.3084200818882245,0.0,0.0,0.18570763599627343,0.0,0.0,0.0,1.0,1.0,0.5648366943909923,2159.264439322437,11.31849340236189,7.789326627824784,8.145746566212036,19.107820030186673
12.798755628237469,0.6990066685033212,0.2947523439862007,0.4770746337002996,1.7702441444647832,0.6627764186618099,2.8165458114370033e-05,0.0,0.0,0.0,0.0,0.0,0.0,2.3004458255561047,4847.142197762202,1385860007.271506,-0.0857579605158727,5.296715291646339,100.0,IMRPhenomXP,20.0,29.971815863409237,17.640787654948895,12.331028208460342,0.0025675072675968025,-0.07285058276668566,(0.22844132313386034+0.17654166611683236j),0.7632947892404759,(0.5306090441936689-0.06936915604028054j),0.7139079200143288,0.2421537238406898,1.7702441444647832,0,0,0.2947523439862007,0,0,0.4770746337002996,0.0,0.0,0.36976352474820284,0.0,0.0,0.0,1.0,1.0,0.7599887570073561,2754.0756844524103,10.023238833039409,7.006310784295994,7.272066697744237,17.029549617335405
16.30120543437773,0.7743615038622442,0.08051383804185584,0.36953736590463376,1.6813941025840324,2.5865794661360213,7.206460527028695e-05,0.0,0.0,0.0,0.0,0.0,0.0,0.9007591363829652,3602.055478315208,1385860007.214499,-0.08271119400449933,5.310609847462479,100.0,IMRPhenomXP,20.0,37.81847355810543,21.31384922169814,16.504624336407293,0.026376058428325688,0.573067365569333,(2.320026487825045-0.06567344539195095j),1.7841495700074714,(1.9581263001456293-2.237065634539461j),1.9179217212776984,0.24595720063686247,1.6813941025840324,0,0,0.08051383804185584,0,0,0.36953736590463376,0.0,0.0,0.20664861565071888,0.0,0.0,0.0,1.0,1.0,0.5955402735190213,2257.577284572403,13.358389992055592,10.344222963426521,10.216730787010997,23.702612955482113
12.210342652253482,0.7933238514208576,0.555390213142,0.5400976308453919,1.4048949431702427,0.15356463878576912,0.00010087861633831534,0.0,0.0,0.0,0.0,0.0,0.0,2.809265738129549,3330.875414317832,1385860007.2383678,-0.08249106758030589,5.302913061198575,100.0,IMRPhenomXP,20.0,28.277955983930386,15.768460315478238,12.509495668452148,0.003492188779905314,-0.06213630874666509,(0.9893190129017366-0.14208407976936405j),0.8885698288663416,(-0.9935448280949719-0.6030457428953807j),1.336146021440393,0.24667950157185742,1.4048949431702427,0,0,0.555390213142,0,0,0.5400976308453919,0.0,0.0,0.5486251381801612,0.0,0.0,0.0,1.0,1.0,0.5581719944091237,2137.681487275735,10.11984580139872,8.028315046950828,7.836325319711436,18.148160848349548
13.792608176466324,0.7414856824863696,0.42948893217000317,0.5603183645857952,1.7256783836329912,0.29099251214278093,-0.00019076561378624944,0.0,0.0,0.0,0.0,0.0,0.0,3.6317184473180566,3487.08808426407,1385860007.2667725,-0.08226559877393735,5.30469580191375,100.0,IMRPhenomXP,20.0,32.113572896732414,18.44033127558243,13.673241621149984,0.009339609361030732,-0.05481453373397405,(0.495475707755505+0.8909916896483592j),0.606351458180769,(0.4383888926759176-0.12285411074560715j),0.9693073312475307,0.24449104285327664,1.7256783836329912,0,0,0.42948893217000317,0,0,0.5603183645857952,0.0,0.0,0.48519318053662,0.0,0.0,0.0,1.0,1.0,0.5797764583075457,2207.3300502765546,11.672747228641464,8.655174945320095,8.730734088316959,20.32792217396156
16.400875122631668,0.646511659983116,0.22075802537144817,0.4515322571605922,1.0595501539154935,2.1931821971702092,-0.0001588117963258557,0.0,0.0,0.0,0.0,0.0,0.0,5.2189480124324605,4934.0688438983225,1385860007.2150767,-0.08110227524442948,5.179927786775182,100.0,IMRPhenomXP,20.0,38.76135740418321,23.541501919628484,15.219855484554722,-0.03029757192835758,0.48824175193741315,(1.9586575957351011-1.3539865100976758j),1.4248898247362525,(0.39716076701492536-3.136475747872615j),1.595596068068,0.23847713235599557,1.0595501539154935,0,0,0.22075802537144817,0,0,0.4515322571605922,0.0,0.0,0.31137276883269877,0.0,0.0,0.0,1.0,1.0,0.7711014881541098,2785.8758447954765,13.292011822633652,8.593440627966086,9.260268387965224,21.88545245059974
12.788560599901357,0.6922172781817022,0.6689166845880896,0.4311508262285232,1.7036568794667506,1.9260593199107776,0.00017598240409979772,0.0,0.0,0.0,0.0,0.0,0.0,0.5602581599935789,4091.495023667333,1385860007.2830498,-0.0809880585654772,5.307886238515754,100.0,IMRPhenomXP,20.0,29.97944265173499,17.716071711516907,12.263370940218083,0.00376451205432099,-0.02210866687722346,(0.13313439390190382-1.1890098621892995j),0.3822775162201356,(-1.1988323490969366+0.681804128751488j),0.5992550269444445,0.24172979584630522,1.7036568794667506,0,0,0.6689166845880896,0,0,0.4311508262285232,0.0,0.0,0.5716563401629083,0.0,0.0,0.0,1.0,1.0,0.6614650728350264,2462.582643160645,10.662921539053025,7.381058525228331,7.697158856357846,18.043980064281357
13.592382286557566,0.5997374675748173,0.2903598635086761,0.13777994192387225,1.0925104806068069,1.9752688536301237,-6.245428287015724e-05,0.0,0.0,0.0,0.0,0.0,0.0,1.157493988275262,4845.708963853061,1385860007.1464767,-0.08068799615916111,5.197712810594063,100.0,IMRPhenomXP,20.0,32.462153841011975,20.292175746951912,12.169978094060065,0.0802186766545856,-0.11076499117584637,(-0.7409455066096857+0.9096373984762078j),1.079214736935898,(0.6237081951095915-0.20695449710849373j),1.2667000150991488,0.2343493473401109,1.0925104806068069,0,0,0.2903598635086761,0,0,0.13777994192387225,0.0,0.0,0.23315804281696015,0.0,0.0,0.0,1.0,1.0,0.7598051677304029,2753.5485306024893,11.530921785576103,6.915525830484702,7.7237995067871505,18.446447616060805
15.868326714292753,0.5706375290144932,0.6648292451533748,0.10804586460389737,1.396571709479621,2.2521595509731576,0.00011644478050124995,0.0,0.0,0.0,0.0,0.0,0.0,3.7941225461252537,3296.517631975283,1385860007.2147853,-0.07945720989188976,5.3014837730339055,100.0,IMRPhenomXP,20.0,38.194963536531795,24.318127404288802,13.876836132242993,0.054062620014729834,-0.06483204337976156,(-0.5208994914872357+0.16426070867211398j),1.3694759671020966,(2.383582062254053-0.8271694706169724j),1.2591672005204904,0.23131744664042092,1.396571709479621,0,0,0.6648292451533748,0,0,0.10804586460389737,0.0,0.0,0.462541010851189,0.0,0.0,0.0,1.0,1.0,0.5533905377810295,2122.143511823748,15.654870306488732,8.933256508737092,10.215284777619521,24.588126815225824
15.307020938438848,0.7288980165319421,0.6176169766649166,0.4975854262421665,1.4368910747378376,2.3103114326665444,4.465904625584313e-05,0.0,0.0,0.0,0.0,0.0,0.0,1.4855323437268557,3197.6276557548936,1385860007.130761,-0.07873519233339765,5.307746061180848,100.0,IMRPhenomXP,20.0,35.695532615584085,20.646407291962205,15.049125323621878,0.09895021484873112,-0.12084162587514591,(2.3083382181447543+0.31607924705067164j),1.518791837985057,(0.7840984404013445-0.004669544603423737j),1.4080592468707833,0.24385295140224283,1.4368910747378376,0,0,0.6176169766649166,0,0,0.4975854262421665,0.0,0.0,0.5670120490244204,0.0,0.0,0.0,1.0,1.0,0.5395663590757704,2076.9664494277795,13.410534187273758,9.774911769737642,9.942423623511708,23.1854459570114
16.867401465683816,0.5256768768092293,0.418565693799357,0.3250385409870791,2.159153385060114,0.2640488031185632,-0.0001761424818704813,0.0,0.0,0.0,0.0,0.0,0.0,1.0311640167718206,4610.1347415841865,1385860007.2529073,-0.0786596613526438,5.132639506543598,100.0,IMRPhenomXP,20.0,41.18811668197338,26.99661855537419,14.19149812659919,-0.10528425045263079,0.850213469347155,(0.5646316098151053+0.11584621951891198j),1.6875692331969938,(-0.4990983097540659+0.31922896506193965j),2.015234817796862,0.22583629781839748,2.159153385060114,0,0,0.418565693799357,0,0,0.3250385409870791,0.0,0.0,0.3863406123718659,0.0,0.0,0.0,1.0,1.0,0.7294696632091436,2665.6349053223826,15.609767045742917,8.205693588325765,9.752932835135862,23.815460634068685
13.71566424169314,0.5829812667267267,0.18629346981603484,0.21128112085730077,1.6309635068835522,1.6325460633068318,5.364731745376459e-05,0.0,0.0,0.0,0.0,0.0,0.0,1.0254823668044815,4067.8035530859634,1385860007.2444592,-0.07712373343936152,5.314927152581625,100.0,IMRPhenomXP,20.0,32.89993317306543,20.78352654235485,12.116406630710577,0.055288166743793,-0.043606106878842255,(1.6984305095149503+1.6229909252226469j),0.8173325184764679,(0.8622793784509916-0.525851324439183j),1.2021388766298486,0.23264999567420844,1.6309635068835522,0,0,0.18629346981603484,0,0,0.21128112085730077,0.0,0.0,0.19549593655569805,0.0,0.0,0.0,1.0,1.0,0.6583153440207573,2452.9734569647026,12.532915779433747,7.306455116873667,8.27084202720943,19.839370896307415
15.736946409071125,0.8500125137146786,0.08182144251332826,0.7779406182799864,1.7641457127477502,0.38589338590326794,-6.094775020764752e-05,0.0,0.0,0.0,0.0,0.0,0.0,0.8647933443178074,4943.163455346952,1385860007.1553686,-0.07652182100830562,5.297928660081812,100.0,IMRPhenomXP,20.0,36.29734618117672,19.620054411575047,16.677291769601673,0.024403594477465873,-0.042221581055675195,(0.4149294084210692+0.20632707379183568j),0.521980705010426,(0.4218826051770908+0.07879589248460404j),0.6701855761945753,0.24835676101472554,1.7641457127477502,0,0,0.08182144251332826,0,0,0.7779406182799864,0.0,0.0,0.4016625279394481,0.0,0.0,0.0,1.0,1.0,0.7722617213922086,2789.183673076735,11.070630355973847,9.410174337287355,8.879583765262895,20.480804693261202
13.064370438375125,0.7272039315776798,0.30750715025602837,0.10611284322471422,1.2597343792132236,0.40045995593201694,0.00010188760626100347,0.0,0.0,0.0,0.0,0.0,0.0,5.588276631375185,4984.265998918924,1385860007.1243956,-0.0763180858333965,5.267557580592229,100.0,IMRPhenomXP,20.0,30.4724306133081,17.642636203053144,12.829794410254955,0.008915158531516143,-0.09111122254061432,(2.034029413507435-1.1725397788721612j),0.6835121884417465,(1.4247431521783258-1.4012371106549715j),0.8156356570485009,0.24376367145658107,1.2597343792132236,0,0,0.30750715025602837,0,0,0.10611284322471422,0.0,0.0,0.22271419142067078,0.0,0.0,0.0,1.0,1.0,0.7774996774672889,2804.088286128057,9.925535529880747,7.217888460343229,7.349858120362751,17.143423990223976
14.570853896196073,0.578594815727117,0.7561498086792819,0.21804311919898797,1.3891159236005657,0.28747397944509756,0.00024257222934667038,0.0,0.0,0.0,0.0,0.0,0.0,0.4670968314053059,3330.6423728467776,1385860007.2815602,-0.07625139410446335,5.300142806059277,100.0,IMRPhenomXP,20.0,34.99331509251145,22.167382499855208,12.825932592656242,0.03098585654318109,-0.07234218255220837,(-0.2845279217901939-0.9000313201303961j),0.7718417063260037,(0.1413382432475259-2.8311029813618083j),1.1681074180507556,0.2321844837130497,1.3891159236005657,0,0,0.7561498086792819,0,0,0.21804311919898797,0.0,0.0,0.5589201347062488,0.0,0.0,0.0,1.0,1.0,0.5581395979284712,2137.576361810149,14.226826998894378,8.231568345806867,9.351443166945925,22.458395344701245
12.467609907571429,0.5436962005828239,0.2584338620024518,0.5395935203699526,1.7620191997725045,0.3079708442882253,-0.0002151232484286218,0.0,0.0,0.0,0.0,0.0,0.0,3.6894215972793125,4873.4222872891305,1385860007.1744115,-0.07624146556894895,5.2983426743952515,100.0,IMRPhenomXP,20.0,30.25823760235593,19.601160896121858,10.657076706234074,0.012640765078147709,-0.05585608483649862,(-0.825843624993302-0.3715507372322226j),0.4395300729428482,(-0.21697036006632817+0.4927448707182894j),0.6386087355653247,0.22815638526718454,1.7620191997725045,0,0,0.2584338620024518,0,0,0.5395935203699526,0.0,0.0,0.3574594591075431,0.0,0.0,0.0,1.0,1.0,0.7633528610824813,2763.7249426096146,11.115847161803543,6.043643868131953,7.070399908454995,17.159491029935495
16.6654147541584,0.5629168919568235,0.3146235883105295,0.026866717841235045,0.9327433153996386,0.2816426533735291,-0.00019618956951201506,0.0,0.0,0.0,0.0,0.0,0.0,0.21121587603421194,4601.509795379705,1385860007.21416,-0.07421389561029201,5.097657686220236,100.0,IMRPhenomXP,20.0,40.20431063304148,25.72389539069116,14.480415242350324,-0.0847661246124134,0.7612561368040058,(2.0190396043978027-0.8346211924374226j),1.7267085947305272,(2.1516044362704694-1.432693637065273j),2.041824161450993,0.23044777060818777,0.9327433153996386,0,0,0.3146235883105295,0,0,0.026866717841235045,0.0,0.0,0.21098199098862125,0.0,0.0,0.0,1.0,1.0,0.7283527815011009,2662.3672201499376,14.883474986136546,8.37815948071311,9.642368694939835,23.261634466849657
13.247802481681628,0.5570860484371071,0.014505404014112246,0.5180506865211063,1.3134853742843269,3.005461672641175,-3.0195597703322225e-05,0.0,0.0,0.0,0.0,0.0,0.0,5.4340139341242715,3763.7354367293365,1385860007.2658901,-0.0735862454400773,5.283261943393504,100.0,IMRPhenomXP,20.0,32.015892359357856,20.561414952945693,11.454477406412161,0.02622736030056272,-0.10499459172588255,(-0.5310454075205252-1.152636109047144j),1.3556747403198777,(0.6215825077786917+0.16003031875010762j),1.698526226726379,0.22977197401126684,1.3134853742843269,0,0,0.014505404014112246,0,0,0.5180506865211063,0.0,0.0,0.19466118405114502,0.0,0.0,0.0,1.0,1.0,0.6175232431778594,2326.8509034913686,12.711665838291019,7.0814916909065095,8.190177505984023,19.79315752919753
14.59705921731423,0.8243030954566648,0.42459468866167804,0.7468267221598146,1.7636415128445122,0.5765728666021753,-8.162328803030394e-05,0.0,0.0,0.0,0.0,0.0,0.0,1.0726959751043,4835.424657423201,1385860007.1788046,-0.07323062509862943,5.298027248109834,100.0,IMRPhenomXP,20.0,33.723264240230755,18.48555995120375,15.237704289027006,0.054685281849393697,-0.05307430136547553,(-0.8550987709008756+0.8805376439214896j),0.7362401693806653,(1.0636611211875509-0.6887632700485027j),0.6836823156464265,0.24768114155024257,1.7636415128445122,0,0,0.42459468866167804,0,0,0.7468267221598146,0.0,0.0,0.5701937743231097,0.0,0.0,0.0,1.0,1.0,0.7584875323309858,2749.7633866660058,10.512192785751504,8.665233053332186,8.300917094342381,19.177425839083686
12.441767413551378,0.9496993799825396,0.3161197705003204,0.6803085484903562,1.6787775718522857,0.585442935414209,-6.870161812542699e-05,0.0,0.0,0.0,0.0,0.0,0.0,4.121264093724426,3662.866582079176,1385860007.273522,-0.07301988164639606,5.310896950975159,100.0,IMRPhenomXP,20.0,28.595096729776,14.666413203676601,13.9286835260994,0.0009033910011759794,-0.015130875037771996,(0.9295001627679267-1.3653582735358378j),0.7167557274397817,(0.3376984152945483+0.8878375612378896j),0.5501179350366326,0.24983360074477562,1.6787775718522857,0,0,0.3161197705003204,0,0,0.6803085484903562,0.0,0.0,0.49351627593329295,0.0,0.0,0.0,1.0,1.0,0.603833480084422,2283.8197475787447,9.144598479702891,8.68461950636311,7.757518201263934,17.829217986066
13.56667638436211,0.6656904867015266,0.14575905473033046,0.6659310612664502,1.4782674008532635,0.7455770473296525,4.90992238756147e-05,0.0,0.0,0.0,0.0,0.0,0.0,0.35908391992930044,4161.797092526321,1385860007.1221135,-0.07283120554276268,5.312451367034658,100.0,IMRPhenomXP,20.0,31.94649537206526,19.179130593059405,12.767364779005854,0.020141252779086294,-0.06870916475707811,(3.39597931431028+1.293827151940448j),0.9750935422685311,(1.3797302384737202-0.16610395845794818j),0.8799322038041941,0.23992955020774628,1.4782674008532635,0,0,0.14575905473033046,0,0,0.6659310612664502,0.0,0.0,0.3536449488769947,0.0,0.0,0.0,1.0,1.0,0.6707882533421675,2490.918347952804,11.479091114445147,7.64152175086616,8.119925644212518,19.12061286531131
16.89122544122875,0.780308714773029,0.021154845353094667,0.17846341601114268,1.4920598822446134,1.6758990294484433,9.112395103802934e-05,0.0,0.0,0.0,0.0,0.0,0.0,2.3578088759805405,4043.4243266438875,1385860007.2918305,-0.07150929623638547,5.313635368607427,100.0,IMRPhenomXP,20.0,39.164777649652486,21.998868693200546,17.16590895645194,0.041673224347103854,0.009844549208610331,(0.057778106611685906-1.8827864092926294j),0.8643689582874785,(2.837101938996334-0.3245157333407275j),1.3161855235342517,0.24619306876426503,1.4920598822446134,0,0,0.021154845353094667,0,0,0.17846341601114268,0.0,0.0,0.0901031393059291,0.0,0.0,0.0,1.0,1.0,0.6550700065701333,2443.053351785779,13.291805546515624,10.371711703014624,10.205746810815032,23.663517249530248
13.718571199901005,0.9561285318073447,0.5307875276935308,0.09190416118225748,1.7696999876318855,2.182798942780393,0.00010893120033784526,0.0,0.0,0.0,0.0,0.0,0.0,2.673556556057147,4671.480323280099,1385860007.1882298,-0.07124194670952999,5.296825130820276,100.0,IMRPhenomXP,20.0,31.526516034969116,16.116791674134276,15.409724360834844,0.03759159113134336,-0.05081214357195729,(1.4572126497494882-0.6188403231939862j),0.7537547325959082,(-0.306528991054626-0.01644563541395953j),0.6989993314218843,0.24987424954341325,1.7696999876318855,0,0,0.5307875276935308,0,0,0.09190416118225748,0.0,0.0,0.31626741716205325,0.0,0.0,0.0,1.0,1.0,0.7374006990933454,2688.7754484048737,9.276381483295562,8.869413008108225,7.896031817565158,18.145794491403787
14.978668185129148,0.8237959028357991,0.08624744359974734,0.43452782739389617,1.321300540390845,0.23760331653057012,-6.433424153936553e-06,0.0,0.0,0.0,0.0,0.0,0.0,4.825215237677151,4771.186988809296,1385860007.2166743,-0.07118563377451625,5.285285850733205,100.0,IMRPhenomXP,20.0,34.606119765133094,18.974776569749082,15.631343195384012,0.023806333615199682,-0.07584373664051824,(1.7822270680587016+0.307318103694575j),0.7194899840324115,(0.3666469440052612-1.8444752606968877j),0.9993599174473758,0.24766643693454218,1.321300540390845,0,0,0.08624744359974734,0,0,0.43452782739389617,0.0,0.0,0.24356326647312004,0.0,0.0,0.0,1.0,1.0,0.7502437028673155,2726.0129289958218,10.841219733379921,8.930952398100994,8.55804717971019,19.772172131480914
12.824276135638003,0.9174332697035158,0.7611472423629064,0.0522985780615187,1.540136698849981,0.7380946842556705,-9.753859659864959e-05,0.0,0.0,0.0,0.0,0.0,0.0,3.708783027588254,4890.613849413558,1385860007.2992094,-0.07056861307662743,5.3162682104576575,100.0,IMRPhenomXP,20.0,29.495277055989295,15.382687638746363,14.112589417242932,0.002541046572878791,-0.06298967017927293,(0.7528553253030416-1.97537545903848j),0.7864675827559323,(2.882349019603658-0.2701269251095705j),0.6902141773508251,0.24953643603960082,1.540136698849981,0,0,0.7611472423629064,0,0,0.0522985780615187,0.0,0.0,0.4219848015674839,0.0,0.0,0.0,1.0,1.0,0.7655514523936854,2770.020569082218,8.712681591856722,7.993303960702746,7.263609405577621,16.70598555255947
15.497980093066333,0.7740758330254471,0.058075859264117825,0.08664722993539194,1.4021734343311585,1.0064237321198002,0.00020982462624926415,0.0,0.0,0.0,0.0,0.0,0.0,0.2387944854394117,3157.9904465625555,1385860007.295188,-0.06963926382824237,5.302453562434454,100.0,IMRPhenomXP,20.0,35.95601966200596,20.267464892235083,15.688554769770876,0.08652094374883879,0.3319498727212684,(1.8593364156779915-1.2596946524173733j),1.923043047784207,(0.9078982805449041+1.9739774221393023j),2.067302942881351,0.24594565195199328,1.4021734343311585,0,0,0.058075859264117825,0,0,0.08664722993539194,0.0,0.0,0.07054229792549611,0.0,0.0,0.0,1.0,1.0,0.5339989269602957,2058.6653439432175,13.212176707578404,10.227226690998164,10.102992786166054,23.439403398576566
12.479497728139188,0.6270581582930785,0.11848511024442283,0.7590452287566853,1.2631313264688306,0.5470864722443142,6.345183518830877e-05,0.0,0.0,0.0,0.0,0.0,0.0,4.559745360033331,2394.2264170857084,1385860007.2411976,-0.06922064657339977,5.268643333755137,100.0,IMRPhenomXP,20.0,29.613934055921113,18.200906897506744,11.41302715841437,0.019019436623692654,-0.09292925033120425,(2.244404073094899+1.7673344224538536j),1.5388025839458292,(1.7465285263570227-1.083368508323983j),1.6319459444160023,0.23686542340808864,1.2631313264688306,0,0,0.11848511024442283,0,0,0.7590452287566853,0.0,0.0,0.36535302098442957,0.0,0.0,0.0,1.0,1.0,0.42338501519114274,1682.0652167691997,12.78705810673621,8.018229106396587,8.76747864769628,20.805287213132797
14.467680577032441,0.9237067000836762,0.5028604482328188,0.1639257300246615,1.432927386921601,1.6961382529491689,-6.162416344445971e-05,0.0,0.0,0.0,0.0,0.0,0.0,1.0462561733827658,4207.7138563909475,1385860007.2218337,-0.06896389721852225,5.307204106536631,100.0,IMRPhenomXP,20.0,33.26940887912689,17.294428967617446,15.974979911509449,0.05685887968425063,-0.09799735943285937,(0.5717104782221736+0.004605484416981655j),0.7943749968736773,(3.1081898428165284-0.9486301801858406j),1.1963514296371056,0.24960678045784307,1.432927386921601,0,0,0.5028604482328188,0,0,0.1639257300246615,0.0,0.0,0.3401140846181214,0.0,0.0,0.0,1.0,1.0,0.6768590078992357,2509.2830290934226,10.313585630126326,9.52672814843441,8.627845578476816,19.840313778560734
15.532019331288872,0.861819675216368,0.05563002675804061,0.32672279570504914,1.3911572123163007,0.7451566637038085,0.00022668666881892015,0.0,0.0,0.0,0.0,0.0,0.0,4.3794743617773975,3492.5335682226128,1385860007.2213583,-0.0685906313587119,5.300515650059914,100.0,IMRPhenomXP,20.0,35.801664476404156,19.229394206634716,16.57227026976944,0.08098385547590237,0.056713802553730375,(2.378002978900705+1.4778578919756462j),1.3579876481880926,(0.573559988530591+1.3823009476444856j),1.2917354690197758,0.24862292626220495,1.3911572123163007,0,0,0.05563002675804061,0,0,0.32672279570504914,0.0,0.0,0.1811164448024012,0.0,0.0,0.0,1.0,1.0,0.5805256806135709,2209.7290826283306,12.166454770396221,10.485290098757503,9.827122407311492,22.651744869153724
16.494113384258885,0.9997391540104446,0.23284356794749153,0.5521248951316696,1.4575831216351396,0.1250415228758545,-0.00017949636023281793,0.0,0.0,0.0,0.0,0.0,0.0,6.208178819399173,3778.354055807558,1385860007.2982996,-0.06729635575675808,5.310315938503367,100.0,IMRPhenomXP,20.0,37.893522210111286,18.94923252070973,18.94428968940155,0.02727805377378667,-0.027738478117811383,(0.8388367487128014-0.5130096837309887j),0.9607292628340947,(3.097377958024584+1.786834714136536j),1.4742602186405025,0.24999999574635107,1.4575831216351396,0,0,0.23284356794749153,0,0,0.5521248951316696,0.0,0.0,0.3924634080102795,0.0,0.0,0.0,1.0,1.0,0.6195005292322355,2333.0366346982405,11.700664605335502,11.697612533898067,10.18469156788626,23.39827713923357
14.786004206165655,0.5867585520031959,0.22374768602948897,0.7566621733538934,1.7533847738792985,1.895978979507087,-3.900341552427928e-06,0.0,0.0,0.0,0.0,0.0,0.0,0.141786918311735,3861.7689177854054,1385860007.2470562,-0.06717947980035266,5.299975566617773,100.0,IMRPhenomXP,20.0,35.43138962042127,22.329414626876332,13.10197499354494,0.021603312205513814,-0.04555583183012679,(1.6857497652420683-0.5220421500691137j),0.6056703532286399,(0.18398458555093397+0.006215097807959192j),0.8789858799553273,0.2330438963522887,1.7533847738792985,0,0,0.22374768602948897,0,0,0.7566621733538934,0.0,0.0,0.42081114759346566,0.0,0.0,0.0,1.0,1.0,0.6307511522132,2368.0920923976432,13.692717369275877,8.034319016585325,9.066989887512019,21.7270363858612
13.216598819081863,0.7360846553603279,0.2307642717057613,0.2472468654797857,1.2942977011475567,1.8407688426095192,-0.00016668432052005907,0.0,0.0,0.0,0.0,0.0,0.0,1.7701394025924468,3277.7009096740085,1385860007.2239742,-0.06695510859097453,5.278015310086198,100.0,IMRPhenomXP,20.0,30.792725256183274,17.736880031228768,13.05584522495451,0.015243390888414199,-0.09275585653384932,(1.2554751623189213+0.5565731546645225j),0.9859458321474596,(2.262394446188571-0.746024215436754j),1.3200246370922224,0.24422266574038212,1.2942977011475567,0,0,0.2307642717057613,0,0,0.2472468654797857,0.0,0.0,0.2377527467897018,0.0,0.0,0.0,1.0,1.0,0.550767214468774,2113.599563257261,11.437487113309047,8.418958759988282,8.522619446535888,19.856445873297325
15.710798253205546,0.8523637689366406,0.5569377349700594,0.11844834626849039,1.653847171845701,0.2373922885776769,0.00015231310924218345,0.0,0.0,0.0,0.0,0.0,0.0,4.363628015960274,1252.5250743874155,1385860007.215844,-0.06585334150875255,5.3132855972052635,100.0,IMRPhenomXP,20.0,36.23220764280546,19.55998505822901,16.672222584576453,0.018325854801958696,-0.05412392217863493,(1.0679110355313786+1.4110396748531j),1.6526411174238502,(3.312834140904834-1.2634071853329367j),3.0412829064857756,0.24841191643075866,1.653847171845701,0,0,0.5569377349700594,0,0,0.11844834626849039,0.0,0.0,0.3551671787434347,0.0,0.0,0.0,1.0,1.0,0.24191603249296137,1008.542480231533,15.749845034986185,13.424597274188859,12.650451272191454,29.174442309175042
16.759369186691963,0.5837574725550692,0.5760181384393905,0.7168219206818357,1.7374438517539186,0.47577186896336104,0.00018407847094781293,0.0,0.0,0.0,0.0,0.0,0.0,3.490918137378867,4995.702810226351,1385860007.2687716,-0.06583812989709803,5.302787840819481,100.0,IMRPhenomXP,20.0,40.19246189084901,25.377914603305193,14.814547287543819,0.02662801561806738,-0.037840417226104206,(1.6869504177964136-1.533814110067485j),0.5740935820698988,(2.11151112022964+0.39135955988278365j),0.5766498557409936,0.23273146263763192,1.7374438517539186,0,0,0.5760181384393905,0,0,0.7168219206818357,0.0,0.0,0.6279170317184473,0.0,0.0,0.0,1.0,1.0,0.7789554984009828,2808.2224634455656,14.265626445471051,8.327666038222935,9.420904121410654,22.593292483693986
12.586425382551017,0.8356349135542711,0.6764765237333843,0.4278362017597481,1.3591143006320783,2.1680354254067544,1.4848455825460633e-05,0.0,0.0,0.0,0.0,0.0,0.0,3.4264738193919833,2617.4870921360757,1385860007.217766,-0.06574482903646284,5.294164300811551,100.0,IMRPhenomXP,20.0,29.056013628431923,15.82886303473704,13.227150593694883,-0.020265137678873613,-0.03569092472754809,(1.416719428401973+1.1265827861837852j),1.312664916124395,(2.7781825169824326-0.3210402648815079j),1.246941486739741,0.2479955901190228,1.3591143006320783,0,0,0.6764765237333843,0,0,0.4278362017597481,0.0,0.0,0.5632881481885743,0.0,0.0,0.0,1.0,1.0,0.4564295689673837,1797.194416549778,10.868265360720319,9.081901985190402,8.641973254824029,19.95016734591072
16.5707834411082,0.706142812455993,0.628623095460146,0.3854121767832413,1.7337305107024719,1.9733258517984877,-0.0001778302965440078,0.0,0.0,0.0,0.0,0.0,0.0,1.4843949741325189,3381.442535446923,1385860007.2569625,-0.06545121764046025,5.303405366177688,100.0,IMRPhenomXP,20.0,38.76376686928291,22.720118495521756,16.043648373761158,0.020958096166252438,-0.0385094085797848,(0.7214490971729094+0.5659394976544401j),0.7060984205205452,(2.3366440625733524+0.29057288573247814j),0.8932615235640369,0.24258379233358346,1.7337305107024719,0,0,0.628623095460146,0,0,0.3854121767832413,0.0,0.0,0.5279623296199798,0.0,0.0,0.0,1.0,1.0,0.565189502400049,2160.404547262528,14.515889903863341,10.250291322015615,10.587078060323492,24.766181225878952
12.56732532137151,0.7967887948480634,0.19122636210319632,0.4248005762604192,1.5443638370238133,0.7195412046680713,-0.00016802255712507094,0.0,0.0,0.0,0.0,0.0,0.0,2.416304820447234,4054.9882959408133,1385860007.1369348,-0.06495744550473126,5.3163889115599146,100.0,IMRPhenomXP,20.0,29.096005046517686,16.193336206205608,12.902668840312078,0.0012604442083521405,-0.05255343782754596,(0.7026770895444561-0.3333868267404646j),0.8657896016583729,(0.30416939668948195-1.3583790937733156j),0.7384084616571461,0.2468022739827992,1.5443638370238133,0,0,0.19122636210319632,0,0,0.4248005762604192,0.0,0.0,0.29480521184866937,0.0,0.0,0.0,1.0,1.0,0.6566099220860036,2447.7628871105007,9.774984436779755,7.788598069040318,7.586170500262808,17.563582505820072
14.219279293678884,0.5366912161436364,0.2942192819311766,0.38896358018845556,1.5177926652302995,0.8471358772730275,-2.3440254092470106e-05,0.0,0.0,0.0,0.0,0.0,0.0,0.09247752167709825,2766.8368479450482,1385860007.276641,-0.06491075176509442,5.315332938219714,100.0,IMRPhenomXP,20.0,34.58970218772535,22.509207981632798,12.080494206092553,0.09028279042641696,-0.0715264653639145,(2.6325085773645354+0.0009289149136597199j),1.757564677345439,(1.5947291261468337-0.9974185332246772j),1.7046647630056684,0.22727479240726084,1.5177926652302995,0,0,0.2942192819311766,0,0,0.38896358018845556,0.0,0.0,0.3273088396251288,0.0,0.0,0.0,1.0,1.0,0.4781890311019783,1871.7747095493175,15.227557171664547,8.172496177357397,9.61939169787948,23.400053349021945
13.998740489792032,0.5300943492026213,0.5079360244636222,0.5653102245710458,1.4439928357256786,0.2449801002253524,9.472599658486025e-05,0.0,0.0,0.0,0.0,0.0,0.0,3.793663053384152,4550.264903121347,1385860007.2387555,-0.0646974444472137,5.308677090142053,100.0,IMRPhenomXP,20.0,34.13020613771401,22.305948751134398,11.824257386579612,0.007126521355483861,-0.0650798887779922,(-1.2654159245165266+2.607695936469108j),0.4765024213118628,(1.552585353324683-0.3455416891435546j),0.8052874357420617,0.22642102503266998,1.4439928357256786,0,0,0.5079360244636222,0,0,0.5653102245710458,0.0,0.0,0.5278130596822773,0.0,0.0,0.0,1.0,1.0,0.7217074930283076,2642.8791796857563,12.955713349368372,6.86775043638914,8.1307310019135,19.823463785757514
14.75048707835423,0.8203096956856999,0.6701066177775608,0.3915999025035623,1.7647902657233978,1.9726575857657032,-0.0001814537617571093,0.0,0.0,0.0,0.0,0.0,0.0,5.521013649787118,4887.1176885255845,1385860007.2929702,-0.06376781171844215,5.297802243895003,100.0,IMRPhenomXP,20.0,34.0874091446426,18.726159194467222,15.361249950175377,0.039627175904713985,-0.05404526347148275,(-1.128276142626475-3.4894910588488592j),0.5268433377382762,(0.1633686830915738-1.187814666965833j),0.6548164998534499,0.24756387969060714,1.7647902657233978,0,0,0.6701066177775608,0,0,0.3915999025035623,0.0,0.0,0.544599535441894,0.0,0.0,0.0,1.0,1.0,0.7651044659006597,2768.741308630232,10.609093997681342,8.702742668738967,8.35672186168747,19.31183666642031
14.3696761502985,0.7340803279910478,0.12961822558995886,0.444796204322099,1.239075696595894,0.5271911606139568,0.00021482642929918208,0.0,0.0,0.0,0.0,0.0,0.0,5.382500323827116,4995.249845734522,1385860007.1973097,-0.0636981666693277,5.260679326935291,100.0,IMRPhenomXP,20.0,33.48758914738208,19.31144054103759,14.176148606344492,0.059884568337129185,-0.05144180206665938,(0.603272049900164-0.26005946429638466j),0.8495418560623543,(-0.22956524805946762-0.5468721634325706j),0.9233826332453031,0.24412101274629877,1.239075696595894,0,0,0.12961822558995886,0,0,0.444796204322099,0.0,0.0,0.263041083959666,0.0,0.0,0.0,1.0,1.0,0.7788978554481866,2808.0588405480057,10.855845647288245,7.969062733381543,8.077853433961286,18.824908380669786
15.25864213036371,0.6439756730299017,0.07680998873005916,0.1002981945722655,1.663667417889703,1.0435325776516362,0.00024000311008787287,0.0,0.0,0.0,0.0,0.0,0.0,0.637879662531736,4045.6922796115896,1385860007.244924,-0.0629895800103406,5.312419557152292,100.0,IMRPhenomXP,20.0,36.080178249009414,21.946905201165446,14.133273047843968,0.10332932429073782,0.3481196529967825,(0.49512202711813363-0.18807239806199993j),1.4665151506698504,(0.3775386283966343+0.42849706890067546j),1.5890235519024545,0.2382751152236258,1.663667417889703,0,0,0.07680998873005916,0,0,0.1002981945722655,0.0,0.0,0.0860107533238699,0.0,0.0,0.0,1.0,1.0,0.6553720945091361,2443.9775767650845,13.25798910949584,8.537822459810691,9.217650932365343,21.79581156930653
14.342493270217417,0.7153536727526675,0.5431583749746306,0.09584403769485839,1.211761021710016,0.4085212977675797,8.86392001631674e-05,0.0,0.0,0.0,0.0,0.0,0.0,2.8836454596594723,2803.6241633755285,1385860007.2889044,-0.06285894819208027,5.250850833612061,100.0,IMRPhenomXP,20.0,33.5070798110328,19.533627579706767,13.973452231326036,0.10872453777238489,-0.12293741470713426,(2.654514728049206+0.9302846662744573j),1.5530866857344474,(1.0206235240150303+0.809612580231598j),1.8392715296008981,0.24311595303918704,1.211761021710016,0,0,0.5431583749746306,0,0,0.09584403769485839,0.0,0.0,0.35661494714932473,0.0,0.0,0.0,1.0,1.0,0.4835086812979221,1889.8603068737816,13.167181173902394,9.419191412550857,9.667953717445837,22.58637258645325
13.472746060664656,0.6785673730505221,0.22205190653211215,0.4567609691115885,1.7518795290594462,0.5497037447512111,-3.801749625703411e-05,0.0,0.0,0.0,0.0,0.0,0.0,0.9417454399711743,1972.926980720438,1385860007.1267953,-0.06089813237538144,5.3002523311886485,100.0,IMRPhenomXP,20.0,31.65387423227269,18.857672763379725,12.796201468892958,0.01358983645649503,-0.035213545446509675,(0.4004516854428267+0.4449238590831196j),1.4407713286379922,(0.41728674931153137+0.2440731946719953j),1.317940710852394,0.24083268046540987,1.7518795290594462,0,0,0.22205190653211215,0,0,0.4567609691115885,0.0,0.0,0.31693395570256994,0.0,0.0,0.0,1.0,1.0,0.35912276895641626,1451.6179227626733,13.874885473266945,9.415044586971598,9.912824925307902,23.289930060238547
13.85113241521947,0.872215097012619,0.08462221329724846,0.03615996326133306,1.3228089069608235,0.6551660663304774,-0.00013786610835094096,0.0,0.0,0.0,0.0,0.0,0.0,1.5745291157156045,3444.9565040773255,1385860007.2213826,-0.059340011734486,5.285668978796311,100.0,IMRPhenomXP,20.0,31.910823577149362,17.04442167359271,14.86640190355665,0.05154799250695463,-0.04053687462754629,(1.6802659069022006+1.0603862392836145j),1.152648577408502,(2.45091729568365+0.23841275640260962j),1.1255447944743449,0.24883537095216143,1.3228089069608235,0,0,0.08462221329724846,0,0,0.03615996326133306,0.0,0.0,0.06204494309791471,0.0,0.0,0.0,1.0,1.0,0.573971019112807,2188.703899640094,10.828929800245024,9.445156056263555,8.80011909179044,20.27408585650858
13.6942936368144,0.745268368808681,0.4885605555930037,0.004063109138077436,1.3706686173902551,2.3791148956134758,-0.00010511661450774166,0.0,0.0,0.0,0.0,0.0,0.0,0.36302052993979433,3874.7396477122206,1385860007.1621633,-0.05883543611975739,5.296577620983873,100.0,IMRPhenomXP,20.0,31.870339044880872,18.260996196611035,13.609342848269833,0.07160430062479861,-0.09723762968520688,(0.5476117427709792-0.8241230681688153j),1.264599569590315,(1.2942399650424377+0.91606509523411j),1.2596339385763147,0.24467424324694745,1.3706686173902551,0,0,0.4885605555930037,0,0,0.004063109138077436,0.0,0.0,0.28166938168265115,0.0,0.0,0.0,1.0,1.0,0.632495771700991,2373.5066900926095,11.18593782180756,8.33652563405385,8.388563005309061,19.52246345586141
12.47068459610847,0.6775174056881514,0.3730154225042209,0.2238828318419156,1.2706653536595702,2.0568843378890564,-0.00021339486956099498,0.0,0.0,0.0,0.0,0.0,0.0,0.21220333587201032,4807.003704292994,1385860007.134808,-0.05852226759339807,5.271006110441821,100.0,IMRPhenomXP,20.0,29.30477985997124,17.469136093970857,11.835643766000382,0.02185548497958245,-0.08129260849865605,(2.0290897704801845+0.5204702366761466j),0.7077149410457703,(2.250387509963891+0.27268404517661454j),0.7812799306583545,0.24076113765122353,1.2706653536595702,0,0,0.3730154225042209,0,0,0.2238828318419156,0.0,0.0,0.3127836028006098,0.0,0.0,0.0,1.0,1.0,0.7548430883838881,2739.2783503939168,9.954813743523331,6.744559581620682,7.106438563457699,16.699373325144013
14.910846263198536,0.8355917797918784,0.5389853031990367,0.577784194006577,1.790468320673182,2.0175529414445745,0.0002407914617526445,0.0,0.0,0.0,0.0,0.0,0.0,3.353794403376857,4540.903389258298,1385860007.2902086,-0.05849875653544179,5.292413812065556,100.0,IMRPhenomXP,20.0,34.42208099146912,18.752579615153834,15.66950137631529,0.06245859949300647,-0.06516290862277052,(1.6392702963653842+1.5095687209863853j),0.6739359923172584,(1.6227787373417053+1.0836502175856408j),0.7605603025161933,0.2479944437082036,1.790468320673182,0,0,0.5389853031990367,0,0,0.577784194006577,0.0,0.0,0.556647200893686,0.0,0.0,0.0,1.0,1.0,0.7204917816147614,2639.3054744766964,10.89954617368394,9.10757118619232,8.666618708985645,20.007117359876258
13.177906337841947,0.5294420464644453,0.046576985496211615,0.36601122181434464,1.6116527079481244,2.4942776940572813,-0.00013640612685111896,0.0,0.0,0.0,0.0,0.0,0.0,5.919634176812057,1775.4014037358118,1385860007.221381,-0.05736811597567559,5.315903436262509,100.0,IMRPhenomXP,20.0,32.13623464794829,21.011737399423826,11.124497248524472,0.03813870609561354,-0.05386799540249054,(1.0435326010672457+0.22075872425740328j),2.6918416473659716,(3.238098433435169-1.5388162261674652j),2.728955992515922,0.2263353440540549,1.6116527079481244,0,0,0.046576985496211615,0,0,0.36601122181434464,0.0,0.0,0.1571545102726701,0.0,0.0,0.0,1.0,1.0,0.3280092791751178,1336.889302658147,15.82198086181679,8.376821926601568,9.923052906699036,24.198802788418355
13.040208074101464,0.5229057093816903,0.053498282695312316,0.38501244618205777,1.9071826611959026,1.905128189187144,0.00022347863490370116,0.0,0.0,0.0,0.0,0.0,0.0,4.487845331438138,3896.4427426006273,1385860007.1590211,-0.05710439757514019,5.259060043226089,100.0,IMRPhenomXP,20.0,31.87411306040938,20.92980075132194,10.944312309087435,0.022562474324664183,-0.06414147192250796,(0.8778450497811735-0.2829718237295754j),0.9018426813627334,(0.5674704270270104+0.3980637207212693j),1.1145320966850272,0.22546407599961807,1.9071826611959026,0,0,0.053498282695312316,0,0,0.38501244618205777,0.0,0.0,0.16732716110860277,0.0,0.0,0.0,1.0,1.0,0.6354120766327643,2382.5449346654755,12.797875868946381,6.6920823598302235,7.97365279394942,19.489958228776604
13.95228152495357,0.8269318312275256,0.018265047498337416,0.7213966224781756,1.3020056493061931,1.8200516361893633,-2.9621226572732384e-05,0.0,0.0,0.0,0.0,0.0,0.0,1.5151707067835174,2473.7113072835587,1385860007.2155867,-0.054886055692214164,5.2801705212959815,100.0,IMRPhenomXP,20.0,32.22776708155284,17.640377451795135,14.587389629757702,0.041326509352314966,-0.09564037645134871,(0.07873823681312811-0.29911916705171343j),1.390197246598285,(1.2456115328114132+0.30771684202265037j),1.8923492166927167,0.24775648116382426,1.3020056493061931,0,0,0.018265047498337416,0,0,0.7213966224781756,0.0,0.0,0.33652644672159027,0.0,0.0,0.0,1.0,1.0,0.43522356446708693,1723.5720952224965,12.291031089881239,10.16384484682994,9.721329742892141,22.454875936711183
14.536618135623723,0.6378564887317542,0.19178410695510656,0.08572048684733416,1.3979712943438931,1.7756521615355623,-0.00014731993799780538,0.0,0.0,0.0,0.0,0.0,0.0,2.064693977203154,2107.046150629673,1385860007.2146728,-0.054305707088979194,5.301729103117396,100.0,IMRPhenomXP,20.0,34.41601719834599,21.012840523650176,13.403176674695816,0.01941901632445253,-0.05095141224854016,(0.9226100546860881+0.6642074389486357j),1.3071994495235812,(2.8018137331653437-2.0203957677425075j),1.9832522708723124,0.2377777902181131,1.3979712943438931,0,0,0.19178410695510656,0,0,0.08572048684733416,0.0,0.0,0.15047806532718067,0.0,0.0,0.0,1.0,1.0,0.37987335146428514,1526.9851834366768,15.228093579278058,9.713338300556872,10.53474807684187,24.94143187983493
15.590069277298413,0.8256839142472842,0.46828680952287494,0.7572466751580958,1.596208469673958,2.293700745472892,-0.00013510184565851955,0.0,0.0,0.0,0.0,0.0,0.0,6.005739800851155,3060.759925568563,1385860007.28328,-0.05385436539875599,5.316415367243151,100.0,IMRPhenomXP,20.0,36.01392515269801,19.726265248684232,16.287659904013772,0.07913223771990863,-0.08874145683243384,(1.6275435958162343-0.39307428593826355j),1.479098544237313,(0.16241426748644536-0.7179574140337949j),1.2768593460153614,0.24772089800583152,1.596208469673958,0,0,0.46828680952287494,0,0,0.7572466751580958,0.0,0.0,0.5989718153205117,0.0,0.0,0.0,1.0,1.0,0.5202760208912977,2013.2922474024879,12.975449837799353,10.713620211193458,10.254762334643921,23.68907004899281
12.141428146978184,0.7028134208984285,0.0820479390104735,0.4559039806401952,1.729047976125032,0.5444602823018454,0.00022058197232662662,0.0,0.0,0.0,0.0,0.0,0.0,2.699193203612466,2879.77386677671,1385860007.1753054,-0.052554930824929125,5.304163881435948,100.0,IMRPhenomXP,20.0,28.416214585027888,16.68780280697758,11.72841177805031,0.009549507236359056,-0.023577732093574333,(-0.26689343831551854+0.865206153481201j),0.8263484428107263,(0.33503805607025566-0.34363837031176364j),0.719896694212987,0.24238509893049634,1.729047976125032,0,0,0.0820479390104735,0,0,0.4559039806401952,0.0,0.0,0.23635201032951372,0.0,0.0,0.0,1.0,1.0,0.49447184915031933,1926.950897408578,11.16635473359061,7.847863969280176,8.124226731926187,19.014218702870785
15.558821694463429,0.7999158343060884,0.32656207219407263,0.639197085668584,1.687491977684058,0.6199138823583291,-0.00017401025948531761,0.0,0.0,0.0,0.0,0.0,0.0,3.789004085680555,3873.8065631121467,1385860007.2688186,-0.05156508515471425,5.309913842806863,100.0,IMRPhenomXP,20.0,36.01245798723402,20.007856645762388,16.004601341471634,0.03651534915251631,-0.03502489531071973,(2.237913318887209-0.819822511997216j),0.9146115192018748,(1.8437676302774326+1.4616934613565453j),0.742174229591288,0.24691069309640545,1.687491977684058,0,0,0.32656207219407263,0,0,0.639197085668584,0.0,0.0,0.46550284535148617,0.0,0.0,0.0,1.0,1.0,0.6323703125352746,2373.1175065819034,12.256934895298171,9.804516302807842,9.531428974776341,22.061451198106013
15.638071801702942,0.543465535871793,0.06959641859387204,0.530042837117295,1.2391791897446587,3.1400560515484934,0.0002128754830760529,0.0,0.0,0.0,0.0,0.0,0.0,3.0080825543773835,4531.125177759935,1385860007.2313223,-0.05106984044662344,5.260714969004822,100.0,IMRPhenomXP,20.0,37.95564025427609,24.5911809315766,13.364459322699494,0.04329733879736608,0.41009504551877285,(-0.3317681912921318-1.268531063165111j),1.2212143079356497,(1.0583649823923769+0.7377539594855186j),1.5598837905124618,0.22812775951877856,1.2391791897446587,0,0,0.06959641859387204,0,0,0.530042837117295,0.0,0.0,0.23172297974299363,0.0,0.0,0.0,1.0,1.0,0.7192213843980552,2635.5682009535103,14.30367325275367,7.773553449242805,9.096019828288865,22.077226701996473
12.422094238055463,0.8432873129028008,0.4304916753306108,0.7337299010570314,1.6737012651392453,0.3461622330058018,-0.00012017050914856446,0.0,0.0,0.0,0.0,0.0,0.0,5.113822331000784,3984.92630901094,1385860007.1002781,-0.050693348099301705,5.311434206200963,100.0,IMRPhenomXP,20.0,28.66296546504941,15.54991740268157,13.113048062367842,0.0044311627939159215,-0.012396820229900407,(1.7999078182705555-0.15026262300282453j),0.30345140670171905,(2.5429184323247687-0.22316617987046722j),0.5545841910933406,0.2481929829281258,1.6737012651392453,0,0,0.4304916753306108,0,0,0.7337299010570314,0.0,0.0,0.5692204273554616,0.0,0.0,0.0,1.0,1.0,0.6472652887631797,2419.116305531096,9.439837959772074,7.960495587334051,7.541040488616363,17.400333547106126
15.872465968385596,0.7229384427418364,0.16592877718677893,0.7632457847130149,1.4266203804466635,1.708681391346258,8.89690570081804e-05,0.0,0.0,0.0,0.0,0.0,0.0,5.371414656677967,2669.987434580122,1385860007.215694,-0.050653126755784594,5.3063087306374745,100.0,IMRPhenomXP,20.0,37.043100210795956,21.49995571045858,15.543144500337378,0.04026768674372616,-0.08660285809618751,(1.260827768345915+0.9778979929331157j),1.3226402351273638,(3.6535219375172394-0.3444438512299345j),1.9983108008631116,0.24353523075001485,1.4266203804466635,0,0,0.16592877718677893,0,0,0.7632457847130149,0.0,0.0,0.4165607304427751,0.0,0.0,0.0,1.0,1.0,0.46410891187250575,1823.6262531229365,14.684669655457155,10.616112212894496,10.841041837581388,25.30078186835165
13.001099302317543,0.6482457042848349,0.07730243289482025,0.13038567649308827,1.5664668301434546,1.4981075794811543,6.117999028960506e-06,0.0,0.0,0.0,0.0,0.0,0.0,0.9096371856677156,4925.606889307022,1385860007.2196996,-0.050044936369726845,5.31672891820441,100.0,IMRPhenomXP,20.0,30.715856501390093,18.635484031015594,12.080372470374497,0.02546781193880987,-0.09406676169007522,(0.781712804322452-0.20850507031947363j),0.8382323226146525,(1.919134804284943-0.5373708778215724j),1.1205975988163717,0.23861390184692002,1.5664668301434546,0,0,0.07730243289482025,0,0,0.13038567649308827,0.0,0.0,0.09817977208194918,0.0,0.0,0.0,1.0,1.0,0.770021549842906,2782.794853978122,10.528393867673271,6.824986097737996,7.345164415354956,17.35337996541127
14.831246585973126,0.7929363515111142,0.7411271218790768,0.12579990905140406,1.4730220022328293,1.79875784296185,0.00024357375278959137,0.0,0.0,0.0,0.0,0.0,0.0,6.178100602334509,2900.741687987704,1385860007.2176688,-0.04998879297241565,5.311950745916842,100.0,IMRPhenomXP,20.0,34.3488740679416,19.157888141981083,15.190985925960518,0.03108729109589503,-0.08150651293273303,(0.9237821131195691+1.5642103456408936j),0.7668536278628539,(2.6884801622810013-0.14466091389759067j),1.3539043072568144,0.24666559777039404,1.4730220022328293,0,0,0.7411271218790768,0,0,0.12579990905140406,0.0,0.0,0.468995144235891,0.0,0.0,0.0,1.0,1.0,0.49747928573114225,1937.0830214012733,12.793424473065262,10.144371325005366,9.904141397676689,22.937795798070628
16.721467156641797,0.8607101831993849,0.6933439295867837,0.011943431033782216,1.6678791236257782,1.6188215381760236,-0.00021581572034894348,0.0,0.0,0.0,0.0,0.0,0.0,0.632073906132295,3925.3973318663193,1385860007.2197044,-0.04970422905540639,5.312018334464012,100.0,IMRPhenomXP,20.0,38.54558992368497,20.715525863037968,17.830064060647004,0.019537033861215747,0.07344869031641821,(1.9941651802125897+1.44174940025537j),1.1298443481216152,(0.529822648726643-1.083451272545599j),1.636383168972299,0.24859905439148514,1.6678791236257782,0,0,0.6933439295867837,0,0,0.011943431033782216,0.0,0.0,0.3781479612746886,0.0,0.0,0.0,1.0,1.0,0.6392972432009681,2394.5610563984455,12.636833221647995,10.876651037264718,10.200387529470055,23.51348425891271
14.595360287679497,0.521827754662675,0.3069269096312991,0.26621839373431977,1.6054695544467112,1.820205362372679,-2.578881779541055e-05,0.0,0.0,0.0,0.0,0.0,0.0,0.028098970204276243,2975.8279019320585,1385860007.2162175,-0.047576225758713564,5.316137053660833,100.0,IMRPhenomXP,20.0,35.68922488731026,23.451553421839815,12.237671465470441,0.007714746877219847,-0.03471036547499562,(0.791603714314381+1.6239940164950293j),0.5056981690675431,(2.220297976617919-2.494739081032689j),1.046114009409916,0.22531814837454983,1.6054695544467112,0,0,0.3069269096312991,0,0,0.26621839373431977,0.0,0.0,0.29296814630799567,0.0,0.0,0.0,1.0,1.0,0.5082099761401854,1973.0859459801327,15.549262896309097,8.114036943840617,9.677273402627915,23.66329984014972
14.583136015507566,0.6545538530172459,0.39693784883233507,0.10685381347478727,1.5831708256351122,0.7079859150636947,-0.00019727189405847412,0.0,0.0,0.0,0.0,0.0,0.0,1.6392630960538563,4032.187660102389,1385860007.1465485,-0.047355928933391356,5.316661724439443,100.0,IMRPhenomXP,20.0,34.41127663848643,20.797918771718425,13.613357866768002,0.04285792020047685,-0.03378529671601349,(-0.6739430897451664-0.5489343096904546j),0.9471154157997042,(1.0296334602038886-0.10519499955076649j),0.7921667569401241,0.239102198323215,1.5831708256351122,0,0,0.39693784883233507,0,0,0.10685381347478727,0.0,0.0,0.28217843940252624,0.0,0.0,0.0,1.0,1.0,0.6535727496714789,2438.4700564879986,12.577565018442897,8.232693644396726,8.819168082205545,20.810258662839622
12.081385314456995,0.7346823090339337,0.29486358163022225,0.17598607109638398,1.5053419934700047,1.8223181127536403,3.261535445890781e-05,0.0,0.0,0.0,0.0,0.0,0.0,0.6851100134207793,3123.0559574992058,1385860007.298539,-0.04660640493268886,5.314594624298428,100.0,IMRPhenomXP,20.0,28.152756597641815,16.229344388322282,11.92341220931953,0.0033817634516961625,-0.04584353433783528,(-1.2485539517797166-1.162041163694654j),0.451485133653132,(1.5018952714660363-2.198427602268832j),0.8866678316783203,0.2441516611445413,1.5053419934700047,0,0,0.29486358163022225,0,0,0.17598607109638398,0.0,0.0,0.2445159165411344,0.0,0.0,0.0,1.0,1.0,0.5290792407927205,2042.4422017115903,10.613802055090686,7.797772601463136,7.901085170833686,18.411574656553825
12.132362880797233,0.7460076567245205,0.2305063415413746,0.36353993977139754,1.3088621246926104,2.012047015198804,0.00012283954882232398,0.0,0.0,0.0,0.0,0.0,0.0,1.263908406576177,2831.038623337598,1385860007.2426558,-0.046577680181692394,5.282033925282994,100.0,IMRPhenomXP,20.0,28.232854718926717,16.169948974846452,12.062905744080265,0.0072631744849753765,-0.06032694229174207,(1.969368007750831-0.46034559229338656j),0.9972769864513786,(0.08654400003126288-0.2536924088436486j),1.1398752619126675,0.24470959438649323,1.3088621246926104,0,0,0.2305063415413746,0,0,0.36353993977139754,0.0,0.0,0.2873469186711398,0.0,0.0,0.0,1.0,1.0,0.4874629695072608,1903.266622509129,10.870824555856293,8.10971835357773,8.156413389448087,18.980542909434025
12.997104837752062,0.6264712356113342,0.6448047975944714,0.10599829613787,1.4063860097877217,0.6757407452366613,-8.273306044817667e-05,0.0,0.0,0.0,0.0,0.0,0.0,1.334312116423428,3385.5363870757506,1385860007.134887,-0.046133043727521805,5.30316158334119,100.0,IMRPhenomXP,20.0,30.846195410417753,18.965103553659674,11.881091856758081,0.008681849458936464,-0.06326761471939091,(1.6108804633700249+0.2828520509837735j),1.1012024741450026,(2.0055519683041445-0.03111831035913694j),0.9987954941771399,0.23681453844293848,1.4063860097877217,0,0,0.6448047975944714,0,0,0.10599829613787,0.0,0.0,0.4372716009830569,0.0,0.0,0.0,1.0,1.0,0.5657566143449505,2162.2366734881284,12.112421164252217,7.588083453013962,8.300846197088893,19.700504617266176
14.105955687447596,0.6534138877428735,0.5070366921835605,0.6739114552725948,1.3425086212452977,1.9996432716096804,-0.00022998135713918333,0.0,0.0,0.0,0.0,0.0,0.0,4.295001759242904,2835.688060958782,1385860007.2173817,-0.04512725080223823,5.290451122680119,100.0,IMRPhenomXP,20.0,33.292575715026004,20.135657479250238,13.156918235775764,0.009890193166751882,-0.05063417146730265,(1.46159003242746+0.5258446115909928j),1.0386243407252649,(1.2836188391307457+1.3415102209590044j),1.2115979329934774,0.23901502281142165,1.3425086212452977,0,0,0.5070366921835605,0,0,0.6739114552725948,0.0,0.0,0.572984056315737,0.0,0.0,0.0,1.0,1.0,0.48813277096857655,1905.53431523382,13.530820550470509,8.841226060234101,9.47896314269492,22.37204661070461
13.976078603550867,0.6917188122839864,0.3856804457021228,0.28511160032741856,1.5008295593387742,1.7596049677912267,-3.712762209458502e-05,0.0,0.0,0.0,0.0,0.0,0.0,0.9216257540941394,4386.422054259394,1385860007.221388,-0.044687854900490986,5.314288616582873,100.0,IMRPhenomXP,20.0,32.76584683499554,19.36837646840283,13.397470366592716,0.0201368947745173,-0.07282562315403673,(0.5879941854282374-0.2139559878402384j),0.5208072235798633,(1.6000328549280227-0.3449791841197864j),0.8958739473809567,0.24169809617024,1.5008295593387742,0,0,0.3856804457021228,0,0,0.28511160032741856,0.0,0.0,0.34455933161966945,0.0,0.0,0.0,1.0,1.0,0.7003511760840759,2579.715350776483,11.390809581470325,7.879237274647705,8.219524766488474,19.27004685611803
12.938180951736973,0.5798364207684424,0.15271324531091734,0.5479909752450361,1.722892765234329,0.55874221991339,-0.00018956265771233674,0.0,0.0,0.0,0.0,0.0,0.0,4.9159080216836335,3105.2293851298064,1385860007.201432,-0.044441528532074503,5.305126754257781,100.0,IMRPhenomXP,20.0,31.06164645725654,19.66130546740273,11.400340989853808,0.008020780594644727,-0.025502105850597645,(0.48970095787758966-0.30899796876624536j),0.8265327448550094,(0.6208676644272206-0.3493089700445072j),0.703325535114323,0.23231713735374507,1.722892765234329,0,0,0.15271324531091734,0,0,0.5479909752450361,0.0,0.0,0.2977892931355344,0.0,0.0,0.0,1.0,1.0,0.5265641119944404,2034.1296906157859,12.87944955139515,7.467973929348685,8.47536035341049,20.347423480743835
14.389758015518076,0.7892491092810363,0.7232642483505796,0.6429839760431605,1.7080949180564602,0.4550534708208587,0.00021752345900416195,0.0,0.0,0.0,0.0,0.0,0.0,2.0068824533468828,2919.2783687750307,1385860007.2983856,-0.0440815358051172,5.307283076158117,100.0,IMRPhenomXP,20.0,33.33726766985282,18.631987852853282,14.705279816999541,0.011327749377673557,-0.01888994514691078,(2.481856837671568+0.0632083551555773j),0.7286466182179238,(1.7951906833218383+0.1465265555302757j),0.7474170013787497,0.24653153571492314,1.7080949180564602,0,0,0.7232642483505796,0,0,0.6429839760431605,0.0,0.0,0.6878521120064516,0.0,0.0,0.0,1.0,1.0,0.5001340252076119,1946.0116863895428,12.420215487262679,9.802644010400602,9.592314935678228,22.22285949766328
16.246206403936288,0.7484127126703911,0.449058390392021,0.19353398007725656,1.5384112509015269,0.125802306371908,-1.7368565411789085e-05,0.0,0.0,0.0,0.0,0.0,0.0,4.891383556540861,3462.076204223807,1385860007.267195,-0.04387336948130338,5.316213802244443,100.0,IMRPhenomXP,20.0,37.795493442746086,21.617031933507366,16.17846150923872,0.024282356270618477,-8.765030852320166e-05,(0.9271515578998548-2.3308831397816494j),0.9346728354382653,(1.4952507534278068+1.4693134317187064j),1.494935373303559,0.24482358028618384,1.5384112509015269,0,0,0.449058390392021,0,0,0.19353398007725656,0.0,0.0,0.3396804868276542,0.0,0.0,0.0,1.0,1.0,0.5763318764161398,2196.28637055742,13.713503010961526,10.263359988647293,10.306336277911702,23.97686299960882
14.159926577194312,0.7600766310312316,0.2504160677389371,0.6053774059811468,1.579149432257692,1.8145829409816745,6.358675813162846e-06,0.0,0.0,0.0,0.0,0.0,0.0,6.195264746895114,2867.6679967313526,1385860007.2612298,-0.043421533203436,5.316703402913168,100.0,IMRPhenomXP,20.0,32.899133941790126,18.691875888673366,14.20725805311676,0.009773180611470256,-0.05352739696733044,(1.671691960790228-0.058818847300467436j),0.5391952073696771,(0.6505715527513172-0.652395962229799j),1.1274282672666094,0.24535461238879003,1.579149432257692,0,0,0.2504160677389371,0,0,0.6053774059811468,0.0,0.0,0.4037036083839153,0.0,0.0,0.0,1.0,1.0,0.4927332953447379,1921.0853080535503,12.521912619599329,9.517613157972523,9.485905232604972,22.03952577757185
13.655989482822147,0.6755592223646005,0.056823766179346175,0.30749042620683575,1.500633471888451,1.6980971875500412,-9.28321388734036e-05,0.0,0.0,0.0,0.0,0.0,0.0,1.9193893846747487,3562.3357155553804,1385860007.2155566,-0.0430696284208536,5.314274855226751,100.0,IMRPhenomXP,20.0,32.100873957175224,19.15830459986576,12.942569357309463,0.040837166161702854,-0.036122373303091315,(0.16463327612209527+0.5570776226404095j),0.7657210252226594,(2.8602424381928375+2.400143819758428j),1.201802537966256,0.24062672603323015,1.500633471888451,0,0,0.056823766179346175,0,0,0.30749042620683575,0.0,0.0,0.15788863554393032,0.0,0.0,0.0,1.0,1.0,0.5901067923045749,2240.3122422848605,12.048438942958814,8.139434043012626,8.58809581149593,20.18787298597144
16.705830218845588,0.7879681095754193,0.35570204566816654,0.07177350827630705,1.6060149018273089,1.0754018475371185,-0.00016685651467757015,0.0,0.0,0.0,0.0,0.0,0.0,3.227105175138573,3789.8820757031526,1385860007.271381,-0.04286293441564526,5.31611798824297,100.0,IMRPhenomXP,20.0,38.707453498565634,21.6488500501037,17.058603448461934,-0.007847650694517316,0.798812540258437,(-0.3889494521941185-0.3725271002821248j),1.7770050004465157,(0.664849838550712+0.23814589606230663j),1.9592312662664213,0.2464842106784321,1.6060149018273089,0,0,0.35570204566816654,0,0,0.07177350827630705,0.0,0.0,0.23057306173102876,0.0,0.0,0.0,1.0,1.0,0.6210585957848659,2337.905655675518,13.354760960767123,10.52312574808728,10.305506699316533,23.877886708854405
14.845265052620086,0.5168099348999191,0.26746535216420336,0.11348610392873165,1.5468055228171438,1.749728965827812,8.705538982384437e-05,0.0,0.0,0.0,0.0,0.0,0.0,0.9339071579130064,4291.101166377641,1385860007.2396228,-0.04223465615567923,5.3164504835566815,100.0,IMRPhenomXP,20.0,36.366946805151606,23.97594185559652,12.391004949555084,0.01510344941763575,-0.040349468438228175,(-1.7092710457981102+0.10273346581558432j),0.5269421111648543,(0.518807143338004+0.38781390977691244j),0.9136792146101946,0.2246303969607487,1.5468055228171438,0,0,0.26746535216420336,0,0,0.11348610392873165,0.0,0.0,0.2150012935992367,0.0,0.0,0.0,1.0,1.0,0.6878471497608607,2542.351765125707,14.205043305605905,7.341307506020719,8.79538473298569,21.546350811626624
15.3616831572072,0.6409609809062742,0.42918193024110524,0.6808803571735016,1.5166750990156266,0.7138186781178038,-0.00013127661768995002,0.0,0.0,0.0,0.0,0.0,0.0,1.2955641638681252,4821.680997397198,1385860007.2645416,-0.041771470749826456,5.315273021324728,100.0,IMRPhenomXP,20.0,36.346094656654415,22.14927416286346,14.196820493790957,0.05506033054895321,-0.0683241782683015,(0.5931757652999203-0.1795122679607209j),0.8905874770480504,(1.145338832013089-0.6253140674427506j),0.7639606648109716,0.23803185623940276,1.5166750990156266,0,0,0.42918193024110524,0,0,0.6808803571735016,0.0,0.0,0.5274955845548451,0.0,0.0,0.0,1.0,1.0,0.7567257490567634,2744.6976349925685,12.608270912381197,8.081409691531896,8.744497065324698,20.689680603913093
16.978970721864666,0.7395032075358503,0.0678728125140741,0.5374895268841993,1.220422359678998,1.3120159348545095,0.00010509252589046284,0.0,0.0,0.0,0.0,0.0,0.0,4.213622717049753,3469.542418197704,1385860007.2125075,-0.041246907380015685,5.254058749362858,100.0,IMRPhenomXP,20.0,39.54190632143194,22.73172371866236,16.81018260276958,-0.05723834004191897,0.8120288536357574,(0.6624292709661251+2.288153091788419j),2.152641990710345,(3.178639324931399-0.27069858123035473j),2.579795388691447,0.24439346805339626,1.220422359678998,0,0,0.0678728125140741,0,0,0.5374895268841993,0.0,0.0,0.26751778303477225,0.0,0.0,0.0,1.0,1.0,0.5773606794831854,2199.587232113699,14.411240253630703,10.657158392129665,10.764165065549715,25.068398645760368
15.147278114679365,0.5036799469189079,0.27925154670928015,0.08897949647763347,1.619085970578435,2.243785822080033,-0.00016338046553917494,0.0,0.0,0.0,0.0,0.0,0.0,0.3253195404908129,2816.5137359405894,1385860007.1415274,-0.0410162939529819,5.315571892231503,100.0,IMRPhenomXP,20.0,37.2930834262018,24.8012108578136,12.491872568388198,0.05356625447497532,-0.006224976808533178,(1.1830799882831249-0.7250419146181158j),1.2401716554977897,(-0.5146846992940811+0.9984070318585508j),0.9867923971693027,0.22276340344637657,1.619085970578435,0,0,0.27925154670928015,0,0,0.08897949647763347,0.0,0.0,0.21551709553355003,0.0,0.0,0.0,1.0,1.0,0.4853689414645627,1896.1711548413768,16.697003798503953,8.409945986935275,10.197653722141423,25.106949785439227
13.069179121344298,0.564956353225281,0.26210384706094986,0.3673294925831598,1.6863629111649123,2.170628816655209,7.171817764847841e-05,0.0,0.0,0.0,0.0,0.0,0.0,0.04376982767126059,4941.979023084047,1385860007.1955414,-0.040315634861655125,5.310045555221147,100.0,IMRPhenomXP,20.0,31.50953887871918,20.134452193366233,11.375086685352947,0.008379852954267575,-0.026627534239470618,(1.4088532496230703+0.6086236689506246j),0.552397362361491,(-0.19993365470140392+0.03207297802674565j),0.4353245543014018,0.2306802629536545,1.6863629111649123,0,0,0.26210384706094986,0,0,0.3673294925831598,0.0,0.0,0.30009078314225673,0.0,0.0,0.0,1.0,1.0,0.7721106411297346,2788.7530740642546,11.361848253746933,6.418948355335894,7.3749227717591,17.780796609082827
14.160773820301454,0.6867901628820161,0.48534519030230705,0.17231246482935358,1.3445943201604678,1.804608885723606,0.00017551712454870136,0.0,0.0,0.0,0.0,0.0,0.0,4.152600638872975,3252.2313383012042,1385860007.2231636,-0.0400042420339517,5.290933417877304,100.0,IMRPhenomXP,20.0,33.22506338235122,19.697211967126687,13.527851415224534,0.0582336555067271,-0.0944330581792423,(0.8864192352293557+0.9916736796950324j),0.9682824730903506,(1.8849959104711922+2.01517333437573j),1.3846166418849295,0.24138036895212958,1.3445943201604678,0,0,0.48534519030230705,0,0,0.17231246482935358,0.0,0.0,0.35789140189056573,0.0,0.0,0.0,1.0,1.0,0.5472110858430134,2101.995881397803,12.730785183325173,8.743378029671852,9.152451110176616,21.474163212997027
12.912589682858655,0.8197476233258324,0.3393230950175281,0.42282036226655634,1.750284517869855,0.4776318584614992,3.3263897862526254e-05,0.0,0.0,0.0,0.0,0.0,0.0,5.796510364131527,4146.367116274084,1385860007.226666,-0.03955593296205984,5.300543045490388,100.0,IMRPhenomXP,20.0,29.841362215097433,16.39862683846145,13.442735376635982,0.008812144706187297,-0.03252300284555221,(0.0019495524757786914+1.1441481420436719j),0.5643749271155499,(1.3724666835607096-2.037370461212519j),0.5739771862838918,0.2475471008856444,1.750284517869855,0,0,0.3393230950175281,0,0,0.42282036226655634,0.0,0.0,0.37693638023589116,0.0,0.0,0.0,1.0,1.0,0.6687449502417613,2484.7219020540083,9.826922224445191,8.055596138096748,7.737904873352833,17.88251836254194
14.312201164972187,0.626975820241525,0.04080374173762307,0.15041445997021807,1.7302437154554553,1.934372174129742,1.653803210419514e-06,0.0,0.0,0.0,0.0,0.0,0.0,0.18988125385209487,3209.8040066148824,1385860007.2660398,-0.0393021379973737,5.303972324885375,100.0,IMRPhenomXP,20.0,33.96356538300391,20.875273596851617,13.088291786152292,0.009815313060443587,-0.022505059224703583,(2.30020591076612-0.4316975297829692j),0.5648852473048156,(1.8208077812372105+0.9534231121184742j),0.7967186527153611,0.236858293016616,1.7302437154554553,0,0,0.04080374173762307,0,0,0.15041445997021807,0.0,0.0,0.08304362577040601,0.0,0.0,0.0,1.0,1.0,0.5412735768402175,2082.5660468224714,13.54417146347779,8.491868012805844,9.285957652186443,22.036039476283634
13.110446339721744,0.9997200106099893,0.014497999591396216,0.16141067503973883,1.7678907583212702,2.2846159498165637,-3.957738218975511e-05,0.0,0.0,0.0,0.0,0.0,0.0,3.089879606807686,4104.775806918693,1385860007.2224574,-0.039289046887935886,5.297188112441572,100.0,IMRPhenomXP,20.0,30.119896641712863,15.062056928922349,15.057839712790512,0.023769838417178946,-0.04997348189758677,(1.3650951354687777+0.05370631844754314j),0.9578701991680834,(2.807573383619978-1.3617076548019864j),0.9077402103050433,0.2499999950989992,1.7678907583212702,0,0,0.014497999591396216,0,0,0.16141067503973883,0.0,0.0,0.08794405237813495,0.0,0.0,0.0,1.0,1.0,0.6632289757466233,2467.955934658014,9.055913015320693,9.053377455759541,7.88252641752857,18.109290471080236
12.561593153682022,0.8525999836203488,0.3640714299478154,0.5131002287939066,1.5417932527630336,2.224903753104413,-0.0002056892436788449,0.0,0.0,0.0,0.0,0.0,0.0,5.774237311825893,3771.151773462278,1385860007.149967,-0.03690764146136427,5.3163176423743606,100.0,IMRPhenomXP,20.0,28.969134382783803,15.637015350811108,13.332119031972693,0.008382594105528662,-0.028862438945822078,(-0.14347854031662396+0.6703324746507893j),0.8042191288420913,(0.507372337898811-0.8634055722945553j),0.6158320022443684,0.24841739781684866,1.5417932527630336,0,0,0.3640714299478154,0,0,0.5131002287939066,0.0,0.0,0.432657175698948,0.0,0.0,0.0,1.0,1.0,0.6185265729608985,2329.990642666261,9.661265753706521,8.237195023362018,7.761128772017693,17.89846077706854
12.706107616433764,0.6746667929039092,0.0015003861881483617,0.6349386038068806,1.6796959330991776,0.5944861431526779,-0.00023844827284804374,0.0,0.0,0.0,0.0,0.0,0.0,4.997961770498874,3155.944802203138,1385860007.2556705,-0.03587852829251381,5.310796971278012,100.0,IMRPhenomXP,20.0,29.872599682714743,17.837936363994533,12.034663318720211,0.0064821237514869345,-0.021145839504436215,(2.3871528045737946-0.9263721996563807j),0.8168123890691404,(1.0679574217572838-0.03625166335988792j),0.6297556529378532,0.2405650418086375,1.6796959330991776,0,0,0.0015003861881483617,0,0,0.6349386038068806,0.0,0.0,0.25669128899607196,0.0,0.0,0.0,1.0,1.0,0.5337111852499782,2057.71781400179,11.630570693847513,7.8467598296602965,8.284550402077693,19.47733052350781
16.959815533418542,0.6208068937132024,0.25726345382048116,0.6860449896440332,1.1775113888043631,2.382375123101858,-1.4983752292597238e-06,0.0,0.0,0.0,0.0,0.0,0.0,3.061096147930682,4923.865350916078,1385860007.2215126,-0.03578163331178352,5.237321827881846,100.0,IMRPhenomXP,20.0,40.30182714222169,24.86528611060621,15.436541031615478,-0.06617486702907849,0.4906385936393658,(2.671376485794279+0.18945739657127733j),1.4495129527873019,(0.9781111491086656+0.743598528616379j),1.5616195278943572,0.23631646444891408,1.1775113888043631,0,0,0.25726345382048116,0,0,0.6860449896440332,0.0,0.0,0.42149679609505886,0.0,0.0,0.0,1.0,1.0,0.7697992439924748,2782.160380980309,14.049777789775085,8.722198907031014,9.582903592589995,22.7719766968061
16.958493467125408,0.767856889737618,0.7149574404524403,0.25624795461340366,1.4532683889333828,0.24379094453088124,-0.00020983100724506436,0.0,0.0,0.0,0.0,0.0,0.0,0.6770161981518686,1892.1344214589958,1385860007.2157743,-0.03474331365843408,5.309815924113289,100.0,IMRPhenomXP,20.0,39.36911241924377,22.26940011252091,17.099712306722864,0.01857452780460145,-0.06430246133207085,(0.9921762663715975+0.7162357325451574j),1.3323534201051057,(3.5250273983661797-0.9151505593486075j),2.303041865996708,0.24568920475112863,1.4532683889333828,0,0,0.7149574404524403,0,0,0.25624795461340366,0.0,0.0,0.5157200241580813,0.0,0.0,0.0,1.0,1.0,0.3464792337188566,1405.2459056958985,16.53898519549744,12.699573731631174,12.594693659171813,29.23855892712861
13.910350861959454,0.7038356229366036,0.2838207815181817,0.5503143820580788,1.3511368782714979,2.168252227794943,-0.00022699010511971842,0.0,0.0,0.0,0.0,0.0,0.0,2.1357068716823098,2625.861187439856,1385860007.1527646,-0.033763723749339114,5.292416613047535,100.0,IMRPhenomXP,20.0,32.551317482495925,19.104728792084362,13.446588690411565,0.04339505891716655,-0.056232226945873265,(0.10855610318260368-0.8038256308518458j),1.3811026248060985,(0.8804432204972115+1.7649767270013332j),1.319518802025272,0.24244646474455514,1.3511368782714979,0,0,0.2838207815181817,0,0,0.5503143820580788,0.0,0.0,0.3939063360280347,0.0,0.0,0.0,1.0,1.0,0.4576567171230359,1801.4263374972163,13.106466404374821,9.22479794622082,9.542953905782555,22.33126435059564
13.766672089162057,0.7925037834149431,0.2153152831782922,0.597984448401406,1.677368484700872,0.41770426316074627,-4.186119001157025e-05,0.0,0.0,0.0,0.0,0.0,0.0,3.1293288172763813,4512.6905242529165,1385860007.1941786,-0.033493666221977914,5.311048695777021,100.0,IMRPhenomXP,20.0,31.884547553943133,17.78771562378468,14.096831930158455,0.004298690261622995,-0.01572903385785962,(-0.32625011145732086+0.7973526270703574j),0.3069871771125295,(0.645205312966676-1.7742224567229958j),0.3765671609145807,0.24665003544931918,1.677368484700872,0,0,0.2153152831782922,0,0,0.597984448401406,0.0,0.0,0.3845014037552846,0.0,0.0,0.0,1.0,1.0,0.7168247068569663,2628.509780406062,10.360822250950184,8.210990833167747,8.01868241654388,18.571813084117927
13.940131269769939,0.6982843903097125,0.5414544516170049,0.06140922223306538,1.3553121877618486,0.6563340283332183,-0.00010790420791142828,0.0,0.0,0.0,0.0,0.0,0.0,4.798909816568374,4857.129540180257,1385860007.1606522,-0.03283399302669032,5.29333965500799,100.0,IMRPhenomXP,20.0,32.64825429882877,19.224256246549363,13.423998052279403,0.055003175543596905,-0.06621913232495968,(0.39508659086451947+0.0883345503227742j),0.8283686544159364,(0.14906451124637615+0.06635267266531154j),0.7877586569683755,0.24210931453223355,1.3553121877618486,0,0,0.5414544516170049,0,0,0.06140922223306538,0.0,0.0,0.3440740292130051,0.0,0.0,0.0,1.0,1.0,0.7612676921470596,2757.746365355415,10.915011007278617,7.62178180644135,7.914828241001986,18.53679281371997
15.506570761715427,0.5160059713111149,0.28258229637831606,0.013634577556633155,1.6244745072002154,2.975288233092686,0.00010225139772109036,0.0,0.0,0.0,0.0,0.0,0.0,2.6499530941802507,4080.373917742607,1385860007.2969303,-0.03236351355636202,5.315296924599716,100.0,IMRPhenomXP,20.0,37.99828739845374,25.06473464981869,12.933552748635051,0.055254751169946825,0.37238027519210704,(1.3693276785948336-0.8097101340328107j),1.3377845563046458,(3.3928689359165496+2.3118162140477825j),1.6948174444697301,0.224518898845477,1.6244745072002154,0,0,0.28258229637831606,0,0,0.013634577556633155,0.0,0.0,0.19104002576148685,0.0,0.0,0.0,1.0,1.0,0.6599870437279747,2458.075762813727,15.099355591070562,7.79135764794228,9.341380597098516,22.890713239012843
16.4704978628671,0.9022903546798122,0.5732279649656282,0.22209108086842805,1.6745836138884511,1.9428699458733185,6.795806490963183e-05,0.0,0.0,0.0,0.0,0.0,0.0,6.0198322798572255,4144.794103161867,1385860007.2992325,-0.032030524995704246,5.311342692849161,100.0,IMRPhenomXP,20.0,37.89929271669407,19.922980013780897,17.976312702913177,0.007001633331988111,-0.01935865806177839,(-0.1754960500627303-0.40251786045765553j),0.35124296954217993,(2.9818071122763308-0.8733744717553931j),0.58117052414971,0.24934042942793697,1.6745836138884511,0,0,0.5732279649656282,0,0,0.22209108086842805,0.0,0.0,0.40667745761862845,0.0,0.0,0.0,1.0,1.0,0.6685365526443161,2484.0894911948735,11.940391705657708,10.773700267113782,9.871223879851156,22.714091972771488
12.301153101558235,0.907584581428903,0.40811022958649473,0.564060669159617,1.3224982684094944,0.4989464976774872,3.4986746756962236e-05,0.0,0.0,0.0,0.0,0.0,0.0,1.2515015326752683,4320.978791538391,1385860007.2215903,-0.03189620479555488,5.2855902740133605,100.0,IMRPhenomXP,20.0,28.300500908159655,14.83577775983111,13.464723148328545,-0.00294505026877645,-0.034469276818307915,(0.03582545078283262-0.6883622179836281j),0.7066131262953366,(0.8672004076288473+0.6789582124573025j),0.7501123849462064,0.2494132389575531,1.3224982684094944,0,0,0.40811022958649473,0,0,0.564060669159617,0.0,0.0,0.48230783833294644,0.0,0.0,0.0,1.0,1.0,0.6917728642831801,2554.112823496546,8.769367373744446,7.958942617296131,7.271161135907183,16.72830999104058
14.249257712110037,0.7755383989394857,0.10664148496395996,0.6912560824622581,1.2606489693882212,2.183274850311858,0.00022378190849427112,0.0,0.0,0.0,0.0,0.0,0.0,0.911940477664712,3994.777268815799,1385860007.2232394,-0.030446984433195823,5.267851158875273,100.0,IMRPhenomXP,20.0,33.05417641324445,18.616424422579332,14.437751990665115,0.12361627997542701,-0.0944618704593867,(1.3070800626998589-0.16239978660238572j),1.1310450931149139,(2.269252360496303-0.6581044486782297j),1.173586338638666,0.24600456579528499,1.2606489693882212,0,0,0.10664148496395996,0,0,0.6912560824622581,0.0,0.0,0.3619956182292775,0.0,0.0,0.0,1.0,1.0,0.6485813320840124,2423.1605600727094,11.292390651449297,8.757682566024204,8.64334530228921,20.050073217473503
13.77626091940705,0.7413230929368748,0.5060623414047178,0.42433728999375014,1.6720427774974473,2.128839261208,-0.00011431567991238462,0.0,0.0,0.0,0.0,0.0,0.0,0.0034029092334429377,3992.766761126844,1385860007.295126,-0.030440867875874744,5.311604087952986,100.0,IMRPhenomXP,20.0,32.07613803075019,18.420555128945843,13.655582901804346,0.0100528983265048,-0.015253828650403367,(1.3351726653083613-1.8375734603930725j),0.6339721756627786,(2.181851638267101-0.8300915712428509j),0.46362955535633005,0.24448308098690077,1.6720427774974473,0,0,0.5060623414047178,0,0,0.42433728999375014,0.0,0.0,0.4712700227774934,0.0,0.0,0.0,1.0,1.0,0.6483127985348367,2422.335607931534,11.17540016999178,8.284582218825584,8.357795275054944,19.459982388817366
13.629529365264863,0.5693115826725625,0.27067867824662334,0.04987504302980988,1.660119302572616,1.7565282848042536,-0.0002120155568249332,0.0,0.0,0.0,0.0,0.0,0.0,0.5494032689950645,4244.869820695793,1385860007.297475,-0.029621879948812158,5.312743677359139,100.0,IMRPhenomXP,20.0,32.81873703761546,20.912824068834457,11.905912968781005,0.027328490947062356,-0.0356699450496647,(2.3439035101233876+1.080159252616159j),0.5303664959710638,(1.407154031159447+1.4754661972374221j),0.8842248116996716,0.23117009916532386,1.660119302572616,0,0,0.27067867824662334,0,0,0.04987504302980988,0.0,0.0,0.1905759960176043,0.0,0.0,0.0,1.0,1.0,0.681760931929606,2524.062579274624,12.43507544490266,7.079432482190253,8.104320362363703,19.514507927092914
14.100237283955432,0.65091877173253,0.14765683338074817,0.5520760046926934,1.8500707401703278,2.1788803904621714,7.194764459900194e-06,0.0,0.0,0.0,0.0,0.0,0.0,0.23252594729055232,2619.016127023613,1385860007.2889202,-0.02957204647676015,5.277223467584886,100.0,IMRPhenomXP,20.0,33.29516644138942,20.16765876763782,13.1275076737516,0.09280854910257252,-0.06451867410449319,(3.0486975186780274+0.023299775150595316j),1.569080861850531,(1.650367297469177+0.5639886653224674j),1.587217437207452,0.23882257953954694,1.8500707401703278,0,0,0.14765683338074817,0,0,0.5520760046926934,0.0,0.0,0.3071098814427081,0.0,0.0,0.0,1.0,1.0,0.45665369823931706,1797.9675763689697,13.845197930032942,9.01209923101081,9.679882940604646,22.85729716104375
12.877276347872346,0.5562182304144275,0.7595990762550855,0.19897576152652352,1.6014928532235833,0.5677255162515311,-8.671257634455896e-06,0.0,0.0,0.0,0.0,0.0,0.0,4.112207808990092,3179.153238385441,1385860007.1441994,-0.029242563595502813,5.316267078127873,100.0,IMRPhenomXP,20.0,31.128735742373568,20.002808818197597,11.125926924175973,0.00416313945063107,-0.010452745464875068,(0.13580671491044313+0.13018098786372453j),0.7139055128741227,(1.8351132111290747-0.032465437337686656j),0.41298689407191297,0.22966997434526823,1.6014928532235833,0,0,0.7595990762550855,0,0,0.19897576152652352,0.0,0.0,0.5592229966326601,0.0,0.0,0.0,1.0,1.0,0.5369733532241248,2068.450450827745,13.014414840854267,7.2388547926592235,8.37833415970391,20.25326963351349
15.759229021618479,0.7458294763513441,0.4370094264528587,0.632560657405369,1.3767269466031642,0.566501071957289,-7.826124036943772e-05,0.0,0.0,0.0,0.0,0.0,0.0,1.1676256458706793,4492.114377393799,1385860007.1616209,-0.029210322842409653,5.29778741939386,100.0,IMRPhenomXP,20.0,36.67359014407409,21.00639875821046,15.667191385863632,0.04023945213757041,-0.05046969802504586,(0.8733343665419878+0.28618055695476324j),0.8171599829015697,(-0.7871442327664508+1.6643906656981424j),0.7621294138524206,0.24470108769162824,1.3767269466031642,0,0,0.4370094264528587,0,0,0.632560657405369,0.0,0.0,0.520550158326617,0.0,0.0,0.0,1.0,1.0,0.7141471209888697,2620.611925979319,12.254723355421286,9.139933903004444,9.193626864727445,21.39465725842573
16.812842316187165,0.9033134519070602,0.21622050813230748,0.41065676148956487,1.9811181816403984,0.7659802028802483,-7.79063221435597e-05,0.0,0.0,0.0,0.0,0.0,0.0,2.9116647668230846,3679.169961917214,1385860007.2554488,-0.029022728684313215,5.230082284151381,100.0,IMRPhenomXP,20.0,38.68569768983315,20.32544752472132,18.36025016511183,-0.03184231583961683,0.7579711703129846,(1.3921343693042902-0.49894861270934976j),1.8899034624938966,(2.1835263748950933+1.1501418354706514j),2.0437273183154865,0.24935486369094279,1.9811181816403984,0,0,0.21622050813230748,0,0,0.41065676148956487,0.0,0.0,0.30850004465322955,0.0,0.0,0.0,1.0,1.0,0.6060517108692338,2290.816619311405,12.655537419601949,11.431917192239608,10.468431497194851,24.087454611841558
13.599404771704611,0.6458737577084075,0.716312432215411,0.40475467513968466,1.4213513350561469,1.870360579658021,-0.00011951643919564639,0.0,0.0,0.0,0.0,0.0,0.0,1.300772795580675,1034.994887700174,1385860007.1796842,-0.0289264162786953,5.305529571905944,100.0,IMRPhenomXP,20.0,32.14453455561078,19.530376740659896,12.614157814950888,0.009542656806371896,-0.06027364452736017,(1.134798338310802+0.3652520950387205j),1.9676903753230595,(2.2449608402996923-0.6450407666853177j),3.1849986181409515,0.23842654068589744,1.4213513350561469,0,0,0.716312432215411,0,0,0.40475467513968466,0.0,0.0,0.594050941403457,0.0,0.0,0.0,1.0,1.0,0.20417081702282236,859.5083596456191,16.218942084102792,10.475389069914502,11.293584414649427,26.694331154017295
13.574734099918174,0.8297044305603483,0.2908290499732125,0.7630417136160677,1.7012391014047905,2.0499776784774637,0.0002202541733135228,0.0,0.0,0.0,0.0,0.0,0.0,5.675814667908185,3370.1347669911606,1385860007.2946372,-0.028160177164371136,5.308206394986266,100.0,IMRPhenomXP,20.0,31.349773943285754,17.133791348849094,14.215982594436658,0.011851849698574779,-0.0162099805190018,(2.1868814803522514-0.47814382689550355j),0.6033442119260541,(0.8310864819198627+0.17145303872871318j),0.5509899280308764,0.24783436716510646,1.7012391014047905,0,0,0.2908290499732125,0,0,0.7630417136160677,0.0,0.0,0.5049603231161608,0.0,0.0,0.0,1.0,1.0,0.5636222765925304,2155.338155445352,10.957755978117245,9.09169868404302,8.681594207969743,20.049454662160265
14.56265690631366,0.6538247134265802,0.6856234900421417,0.1607711615098757,1.5596255795040843,0.31300625221907397,4.787099529066091e-05,0.0,0.0,0.0,0.0,0.0,0.0,6.2677966397078935,3264.880138562585,1385860007.264287,-0.027396803541548387,5.316675896409136,100.0,IMRPhenomXP,20.0,34.367757185430975,20.780773746102746,13.586983439328229,0.0016500379858225556,-0.03374187814392737,(-0.36929561431498964-0.833423821702725j),0.23121132405443276,(-0.40799490836527563-1.5569686205781743j),0.7442518009785577,0.2390464933893971,1.5596255795040843,0,0,0.6856234900421417,0,0,0.1607711615098757,0.0,0.0,0.47812784645432665,0.0,0.0,0.0,1.0,1.0,0.5489779079265825,2107.76415773797,13.415797371777428,8.771579871991444,9.401461978116146,22.18737724376887
13.47582255574729,0.6807850236865463,0.43955636938290743,0.7136483809918055,1.6801598850483035,2.1317788145734267,-0.00020170613457370852,0.0,0.0,0.0,0.0,0.0,0.0,4.168426567718754,4605.55418698255,1385860007.2588294,-0.026248550509528457,5.310746137501324,100.0,IMRPhenomXP,20.0,31.649284142718134,18.83006077320956,12.819223369508576,0.011776386828296959,-0.019087112499646786,(2.457878250718635+0.8583667090651967j),0.5611674710821906,(-0.4005339035191796+1.676887320690441j),0.4237666005199167,0.24098258231998793,1.6801598850483035,0,0,0.43955636938290743,0,0,0.7136483809918055,0.0,0.0,0.5505745745583576,0.0,0.0,0.0,1.0,1.0,0.7288765661428499,2663.8999435493906,10.891500956149642,7.414770736414375,7.79455446366079,18.306271692564014
16.49118596704605,0.6206812767900052,0.3879813175763519,0.22521518823866504,1.8930747823056173,1.4565905581758534,-1.5676021882840487e-05,0.0,0.0,0.0,0.0,0.0,0.0,3.430542108444782,4982.666581767658,1385860007.252443,-0.025811999908755823,5.263881910797214,100.0,IMRPhenomXP,20.0,39.189330132954076,24.180775513476803,15.008554619477275,-0.028601124849170212,0.4639306713086073,(0.05813838459493206-0.5613241600137922j),1.3335996380223585,(1.110300077929182-0.2668842988976973j),1.6703285651092403,0.23630527426608045,1.8930747823056173,0,0,0.3879813175763519,0,0,0.22521518823866504,0.0,0.0,0.3256458723396555,0.0,0.0,0.0,1.0,1.0,0.777296024401437,2803.5096712399386,13.60537309569489,8.44460034424029,9.27880653567545,22.04997343993518
15.197138218311206,0.7894777994916662,0.12515885575280167,0.1975532033846796,1.3040916170853214,0.43745500682922694,3.555400675876806e-05,0.0,0.0,0.0,0.0,0.0,0.0,2.288750576241506,3403.1425557549674,1385860007.297254,-0.02519184294318011,5.280742775115104,100.0,IMRPhenomXP,20.0,35.207033868238845,19.674473680668207,15.532560187570638,0.053825420567371385,-0.0033567996781891374,(0.09272474693763534-1.0662017801625032j),0.9821483684544303,(3.4928547847473266+0.33796735098982134j),1.1265924142410404,0.24653994357794082,1.3040916170853214,0,0,0.12515885575280167,0,0,0.1975532033846796,0.0,0.0,0.15709763156789436,0.0,0.0,0.0,1.0,1.0,0.5681938322721938,2170.1032540895576,12.545945071191479,9.904745107347564,9.690854475745327,22.450690178539045
15.315251363473973,0.5525455814277451,0.3233779264368855,0.1439563609689599,1.7023924697250679,0.47521852587703295,0.00022833419854413172,0.0,0.0,0.0,0.0,0.0,0.0,4.165454595250551,3327.6202014463515,1385860007.221248,-0.0248135916179566,5.308054410619725,100.0,IMRPhenomXP,20.0,37.06435905655538,23.873282369249615,13.191076687305765,0.019384062896708132,-0.009727991610196551,(1.9682201536307222-0.24106753153966887j),0.6235248140791687,(0.6857016034485264-1.9125822190194006j),0.5743961131798712,0.22923418925282274,1.7023924697250679,0,0,0.3233779264368855,0,0,0.1439563609689599,0.0,0.0,0.2595224143037204,0.0,0.0,0.0,1.0,1.0,0.557719446394965,2136.2127978389262,15.325790805590588,8.46819799151504,9.831841926938838,23.79398879710563
16.307818519387332,0.8708679946849528,0.1690835405783946,0.1705600850358435,1.1219561591915568,1.7681571972203731,0.00023711456520710342,0.0,0.0,0.0,0.0,0.0,0.0,5.2743539518975915,3628.125641054741,1385860007.214703,-0.02261866220781039,5.212433865554969,100.0,IMRPhenomXP,20.0,37.57303234193317,20.08320867569298,17.48982366624019,0.04335300035760081,0.6689041824339528,(2.193901791637391-0.5731867059643864j),1.6539877906733087,(2.033939618753816-1.3542015867219375j),2.053512793949742,0.24880897327014895,1.1219561591915568,0,0,0.1690835405783946,0,0,0.1705600850358435,0.0,0.0,0.1697708554046543,0.0,0.0,0.0,1.0,1.0,0.5990993781623016,2268.855645495729,12.559074782939863,10.937296271317198,10.198126984533264,23.49637105425706
14.544519566324507,0.870069783855616,0.7330107747685329,0.09083593267998512,1.7797317093790663,2.021295725241265,-0.000188056660099249,0.0,0.0,0.0,0.0,0.0,0.0,3.8384008819584845,3797.4851924536597,1385860007.233903,-0.022274522222590853,5.294750614002272,100.0,IMRPhenomXP,20.0,33.511687995709345,17.920020036159627,15.591667959549714,0.05073538800092536,-0.05007444871630784,(0.49210044975311606-1.8562487198010056j),0.7408846130955621,(-0.20257841291039494+0.24658839295047405j),0.8240124848786615,0.24879317387130084,1.7797317093790663,0,0,0.7330107747685329,0,0,0.09083593267998512,0.0,0.0,0.4342321244330779,0.0,0.0,0.0,1.0,1.0,0.6220856256688319,2341.112648857568,11.04751793159544,9.612111538884285,8.966554746656724,20.659629470479725
12.041146603552349,0.9628526001192919,0.22747622139695337,0.45896399924387926,1.4442222797753996,1.8645140756669627,-0.0002133733211719869,0.0,0.0,0.0,0.0,0.0,0.0,4.957546588697952,3898.1009714150287,1385860007.2088964,-0.022043989771568073,5.308706314645483,100.0,IMRPhenomXP,20.0,27.669237085972995,14.096441619860505,13.57279546611249,0.0067822567753055285,-0.03113504106038878,(1.4843017813672907-1.410833341737907j),0.4036290532357772,(1.1797138873244668+0.5076664957872931j),0.6962503756074839,0.24991045909589044,1.4442222797753996,0,0,0.22747622139695337,0,0,0.45896399924387926,0.0,0.0,0.34102963278515624,0.0,0.0,0.0,1.0,1.0,0.6356347451526692,2383.234374176784,8.618330994518432,8.298182406760755,7.361757653557571,16.916513401279186
15.047584463313768,0.5076115878869352,0.38385031999086827,0.12731655845797052,1.5873971007700405,1.9004619170506463,7.510065897471365e-05,0.0,0.0,0.0,0.0,0.0,0.0,3.2879625809048734,4321.235313787581,1385860007.2155538,-0.021381367357634185,5.316600491326609,100.0,IMRPhenomXP,20.0,36.990928568011995,24.53611319070477,12.454815377307224,-3.3656600369635914e-05,-0.02008929946848892,(1.9306746823278615-0.34453222580569315j),0.12717926406070487,(-0.588588369754766-3.5199321206218737j),0.4866136034456892,0.22333284272607884,1.5873971007700405,0,0,0.38385031999086827,0,0,0.12731655845797052,0.0,0.0,0.29747561241725645,0.0,0.0,0.0,1.0,1.0,0.6918065466777548,2554.2136115265866,14.502907107722798,7.361843705927887,8.894388364238871,21.864750813650687
16.715628556328078,0.79074199013658,0.6496701020860877,0.01984973899032303,1.7983983977837426,1.737907614091032,1.7276545298830872e-05,0.0,0.0,0.0,0.0,0.0,0.0,6.253888356166122,4790.004280518275,1385860007.2688806,-0.020624442028099654,5.2906101738764,100.0,IMRPhenomXP,20.0,38.7205441427227,21.622625903673306,17.097918239049395,0.01878240623599048,0.06727910990615849,(1.0350061992783006+1.2839821147679698j),0.8659714842311651,(0.1787391025929712-0.07515929309968188j),1.2313903934246166,0.2465861993600041,1.7983983977837426,0,0,0.6496701020860877,0,0,0.01984973899032303,0.0,0.0,0.37155890008936454,0.0,0.0,0.0,1.0,1.0,0.7526610396568074,2732.9895457665,12.33702662090742,9.755404982584299,9.537285406652963,22.09243160349172
12.721860329635,0.889803758130282,0.1502591145263743,0.2934960597181549,1.6668909189531,2.1058862139669885,0.0002085553159295028,0.0,0.0,0.0,0.0,0.0,0.0,2.851175226400008,2298.3203079499913,1385860007.2552285,-0.020535015159304226,5.3121140818107655,100.0,IMRPhenomXP,20.0,29.286949058963206,15.497349358612176,13.78959970035103,0.0070076472690266955,-0.009807292603443762,(2.7790341775006486+0.7765576574520399j),0.8820326933595048,(1.2144893686644682+0.20767922485008716j),0.6192484302751395,0.24914995844075688,1.6668909189531,0,0,0.1502591145263743,0,0,0.2934960597181549,0.0,0.0,0.21770144634861902,0.0,0.0,0.0,1.0,1.0,0.40898621194772433,1631.1872296196245,10.998936133796,9.786894707286637,9.029087880177922,20.78583084108264
14.908635491342128,0.8263514555230513,0.24259832860202063,0.3323277584415739,1.4075029968811532,0.3126476577550396,-7.983789455048732e-06,0.0,0.0,0.0,0.0,0.0,0.0,1.4367014975673231,4065.3109131034967,1385860007.2200973,-0.020524166102678265,5.303346259390218,100.0,IMRPhenomXP,20.0,34.43818421816546,18.85627441203679,15.581909806128671,0.014207724062236915,-0.0421347248066537,(0.7870578171556198+1.4298592126682563j),0.5303290969310739,(0.9812754440588717+0.10227620957495195j),0.8148435873978186,0.2477399731782956,1.4075029968811532,0,0,0.24259832860202063,0,0,0.3323277584415739,0.0,0.0,0.2831973298112008,0.0,0.0,0.0,1.0,1.0,0.6579837249353424,2451.9606847273344,11.37301538516136,9.398107817214147,8.992027646063613,20.771123202375506
16.860010142716693,0.6804189297605483,0.46731432232968917,0.23425289291190882,1.7102300144016704,0.7053786698780414,0.0001532546498132739,0.0,0.0,0.0,0.0,0.0,0.0,4.345980334165513,3130.4645865519146,1385860007.297679,-0.02050729078886926,5.306985751130981,100.0,IMRPhenomXP,20.0,39.599807727979666,23.565437776651592,16.03436995132807,0.015614753244895141,0.10473857839007339,(0.974476442134057-1.3322254978439603j),1.5078853151302902,(3.908432255222722+1.2034119954601905j),1.3584997089113255,0.24095794859011566,1.7102300144016704,0,0,0.46731432232968917,0,0,0.23425289291190882,0.0,0.0,0.37294534947153024,0.0,0.0,0.0,1.0,1.0,0.5301235815263151,2045.8900462790377,15.401002939347427,10.479133937229834,11.018724465313218,25.88013687657726
14.493693147079885,0.6577615962500415,0.43334989361668574,0.11558239768548378,1.6299219997569627,0.6770602484043005,1.9553451107928038e-05,0.0,0.0,0.0,0.0,0.0,0.0,4.841648790406315,3955.8221241615593,1385860007.1206937,-0.019179126929749435,5.314989348541171,100.0,IMRPhenomXP,20.0,34.17940072279224,20.61780222204938,13.561598500742853,0.050913523536530114,-0.03554530374961318,(-1.2713361500257245+2.0134723502156304j),0.9050213323432275,(-0.06990653244623785+0.8398432642513662j),0.7355345173794626,0.2393450027286253,1.6299219997569627,0,0,0.43334989361668574,0,0,0.11558239768548378,0.0,0.0,0.30726707457147967,0.0,0.0,0.0,1.0,1.0,0.6433729271421554,2407.1359931763045,12.54602767364799,8.252295189215896,8.819479077268594,20.798322862863888
12.59167465037309,0.6453310112169376,0.27129959009900856,0.21694869237027137,1.3982113421959892,0.36614948622831117,-0.00014226016618215458,0.0,0.0,0.0,0.0,0.0,0.0,5.302599729195892,1931.9036469464986,1385860007.1246953,-0.018743968850691073,5.301770977745959,100.0,IMRPhenomXP,20.0,29.765824196387396,18.091085619526293,11.6747385768611,0.006986180943557907,-0.03725228781479717,(1.3503348501091+0.9798711653028065j),0.9559946815591397,(1.9683957824078389+1.2059978975583596j),1.3132696820976186,0.23838337753203062,1.3982113421959892,0,0,0.27129959009900856,0,0,0.21694869237027137,0.0,0.0,0.2499821047099182,0.0,0.0,0.0,1.0,1.0,0.3527167691207811,1428.165674943177,13.373890257370633,8.63058612369334,9.308433914482514,22.004476381063974
14.140468531165585,0.9592603427039184,0.3035987004037054,0.15939858943246402,1.6287690022473873,0.7091069605459417,0.0002342201319810398,0.0,0.0,0.0,0.0,0.0,0.0,2.3798033165682044,4072.7054430872495,1385860007.2766047,-0.01585684364147899,5.315056932844841,100.0,IMRPhenomXP,20.0,32.49469635037163,16.58518556320425,15.909510787167386,0.0658035533396979,-0.03699374200882932,(0.3469700040165312+2.27551768982932j),0.9272252192725986,(1.3632857894550579+1.4732504725626383j),0.7888229278495094,0.24989190877086573,1.6287690022473873,0,0,0.3035987004037054,0,0,0.15939858943246402,0.0,0.0,0.23299784922875785,0.0,0.0,0.0,1.0,1.0,0.6589673699378271,2454.964164553855,9.997294620584254,9.590008263853692,8.523656816526492,19.587302884437946
13.967036307927822,0.9157397347615227,0.08033755968657968,0.3605623012778664,1.4839102503353008,0.7519308254615396,-3.58296671375798e-05,0.0,0.0,0.0,0.0,0.0,0.0,4.315647976512369,4390.757588982373,1385860007.2977252,-0.01550751097657388,5.3129589365909125,100.0,IMRPhenomXP,20.0,32.125125669907675,16.76904492138997,15.35608074851771,0.09237952921542947,-0.04886945284405231,(1.0766053298724538-1.9152938669950648j),0.942869404698471,(1.9828077244693938-0.44432793151334843j),0.8534893476557793,0.24951637066203985,1.4839102503353008,0,0,0.08033755968657968,0,0,0.3605623012778664,0.0,0.0,0.21428734727104254,0.0,0.0,0.0,1.0,1.0,0.7009184973311636,2581.403866284167,9.858817425821131,9.028110854583721,8.211467116056934,18.886928280404852
12.97745385696552,0.8307495336737336,0.06685606386364543,0.060053765532288673,1.5096521395038685,1.654408139977358,-0.00017899955541849472,0.0,0.0,0.0,0.0,0.0,0.0,4.7758595199581215,2285.7817674546914,1385860007.2220075,-0.01526968430127118,5.314867818753944,100.0,IMRPhenomXP,20.0,29.96830280806006,16.369417146824656,13.598885661235402,0.02047598836913056,-0.06449161146247029,(1.198996536876434-0.40122846236376153j),1.2985813425563018,(2.960276057016069-2.133954795551675j),1.950636838686186,0.2478633081563449,1.5096521395038685,0,0,0.06685606386364543,0,0,0.060053765532288673,0.0,0.0,0.0637693466132827,0.0,0.0,0.0,1.0,1.0,0.4070942174612848,1624.4695811530164,11.633490454078316,9.664516769723393,9.22287484087581,21.29800722380171
15.68875414371017,0.9845365523828494,0.20718259255398827,0.2969356233398643,1.4288996420341689,0.26533964638810437,0.00012170285971024912,0.0,0.0,0.0,0.0,0.0,0.0,6.011197076449871,2905.954664468543,1385860007.222803,-0.015071626466772958,5.306636989680264,100.0,IMRPhenomXP,20.0,36.0446052338507,18.162731843145767,17.88187339070493,0.022796408519398126,-0.01747287533913422,(1.9169125673793495+0.572517052461524j),0.782845420174383,(0.30218856800080474+0.1813927568110492j),1.2884349867437865,0.2499848213041444,1.4288996420341689,0,0,0.20718259255398827,0,0,0.2969356233398643,0.0,0.0,0.2517094315228837,0.0,0.0,0.0,1.0,1.0,0.4982262390997605,1939.5966854520154,12.12282322198496,11.935362580119818,10.471552115611775,24.05818580210478
13.417771493145892,0.6048340349625791,0.08973596019122382,0.3387721031327708,1.8478057395121799,0.3892519697191355,0.00020801049082429457,0.0,0.0,0.0,0.0,0.0,0.0,6.281161332438453,1119.6239295761695,1385860007.298017,-0.014999525280656734,5.277870224484915,100.0,IMRPhenomXP,20.0,32.00477732844287,19.942733411177404,12.06204391726547,0.03940068184458734,-0.03946924930217177,(2.5583434588227965+0.7641279896951145j),2.7000885264766556,(2.0516929340215686+1.211583676172374j),3.271196795026861,0.23484210755063475,1.8478057395121799,0,0,0.08973596019122382,0,0,0.3387721031327708,0.0,0.0,0.18359335099012078,0.0,0.0,0.0,1.0,1.0,0.21900994545669092,918.4698896970306,16.359779085892562,9.894951195616812,11.007105842864183,26.25473028150937
16.45791587467986,0.5013305861686889,0.17994281736415862,0.07151800808033464,1.940930962146883,0.3679354710689629,-5.2090626370525025e-05,0.0,0.0,0.0,0.0,0.0,0.0,5.814021905912968,4821.633307628821,1385860007.24302,-0.014931407801575425,5.246614763211799,100.0,IMRPhenomXP,20.0,40.55756902475388,27.01441601096965,13.543153013784229,0.03185165606662155,0.05336628290526013,(-0.3871488071819349+0.2853873930225979j),0.9534785236448382,(1.2814525365611376+0.1415350522532307j),1.1413889026830937,0.2224188222930501,1.940930962146883,0,0,0.17994281736415862,0,0,0.07151800808033464,0.0,0.0,0.14373715174043816,0.0,0.0,0.0,1.0,1.0,0.7567196315523294,2744.6800355955015,15.377761781541826,7.709342327902825,9.368550097056058,23.087104109444653
16.175380584222466,0.5799492371950135,0.5030831357846991,0.08140695659356237,1.5231454155186575,1.7737906443720322,-8.142809498861943e-05,0.0,0.0,0.0,0.0,0.0,0.0,3.965913586158647,3692.0459729033637,1385860007.297288,-0.014811804662758998,5.315602555932365,100.0,IMRPhenomXP,20.0,38.83222533876924,24.578147464858183,14.254077873911058,0.01772136211420361,-0.0037797524473064392,(1.350230872109807-0.4262677545086354j),0.6245334979622852,(1.8209821226022653+2.012535066800848j),1.1264231671239922,0.23232915583398692,1.5231454155186575,0,0,0.5030831357846991,0,0,0.08140695659356237,0.0,0.0,0.3482991891185553,0.0,0.0,0.0,1.0,1.0,0.6078020879056075,2296.3311173255197,15.28679907169093,8.865567460780596,10.060554533358776,24.152366532471525
13.172025997004319,0.9633170161248786,0.12406239897514643,0.11729476200780971,1.6438078373594185,0.4241838696633673,1.9733029046444905e-05,0.0,0.0,0.0,0.0,0.0,0.0,5.520924008365511,2902.5176385988134,1385860007.2745388,-0.014763377332371319,5.3140705787822,100.0,IMRPhenomXP,20.0,30.267709486180944,15.41661852751738,14.851090958663564,0.0016859830623910943,-0.007757096939061958,(1.347916037445928-1.9021786664322136j),0.34061139116950606,(-0.06389437370866391+0.38875178955506834j),0.39615434757397144,0.24991272528139746,1.6438078373594185,0,0,0.12406239897514643,0,0,0.11729476200780971,0.0,0.0,0.1207418043915682,0.0,0.0,0.0,1.0,1.0,0.49773379149276675,1937.9396166644542,10.293296856280374,9.915708013679604,8.794637653114561,20.20900486995998
13.06587564103707,0.503374787163539,0.19521650870957813,0.0006830811473417242,1.6942592856448238,0.39958270129927287,-0.0001622401427212243,0.0,0.0,0.0,0.0,0.0,0.0,3.0358904241675537,3174.080054006384,1385860007.2971084,-0.014763279782336713,5.3090972976479565,100.0,IMRPhenomXP,20.0,32.1724666919422,21.40016379591075,10.772302896031446,0.007270662331330335,-0.012716147809058942,(2.2607333615109906+0.4415464182616334j),0.4213745325903092,(1.5742789930265215-1.1146668042202088j),0.5600617780713886,0.2227188287306677,1.6942592856448238,0,0,0.19521650870957813,0,0,0.0006830811473417242,0.0,0.0,0.1300809061097174,0.0,0.0,0.0,1.0,1.0,0.5362607187392527,2066.107665463674,13.930033837923684,7.0120278183457305,8.504985828030355,20.942061656269416
13.3890607091032,0.6460629184480301,0.6005973762911896,0.28605493743491917,1.4027035633259632,0.3835883637344281,-1.5792065785046776e-05,0.0,0.0,0.0,0.0,0.0,0.0,5.000935010313758,2950.3334032875055,1385860007.1776977,-0.014161700027955026,5.302543666731896,100.0,IMRPhenomXP,20.0,31.646154177770523,19.225361207703838,12.420792970066685,0.007219071473162697,-0.03979066291655786,(1.4295110442621217-0.5803305701774578j),0.6775241112876567,(0.7090174023680588-1.5626304262562822j),0.9016621286578268,0.238441558567849,1.4027035633259632,0,0,0.6005973762911896,0,0,0.28605493743491917,0.0,0.0,0.47714267492725804,0.0,0.0,0.0,1.0,1.0,0.5045732896563488,1960.910406203901,12.777949296238667,8.255359214108905,8.898908947241328,21.03330851034757
13.52434130546843,0.7587561027550733,0.03592755112104316,0.38394988552677867,1.6402536810423114,1.938185854543846,-0.00011893505098894898,0.0,0.0,0.0,0.0,0.0,0.0,5.067312881389473,3939.839807715315,1385860007.2218113,-0.013642430034061959,5.314324186467428,100.0,IMRPhenomXP,20.0,31.42690008865814,17.868822197363368,13.558077891294776,0.004345579958893897,-0.011625247276017658,(0.8360503821895608+0.4265099290036939j),0.19856625044353482,(2.0528778728095998-3.003343625241048j),0.4282219585528879,0.24529628017340657,1.6402536810423114,0,0,0.03592755112104316,0,0,0.38394988552677867,0.0,0.0,0.18607006929725026,0.0,0.0,0.0,1.0,1.0,0.6412328099126986,2400.5368484665846,10.887439057664132,8.260910828376606,8.240355191405065,19.148349886040734
16.337228359340738,0.6598888306291513,0.38987865368662544,0.05673787804606754,1.1476490648587894,2.2132281559224984,-0.00014300650187252725,0.0,0.0,0.0,0.0,0.0,0.0,4.294576478881743,4591.0256247586185,1385860007.2717319,-0.01316462981552835,5.224404876154356,100.0,IMRPhenomXP,20.0,38.51152498269023,23.20126762229801,15.310257360392221,0.002878408483453665,0.4393316680832404,(-0.37887981963011563-0.44889759981053534j),1.3498509868745159,(-0.8426418844285947+0.2843286873883227j),1.4707817859198467,0.23950400071103875,1.1476490648587894,0,0,0.38987865368662544,0,0,0.05673787804606754,0.0,0.0,0.25743853310998943,0.0,0.0,0.0,1.0,1.0,0.7269945298651066,2658.3903737833393,13.434476613026812,8.865261062284944,9.45991899616313,22.299737675311757
15.596219517034672,0.9592945301030424,0.7599889621719942,0.029413823226227456,1.5947417695037507,0.39850769358911187,-0.00016115756089694205,0.0,0.0,0.0,0.0,0.0,0.0,4.226785590082786,3965.2714824339578,1385860007.1050897,-0.012582723267089979,5.31645157098941,100.0,IMRPhenomXP,20.0,35.83998585786626,18.292291080903176,17.547694776963088,0.002137927781989235,-0.0077606945719608245,(0.138114983967446-0.6934741836280846j),0.12305183344367651,(1.875354762196154-2.077534396259141j),0.3233328876588243,0.24989209387382533,1.5947417695037507,0,0,0.7599889621719942,0,0,0.029413823226227456,0.0,0.0,0.40229045189080326,0.0,0.0,0.0,1.0,1.0,0.6446373597407135,2411.0308990517083,11.122385717777359,10.669643780760023,9.483075052784589,21.792029498537378
14.93416147753191,0.8577271266699211,0.20838532334141294,0.24085418520205543,1.415428329328669,0.5946388434095993,0.0001538461838186321,0.0,0.0,0.0,0.0,0.0,0.0,0.025037137932807034,3181.3487567046664,1385860007.215827,-0.012152713515061642,5.304619809826839,100.0,IMRPhenomXP,20.0,34.43100210738731,18.533939464568615,15.897062642818694,0.024373289483271998,-0.03011175408417155,(1.6873276207560155+1.2117346192444038j),1.0194834419457701,(3.0240872343174696-1.1510527135014215j),0.8751355359781705,0.24853370832671648,1.415428329328669,0,0,0.20838532334141294,0,0,0.24085418520205543,0.0,0.0,0.22337645050436344,0.0,0.0,0.0,1.0,1.0,0.5372816858908409,2069.4637817281414,12.056306683851739,10.341021290191517,9.714655169964962,22.397327974043254
13.923525029417831,0.8277410260389786,0.24988074127204182,0.1148596350395743,1.3230821130909698,0.2923483827297219,-8.030383552410259e-05,0.0,0.0,0.0,0.0,0.0,0.0,3.6103212369986917,3642.0607602658583,1385860007.2160907,-0.012145078201404313,5.285738114663789,100.0,IMRPhenomXP,20.0,32.159560395674504,17.595250058685647,14.564310336988855,0.052325422773972896,-0.04731175469952387,(0.6554553119225554+0.8765755036676756j),0.8169930548870108,(3.696422918418848+0.8388481627938693j),1.1115470200219728,0.24777937921599527,1.3230821130909698,0,0,0.24988074127204182,0,0,0.1148596350395743,0.0,0.0,0.18873285028663855,0.0,0.0,0.0,1.0,1.0,0.6009994949180548,2274.8669190240826,10.99016590232356,9.0970112003279,8.696770407245188,20.08717710265146
13.657738898267967,0.9560538929875315,0.4258403682053138,0.09925992055558447,1.3902493618946987,2.255581009711729,-3.369905912611193e-05,0.0,0.0,0.0,0.0,0.0,0.0,2.525179133998655,3071.7060607692147,1385860007.1332085,-0.01163509701994725,5.300350361670009,100.0,IMRPhenomXP,20.0,31.386750910716636,16.04595406253293,15.340796848183706,0.047939740233414074,-0.05732516186709402,(1.118494864661833-0.1506116039221281j),1.275728344755378,(1.2971156030222044-0.2075685805469828j),1.179555291084152,0.24987381166966321,1.3902493618946987,0,0,0.4258403682053138,0,0,0.09925992055558447,0.0,0.0,0.26621873944115954,0.0,0.0,0.0,1.0,1.0,0.521825693967121,2018.4348871829084,10.543884313520866,10.08052164515179,8.974575046544748,20.624405958672654
15.503651791372592,0.5932374279043047,0.745820771440818,0.38372992787970067,1.5192081169067695,1.9521309580271313,0.00010582712320411706,0.0,0.0,0.0,0.0,0.0,0.0,5.850204357896142,578.1523077733134,1385860007.2179613,-0.010216803028282206,5.31540702815631,100.0,IMRPhenomXP,20.0,37.08800560532303,23.278392131490065,13.80961347383297,0.0011515826993199751,-0.019877367912985666,(1.2198480654560893+0.96969607321416j),1.2608846071407969,(2.1696496521617945+1.2031836123733293j),3.047135373585808,0.23370475186601203,1.5192081169067695,0,0,0.745820771440818,0,0,0.38372992787970067,0.0,0.0,0.6109972749928051,0.0,0.0,0.0,1.0,1.0,0.12004462106228489,516.1868485305187,20.78345067128854,12.329520819211208,13.841994773983602,33.112971490499746
16.10825827586867,0.5389470524593528,0.038479980846830665,0.7832831535967043,1.7857708893457758,1.2288212142513708,-3.913954682609281e-05,0.0,0.0,0.0,0.0,0.0,0.0,3.5902837503343195,4444.0664351852265,1385860007.2837121,-0.009868851971804204,5.293451056334666,100.0,IMRPhenomXP,20.0,39.15519016232528,25.442844248443997,13.71234591388129,0.004634541538864667,0.5318091921200088,(0.9760778219056869-0.15030537666522448j),1.4993473937139468,(0.5606374821097928-0.5451616573941784j),1.7528401859668274,0.2275614774330187,1.7857708893457758,0,0,0.038479980846830665,0,0,0.7832831535967043,0.0,0.0,0.29931382433380194,0.0,0.0,0.0,1.0,1.0,0.7078842652809092,2602.088764241081,14.897288279811637,8.028849608041744,9.431703660095035,22.92613788785338
14.17448136862801,0.6336596592402265,0.2895393190728542,0.5248349536822504,1.8198565257275983,0.6230850992624378,-1.522979400798985e-05,0.0,0.0,0.0,0.0,0.0,0.0,5.3241207637424095,4767.752976986235,1385860007.2532554,-0.009701099834423133,5.28539673953614,100.0,IMRPhenomXP,20.0,33.58825515440954,20.560130113043606,13.02812504136593,0.09496724308821936,-0.07661660355650768,(-1.2898406444817416-0.02853505897026924j),0.8507826681708184,(0.5355721095789042+0.44610007325336315j),0.8359151272045822,0.23742852231244926,1.8198565257275983,0,0,0.2895393190728542,0,0,0.5248349536822504,0.0,0.0,0.38080517778705186,0.0,0.0,0.0,1.0,1.0,0.7498023442042422,2724.7380328706145,11.749972893306264,7.445483819654346,8.100618573050397,19.195456712960613
12.89358890683514,0.6823107002507989,0.31139623756681384,0.061876026481516,1.361648024023702,0.4882529100728071,0.0001652358159721751,0.0,0.0,0.0,0.0,0.0,0.0,5.677171409202743,2585.025148545031,1385860007.1712015,-0.00927296333343297,5.294705444908687,100.0,IMRPhenomXP,20.0,30.2741500194458,17.995575974718896,12.278574044726902,0.011009744669580379,-0.03781626738450927,(1.340905644362603-0.6070709204912388j),0.9948704951698485,(1.1468706182371002+0.07510622948626668j),1.025594331885018,0.24108476554264213,1.361648024023702,0,0,0.31139623756681384,0,0,0.061876026481516,0.0,0.0,0.210195959920743,0.0,0.0,0.0,1.0,1.0,0.45166440709822253,1780.7319196437602,12.3965125043541,8.45827312751363,8.881935000809545,20.85478563186773
15.974052735448934,0.9752769537882551,0.32764756116071336,0.5376525725448078,1.2884735953315822,0.3576394294471871,-8.839998406359918e-05,0.0,0.0,0.0,0.0,0.0,0.0,3.7136938045284094,4701.905238599891,1385860007.2161994,-0.008545385120933613,5.2763442735999835,100.0,IMRPhenomXP,20.0,36.702186085808194,18.580779781498215,18.12140630430998,0.045598670202701586,-0.07922114838478045,(1.6980194951818854+0.914996107575925j),0.8160302293708942,(3.4014524341194345-0.8617218129782879j),1.0283701758353778,0.2499608359157163,1.2884735953315822,0,0,0.32764756116071336,0,0,0.5376525725448078,0.0,0.0,0.4313358299830422,0.0,0.0,0.0,1.0,1.0,0.7413258521530043,2700.1869082139324,10.670478336105003,10.406671607100055,9.173500017643653,21.077149943205058
12.998743517659136,0.5088462677288539,0.44381084951636796,0.4594983941633191,1.3912740220173703,0.4035030516805821,-9.4923044668893e-05,0.0,0.0,0.0,0.0,0.0,0.0,5.3832189137479025,2596.626175231555,1385860007.2415466,-0.007290524899829842,5.300536855271128,100.0,IMRPhenomXP,20.0,31.939154124412592,21.16793129129587,10.771222833116722,0.008828632752555743,-0.034562978207680506,(3.0360010429316286-0.2832026901915545j),0.7917566027948507,(0.8885842578513913-1.9494279924819276j),0.9815476282204013,0.22350981934988912,1.3912740220173703,0,0,0.44381084951636796,0,0,0.4594983941633191,0.0,0.0,0.4491013477693453,0.0,0.0,0.0,1.0,1.0,0.45336884727307347,1786.6257365286685,14.564734431326796,7.411210755842572,8.943871022176108,21.97594518716937
16.405857807013007,0.5097455812210336,0.492093329258495,0.779590054582906,1.518054371813691,0.6186941102313156,-0.0002235450367577851,0.0,0.0,0.0,0.0,0.0,0.0,0.43933874982055277,4775.162051363047,1385860007.13608,-0.006924346879301435,5.315346788290321,100.0,IMRPhenomXP,20.0,40.296876272909,26.691170203868513,13.60570606904049,0.034609988127380475,-0.027461166687082317,(0.93557407154939-0.9342037681438884j),0.7211680478593024,(-1.118226328230754+0.26549524645397177j),0.5194086672089837,0.2236381728664566,1.518054371813691,0,0,0.492093329258495,0,0,0.779590054582906,0.0,0.0,0.5891627872999688,0.0,0.0,0.0,1.0,1.0,0.7507545233822138,2727.488045787635,15.245524056853437,7.771338521380006,9.370735638780003,23.016862578233443
12.96947722363032,0.5654533454306341,0.25525524529087457,0.5287620386721249,1.5000832709822582,0.5840819051815375,-0.00017045382324758072,0.0,0.0,0.0,0.0,0.0,0.0,3.3393844815197085,4223.086787343523,1385860007.1429055,-0.006324891487992312,5.314236035977013,100.0,IMRPhenomXP,20.0,31.2645771263455,19.971580256673224,11.292996869672276,0.006291981752209352,-0.013716830594905915,(0.07330346903584466-0.3533777334221727j),0.5719405469823756,(-0.989275257888326+0.3983808034935818j),0.39109752968785094,0.23073661643831886,1.5000832709822582,0,0,0.25525524529087457,0,0,0.5287620386721249,0.0,0.0,0.3540479252304289,0.0,0.0,0.0,1.0,1.0,0.6788882705159348,2515.40669239145,11.895717307343991,6.726473147734754,7.725038914974792,18.622190455078744
13.144373764234608,0.7109635348329655,0.06733112040167591,0.48055472596890136,1.601879443229279,0.42949946617882484,-0.00024281107305584485,0.0,0.0,0.0,0.0,0.0,0.0,5.053652391786462,4857.816893226639,1385860007.2824485,-0.006283375238646305,5.31625513263185,100.0,IMRPhenomXP,20.0,30.72701754848089,17.958896798744835,12.768120749736056,0.0023267142605959967,-0.0015347248721560292,(-0.3171169677853176-0.7292683168752482j),0.1507783948313518,(0.5397256847135666-0.1701046548749389j),0.15058159954704206,0.2428654961620811,1.601879443229279,0,0,0.06733112040167591,0,0,0.48055472596890136,0.0,0.0,0.23903958134159822,0.0,0.0,0.0,1.0,1.0,0.7613556836130055,2757.998805976463,10.196064864029278,7.249030317116455,7.462645896297349,17.44509518114573
13.500086181629499,0.5393433831456667,0.05319269711718704,0.6486880556400405,1.249521878820362,1.7958894523561042,-5.3891603088142986e-05,0.0,0.0,0.0,0.0,0.0,0.0,3.415700665114413,3871.359529077681,1385860007.2926726,-0.005847014969711406,5.264216608897577,100.0,IMRPhenomXP,20.0,32.81103567197793,21.314955474670107,11.496080197307824,0.05072716910437758,-0.07068049206351468,(1.3972584281482272-1.3804212376213874j),0.9786421397322516,(0.2702817606723942+0.4881336173915136j),1.278199715569861,0.2276115711253803,1.249521878820362,0,0,0.05319269711718704,0,0,0.6486880556400405,0.0,0.0,0.2618378147886773,0.0,0.0,0.0,1.0,1.0,0.6320412550090718,2372.0966052404387,13.060304333147283,7.0439887239516645,8.271902527092955,20.104293057098946
16.44407149827069,0.8396728139552091,0.10754441032650819,0.3326502166886866,1.1507293986386293,0.6258762249999043,-0.00013993616951773075,0.0,0.0,0.0,0.0,0.0,0.0,4.915123297082155,4693.057030803217,1385860007.24689,-0.005136471396294251,5.2257864118660855,100.0,IMRPhenomXP,20.0,37.95176775479184,20.629629066049706,17.32213868874213,0.02893153662228176,0.5908893943284887,(1.4031853097160454-0.1079326072291944j),1.2970018700800028,(0.9014207164046064+0.537639313915562j),1.414891750801363,0.24810122647356705,1.1507293986386293,0,0,0.10754441032650819,0,0,0.3326502166886866,0.0,0.0,0.2102883463307659,0.0,0.0,0.0,1.0,1.0,0.7401848984930525,2696.8726482919246,11.854848920890154,9.954194352417709,9.44961165477919,21.809043273307864
13.660960114469466,0.662590567317781,0.2469769414737022,0.1381866996508146,1.3990719531569655,0.24065522428794306,9.608318030629112e-05,0.0,0.0,0.0,0.0,0.0,0.0,0.9624811827141163,3292.442337379447,1385860007.2162974,-0.004279084292655888,5.301920617188027,100.0,IMRPhenomXP,20.0,32.18669973974448,19.35936626398076,12.827333475763723,0.026755378477037572,-0.04524053890699831,(1.0564398069257321+0.4508954062267041j),0.7318116631467622,(3.6208890248912957-0.8277591839282559j),1.1261770565158715,0.23970363751576185,1.3990719531569655,0,0,0.2469769414737022,0,0,0.1381866996508146,0.0,0.0,0.20362087446295515,0.0,0.0,0.0,1.0,1.0,0.5528226592320902,2120.2951275771406,12.467210050601949,8.260655780298286,8.79750178376786,20.727865830900235
16.201012851094404,0.8883206130014086,0.14003649320786496,0.10991788202457126,1.4007100274644437,2.3298734458872175,0.00023501736466221814,0.0,0.0,0.0,0.0,0.0,0.0,4.064170647822382,4890.659802125773,1385860007.2165437,-0.004159931598541888,5.302203330827799,100.0,IMRPhenomXP,20.0,37.2984859867861,19.75219977475206,17.546286212034037,0.055986088816520674,0.2038040197541089,(2.897788062196838+0.5523566431220686j),1.0088922749910494,(0.7450186818687677-0.08484369910029421j),0.9602264975234285,0.2491255508021021,1.4007100274644437,0,0,0.14003649320786496,0,0,0.10991788202457126,0.0,0.0,0.12586782769371344,0.0,0.0,0.0,1.0,1.0,0.7655573307083687,2770.0373903213094,11.187515370473513,9.938100511861713,9.176146573838137,21.125615882335225
15.489154097933302,0.9004655182681957,0.7424309846648802,0.6254797909008132,1.5978273133053034,0.6276557460961836,2.6909999562498455e-05,0.0,0.0,0.0,0.0,0.0,0.0,3.6410579271430303,4226.360428295706,1385860007.2930734,-0.0038752352798021583,5.316372908889381,100.0,IMRPhenomXP,20.0,35.64342601780767,18.75510272361471,16.888323294192965,0.06760333649447281,-0.037080130705975045,(3.6095701584018465-0.49996494192024016j),0.8309361942965598,(0.6863219759129197+1.0505259592742562j),0.6006619925677834,0.24931424791126786,1.5978273133053034,0,0,0.7424309846648802,0,0,0.6254797909008132,0.0,0.0,0.6870179733302629,0.0,0.0,0.0,1.0,1.0,0.679320188337226,2516.7091086873547,11.16827085976083,10.056642807894121,9.223466856115058,21.22491366765495
14.658281324677557,0.609086008708141,0.1380654875052918,0.3913628109248724,1.3665389584843775,0.439648765531582,0.00013433534322802805,0.0,0.0,0.0,0.0,0.0,0.0,4.0429467166495305,2307.078166163293,1385860007.2162118,-0.003537312952714755,5.295731065723418,100.0,IMRPhenomXP,20.0,34.92778047099299,21.706596342251995,13.221184128741001,0.015853547680713342,-0.032783153804712306,(2.135284751468304+0.6850399146472271j),1.1074666431867761,(1.8253734846963245-1.9216953078246253j),1.2466431291298143,0.23524484008214208,1.3665389584843775,0,0,0.1380654875052918,0,0,0.3913628109248724,0.0,0.0,0.233945915837368,0.0,0.0,0.0,1.0,1.0,0.41030639770506155,1635.8701819191292,15.391404575327972,9.374689181198734,10.393685619330967,24.766093756526704
16.538440257146323,0.7164434794022818,0.16842292721958138,0.5605075255420411,1.6234155987649486,0.7359805335000921,0.00012830264691239876,0.0,0.0,0.0,0.0,0.0,0.0,2.3274253109555363,4883.460005805953,1385860007.2640238,-0.0029718805601159914,5.315353257292086,100.0,IMRPhenomXP,20.0,38.63143108839156,22.506672402544943,16.12475868584661,0.021158059830960863,0.08968872500798275,(1.1783650347583716-2.2782768152368678j),0.9425339207462561,(1.5319560442895104-0.0015407175575665878j),0.8263738201552827,0.24317723721848195,1.6234155987649486,0,0,0.16842292721958138,0,0,0.5605075255420411,0.0,0.0,0.3320790319577399,0.0,0.0,0.0,1.0,1.0,0.7646367611239768,2767.402383172586,12.754280596653459,9.137721167939414,9.372149907277374,21.892001764592877
14.139965419461719,0.6243180692870194,0.3227228553232447,0.5440455983149407,1.3651504566007964,0.49164952172887966,9.941654981215073e-05,0.0,0.0,0.0,0.0,0.0,0.0,5.175707646659118,2980.034281794296,1385860007.2859945,-0.002008214877415204,5.295442437309023,100.0,IMRPhenomXP,20.0,33.574541857128494,20.66993065703305,12.904611200095445,0.035420058177171976,-0.04373163472750452,(0.5870490678945486+0.07256627066991493j),0.9546694207874485,(-0.5446063131939409-0.706638710228574j),0.9774316184230644,0.23662670354660992,1.3651504566007964,0,0,0.3227228553232447,0,0,0.5440455983149407,0.0,0.0,0.4077898075455603,0.0,0.0,0.0,1.0,1.0,0.5088093358990976,1975.090030363671,13.69949811764378,8.55284421500852,9.371605200888904,22.2523423326523
16.507036097280185,0.6414356243450481,0.14640787250396894,0.21597465197727922,1.8548148924613648,2.2272514381929733,-4.890663738270904e-06,0.0,0.0,0.0,0.0,0.0,0.0,5.926374817481173,4512.418260294843,1385860007.222091,-0.0020059594099439693,5.275850802182632,100.0,IMRPhenomXP,20.0,39.05223381886273,23.791511064861304,15.26072275400143,0.02966725167819373,0.17208056670559335,(0.5728759486980719-1.054439754452292j),1.0890937735926725,(0.04189819888361382+1.0900721453735356j),1.0941383175555666,0.23807038090281182,1.8548148924613648,0,0,0.14640787250396894,0,0,0.21597465197727922,0.0,0.0,0.17359298409976606,0.0,0.0,0.0,1.0,1.0,0.7167892907243493,2628.405399977242,13.858142751358361,8.889106447980351,9.615062364651354,22.74724919933871
12.803636403259771,0.9333231886537383,0.4556672657020153,0.7193129477356179,1.3864103767638583,0.426514783568258,-2.2504515135498833e-06,0.0,0.0,0.0,0.0,0.0,0.0,3.8448301738905837,4728.855250586557,1385860007.1414187,-0.0014398089527027924,5.299641995812342,100.0,IMRPhenomXP,20.0,29.43604450647377,15.225620154575108,14.210424351898663,0.000689057330232723,-0.02867445698469895,(0.5450324327758544+1.8466993866288144j),0.4767486346249487,(0.6775400071888548+1.612926895147406j),0.5577359477891722,0.249702641242177,1.3864103767638583,0,0,0.4556672657020153,0,0,0.7193129477356179,0.0,0.0,0.5829437759484678,0.0,0.0,0.0,1.0,1.0,0.7447981451664274,2710.259209842507,8.726293179961406,8.14445177584895,7.338176303505009,16.870744955810355
12.934579664369814,0.6518823487805074,0.6994216987909633,0.5244240198648938,1.571853805990861,0.5106001605681909,-0.00014114637388504015,0.0,0.0,0.0,0.0,0.0,0.0,2.2311908709853463,3528.8025636690218,1385860007.2668016,-0.0013461656996770488,5.316737731373088,100.0,IMRPhenomXP,20.0,30.536954503533533,18.486155824642875,12.050798678890656,0.0036294638542381796,6.098914061911098e-05,(1.3179161340847902-0.048248506022344394j),0.467139264941696,(-0.68106299388582-0.7360182036683138j),0.1349321351742078,0.23889716533018288,1.571853805990861,0,0,0.6994216987909633,0,0,0.5244240198648938,0.0,0.0,0.6303623629044331,0.0,0.0,0.0,1.0,1.0,0.5855092142515256,2225.6588171637973,11.65944395559358,7.600585711247033,8.157997158329898,19.260029666840616
16.885674365014093,0.9905582583132191,0.41430278923741304,0.16509456348700643,1.9203549724327604,0.8789342107171585,-0.00012718456317957683,0.0,0.0,0.0,0.0,0.0,0.0,2.3047357982520684,4967.40060421959,1385860007.2231917,-0.0013031215448036093,5.254356333822304,100.0,IMRPhenomXP,20.0,38.793616414538796,19.488812373375172,19.304804041163624,-0.034727578970717765,0.8934000565360556,(-1.1818309239806095-1.180779276563684j),1.4284332499779337,(1.004813822349915+0.1689925954055865j),1.537928513061631,0.2499943753636103,1.9203549724327604,0,0,0.41430278923741304,0,0,0.16509456348700643,0.0,0.0,0.2902897064624165,0.0,0.0,0.0,1.0,1.0,0.7753515315502827,2797.981434462931,10.97743856753656,10.873792428199375,9.511172331188455,21.851230995735932
14.998430918914494,0.9322614196119221,0.4379443154319714,0.2550231093366162,1.4483902209353352,0.3776094222329077,0.00012759431389767334,0.0,0.0,0.0,0.0,0.0,0.0,3.6048948995571166,3557.6972716605997,1385860007.216387,-0.0012667388970910576,5.309227879877463,100.0,IMRPhenomXP,20.0,34.48277903145653,17.845814588784833,16.636964442671697,0.00898493794321975,-0.02646641823943252,(0.38117182978348296+1.086222965040084j),0.4406124634497722,(3.3931110718945985+1.3632806812909328j),0.6593397756574322,0.24969275811214253,1.4483902209353352,0,0,0.4379443154319714,0,0,0.2550231093366162,0.0,0.0,0.34969001322382076,0.0,0.0,0.0,1.0,1.0,0.5894714075196154,2238.289571855056,11.227515326389788,10.466979376894757,9.436112438360675,21.694494703284548
16.358541767073003,0.5196556908024856,0.06870624569111375,0.6924647601562901,1.4081161420994606,2.532389620934023,-4.5553963252819836e-05,0.0,0.0,0.0,0.0,0.0,0.0,5.169708637038066,4486.447178757422,1385860007.2572286,-0.0012500260999694923,5.303447088359386,100.0,IMRPhenomXP,20.0,40.032196106631766,26.34293830432862,13.689257802303148,0.014309254331458465,0.5197157735912015,(0.07582010360985747-0.8503151350193681j),1.3810110757244762,(0.836609804169907-0.8398370947865961j),1.4490789708037706,0.22502215841875403,1.4081161420994606,0,0,0.06870624569111375,0,0,0.6924647601562901,0.0,0.0,0.28200433925937773,0.0,0.0,0.0,1.0,1.0,0.713409176509528,2618.4330179838516,15.374575241853872,7.989485518100367,9.547364395700164,23.36406075995424
14.882873220967472,0.631406163650855,0.3454681015083714,0.6898766081673258,1.6924017057612286,0.5321095426897889,0.00017390456561316547,0.0,0.0,0.0,0.0,0.0,0.0,5.2714967889371565,4960.606834883377,1385860007.290427,-0.0007543905973903531,5.3093260608001,100.0,IMRPhenomXP,20.0,35.28385352960155,21.62787803292425,13.655975496677302,0.032432203223766276,-0.020293934020313764,(2.981651885226529+0.9272247911194997j),0.5128118789648022,(0.12293318213306804+1.8595375141994794j),0.4044945769418645,0.23723819958281386,1.6924017057612286,0,0,0.3454681015083714,0,0,0.6898766081673258,0.0,0.0,0.4787651668030139,0.0,0.0,0.0,1.0,1.0,0.774485764980057,2795.517951772403,12.188251075188154,7.69573685299796,8.387147146900181,19.883987928186112
16.58744922886557,0.7013295812215383,0.1304901446700611,0.04835934764566918,1.4815934259725902,1.7500470005208266,0.0002264387545476566,0.0,0.0,0.0,0.0,0.0,0.0,1.8141127242860267,3310.9655674899814,1385860007.2135458,-0.00012758508277910252,5.312754424160708,100.0,IMRPhenomXP,20.0,38.830452905720435,22.823592403442806,16.006860502277625,0.02720739222390245,0.03196277073629794,(1.6873862967542121-0.4890005752617918j),0.8102414383593499,(2.2848602165848813-0.27448630663011986j),1.3371097152670828,0.242295445633709,1.4815934259725902,0,0,0.1304901446700611,0,0,0.04835934764566918,0.0,0.0,0.09663382540172089,0.0,0.0,0.0,1.0,1.0,0.5554025404690437,2128.6872585976457,14.673752812927884,10.291136915239083,10.664409242808293,24.964889728166966
14.73219870631787,0.569960133633566,0.6141975458254989,0.5196386150483474,1.4276864062901413,0.465644878063302,0.00023467177760533298,0.0,0.0,0.0,0.0,0.0,0.0,0.24378568023476158,1905.6216994593337,1385860007.2252362,0.00026149199211356056,5.3064629196689435,100.0,IMRPhenomXP,20.0,35.46722658407864,22.59116382910447,12.876062754974166,0.027612040835744756,-0.02507866320016572,(1.188166929730347-0.07314210122624085j),1.1672342358316092,(2.5440317126201535-1.2144178394986294j),1.1565372205673852,0.23124227362740185,1.4276864062901413,0,0,0.6141975458254989,0,0,0.5196386150483474,0.0,0.0,0.5798687627771953,0.0,0.0,0.0,1.0,1.0,0.34859767617223925,1413.0394364895067,16.751596290174227,9.547742060123252,10.924087269772452,26.299338350297482
16.00451235574517,0.8148029292486662,0.587895568197715,0.3866191013590113,1.45371883117166,0.34851430717287246,-2.767900050895775e-06,0.0,0.0,0.0,0.0,0.0,0.0,3.443947600535625,2336.3630965183115,1385860007.2161143,0.0003073339736561209,5.3098690059033045,100.0,IMRPhenomXP,20.0,37.00038669987638,20.388101707106372,16.612284992770004,0.011318302469177532,-0.0379531391692165,(0.7546600152099611+0.941501630934492j),0.711681925390164,(3.4330699148612447+1.2007976078953975j),1.205836956471289,0.24739654969694175,1.45371883117166,0,0,0.587895568197715,0,0,0.3866191013590113,0.0,0.0,0.4975272686287394,0.0,0.0,0.0,1.0,1.0,0.41471303835970363,1651.4749102482263,14.411475086668785,11.742512115411902,11.312903692682216,26.15398720208069
15.507979105890861,0.7652703346138244,0.49031598799230675,0.057070955652287925,1.3718296293675212,1.9101214725807922,-0.00021658680182495225,0.0,0.0,0.0,0.0,0.0,0.0,1.6573728105101035,4742.888070870932,1385860007.1905265,0.0005639869987774659,5.29681242253658,100.0,IMRPhenomXP,20.0,36.011378616213975,20.39992283906585,15.611455777148123,0.024901120981208447,-0.04545620005036222,(0.7214498027396172+1.2624306799086837j),0.5489918932577156,(0.06118180189594267+0.9272649276631916j),0.7615474921148884,0.24557968191586524,1.3718296293675212,0,0,0.49031598799230675,0,0,0.057070955652287925,0.0,0.0,0.30249797260535805,0.0,0.0,0.0,1.0,1.0,0.7466044855971248,2715.4906140129638,11.679760934595091,8.93817455862706,8.878930080492168,20.61793549322215
13.868747994296493,0.594689075210558,0.7196322030884668,0.1245126867578005,1.5407451323523738,2.1342300170146764,-8.505891602420652e-05,0.0,0.0,0.0,0.0,0.0,0.0,4.324416571505991,4574.4528855175895,1385860007.1311283,0.000641269492340002,5.3162866853823045,100.0,IMRPhenomXP,20.0,33.16458012679622,20.796894292649032,12.367685834147185,0.009301109249438944,-0.006903967547600365,(2.414214960556191+1.3178376998284393j),0.5115437462882978,(0.7619805288591289+0.4217118176499888j),0.2886851899105273,0.23385029511769329,1.5407451323523738,0,0,0.7196322030884668,0,0,0.1245126867578005,0.0,0.0,0.49770111927533583,0.0,0.0,0.0,1.0,1.0,0.7248461221768664,2652.093332407993,12.057246165473602,7.170312571731543,8.040571165150226,19.227558737205143
16.24129985369117,0.6734852303429155,0.15882661351318364,0.6492704458983675,1.494329508933512,0.1640025014583172,-0.00021130884751360888,0.0,0.0,0.0,0.0,0.0,0.0,5.356145316017194,3022.2570940490577,1385860007.2967725,0.0007849587184609597,5.313811849816469,100.0,IMRPhenomXP,20.0,38.1918063387191,22.821717004872028,15.37008933384707,0.022885174296468858,0.033819128170666346,(1.394049611433657-0.8861977987893116j),0.9537889093280727,(1.6546005192020496+1.315380373134542j),1.566856589966134,0.24048295981168138,1.494329508933512,0,0,0.15882661351318364,0,0,0.6492704458983675,0.0,0.0,0.3562031253790902,0.0,0.0,0.0,1.0,1.0,0.5148153153758116,1995.1323742694904,15.065676174002881,10.146510388320104,10.7216369473145,25.212186562322987
16.65552984243946,0.6711660017432172,0.6972590542787986,0.1508440792203567,1.4555042730022798,1.904416615099817,8.517807665898389e-05,0.0,0.0,0.0,0.0,0.0,0.0,5.277185804805612,2888.358403547087,1385860007.2160685,0.0009609102340690789,5.310077385593222,100.0,IMRPhenomXP,20.0,39.18176483206851,23.44576468836576,15.736000143702753,0.01012629504436402,-0.03729123037479476,(0.9831144719894654+1.2443538213948042j),0.6009076800366959,(3.48640070308489+0.4073608090834489j),1.0569127836831957,0.24032047042240393,1.4555042730022798,0,0,0.6972590542787986,0,0,0.1508440792203567,0.0,0.0,0.47781038567253964,0.0,0.0,0.0,1.0,1.0,0.4957037200321749,1931.103314515794,15.6754070838718,10.52080029817954,11.135580943852418,26.196207382051337
15.052223430912132,0.8508531692137036,0.48532678289713926,0.43430605024884295,1.5480896122217178,2.2452757720738896,-5.873058038272636e-06,0.0,0.0,0.0,0.0,0.0,0.0,0.2700571129647287,4549.843766081445,1385860007.1929677,0.0011510392123401658,5.316480470904743,100.0,IMRPhenomXP,20.0,34.71636486072299,18.756952435871245,15.959412424851745,0.0536681357929103,-0.04872870176262922,(-0.28610457271451967-1.2381761783510963j),0.8276084074465881,(0.3250513874930876+1.3351845281404249j),0.6593932313767895,0.24837660526246597,1.5480896122217178,0,0,0.48532678289713926,0,0,0.43430605024884295,0.0,0.0,0.46187211194241934,0.0,0.0,0.0,1.0,1.0,0.7216528174518569,2642.71851189181,10.894735713111189,9.269820409246373,8.742891295116207,20.164556122357563
13.153127227208907,0.9551644615971437,0.48224142756608485,0.1647081002796881,1.5192113209820175,2.1294823223884403,-1.1521727774829564e-05,0.0,0.0,0.0,0.0,0.0,0.0,0.0736124287413088,1198.8840023995006,1385860007.2548888,0.001676234902649787,5.31540719359046,100.0,IMRPhenomXP,20.0,30.2274896547184,15.460330958566027,14.767158696152373,0.007924646424330217,-0.00999039331689433,(2.544998532820626-0.3920548066463665j),1.8152021552252573,(1.127220573426919-0.2867158418199764j),1.077885701519055,0.24986853256246241,1.5192113209820175,0,0,0.48224142756608485,0,0,0.1647081002796881,0.0,0.0,0.32711557725838103,0.0,0.0,0.0,1.0,1.0,0.23272701559821185,972.5462243843147,12.541569027805814,11.979261028027555,10.66994319162059,24.52083005583337
12.470342224182172,0.7364592883144909,0.45455754145107286,0.706221649952878,1.57802664459936,0.4281170484259166,-0.0002409179233224149,0.0,0.0,0.0,0.0,0.0,0.0,6.2016459910969415,290.66986054711805,1385860007.1071634,0.0022695156758333335,5.316712151528793,100.0,IMRPhenomXP,20.0,29.052710224784864,16.731005685129034,12.32170453965583,0.0020245483758437877,-0.0004948830052025066,(2.9763929165998433+0.33365895836529563j),2.2588767748735394,(3.0325186773959034+0.539423878620109j),2.2732120472895683,0.2442415417002001,1.57802664459936,0,0,0.45455754145107286,0,0,0.706221649952878,0.0,0.0,0.5612921890692398,0.0,0.0,0.0,1.0,1.0,0.06272470716808287,273.51378893778815,15.743499301633173,11.594446291260452,11.734311002717503,27.337945592893625
12.361772091852323,0.5817357055164298,0.7566430157306179,0.5060677926157628,1.4778690530176448,1.922838099500474,0.00016385989880667717,0.0,0.0,0.0,0.0,0.0,0.0,0.037494167910406356,4668.323525445026,1385860007.2204018,0.0027369827696472893,5.312414322760302,100.0,IMRPhenomXP,20.0,29.662380535683752,18.753057436987625,10.909323098696127,0.005117002673982851,-0.01611712581877167,(0.4030352609670507-1.3794428451959713j),0.23433103203529548,(-1.1384586802009693-1.3284339221870491j),0.44825686719395796,0.23251869877062445,1.4778690530176448,0,0,0.7566430157306179,0,0,0.5060677926157628,0.0,0.0,0.6644856763626834,0.0,0.0,0.0,1.0,1.0,0.7369931245779754,2687.588966663714,10.796276146195984,6.280579320857522,7.116765125282677,17.076855467053505
12.075437754218019,0.6645518041821942,0.6581350591649524,0.4199478985579747,1.5680833312899027,0.5466602883500228,-0.0001788233125319762,0.0,0.0,0.0,0.0,0.0,0.0,5.520130377238188,3960.313096465783,1385860007.225134,0.0029165104692172594,5.316734610327497,100.0,IMRPhenomXP,20.0,28.440835978795256,17.086182543155175,11.354653435640083,0.007487293050344457,-0.001767837348630702,(-1.5040581619875295-0.5956477882376765j),0.4842209535810356,(0.08036434648424923-0.2256743416596223j),0.2305624245635679,0.23984695530898906,1.5680833312899027,0,0,0.6581350591649524,0,0,0.4199478985579747,0.0,0.0,0.5630417692374762,0.0,0.0,0.0,1.0,1.0,0.6439739550619773,2408.987747517868,10.393219728661109,6.906832921943715,7.345273151704388,17.300052650604822
13.977559360672158,0.9411472520529023,0.004300355226124886,0.12064504546961273,1.394499474828934,2.047557984964906,-0.00011163974795528264,0.0,0.0,0.0,0.0,0.0,0.0,5.436120690337731,3600.6643502256607,1385860007.155365,0.004124982691996015,5.301116826735888,100.0,IMRPhenomXP,20.0,32.12972259847512,16.551924417117576,15.577798181357542,0.021272034190318312,-0.01908956241486548,(-0.3555575422311591-0.3671172841163217j),0.6392443234037637,(0.16840390807537856-1.2402852722783897j),0.6445991964241531,0.24977019655384142,1.394499474828934,0,0,0.004300355226124886,0,0,0.12064504546961273,0.0,0.0,0.06070899985512109,0.0,0.0,0.0,1.0,1.0,0.5953501955102807,2256.9742659216517,10.375104139328707,9.764500750491905,8.76143645452174,20.139604889820614
12.323325458975656,0.8047255427377704,0.41331122895793326,0.3124353448828277,1.533616359191967,0.536334786415601,6.633848856833161e-05,0.0,0.0,0.0,0.0,0.0,0.0,2.056483063825088,4526.582968390073,1385860007.2054205,0.004159566282007421,5.316046956209156,100.0,IMRPhenomXP,20.0,28.512325775864632,15.798704623314306,12.713621152550328,0.005347261137138792,-0.0063305187754161,(-1.3843050989640024+0.24955618039852595j),0.40181166524242945,(0.45519160619492927+0.07099665131093906j),0.19816273794900874,0.24707309546607809,1.533616359191967,0,0,0.41331122895793326,0,0,0.3124353448828277,0.0,0.0,0.36833076038300216,0.0,0.0,0.0,1.0,1.0,0.7186310443351921,2633.830550393753,9.192609824772266,7.397527930416421,7.170431082107338,16.590137755188685
12.637733611953609,0.5603312660527944,0.392063811686671,0.3080117659387998,1.4529620882807968,0.5413297934270103,0.00017960314475881607,0.0,0.0,0.0,0.0,0.0,0.0,1.7733287209744202,4846.573953810081,1385860007.135055,0.0046586315813932355,5.309779710994471,100.0,IMRPhenomXP,20.0,30.511422523444395,19.554451793195067,10.956970730249328,0.008067248534451843,-0.015514793435629393,(2.656120110010952-0.07510775337767833j),0.45767257577724074,(2.0471870194645767-0.13449892118465112j),0.35319674036433485,0.23015013523380778,1.4529620882807968,0,0,0.392063811686671,0,0,0.3080117659387998,0.0,0.0,0.3618798435557405,0.0,0.0,0.0,1.0,1.0,0.7599159707029461,2753.866694601534,11.111014456778083,6.225848797697365,7.180873304369095,17.336863254475446
16.268156319503067,0.8794419560999115,0.029539988178076015,0.028545020344253394,1.8523579183221366,0.4627994218294889,-2.040015888153928e-05,0.0,0.0,0.0,0.0,0.0,0.0,0.14205590320513864,4438.094241392974,1385860007.295928,0.004659133586540243,5.276564744078995,100.0,IMRPhenomXP,20.0,37.46698353859522,19.935163954913577,17.531819583681642,0.0396250094336037,0.028486564468952036,(0.1859564259364803-0.9698907797763764j),0.8334909260980613,(3.332850960135073-1.0966017190300488j),0.9293983746742696,0.2489713335895393,1.8523579183221366,0,0,0.029539988178076015,0,0,0.028545020344253394,0.0,0.0,0.029074415695141118,0.0,0.0,0.0,1.0,1.0,0.7071047933282874,2599.77845548926,11.677762274948938,10.269914097950846,9.52967643409024,21.947676372899785
15.977659326894939,0.7452028957172112,0.02739837390722997,0.14106368647113285,1.554248485398282,0.07416887128798764,-5.581346317467612e-05,0.0,0.0,0.0,0.0,0.0,0.0,4.765795819372377,4262.614554890299,1385860007.2944129,0.004719762617811707,5.316601368727797,100.0,IMRPhenomXP,20.0,37.1846370303746,21.306770187940323,15.877866842434278,0.04595135064827449,0.1698277372157757,(0.5972883776161363-2.350551145291972j),0.8274118375109307,(1.861767193473094+2.0177524105870646j),1.2401310707049382,0.2446711053453454,1.554248485398282,0,0,0.02739837390722997,0,0,0.14106368647113285,0.0,0.0,0.07593354438688492,0.0,0.0,0.0,1.0,1.0,0.6840986628523579,2531.0954896015014,12.65173511381634,9.428109642663058,9.4873653660134,22.0798447564794
16.31795595382047,0.7346267736586092,0.24160655060602051,0.32772196817023247,1.725084681762951,0.7355701561186567,0.00018070754645232957,0.0,0.0,0.0,0.0,0.0,0.0,0.5329837332580091,3963.3020581933965,1385860007.2844296,0.004884241934249189,5.304788317555021,100.0,IMRPhenomXP,20.0,38.02532718675177,21.9213307232369,16.103996463514868,0.025609640925612354,0.12656286363425862,(0.8525263670063736-0.2653347877456482j),1.218472705926755,(1.0046877590191334-0.08008731537525929j),1.1330234920869482,0.2441488379397716,1.725084681762951,0,0,0.24160655060602051,0,0,0.32772196817023247,0.0,0.0,0.27807704231532904,0.0,0.0,0.0,1.0,1.0,0.6443738795935278,2410.219532267015,13.331111005397158,9.793391067179693,9.923507151460043,23.12450207257685
13.239821122504292,0.6531553206141416,0.2854642574604233,0.6185331341032829,1.568454308803901,2.0342066061799664,0.00019305000189298984,0.0,0.0,0.0,0.0,0.0,0.0,6.04050225621871,2979.974459029474,1385860007.2414873,0.005046553985164015,5.316735547977675,100.0,IMRPhenomXP,20.0,31.24989966255108,18.90318427607991,12.346715386471173,0.004449484734398823,0.0008121676631468603,(2.6957468870405066+1.0554946006414694j),0.3564352389898836,(0.01758700052717053+1.6417027614794144j),0.06184951974626842,0.23899518455072233,1.568454308803901,0,0,0.2854642574604233,0,0,0.6185331341032829,0.0,0.0,0.41705849195101036,0.0,0.0,0.0,1.0,1.0,0.5088008157907193,1975.061546672046,12.528614829899393,8.183131436074028,8.775062277233513,20.71174626597342
15.47117547405181,0.5255772815303685,0.4832114369392205,0.7975504014231865,1.3951113013377794,0.4825385109602408,-2.858866049076247e-05,0.0,0.0,0.0,0.0,0.0,0.0,0.7095878920747127,2902.450032789686,1385860007.2775912,0.005097231876014963,5.301225628283856,100.0,IMRPhenomXP,20.0,37.78004027857119,24.764422449102348,13.015617829468843,0.02891571146891625,-0.045249779850890404,(3.15713395034241+0.41818989671447343j),0.9551101361859902,(1.455978839168147+0.16203074316943625j),0.9558010895548903,0.2258229928613087,1.3951113013377794,0,0,0.4832114369392205,0,0,0.7975504014231865,0.0,0.0,0.5915044879912299,0.0,0.0,0.0,1.0,1.0,0.49772409971231407,1937.9069992413472,16.534702522219646,8.690264002541529,10.329790030769717,25.22496652476118
16.133889577399948,0.6617331177918024,0.2571203047176231,0.11047142543288775,1.9912600114398256,1.4024439686651478,-0.00010953274198231621,0.0,0.0,0.0,0.0,0.0,0.0,2.915391070487452,3878.380653317648,1385860007.2399533,0.00574686446704753,5.225609105038803,100.0,IMRPhenomXP,20.0,38.019192488312996,22.879241005219225,15.13995148309377,0.006399288563705863,0.7832691006055494,(2.411715815732979+0.9279662331877843j),1.8432488618230904,(1.1877085059761403-0.3263208748674983j),2.2378010943570605,0.23964055666532358,1.9912600114398256,0,0,0.2571203047176231,0,0,0.11047142543288775,0.0,0.0,0.19872198607622982,0.0,0.0,0.0,1.0,1.0,0.6329852759444372,2375.024884687203,14.010684200435925,9.27133373835081,9.879996969396379,23.282017938786737
12.877230447136174,0.6773859407252205,0.45744985871765104,0.3956281160898656,1.5584110519500012,2.005909134128345,-0.00012648819439448083,0.0,0.0,0.0,0.0,0.0,0.0,4.155332808625347,4445.161060633442,1385860007.1057148,0.005948038356217544,5.316661591026909,100.0,IMRPhenomXP,20.0,30.260796776787352,18.040449751059704,12.220347025727648,0.0029474399012014013,-0.0008641471019660008,(2.82708631572263-0.12050070802368694j),0.16727777738491711,(3.025718567372423-0.4350245302316222j),0.1309938313637116,0.2407521539609613,1.5584110519500012,0,0,0.45744985871765104,0,0,0.3956281160898656,0.0,0.0,0.43248411990318997,0.0,0.0,0.0,1.0,1.0,0.7080271052258851,2602.512015028092,10.56215659333689,7.1546563800645995,7.539242443950076,17.71681297340149
16.52849352995214,0.5082893129020787,0.15892434972404468,0.39356254419562176,1.4105496000983615,0.8580114900264891,8.489841111741043e-05,0.0,0.0,0.0,0.0,0.0,0.0,4.977083607358202,2705.449249812601,1385860007.2134748,0.006205913783688288,5.303843453570529,100.0,IMRPhenomXP,20.0,40.62078104319616,26.931690555466627,13.689090487729533,0.009299356176445617,0.27740913868621764,(1.871994466097205+1.1486070064385923j),2.0817477070579957,(3.1423377854561227-0.04866646025300747j),2.074729273925782,0.22343009533298827,1.4105496000983615,0,0,0.15892434972404468,0,0,0.39356254419562176,0.0,0.0,0.23799677013327497,0.0,0.0,0.0,1.0,1.0,0.4692772244225171,1841.347032322197,18.329890443957453,9.316887419329511,11.249404302478368,27.646777863286964
16.384452208936676,0.8779467747726166,0.24479741941947203,0.47193121273175453,1.3059323787947432,0.48582182997858714,0.00020890455557079054,0.0,0.0,0.0,0.0,0.0,0.0,4.562167174841764,4978.959488241339,1385860007.2197723,0.006547500773295134,5.281243876305667,100.0,IMRPhenomXP,20.0,37.737310774128446,20.094984203531386,17.64232657059706,0.02800333021518142,0.006207847727957461,(2.3536942962067275+0.0816729123228025j),0.7811791846245949,(0.4564364887775019-1.1673223165239313j),0.8489686656616645,0.2489439804209156,1.3059323787947432,0,0,0.24479741941947203,0,0,0.47193121273175453,0.0,0.0,0.35098327301190596,0.0,0.0,0.0,1.0,1.0,0.776823948011753,2802.1681439443278,11.309496490081338,9.92913596776914,9.221201811958187,21.23863245785048
16.25741005588963,0.9998566407662441,0.4456064426280718,0.14283074712689212,1.543732311709911,1.8894508166281894,0.00013989233105752018,0.0,0.0,0.0,0.0,0.0,0.0,6.001370544807179,2659.3873142849066,1385860007.2520435,0.00735173431974423,5.316372015331074,100.0,IMRPhenomXP,20.0,37.34972049058284,18.676198948076753,18.673521542506084,0.0015503554750933013,0.004006268354127762,(0.3673927786328659-0.5854881894432149j),0.29924334941461944,(1.6917327156707715-0.009304774462593096j),0.9402935052321495,0.24999999871532394,1.543732311709911,0,0,0.4456064426280718,0,0,0.14283074712689212,0.0,0.0,0.2942294470782903,0.0,0.0,0.0,1.0,1.0,0.4625610958770319,1818.3085264872918,12.769517116737937,12.767686488548648,11.115713457522808,25.537203605286585
16.77725191854657,0.6365042252924905,0.6469695310718606,0.6056574247515494,1.5842086378362314,0.5482428353235363,-6.88083867845657e-05,0.0,0.0,0.0,0.0,0.0,0.0,3.8648903528831875,2974.6447605408393,1385860007.2882297,0.0074084017739846075,5.31664834276375,100.0,IMRPhenomXP,20.0,39.73201660313588,24.278590906806016,15.453425696329868,0.02426213016416434,-0.008215412317399695,(-1.051308238961981+1.8238311563005618j),0.8716184590362157,(-0.2519464862874545+0.7704366031345903j),0.42732579941775406,0.23766598476026696,1.5842086378362314,0,0,0.6469695310718606,0,0,0.6056574247515494,0.0,0.0,0.6309015430873438,0.0,0.0,0.0,1.0,1.0,0.5080413588201856,1972.5220084100167,16.099419796947974,10.247348725514954,11.12519349712811,26.346768522462927
16.06057409163639,0.5343809975004088,0.4915735442629733,0.33471055925181503,1.3975516806065769,0.30143642482990757,0.00011525557497503257,0.0,0.0,0.0,0.0,0.0,0.0,3.2191208784444845,3073.855383639804,1385860007.2154276,0.007555752598063403,5.301655761884126,100.0,IMRPhenomXP,20.0,39.09941999661284,25.482210780965058,13.61720921564778,0.022414574612337868,-0.047904461711314905,(0.9982376431651787+0.8082098333836976j),0.8154809870130885,(3.515612877162379+1.3138901603715312j),1.2364750271764016,0.22697842786152328,1.3975516806065769,0,0,0.4915735442629733,0,0,0.33471055925181503,0.0,0.0,0.4369426549742573,0.0,0.0,0.0,1.0,1.0,0.5221298320227377,2019.4436149734954,16.74115456176435,8.946154874024153,10.551382512682057,25.687309435788503
16.331598904227846,0.8742254453039258,0.10208502471226942,0.4328597856154199,1.450083393233275,2.30516052374943,-0.00012145761440166675,0.0,0.0,0.0,0.0,0.0,0.0,1.6577667909859746,4640.93165903933,1385860007.2154353,0.009540916818778555,5.309434720954427,100.0,IMRPhenomXP,20.0,37.62190957527886,20.073310641227618,17.548598934051245,0.03105067464225142,0.12988565449086797,(2.2682651775990297-0.08843463820649579j),1.0092908689599271,(1.4430348258570476-1.993194633617999j),0.916513321550999,0.248874146386824,1.450083393233275,0,0,0.10208502471226942,0,0,0.4328597856154199,0.0,0.0,0.2563736741223002,0.0,0.0,0.0,1.0,1.0,0.7334540503173058,2677.2741228094524,11.579949660363498,10.123486648428322,9.421420141617467,21.703436308791822
15.464346202182266,0.6442416913018272,0.47562133894502134,0.17513876223848313,1.5377134337896532,2.1354160669784417,-4.9485410414300084e-05,0.0,0.0,0.0,0.0,0.0,0.0,0.020384464900853563,2697.299916224155,1385860007.2218637,0.010011888561621163,5.316190951746902,100.0,IMRPhenomXP,20.0,36.56461922489489,22.237983271148465,14.326635953746427,0.02030922646257216,-0.009017880258085031,(1.7936940948491304-0.2336946329899802j),0.926814992724,(2.4083485206918143-0.4498864572164633j),0.5288319561551039,0.2382964180541215,1.5377134337896532,0,0,0.47562133894502134,0,0,0.17513876223848313,0.0,0.0,0.3578871855974793,0.0,0.0,0.0,1.0,1.0,0.46809083861549705,1837.2840756164048,15.147552648799508,9.758684937546068,10.533643964951192,24.906237586345576
16.42051535937892,0.8908738810267073,0.7276364571604309,0.09245056124800302,1.5433586915499689,2.017413083843062,-0.00012043307271531628,0.0,0.0,0.0,0.0,0.0,0.0,0.8127479758243842,4523.922424228391,1385860007.2289758,0.010366405304765847,5.316361831352274,100.0,IMRPhenomXP,20.0,37.800028132739854,19.990771733657446,17.809256399082408,0.0065608184858418905,-0.0011853528278004954,(-2.485161500974551+2.1774593854550783j),0.24952469650569029,(-0.8639667120620198+0.9625543171530988j),0.14913667227551086,0.24916733117928072,1.5433586915499689,0,0,0.7276364571604309,0,0,0.09245056124800302,0.0,0.0,0.4283724343490977,0.0,0.0,0.0,1.0,1.0,0.7182852095345292,2632.8123059001387,11.634140608748416,10.36455199652612,9.556338649872403,21.998692605274538
12.379485615700315,0.9702504573651549,0.07406300033704287,0.18546512076695665,1.4855965265330058,2.04035073179834,0.00021168984599453895,0.0,0.0,0.0,0.0,0.0,0.0,4.002619580315679,3889.879850805271,1385860007.1247141,0.010828186368919357,5.313104387905909,100.0,IMRPhenomXP,20.0,28.444480753822234,14.436987260929993,14.007493492892241,0.0043928515777752475,-0.004930639935178921,(1.8388329380933495-1.0128766526202648j),0.3477771468185797,(2.2269304900114877-0.7948919772615558j),0.2682652886742357,0.24994300224878915,1.4855965265330058,0,0,0.07406300033704287,0,0,0.18546512076695665,0.0,0.0,0.12892300957826366,0.0,0.0,0.0,1.0,1.0,0.6345305769145567,2379.8146679627457,8.832497516309644,8.569734754876027,7.573725319393299,17.40223227118567
14.322015342148802,0.9472062778854351,0.7968710851413716,0.7318755522190578,1.445998994481968,2.1581497873684943,-7.215611210725835e-06,0.0,0.0,0.0,0.0,0.0,0.0,3.7338781190547197,4649.970376052392,1385860007.147213,0.012097979588693963,5.308930805651934,100.0,IMRPhenomXP,20.0,32.91787162597085,16.905179487053598,16.01269213891725,0.016010252441140294,-0.040795295802011244,(-0.8930075989568208-0.4391449849712913j),0.7013956266227779,(-0.014378800696069767+1.3662178767389932j),0.5678578276527452,0.24981622744610105,1.445998994481968,0,0,0.7968710851413716,0,0,0.7318755522190578,0.0,0.0,0.7652544159072417,0.0,0.0,0.0,1.0,1.0,0.7346223605802225,2680.6816772183297,9.745740554963733,9.231226636304333,8.25656100579619,18.976967191268066
16.899626766775434,0.9485878797328902,0.4150556997990939,0.3990222739537679,1.4624406986721665,0.1597002703242535,4.696583066600841e-05,0.0,0.0,0.0,0.0,0.0,0.0,5.271035629998638,2751.5082311705396,1385860007.2707403,0.012541748969967514,5.31085629585948,100.0,IMRPhenomXP,20.0,38.841372405901,19.93308734488553,18.90828506101547,0.019934031657035556,0.05668993940442979,(1.7399491811585888-0.7614562897011061j),1.1988462874774004,(-0.09296993446704366-0.21096584031509524j),1.9122088267287365,0.24982596722528166,1.4624406986721665,0,0,0.4150556997990939,0,0,0.3990222739537679,0.0,0.0,0.4072505022066932,0.0,0.0,0.0,1.0,1.0,0.47596784180210405,1864.206078115123,13.505095965063806,12.810770347089086,11.449861093275306,26.31586631215289
16.628635285998584,0.5146135088202812,0.2595437276932226,0.15944615845398857,2.14815717124651,1.9549167228492643,0.0001796180221215966,0.0,0.0,0.0,0.0,0.0,0.0,5.789536349617355,4579.8550157078735,1385860007.2920144,0.013990675884636872,5.139889000243565,100.0,IMRPhenomXP,20.0,40.76900288889437,26.91709974292318,13.851903145971187,-0.04665262494761757,0.5776783031280539,(1.867435434607324-0.06640050212355406j),1.5653769495766425,(0.2673010158411054+1.4713150965587902j),1.830446865328657,0.2243249246213609,2.14815717124651,0,0,0.2595437276932226,0,0,0.15944615845398857,0.0,0.0,0.22553402090623828,0.0,0.0,0.0,1.0,1.0,0.7255466090467941,2654.147378972553,15.599172808083349,8.027545053461692,9.636734933045,23.626717861545043
13.828038573354245,0.8392454989883094,0.3180508195174997,0.7928586291764987,1.4929394892210923,0.4800781748688877,7.457472814751455e-05,0.0,0.0,0.0,0.0,0.0,0.0,2.007891507095957,4884.894385249975,1385860007.2427504,0.014324565865585726,5.313704379962853,100.0,IMRPhenomXP,20.0,31.91499731195142,17.35222259861802,14.562774713333399,0.007059586740534474,-0.0074122645582352376,(1.3689681263025073+0.8814948474947065j),0.3373464500179628,(-0.46577091867743897-0.9002562469100284j),0.23279043114199746,0.2480902044007367,1.4929394892210923,0,0,0.3180508195174997,0,0,0.7928586291764987,0.0,0.0,0.5347050493960015,0.0,0.0,0.0,1.0,1.0,0.7648201841693837,2767.927524012548,9.832289291718908,8.251704532826045,7.8353810192070314,18.083993824544955
15.94940460146009,0.7613959261314305,0.2931355174421766,0.22352514672666202,1.3657409722649783,0.5461814848886084,-0.00017902844247939158,0.0,0.0,0.0,0.0,0.0,0.0,1.2600843641015331,3110.5144374065835,1385860007.2679634,0.014430103839338848,5.295565433820665,100.0,IMRPhenomXP,20.0,37.05156282015252,21.035340362986528,16.016222457165988,0.03019158070508654,0.018156863270838652,(-0.5647774056087482-1.4242137411618805j),1.1080745150941311,(-0.2256192694431817+0.8278842669077386j),1.0597362876812642,0.24541244015751246,1.3657409722649783,0,0,0.2931355174421766,0,0,0.22352514672666202,0.0,0.0,0.2630451488356713,0.0,0.0,0.0,1.0,1.0,0.5273101022983024,2036.596507985934,13.772802478902262,10.486555698849049,10.442806982982278,24.259358177751313
15.1374141330546,0.797543746294685,0.17249772160396779,0.5552372288271145,1.522821316199258,2.0765579984392617,-3.0114269363293853e-05,0.0,0.0,0.0,0.0,0.0,0.0,4.993472136503805,3546.4479995574675,1385860007.121003,0.014602373164645854,5.31558704796485,100.0,IMRPhenomXP,20.0,35.0440544463717,19.495522442003846,15.548532004367853,0.010878692926677314,-0.005455440676098988,(2.999407109491025-0.5868067730152101j),0.5096409539722645,(1.0881448582777369+0.12518517786977884j),0.23652299583188513,0.24682865518777727,1.522821316199258,0,0,0.17249772160396779,0,0,0.5552372288271145,0.0,0.0,0.34231361680816047,0.0,0.0,0.0,1.0,1.0,0.5879296947549749,2233.3784761061697,12.27732090809732,9.791700511506,9.532798702017079,22.06902141960332
15.80994456133045,0.554309009370602,0.22025423759315946,0.24923034605074446,1.5548905595205593,1.8927265403901838,3.349957808167377e-05,0.0,0.0,0.0,0.0,0.0,0.0,4.668569951513614,4464.362791103418,1385860007.2971191,0.015068172653740053,5.316611788453859,100.0,IMRPhenomXP,20.0,38.24054048093579,24.6029201724957,13.637620308440093,0.000635691229661256,0.01618126922098373,(-0.29315052821334153-1.6176553325054444j),0.14636999092096195,(4.032848172301474-1.2231983805912054j),0.5066839947645448,0.2294442659416884,1.5548905595205593,0,0,0.22025423759315946,0,0,0.24923034605074446,0.0,0.0,0.23058790861848733,0.0,0.0,0.0,1.0,1.0,0.7105315877327774,2609.927125557013,14.383201309427802,7.972738069406871,9.242708333896205,22.355939378834673
16.845371895978783,0.9099651776678817,0.29042892733190934,0.028948727108151308,1.618654930536371,0.500675797080052,-4.4192101078874627e-05,0.0,0.0,0.0,0.0,0.0,0.0,5.4430566235345985,3774.517167819062,1385860007.216461,0.015335268056406726,5.315592630082513,100.0,IMRPhenomXP,20.0,38.75219248323442,20.289475921520136,18.462716561714277,0.014063938378235052,0.0005459274592988783,(2.9716422882384426-0.7493621036756724j),0.4903493393928351,(0.10133026132025344-0.5226712549768383j),0.22379760346843397,0.24944446665245112,1.618654930536371,0,0,0.29042892733190934,0,0,0.028948727108151308,0.0,0.0,0.16585185145884357,0.0,0.0,0.0,1.0,1.0,0.6189817224636047,2331.4143205555856,12.532245200795495,11.403906730719331,10.404917895147808,23.93615193151483
15.522212588939599,0.9364951304104429,0.06586327719204776,0.2087302695465282,1.4558687505613916,0.2724718573309116,0.000169985049975402,0.0,0.0,0.0,0.0,0.0,0.0,1.5430002499852704,2852.8219187454815,1385860007.2891464,0.015760278460079657,5.310119526830305,100.0,IMRPhenomXP,20.0,35.68371023984595,18.4269558334922,17.25675440635375,0.01591927774320212,0.04919968755389936,(0.556614368014848-1.162690918014718j),0.6599091004116738,(1.365881099632236+0.8888261469555271j),1.1670037889605922,0.2497311430625668,1.4558687505613916,0,0,0.06586327719204776,0,0,0.2087302695465282,0.0,0.0,0.13495420364741098,0.0,0.0,0.0,1.0,1.0,0.4905990043151795,1913.8761828244228,12.362114680170492,11.577060199555117,10.413405982429804,23.93917487972561
16.582169995247142,0.5588527626257784,0.23395026085804266,0.22691543310065035,1.6427821953986113,2.844511330570211,-7.774687409484399e-05,0.0,0.0,0.0,0.0,0.0,0.0,1.3481241559290484,4759.715162719759,1385860007.2935598,0.016333913330246475,5.314145067037559,100.0,IMRPhenomXP,20.0,40.052445501336436,25.693539801585167,14.358905699751267,-0.009845237411621799,0.6968377755664559,(0.5777336931546241-1.7761651129473432j),1.3575241937458253,(2.2869946026848105+2.1480659154634187j),1.6217091345813948,0.22997848474162239,1.6427821953986113,0,0,0.23395026085804266,0,0,0.22691543310065035,0.0,0.0,0.23142825684260698,0.0,0.0,0.0,1.0,1.0,0.748769002669046,2721.751820089167,14.692357745574508,8.210864715600568,9.482195744514412,22.903222461175076
16.93610399533719,0.9426568764306882,0.45746015746824764,0.09785282552505947,1.5694398723438638,2.377231111646655,0.00014523035346025238,0.0,0.0,0.0,0.0,0.0,0.0,1.0506984514446485,4363.558952926573,1385860007.239062,0.017200255112229446,5.3167373705196965,100.0,IMRPhenomXP,20.0,38.92930473907195,20.039207752734047,18.890096986337905,0.01856518150629549,0.38672608590779234,(2.0054999360972605-0.6175299311398593j),1.225766495632875,(0.05907191337376992-0.06545142597703085j),1.1485905918494945,0.2497821736064328,1.5694398723438638,0,0,0.45746015746824764,0,0,0.09785282552505947,0.0,0.0,0.28296391555136785,0.0,0.0,0.0,1.0,1.0,0.6973574528991363,2570.795518731153,11.806121167056764,11.129121302099959,9.977924194111164,22.935242469156723
16.34415761082551,0.7346949390567478,0.05440195148840976,0.7016843215843916,1.3380033717339526,0.15665834988242708,0.00015819003490280938,0.0,0.0,0.0,0.0,0.0,0.0,1.2543947949041534,4138.752214264943,1385860007.2163906,0.017274774268365434,5.289393678419007,100.0,IMRPhenomXP,20.0,38.08605992994779,21.955479936234404,16.130579993713383,0.02764153504748368,0.14855359649596878,(0.4938969716529806+1.2156914436524722j),0.9882392257382395,(1.1536226868228616-0.5007936035584336j),1.3897823100859366,0.24415230308598665,1.3380033717339526,0,0,0.05440195148840976,0,0,0.7016843215843916,0.0,0.0,0.32854530127460385,0.0,0.0,0.0,1.0,1.0,0.6677359385853182,2481.6591748096325,13.164841884296422,9.67214270587488,9.80020711473645,22.8369845901713
16.469707512554777,0.553237370090185,0.17110935414752027,0.2612508831643415,1.042579353730175,0.3219106197450545,0.0001689858784969088,0.0,0.0,0.0,0.0,0.0,0.0,1.2211745938431808,4415.802070334749,1385860007.232043,0.017885396831875955,5.170216692854028,100.0,IMRPhenomXP,20.0,39.849637833159505,25.655858274157886,14.193779559001623,-0.009341277337121312,0.5388672300984112,(0.7060829597309782+2.141931188816317j),1.4879543063316163,(0.5661758947430712+0.3212639388135425j),1.7671100368983408,0.22931678604673156,1.042579353730175,0,0,0.17110935414752027,0,0,0.2612508831643415,0.0,0.0,0.2032162705850759,0.0,0.0,0.0,1.0,1.0,0.7041932786967505,2591.139235761595,15.05454727164381,8.328738140462592,9.664225131288907,23.3832854121064
16.28831764938252,0.9231023256934524,0.04071151598673586,0.2945869697117886,1.708756823277477,0.6369116899205559,-8.328553450769001e-05,0.0,0.0,0.0,0.0,0.0,0.0,3.208730909288136,2723.990945160848,1385860007.218268,0.018857607758157258,5.307191398861657,100.0,IMRPhenomXP,20.0,37.456672589403475,19.477212464966968,17.97946012443651,0.04453657230990915,0.08817252181913204,(3.043650275667352-0.4027683034856821j),1.3714086509669734,(-0.16257016786822084-0.09183263339467773j),1.164193375821469,0.24960027470389096,1.708756823277477,0,0,0.04071151598673586,0,0,0.2945869697117886,0.0,0.0,0.1625734775885821,0.0,0.0,0.0,1.0,1.0,0.4719736136107321,1850.5704931888765,13.232039137705478,12.214526101682711,11.065631543100483,25.446565239388185
16.286295880615842,0.5766425649863334,0.11931191326454443,0.2132754122028736,1.7152269669685816,1.5963459413017367,-0.00018054682299458791,0.0,0.0,0.0,0.0,0.0,0.0,4.331017189189498,4476.160244096409,1385860007.2233589,0.0199942281353076,5.306271720227459,100.0,IMRPhenomXP,20.0,39.1343566890264,24.821324476524975,14.31303221250142,0.03521330638129161,0.2469042478910115,(1.8823408322925774+1.901099899075773j),0.9808625413415427,(-1.192860103185201-0.876244631285349j),1.360344362165201,0.2319744760636886,1.7152269669685816,0,0,0.11931191326454443,0,0,0.2132754122028736,0.0,0.0,0.1536782016333723,0.0,0.0,0.0,1.0,1.0,0.7120691721560599,2614.473932049214,14.497851418740716,8.360078228893398,9.512638943265372,22.857929647634116
16.565708194270613,0.7853510216490494,0.09160419818296424,0.32737611829491525,1.5831792313354178,0.5735863036269476,8.097759646931543e-05,0.0,0.0,0.0,0.0,0.0,0.0,2.838351910293653,4871.580339321003,1385860007.2170932,0.02115121440302903,5.3166616203824715,100.0,IMRPhenomXP,20.0,38.391940056041655,21.503860916146746,16.88807913989491,0.0253282486110058,0.010979723160382315,(3.3878857547891417-0.9736482370364332j),0.5412587294065604,(0.7003995208271894-0.3041994424933258j),0.3099503560896048,0.24638631388224083,1.5831792313354178,0,0,0.09160419818296424,0,0,0.32737611829491525,0.0,0.0,0.19531697852184193,0.0,0.0,0.0,1.0,1.0,0.7631172013463147,2763.049638748659,12.196501117297489,9.578534613013355,9.395693140320482,21.775035730310844
16.40021319641248,0.9476965447675894,0.33879322351661395,0.5071416697365186,1.4862827735950206,2.030802117499067,0.00016217218678008552,0.0,0.0,0.0,0.0,0.0,0.0,2.9714200841315046,3358.0343779023647,1385860007.2140908,0.022180622084320367,5.313162760728144,100.0,IMRPhenomXP,20.0,37.694107777970146,19.353172792360233,18.340934985609913,0.012230950689068765,-0.0073379132517231715,(-0.40880856731988086-0.05663922012024587j),0.5093540525909186,(-1.4780323619455993+2.564825271793551j),0.4222840802071588,0.24981971558676333,1.4862827735950206,0,0,0.33879322351661395,0,0,0.5071416697365186,0.0,0.0,0.4207070315110896,0.0,0.0,0.0,1.0,1.0,0.5619439108185849,2149.907147264826,12.390440308588039,11.742377468597947,10.499873319918025,24.132817777185984
15.954209076070928,0.7159568078402205,0.24757257158180038,0.25687890197614643,1.3796857765759065,0.3348089425765162,-0.00014064204231784857,0.0,0.0,0.0,0.0,0.0,0.0,3.9660942796793375,4922.686527052887,1385860007.2291095,0.022816492537359956,5.298364412215864,100.0,IMRPhenomXP,20.0,37.26926326458891,21.7192315647488,15.550031699840108,0.020731502046369865,0.04138081218110434,(1.7356481165204705+1.2936393908993922j),0.5134636444429586,(0.7897020509935248-0.6281784998069044j),0.7238146197771468,0.2431499132101379,1.3796857765759065,0,0,0.24757257158180038,0,0,0.25687890197614643,0.0,0.0,0.25145549600705364,0.0,0.0,0.0,1.0,1.0,0.7696487579799394,2781.7308373494725,12.273187810185217,8.787072366603713,9.015466489679408,21.06026017678893
15.699065528280812,0.610800334187539,0.02575056201652606,0.4103385408557698,1.4349611741483093,0.3421395741257214,0.00020147467719412216,0.0,0.0,0.0,0.0,0.0,0.0,2.7779287275440403,1694.3326621645194,1385860007.2127762,0.023023364968619564,5.3074841852481045,100.0,IMRPhenomXP,20.0,37.39248222354753,23.21360470936808,14.178877514179453,0.014318198163874363,0.03713280763600846,(1.8588878242238247+0.9367606089839908j),1.0169194408417532,(2.4707783941264267-2.122712549518973j),1.6071155152951297,0.23540508721966333,1.4349611741483093,0,0,0.02575056201652606,0,0,0.4103385408557698,0.0,0.0,0.1715827058358922,0.0,0.0,0.0,1.0,1.0,0.3150345827234844,1288.4320171542245,17.652467101885534,10.782132805066222,11.938138916291827,28.434599906951757
16.715771651036512,0.8153031400030825,0.5353577326466841,0.26199552124146347,1.500753431143448,2.0890475273886717,-0.00020186585832148173,0.0,0.0,0.0,0.0,0.0,0.0,0.7183015770590512,1929.0792398930132,1385860007.2347488,0.026762236310894583,5.314283278518488,100.0,IMRPhenomXP,20.0,38.6432773015862,21.287506450035988,17.35577085155021,0.01619455363273614,-0.003627196723971604,(1.976533012133602-0.08621990344174037j),1.1841454058540475,(-0.4294638981292306+0.783272287059197j),0.7031508443835706,0.24741202119523914,1.500753431143448,0,0,0.5353577326466841,0,0,0.26199552124146347,0.0,0.0,0.41258315885484653,0.0,0.0,0.0,1.0,1.0,0.3522746745665022,1426.5439416893487,15.741998907773755,12.834501139433037,12.36122510125029,28.576500047206796
14.253033998563994,0.9421864839343101,0.4872371542119123,0.1510482771131672,1.6487193113361174,0.584959961799069,-0.00012295423166792035,0.0,0.0,0.0,0.0,0.0,0.0,5.823973808796624,2247.795720022872,1385860007.2898614,0.027290592855877538,5.313699217336945,100.0,IMRPhenomXP,20.0,32.76229467174661,16.86876875251425,15.89352591923236,0.04628619802965139,-0.01686605934272234,(2.6840109697818715-2.2221482398125567j),1.198814027570059,(2.129012416580978+0.6358149361289103j),0.8417297646847358,0.24977847797161376,1.6487193113361174,0,0,0.4872371542119123,0,0,0.1510482771131672,0.0,0.0,0.3241464218483336,0.0,0.0,0.0,1.0,1.0,0.40134859138568973,1604.0232428792594,12.037525035675793,11.341593388634609,10.170941110712663,23.379118424310402
16.28060865790328,0.7841174877146089,0.12942034965580076,0.23603937780497963,1.216644063849665,0.5806812897317639,0.0001620848832324434,0.0,0.0,0.0,0.0,0.0,0.0,0.5884781654906709,4865.917471992256,1385860007.2156203,0.03134378719926234,5.252669863754197,100.0,IMRPhenomXP,20.0,37.735498665053974,21.150792436540605,16.58470622851337,0.04898255977931498,0.35307312116647704,(0.490521647829859-0.4580427170380421j),1.0525158894369027,(0.6583611553217527-0.41298127394915785j),1.1274500465573543,0.24633960431058236,1.216644063849665,0,0,0.12942034965580076,0,0,0.23603937780497963,0.0,0.0,0.17627928415455862,0.0,0.0,0.0,1.0,1.0,0.7623925661031418,2760.9725295714816,12.001181146211655,9.410336009975413,9.237787863518754,21.411517156187067
16.957176145327622,0.565630928059327,0.2564480821200403,0.3104230724867552,1.8367221397020759,2.3240506304161466,0.0002270278463898769,0.0,0.0,0.0,0.0,0.0,0.0,3.781820663080468,4801.706652498839,1385860007.2572985,0.03277361478658403,5.280955254426122,100.0,IMRPhenomXP,20.0,40.87529621577919,26.107874776366376,14.767421439412809,0.0031722440528425544,0.32177182139930416,(0.9401486766148847+0.8601018993457002j),1.1780846120489146,(0.5053001482596008+1.4427386597645433j),1.183436333800776,0.2307567237433631,1.8367221397020759,0,0,0.2564480821200403,0,0,0.3104230724867552,0.0,0.0,0.27594815927485317,0.0,0.0,0.0,1.0,1.0,0.7541633358159117,2737.3201496699903,14.88337730204745,8.418498516014221,9.666817108248562,23.30187581806167
16.98624893358599,0.8273902181408421,0.0817869337069169,0.542326939674471,1.684369088128586,0.6991469067878298,-0.00016082818143975196,0.0,0.0,0.0,0.0,0.0,0.0,3.2792483713159553,4625.13630180349,1385860007.2692482,0.0330246777167873,5.310274991707555,100.0,IMRPhenomXP,20.0,39.23456213091443,21.470270411555042,17.764291719359395,0.031105883089761477,0.2022405233985629,(0.5210509400144215-0.9693108364734608j),0.969986105577953,(-0.0536367884805308-0.20665347955868005j),0.8477252511440855,0.24776946920064025,1.684369088128586,0,0,0.0817869337069169,0,0,0.542326939674471,0.0,0.0,0.29030632503196724,0.0,0.0,0.0,1.0,1.0,0.7314112237163098,2671.3101128062394,12.400445438646946,10.260007256525707,9.810638108910151,22.66045269517265
15.931026072913584,0.8541301463737889,0.12438659723547332,0.1716629555826409,1.384567273946201,1.948582932853437,-0.00012820469862938566,0.0,0.0,0.0,0.0,0.0,0.0,0.8952659970412955,4627.953027706507,1385860007.2121825,0.033574368756326134,5.299296491103977,100.0,IMRPhenomXP,20.0,36.736482993696804,19.813324898224703,16.923158095472104,0.02569525737947842,0.060394493224715795,(2.0134142042686354+0.12872862901648427j),0.5141601607658356,(1.6386059580658612-2.397123391433096j),0.6738665982488007,0.24845264247018148,1.384567273946201,0,0,0.12438659723547332,0,0,0.1716629555826409,0.0,0.0,0.14616509156288574,0.0,0.0,0.0,1.0,1.0,0.7317756195341332,2672.374503147242,11.441046215649292,9.772142478841815,9.19924376646393,21.213188694491105
16.966363504339267,0.8204434502852069,0.056535599016138964,0.5948326463162569,1.6905465385374914,2.2529687236122298,-6.374880119527069e-05,0.0,0.0,0.0,0.0,0.0,0.0,1.2248219650891905,4853.739533964167,1385860007.259691,0.03383791050787188,5.309551031510173,100.0,IMRPhenomXP,20.0,39.207775912199914,21.537486322938115,17.670289589261802,0.031899646612829624,0.18909752986186046,(0.4642983863410123+2.285289229791012j),0.8935458187348843,(-0.0980158321520255+0.17967657387351413j),0.7725330936860707,0.2475678624860087,1.6905465385374914,0,0,0.056535599016138964,0,0,0.5948326463162569,0.0,0.0,0.29913708531666444,0.0,0.0,0.0,1.0,1.0,0.7608336396943064,2756.5009063945226,12.23141461942832,10.035184012232692,9.635415363421131,22.266598631661008
15.832804157769482,0.8710998526367483,0.04902725770661398,0.1989426988927554,1.549683791544071,1.8113198278946656,-6.594982861802786e-05,0.0,0.0,0.0,0.0,0.0,0.0,1.2652807128331052,1391.6554158805086,1385860007.2968788,0.03407143396445189,5.316515404373042,100.0,IMRPhenomXP,20.0,36.47820277469174,19.495593847269436,16.9826089274223,0.015529186539186446,0.07100403347626205,(-0.05231250763869176-1.6731804747018597j),1.1919534890162085,(4.294938373389268+0.1856380090655025j),2.431012507289059,0.24881354052961818,1.549683791544071,0,0,0.04902725770661398,0,0,0.1989426988927554,0.0,0.0,0.1188211377826516,0.0,0.0,0.0,1.0,1.0,0.2654155948937776,1099.7615546081568,15.406475094773864,13.420578184709244,12.511940125961962,28.82705327948311
16.983213742983047,0.745962415356293,0.3679776430347119,0.3795564407724661,1.2931673165230309,3.082056810441355,0.0001773502972149148,0.0,0.0,0.0,0.0,0.0,0.0,2.5273837237844132,4820.49430400817,1385860007.2310855,0.034879726384692944,5.277693853495594,100.0,IMRPhenomXP,20.0,39.52133226865719,22.635843659092856,16.885488609564337,-0.02275336690002394,0.693405104984727,(1.4373367702038322-0.6415045328818205j),1.3134637435994605,(1.1765118965204073+0.5844838035011024j),1.6934406130474804,0.24470743528289515,1.2931673165230309,0,0,0.3679776430347119,0,0,0.3795564407724661,0.0,0.0,0.37292468419173164,0.0,0.0,0.0,1.0,1.0,0.7565735781625906,2744.259836496335,12.886362370752712,9.61274199924314,9.66837595311425,22.49910436999585
16.28599799550663,0.7296019782032649,0.3056357522647457,0.2175625148769581,1.7829497280543123,3.0308556668889772,0.00015264627240973592,0.0,0.0,0.0,0.0,0.0,0.0,0.2802583764310183,3859.4626586273366,1385860007.2631872,0.03734595322675016,5.294062885352449,100.0,IMRPhenomXP,20.0,37.97503504220244,21.95593871929509,16.019096322907355,0.008012345641169816,0.43907320893889246,(2.0643443143289772-0.9460164252981753j),1.5456820368891244,(1.4708479345952583+0.17856268261958264j),1.9821543944768623,0.2438898104645901,1.7829497280543123,0,0,0.3056357522647457,0,0,0.2175625148769581,0.0,0.0,0.2684836160885093,0.0,0.0,0.0,1.0,1.0,0.6304408141083129,2367.128326806986,13.466259265168592,9.825009398865049,9.988708485817336,23.291268664033637
16.84788000826322,0.8670283724428267,0.5297802088541181,0.06529845113065509,1.8308816493554694,1.4627726933439655,-0.00016041372246534307,0.0,0.0,0.0,0.0,0.0,0.0,5.701709591331221,3097.6663118203824,1385860007.2688067,0.03865892525413628,5.282527766804401,100.0,IMRPhenomXP,20.0,38.82454515041701,20.79483403865943,18.029711111757578,-0.016649477891449216,0.8459518115282503,(0.7382107385122285+1.5767559164650926j),2.085118016149363,(0.4565903492793595+0.33393235549977185j),2.656789452345324,0.24873189229273646,1.8308816493554694,0,0,0.5297802088541181,0,0,0.06529845113065509,0.0,0.0,0.31407975760632123,0.0,0.0,0.0,1.0,1.0,0.5254960877642133,2030.5960480195583,13.631522365381224,11.818916650374474,11.04419745379727,25.4504390157557
16.107289050334785,0.9626158602728485,0.08008441159951155,0.09442397290948445,1.3395433270401245,2.1710478760480165,-0.00021131743058854473,0.0,0.0,0.0,0.0,0.0,0.0,0.21687363092070203,3141.4874461611803,1385860007.212295,0.03906902645570476,5.289757536454875,100.0,IMRPhenomXP,20.0,37.012891106625254,18.858958523589845,18.153932583035406,0.05156394432460232,0.09459515444966815,(2.0916611137574437+1.6584949148877082j),1.2676688113865473,(2.9535822621194865-1.3428508434331117j),1.221376177622908,0.249909292294186,1.3395433270401245,0,0,0.08008441159951155,0,0,0.09442397290948445,0.0,0.0,0.08711762142204699,0.0,0.0,0.0,1.0,1.0,0.5316763794807131,2051.012522784415,12.312626071823102,11.8523291383459,10.51611767741412,24.164955210169005
16.7599714355384,0.5776137538916318,0.3115464003652938,0.5184308467667075,1.4596859914815952,0.6044820223573265,0.0002329687266603815,0.0,0.0,0.0,0.0,0.0,0.0,3.1711950000908096,3701.5317999528675,1385860007.2147212,0.03948360160909159,5.310552794265857,100.0,IMRPhenomXP,20.0,40.26165093238969,25.520600865118546,14.74105006727115,0.024375510824479862,0.0342765084619594,(1.6871650508203413-1.2248651769481549j),0.92986957876713,(0.16184200966517803-3.662757893548918j),0.7290220414764889,0.23207916764415015,1.4596859914815952,0,0,0.3115464003652938,0,0,0.5184308467667075,0.0,0.0,0.3872932689590379,0.0,0.0,0.0,1.0,1.0,0.6090907397129288,2300.387226112374,15.860262094151116,9.16110552590778,10.415802553514464,25.021367620058896
15.0956892635345,0.7655113377063005,0.023029948958198255,0.011975160508747786,2.0841552173222584,1.6811136073308788,-0.00011072673763352176,0.0,0.0,0.0,0.0,0.0,0.0,4.37959695774069,3198.888102516654,1385860007.296402,0.04052188437386661,5.178739624270033,100.0,IMRPhenomXP,20.0,35.05311229933083,19.85436827886406,15.198744020466767,0.15626237518911346,0.4521156850634309,(1.6530453757194827-0.9417423685049031j),1.9576380546248242,(3.4963943860676783+1.9379280147586146j),2.392885354049275,0.24558995841056427,2.0841552173222584,0,0,0.023029948958198255,0,0,0.011975160508747786,0.0,0.0,0.018236682716706257,0.0,0.0,0.0,1.0,1.0,0.5397431458129904,2077.5465701092385,12.894597604057447,9.870960661066473,9.80403082461128,22.765558265123918
16.99676271436184,0.6162885837744416,0.596788020230698,0.06312685392668015,1.6308468591478005,1.805858015806403,-0.00022019210258576136,0.0,0.0,0.0,0.0,0.0,0.0,5.1436714763632,4927.737404215539,1385860007.2618837,0.042672954849990674,5.314934172600263,100.0,IMRPhenomXP,20.0,40.43136690359832,25.0149430673951,15.416423836203213,0.016429239163225917,0.08272092524207553,(0.8909579028387343-1.4737861093412237j),0.4247009439263099,(0.6940959473741867+0.8357859078494865j),0.8119247329851743,0.23590997904593738,1.6308468591478005,0,0,0.596788020230698,0,0,0.06312685392668015,0.0,0.0,0.3933037614797759,0.0,0.0,0.0,1.0,1.0,0.7702934922678859,2783.570876615904,14.130393167377564,8.708399993299166,9.601098794408177,22.83879316067673
16.350051381365752,0.6782259374845997,0.11107547886774408,0.21536575000030914,1.948494185954097,0.33620748042125653,8.586278524023647e-05,0.0,0.0,0.0,0.0,0.0,0.0,4.357377730451071,3620.507283848154,1385860007.2531083,0.04340781018932116,5.243647123635488,100.0,IMRPhenomXP,20.0,38.416252730241304,22.890989748270314,15.525262981970995,0.03750288237022881,0.2933424466212742,(1.9681796141927772-0.22283578746335947j),1.3275158388651256,(1.4148141421417795+0.5147335839245655j),1.619335296023078,0.2408094560104333,1.948494185954097,0,0,0.11107547886774408,0,0,0.21536575000030914,0.0,0.0,0.15322258512414236,0.0,0.0,0.0,1.0,1.0,0.5980598990261728,2265.5641814621367,14.324237634784307,9.715069498603773,10.231188074570397,24.03930713338808
16.3260499430591,0.9691043953573526,0.25493723975607463,0.06167558087545055,1.3724728718247141,0.5855028054416077,-0.0001527942085917347,0.0,0.0,0.0,0.0,0.0,0.0,2.471465300948802,1401.6800567916323,1385860007.2142165,0.04574844872958295,5.296941907133689,100.0,IMRPhenomXP,20.0,37.51295470290333,19.05076987860539,18.462184824297942,0.04362353321112211,0.10990171387491987,(2.0641000274156283+0.763785055569052j),2.6397958914536086,(2.8356687273880996+0.24019174324583273j),2.4440733044370924,0.24993845455396482,1.3724728718247141,0,0,0.25493723975607463,0,0,0.06167558087545055,0.0,0.0,0.15982256553318933,0.0,0.0,0.0,1.0,1.0,0.26709094991184856,1106.2189767788007,15.03504533745644,14.570528520926107,12.884670941888507,29.605573858382545
16.512066647059434,0.9890785529849304,0.23887031814438178,0.416081306649554,1.7134617155297385,0.25828449649557517,0.00010267685458351068,0.0,0.0,0.0,0.0,0.0,0.0,0.4604785560473448,1629.3054126532763,1385860007.2976155,0.047693503103507506,5.3065268736123,100.0,IMRPhenomXP,20.0,37.93545379795603,19.071873124883787,18.86358067307224,0.017091517377632703,0.04666250250492876,(0.60353905182354-1.6223451570180925j),1.5221323966387112,(3.6795739552621365-1.376057336966781j),2.498779944616697,0.24999246303487682,1.7134617155297385,0,0,0.23887031814438178,0,0,0.416081306649554,0.0,0.0,0.32698930561257195,0.0,0.0,0.0,1.0,1.0,0.3045354100044906,1248.9545434635431,14.619666878048282,14.45999896086171,12.65743077606655,29.079665838909996
15.77743904708741,0.530720277334946,0.1076753784336705,0.5658729925880899,1.781943721955145,1.9732027400758325,9.00234733894934e-05,0.0,0.0,0.0,0.0,0.0,0.0,1.7817954887182559,849.663029458253,1385860007.2969925,0.04930548598480611,5.2942790443210175,100.0,IMRPhenomXP,20.0,38.458479041373984,25.124432994597782,13.334046046776203,0.01937436619876065,0.04685048867176933,(1.6646095487979267-0.4632365181659507j),3.1425434218528836,(3.7950750010315364+1.4396321492882795j),3.8137397224190073,0.22650302709870224,1.781943721955145,0,0,0.1076753784336705,0,0,0.5658729925880899,0.0,0.0,0.26653834540345706,0.0,0.0,0.0,1.0,1.0,0.17091760270493833,725.6386202838321,21.457046112004633,11.387689463351823,13.474422974460309,32.84473557535645
16.74499837841921,0.8271630482641291,0.3338366310954327,0.3083418302073322,1.7409734129269354,0.41662552746306464,3.121489480800244e-05,0.0,0.0,0.0,0.0,0.0,0.0,3.503589361090241,4334.386320541195,1385860007.2970016,0.05504931005416047,5.302187734345397,100.0,IMRPhenomXP,20.0,38.67792787606846,21.16829579758297,17.509632078485485,0.019340787087256395,0.05455994237485218,(1.5034326028296967-1.5863298148845832j),0.5629531960285152,(3.7677700662461127-0.3811271467380864j),0.6744073343480484,0.24776303804594116,1.7409734129269354,0,0,0.3338366310954327,0,0,0.3083418302073322,0.0,0.0,0.3222950463214176,0.0,0.0,0.0,1.0,1.0,0.6935326124866823,2559.3757727056914,12.499491088335587,10.339117150377982,9.887614950521593,22.838608238713572
16.867353667661646,0.9389186894601278,0.23902878462799607,0.28320767013692255,1.4702298547126136,1.871031237386591,9.725285913895056e-05,0.0,0.0,0.0,0.0,0.0,0.0,4.80359027396626,3174.2675210151942,1385860007.2142885,0.05523596769018635,5.311672936023791,100.0,IMRPhenomXP,20.0,38.774095625837646,19.99779353131817,18.776302094519476,0.012795640999144875,0.12114099750566831,(2.032848463791306+0.8513878285407628j),0.5338332798787528,(3.155728806590508+0.2810060035310758j),1.013220679642498,0.249751893862319,1.4702298547126136,0,0,0.23902878462799607,0,0,0.28320767013692255,0.0,0.0,0.2604223487363497,0.0,0.0,0.0,1.0,1.0,0.5362870559344399,2066.19426692177,13.01696415007194,12.221870920535011,10.979298173805255,25.238835070606953
16.183482256769548,0.6466895888394033,0.13038960538649552,0.28982931079956575,1.2831953453047684,0.12122484402030094,0.0001615906669855528,0.0,0.0,0.0,0.0,0.0,0.0,5.952841820473992,3818.728602948331,1385860007.2124612,0.056056768837475346,5.274798089828018,100.0,IMRPhenomXP,20.0,38.24622204677298,23.226127319921385,15.020094726851593,0.04762938453065324,0.4487151753272913,(2.027484847164853+1.2119152520427283j),1.2177381486193157,(2.0928126317212175-2.4722748551172637j),1.6301597110892325,0.23849121704772733,1.2831953453047684,0,0,0.13038960538649552,0,0,0.28982931079956575,0.0,0.0,0.19300492659644203,0.0,0.0,0.0,1.0,1.0,0.6249528034950794,2350.0550967477607,14.293416565677946,9.243403681968585,9.959355263710313,23.53682024764653
15.628294356996966,0.5415635814997228,0.005694435630277096,0.4711163407753671,2.2240176863585845,2.088409942165796,0.00014854663274644985,0.0,0.0,0.0,0.0,0.0,0.0,4.880822506124362,4123.499833045353,1385860007.2963417,0.05991093489276356,5.086230374154118,100.0,IMRPhenomXP,20.0,37.95558082339558,24.621482551157687,13.33409827223789,0.04490157200454714,0.5940542007187961,(1.4459020099783024-1.4409174103643283j),1.8229169710455275,(3.896992558761568+1.34918777955211j),2.091550624113348,0.22789068196169518,2.2240176863585845,0,0,0.005694435630277096,0,0,0.4711163407753671,0.0,0.0,0.16920086305481763,0.0,0.0,0.0,1.0,1.0,0.6657137179143234,2475.5153301453406,14.781341046999833,8.005035996782093,9.38234114837302,22.786377043781926
15.540184993749858,0.5096096721310759,0.20013908875111186,0.2052598842728436,1.6299798399152057,1.5468434764726215,0.00024374254157062875,0.0,0.0,0.0,0.0,0.0,0.0,1.2816691357687944,2901.5692748329793,1385860007.2968435,0.06099131277214109,5.314985923033628,100.0,IMRPhenomXP,20.0,38.17255159957649,25.286371904128906,12.88617969544758,0.043628798128962476,0.3098404665739576,(0.9136536533961009-1.3967860074616711j),1.524492724934899,(4.112770803475098+0.6517255654531859j),2.090520926170231,0.22361880518815785,1.6299798399152057,0,0,0.20013908875111186,0,0,0.2052598842728436,0.0,0.0,0.20186775211029404,0.0,0.0,0.0,1.0,1.0,0.4975978897747356,1937.4822257764931,16.8846204156527,8.604565874078444,10.37674071248015,25.489186289731148
16.276140324551754,0.8160423523327145,0.22119112370618615,0.08551949943158031,1.6804743027039797,1.9136820737874694,0.00018134956180603824,0.0,0.0,0.0,0.0,0.0,0.0,4.430772237211489,1110.592041083846,1385860007.2962968,0.06569520220218239,5.31071156389305,100.0,IMRPhenomXP,20.0,37.624866973478014,20.718055900595438,16.906811072882576,0.013347357821410055,0.05310374448073274,(1.4670569059111156-1.4168166865641183j),1.3337024191062505,(4.083288690118058+0.3064359554473091j),2.350304493070912,0.24743478507295702,1.6804743027039797,0,0,0.22119112370618615,0,0,0.08551949943158031,0.0,0.0,0.1602268013292123,0.0,0.0,0.0,1.0,1.0,0.21743595399131901,912.2385723033261,17.017778908756597,13.887228332179788,13.36919635993255,30.905007240936385
16.007575948491358,0.7833422200599154,0.1618266549913983,0.33701800779963426,1.9144481753778906,0.43809340777569883,-3.67548344213216e-05,0.0,0.0,0.0,0.0,0.0,0.0,0.17487665995330767,1900.6251447043128,1385860007.2972538,0.0661298730236628,5.256489794133329,100.0,IMRPhenomXP,20.0,37.10532843828565,20.806622543282252,16.2987058950034,0.029119969646571153,0.14439600865769853,(1.7497945385739855+0.07933797546734493j),2.360591348803712,(2.6409911261354586+3.0308437449304426j),2.7299555195445415,0.24631006086085647,1.9144481753778906,0,0,0.1618266549913983,0,0,0.33701800779963426,0.0,0.0,0.23878035557697225,0.0,0.0,0.0,1.0,1.0,0.3478132368043543,1410.1546848009364,15.43731874351854,12.092703536320357,11.87670183922892,27.530022279838896
15.846932529922436,0.7093404385388924,0.004309374834068613,0.4391013679214538,1.7674623637906175,2.0127484714927983,6.960359627758704e-05,0.0,0.0,0.0,0.0,0.0,0.0,1.9329597409266985,1121.5413434896086,1385860007.2968454,0.06635912794254706,5.297273561779531,100.0,IMRPhenomXP,20.0,37.05327996312632,21.676945755053143,15.376334208073178,0.023136933949407634,0.04186027556391547,(1.5382303969021631-1.1879095253002259j),2.3478561835757814,(4.130985654249886+0.3680372050596428j),2.6203661401139025,0.2427714348009458,1.7674623637906175,0,0,0.004309374834068613,0,0,0.4391013679214538,0.0,0.0,0.18473893473697006,0.0,0.0,0.0,1.0,1.0,0.21934380074858686,919.7909043626295,17.777550303487093,12.610335328422753,12.996279244781983,30.387885631909842
16.289133336362248,0.7993393030560383,0.0054746418353362365,0.574377782351814,1.569733886167744,0.1388627567760291,-9.249365849610316e-05,0.0,0.0,0.0,0.0,0.0,0.0,4.199757267252686,4841.419849307998,1385860007.2513912,0.07230625956960957,5.316737726114168,100.0,IMRPhenomXP,20.0,37.70465379355796,20.954721396636828,16.749932396921135,0.028436940658902676,0.18811466227426,(0.11066261673830721-0.5554839722497049j),0.6157218569288442,(1.6089886531120663-0.47164271898985016j),1.0046729250776525,0.24689087266831888,1.569733886167744,0,0,0.0054746418353362365,0,0,0.574377782351814,0.0,0.0,0.258204429415967,0.0,0.0,0.0,1.0,1.0,0.759255720715435,2751.970512018299,11.91112875171734,9.521033355008479,9.259104941115645,21.432162106725816
15.913597594944608,0.6740686188653331,0.04403046766691157,0.5071157866244184,2.115910423708051,2.131017007387305,-7.31352800991959e-05,0.0,0.0,0.0,0.0,0.0,0.0,2.128295952487517,3605.0544446421704,1385860007.2971838,0.07919717207264654,5.160164167705746,100.0,IMRPhenomXP,20.0,37.417417775742834,22.351185222684588,15.066232553058242,0.009481428150735383,0.4687933253019514,(1.4109033636121582-0.9658137090585229j),1.9107217851932778,(3.8502662999051154+1.650304026533567j),2.1688989239875234,0.24052354615489857,2.115910423708051,0,0,0.04403046766691157,0,0,0.5071157866244184,0.0,0.0,0.23049312388590926,0.0,0.0,0.0,1.0,1.0,0.5959499835454778,2258.876845011744,14.004940914896581,9.440291179794933,9.971238296322923,23.445232094691516
15.562916481631678,0.7864177178897961,0.09257108409619486,0.06028629457192469,2.031378946655273,0.5726755934537051,0.0001497266698449102,0.0,0.0,0.0,0.0,0.0,0.0,3.4632071683295877,1987.582513251234,1385860007.2965326,0.08785791425766121,5.206693144050892,100.0,IMRPhenomXP,20.0,36.06439358809567,20.18810786913639,15.876285718959275,0.0767254224256595,0.32938024768385343,(1.4615734173690433-1.3170472608749182j),2.937718844424093,(3.8896495861684413+1.4731208375983849j),3.2728380631832374,0.24642641251157976,2.031378946655273,0,0,0.09257108409619486,0,0,0.06028629457192469,0.0,0.0,0.07835865760379528,0.0,0.0,0.0,1.0,1.0,0.3614044721935476,1459.9500445561578,14.828883172837335,11.661696463637135,11.431515614574193,26.49057963647447
16.643037815720795,0.5927750865998854,0.1806334536104034,0.4332852528925787,1.7599790392058208,3.023892851596495,-0.00015662708207669917,0.0,0.0,0.0,0.0,0.0,0.0,5.3145147270131226,4843.857129059277,1385860007.2708077,0.11703207520306513,5.298735466934298,100.0,IMRPhenomXP,20.0,39.818415972772684,24.99939652984747,14.819019442925208,0.009069113711533738,0.8357431191878097,(0.15441040967390995-0.017932520676175765j),1.2221722897895482,(0.26704467711830787-0.6503294710091955j),1.5631513097644598,0.23365820418652258,1.7599790392058208,0,0,0.1806334536104034,0,0,0.4332852528925787,0.0,0.0,0.27466160200316536,0.0,0.0,0.0,1.0,1.0,0.7595679563922777,2752.8673210162456,14.207690267959228,8.42196482897388,9.458593375299227,22.62965509693311
16.934319396151885,0.8470289765096225,0.0304850907183452,0.7489985036687719,1.7532178372877152,0.19890948104261305,-0.00023648576305462798,0.0,0.0,0.0,0.0,0.0,0.0,6.178726619213524,2374.952765173796,1385860007.2973824,0.12081100521624233,5.300006376208251,100.0,IMRPhenomXP,20.0,39.06584626410202,21.150640710534894,17.915205553567127,0.028355904174634627,0.29758547052240925,(1.3793131866257786-1.0857543370251868j),1.4492760008750827,(3.6939810002150573+2.099322224901654j),2.1766536985552265,0.24828521002445297,1.7532178372877152,0,0,0.0304850907183452,0,0,0.7489985036687719,0.0,0.0,0.35998814049178496,0.0,0.0,0.0,1.0,1.0,0.4205015796402813,1671.9113844143742,14.889558036176874,12.611887104063522,11.92136611382032,27.501445140240396
16.59586153278628,0.6011828640936747,0.10822797632493951,0.5262888331904754,1.471996964517783,0.08182451529492168,0.00016310128959143115,0.0,0.0,0.0,0.0,0.0,0.0,5.733770661968724,3921.18065901444,1385860007.212749,0.12108244867877627,5.311849672510139,100.0,IMRPhenomXP,20.0,39.62095753829997,24.74480487319405,14.876152665105918,0.03382929987513328,0.4443460747957406,(0.008824471473402276+2.2008702116602206j),0.9773433254311901,(3.3244396655995767+0.4169457391962568j),1.44187793544801,0.23449021555563992,1.471996964517783,0,0,0.10822797632493951,0,0,0.5262888331904754,0.0,0.0,0.2651938225951847,0.0,0.0,0.0,1.0,1.0,0.6387318317506828,2392.8141019470427,15.099972059954913,9.07784445073816,10.127258903036417,24.177816510693077
16.85688645899926,0.551861418397159,0.3106467821005905,0.446188153245228,0.983093361437942,2.191248034728028,0.00023001316108855395,0.0,0.0,0.0,0.0,0.0,0.0,4.267502991077019,4395.193368382596,1385860007.2146575,0.12443285410683558,5.133075594400723,100.0,IMRPhenomXP,20.0,40.80401186302386,26.293592571666814,14.510419291357051,-0.10595138468584997,1.1017034373092258,(1.755640545046001+1.7357563939590974j),1.8146726133177182,(3.3580464829829837+0.1491594496690487j),2.058001912171692,0.22915226840503936,0.983093361437942,0,0,0.3106467821005905,0,0,0.446188153245228,0.0,0.0,0.35884699665881614,0.0,0.0,0.0,1.0,1.0,0.7014988108914558,2583.1304498102254,15.453194797057176,8.52802199947157,9.907080951862397,23.98121679652874
16.112968961925368,0.5754695203081694,0.3110860520396037,0.13170611278651068,2.0944024993219577,0.38144603453595893,-9.948396558688804e-05,0.0,0.0,0.0,0.0,0.0,0.0,3.2310511661082124,3845.9552724934215,1385860007.296745,0.153379766874302,5.1728929836231385,100.0,IMRPhenomXP,20.0,38.73059611993399,24.583526130266296,14.147069989667695,0.0018013116335726664,0.534028203137118,(1.8338021818487302-1.1646340520402447j),1.6942942657868627,(3.562070979493444+1.5953273179182805j),1.9934517899377655,0.23184744545541405,2.0944024993219577,0,0,0.3110860520396037,0,0,0.13170611278651068,0.0,0.0,0.24556419568868287,0.0,0.0,0.0,1.0,1.0,0.6286224061588824,2361.47754895158,15.094675129913457,8.686525456218952,9.893618619633214,23.78120058613241
16.831365047198076,0.5319247074129163,0.2831237807919859,0.4686515268959413,2.103844313987886,1.9058697771698256,-1.8154807179375087e-05,0.0,0.0,0.0,0.0,0.0,0.0,3.7131496544806697,4835.5787222330055,1385860007.2891018,0.1722651284188288,5.167382006077928,100.0,IMRPhenomXP,20.0,41.010413298603034,26.770514960791118,14.239898337811914,-0.04634142275795572,1.0181292592096955,(0.846096055801723-0.8783416248012446j),1.437500153654087,(1.3009850430272527+0.9293812786079142j),1.7057329709898728,0.22666022837703187,2.103844313987886,0,0,0.2831237807919859,0,0,0.4686515268959413,0.0,0.0,0.34754391292105413,0.0,0.0,0.0,1.0,1.0,0.7585072771664002,2749.8201295007907,15.223431434374403,8.097719311550197,9.571393457250615,23.3211507459246
16.971664953618927,0.5765229817908228,0.154954419164827,0.5821611017722135,1.1560176520752947,1.5734496213038536,-2.7635253323051476e-05,0.0,0.0,0.0,0.0,0.0,0.0,4.088373103789785,4310.489017449716,1385860007.2608464,0.173652397763135,5.2281316791190156,100.0,IMRPhenomXP,20.0,40.78259366857508,25.86869594647382,14.91389772210126,-0.03268736965776187,0.8031229429619016,(1.3919316926842995-1.8818262665112j),1.5565021304026943,(0.5152199227124631+0.4075782128288581j),1.9434475603444517,0.2319615552950347,1.1560176520752947,0,0,0.154954419164827,0,0,0.5821611017722135,0.0,0.0,0.3111807941320998,0.0,0.0,0.0,1.0,1.0,0.6903952562335989,2549.9888335920537,15.303341541618108,8.82272809693704,10.040057135177845,24.126069638555148
16.731612386994197,0.5255064925491737,0.41568287570963225,0.11734617735334513,1.8001501955768717,1.5864443363728196,0.00020190022786301782,0.0,0.0,0.0,0.0,0.0,0.0,2.3817953559375953,4745.316039152368,1385860007.2487228,0.18410045304708333,5.290202813404651,100.0,IMRPhenomXP,20.0,40.85900775213243,26.783896333247082,14.07511141888535,0.014699630776236816,0.7636363527365635,(0.3809321511900558-0.9102108742098002j),1.09964807598905,(1.4111783849332793-0.2989647652310585j),1.4721266243283508,0.2258135328614376,1.8001501955768717,0,0,0.41568287570963225,0,0,0.11734617735334513,0.0,0.0,0.3129118467316224,0.0,0.0,0.0,1.0,1.0,0.7469168992913602,2716.394826158054,15.332095272598265,8.057115610132882,9.577795253902119,23.389210882731145
16.949022452900653,0.5673777629739236,0.20002179521380503,0.5232525080748311,1.5949016970056524,3.051900764196492,-7.807059058161e-05,0.0,0.0,0.0,0.0,0.0,0.0,4.309413571347429,4365.706468852514,1385860007.2153826,0.1917484081315335,5.316447727926705,100.0,IMRPhenomXP,20.0,40.83472975630333,26.05289593928142,14.78183381702191,0.009763527290439722,0.7068189021689069,(1.0496929266442898+0.40077561617226465j),1.248373707681554,(1.2971502314283303-0.2480221875781855j),1.6516315904924124,0.23095371300758247,1.5949016970056524,0,0,0.20002179521380503,0,0,0.5232525080748311,0.0,0.0,0.3170286349941438,0.0,0.0,0.0,1.0,1.0,0.6976387957533696,2571.634472614469,15.346548396780598,8.70729029873643,9.983880254915535,24.05383869551703
16.85418136687973,0.6470704893170534,0.1806214120409825,0.4411911067381795,1.9785989767730527,0.2882821041918549,-0.0001304325099718685,0.0,0.0,0.0,0.0,0.0,0.0,6.078187060965015,4545.837815961701,1385860007.2963579,0.21956630667960297,5.231174402385417,100.0,IMRPhenomXP,20.0,39.82825967871595,24.181272105257907,15.646987573458047,0.01494113685723919,0.6550436877070647,(1.3134220312995968-1.5445687012983447j),1.2099889044875174,(4.032766073093663+1.0083461398191826j),1.491873163074279,0.2385213296249344,1.9785989767730527,0,0,0.1806214120409825,0,0,0.4411911067381795,0.0,0.0,0.2829891983273012,0.0,0.0,0.0,1.0,1.0,0.7211326543579505,2641.1897120476365,14.049627170822847,9.091099128146507,9.792494102185863,23.14072629896935
16.770917307577136,0.5565984269578874,0.2693272060181798,0.40853476953761236,1.9804814412942766,1.735838528511025,-8.625259603521661e-05,0.0,0.0,0.0,0.0,0.0,0.0,1.8234882389943314,4320.307237759594,1385860007.2487235,0.21959053890035118,5.230359034024132,100.0,IMRPhenomXP,20.0,40.536246990424814,26.041557211159567,14.494689779265245,0.0016208229008531916,0.8659951358056777,(0.8709682778076197+0.31459464777277757j),1.3605511770603032,(0.2980428162609061+1.326320976851267j),1.7145111401619346,0.22971470661601662,1.9804814412942766,0,0,0.2693272060181798,0,0,0.40853476953761236,0.0,0.0,0.3191041488273688,0.0,0.0,0.0,1.0,1.0,0.6916846966745456,2553.848989284721,15.393859897385811,8.568198203695049,9.913737081469625,23.96205810108086
16.95279345329226,0.7425957480642178,0.408262999864736,0.11695420618366947,2.007915991134108,0.16215615187146565,-0.0002029737524386781,0.0,0.0,0.0,0.0,0.0,0.0,2.8991524113350753,4916.085296875452,1385860007.2301846,0.2602039379134844,5.21799445525202,100.0,IMRPhenomXP,20.0,39.466242116078696,22.647961903912723,16.818280212165973,-0.008696136233882878,0.9601762118960426,(1.7782439084971713-0.5689585510060495j),1.2907009035965544,(1.4410875821931475-0.5409826723626336j),1.617009948740326,0.2445452086682807,2.007915991134108,0,0,0.408262999864736,0,0,0.11695420618366947,0.0,0.0,0.28412366818004486,0.0,0.0,0.0,1.0,1.0,0.768805910506163,2779.3243120125107,12.804096689970786,9.50826775977543,9.584315244876716,22.312364449746216
