chirp_mass,mass_ratio,a_1,a_2,dec,ra,theta_jn,psi,time_jitter,tilt_1,tilt_2,phi_12,phi_jl,phase,geocent_time,luminosity_distance,log_likelihood,log_prior,reference_frequency,waveform_approximant,minimum_frequency,total_mass,mass_1,mass_2,H1_log_likelihood,V1_log_likelihood,H1_matched_filter_snr,H1_optimal_snr,V1_matched_filter_snr,V1_optimal_snr,symmetric_mass_ratio,iota,spin_1x,spin_1y,spin_1z,spin_2x,spin_2y,spin_2z,phi_1,phi_2,chi_eff,chi_1_in_plane,chi_2_in_plane,chi_p,cos_tilt_1,cos_tilt_2,redshift,comoving_distance,mass_1_source,mass_2_source,chirp_mass_source,total_mass_source
6.004823840353956,0.5058704546213003,0.0803272591320132,0.36074397000221053,0.7230698776958436,0.4167866696063358,0.6685934088841213,1.2811765828572956,4.626182912993818e-05,0.0,0.0,0.0,0.0,3.319365471801144,1415188782.9148002,513.9790363326614,45.18400315558364,2.019511113272725,100.0,IMRPhenomXP,20.0,14.77140538911834,9.80921389604731,4.962191493071029,48.59898366393359,-0.013808233431046146,(11.162522499432866-2.8768326490004497j),9.027557898091853,(0.20734128695119916+0.5300685839271068j),2.3230399245538256,0.22308177441051963,0.6685934088841213,0,0,0.0803272591320132,0,0,0.36074397000221053,0.0,0.0,0.17452827660731146,0.0,0.0,0.0,1.0,1.0,0.10758890342729252,464.05217132123465,8.856367074186053,4.480174438111614,5.4215276279608755,13.33654151229767
6.0388914054549945,0.6022229563726689,0.16361579973946463,0.17730477626089836,-0.17111397243113557,4.200589225019965,1.7767301292691349,1.2156892125165935,0.0001593258769600104,0.0,0.0,0.0,0.0,0.07745974513746824,1415188782.8919241,316.02895270523754,48.7591664490016,2.749646084161112,100.0,IMRPhenomXP,20.0,14.41353065059784,8.99595814257284,5.417572508024999,48.74285038178675,-0.0029455129049573772,(11.608500814293947-0.44897825889979726j),10.450571092074714,(0.8377880375182302-0.5756441167388611j),1.4514355065434272,0.2345910324667834,1.7767301292691349,0,0,0.16361579973946463,0,0,0.17730477626089836,0.0,0.0,0.1687610361609408,0.0,0.0,0.0,1.0,1.0,0.06794887206662406,295.9214245261886,8.423585040325438,5.072876286241373,5.654663405158087,13.496461326566811
6.037543534439792,0.6049338511089972,0.1629925743027247,0.17068907407390113,1.3112201383950552,3.989975775286138,1.8994093426168002,2.8292831275611277,0.0001293123593967975,0.0,0.0,0.0,0.0,4.697911622571798,1415188782.917132,335.80306083285905,48.83679048355878,1.3707597757090388,100.0,IMRPhenomXP,20.0,14.400716722709443,8.972778979494175,5.427937743215269,49.71326888145302,-0.007674908184322232,(11.648253639822743-0.21137713499074054j),10.32524789179708,(1.481649364659065+0.8298230659364889j),3.2309041325950933,0.23485164856577578,1.8994093426168002,0,0,0.1629925743027247,0,0,0.17068907407390113,0.0,0.0,0.16589354946965765,0.0,0.0,0.0,1.0,1.0,0.07199810469651209,313.24967836732594,8.370144443524378,5.063383712559776,5.632046836639744,13.433528156084153
5.9157987748821395,0.5003757525317012,0.012139901927888917,0.0617651257225529,-1.0500065882715983,5.0031214846434535,2.01864170129151,1.7582256772255442,-6.679439298983486e-05,0.0,0.0,0.0,0.0,3.6213009095338866,1415188782.8814209,481.67714291283664,49.05333334167237,1.9838597185507716,100.0,IMRPhenomXP,20.0,14.583967360081123,9.720209977715554,4.863757382365571,49.687268067087864,-0.003989409380579692,(11.598585175177242+0.8238726236034245j),9.719112278796686,(0.3172149467651219-0.2185761883411174j),1.294927687902849,0.22227784744735168,2.01864170129151,0,0,0.012139901927888917,0,0,0.0617651257225529,0.0,0.0,0.028689928585484088,0.0,0.0,0.0,1.0,1.0,0.1012498568914371,437.391332457288,8.826525530866686,4.416579354747691,5.371895158816196,13.243104885614377
6.0290716848316075,0.8215351640930523,0.055436823184606035,0.21224910386201845,1.2944305728239665,0.5579325294053691,1.5200897581384987,1.0773145163179247,-0.00024114828086583547,0.0,0.0,0.0,0.0,3.3950039154390113,1415188782.9201334,366.0650543414247,49.542379493461844,1.4856355805470898,100.0,IMRPhenomXP,20.0,13.931562407004098,7.648253342361723,6.283309064642374,50.693501137134284,-0.0038091369913698103,(11.640174626339617-0.8392235333630218j),9.918416186082524,(0.8443741213554196-0.15312937658538478j),2.2166163802636687,0.24760022677457202,1.5200897581384987,0,0,0.055436823184606035,0,0,0.21224910386201845,0.0,0.0,0.1261611250139737,0.0,0.0,0.0,1.0,1.0,0.07815466946934807,339.52925608693744,7.09383686676985,5.827836434391113,5.59202854243448,12.921673301160963
6.020717337214359,0.8250248064498038,0.16446646499225695,0.005167952230324942,-0.44611595143486965,5.626597860429737,0.25506447452287945,2.1800350304174736,0.00022164344913638064,0.0,0.0,0.0,0.0,4.23430102873758,1415188782.8860087,805.3601027003268,49.59383040124872,1.3056115856520218,100.0,IMRPhenomXP,20.0,13.90882876497169,7.621172444241099,6.287656320730591,53.103651794333594,-0.021065704047639022,(11.728397068581309+0.296568764991079j),10.287684813271898,(-0.6662798599249296+0.4173688670682373j),1.9127726370647122,0.24770197139683417,0.25506447452287945,0,0,0.16446646499225695,0,0,0.005167952230324942,0.0,0.0,0.09245362210119824,0.0,0.0,0.0,1.0,1.0,0.16280225402868534,692.6028086423751,6.554143163927072,5.407330695263237,5.177765450965348,11.96147385919031
5.984059536457194,0.8794871639597108,0.07888973649996717,0.000577602118383136,0.604569905307046,2.211718703304589,2.519299414776995,0.254832204831809,-6.237055455801275e-07,0.0,0.0,0.0,0.0,0.48401502001699337,1415188782.923697,681.4193980188873,49.64177232082163,2.0508675219791144,100.0,IMRPhenomXP,20.0,13.781784011998898,7.332736438041631,6.449047573957266,51.08862933988066,-0.00748496487237818,(11.544291278050927+0.2647239483240644j),11.495335597919865,(-0.2578810329054916-0.8028128858463845j),1.4788576294760096,0.24897215436862813,2.519299414776995,0,0,0.07888973649996717,0,0,0.000577602118383136,0.0,0.0,0.04224435881843727,0.0,0.0,0.0,1.0,1.0,0.13972535657636617,597.8803495845572,6.433774940366793,5.658422475858248,5.250439943209457,12.09219741622504
6.017249934008509,0.9925128997841903,0.15079008553670525,0.035959849684201205,-0.7074361829022934,5.0354791168906905,1.552204717008442,0.10156060554974412,0.0001541615578581493,0.0,0.0,0.0,0.0,0.11800714373506944,1415188782.8828447,193.0188110757915,49.73091836365008,2.5111445792901668,100.0,IMRPhenomXP,20.0,13.824127317328047,6.938036546124917,6.88609077120313,50.489795052448855,-0.001753377267885479,(11.729715924319933-2.110963361585718j),12.424077658795177,(-0.15972562518496647+1.7752755663775315j),0.914306231692522,0.24999647007874212,1.552204717008442,0,0,0.15079008553670525,0,0,0.035959849684201205,0.0,0.0,0.09359071162990873,0.0,0.0,0.0,1.0,1.0,0.04226264761279746,185.19210220881973,6.656706504848681,6.606867076139647,5.773256815631303,13.263573580988329
5.995539032925862,0.6635405975793337,0.001600306796183823,0.23584973797047862,-0.5585052608549975,4.174181524913157,1.8076510162781376,1.1970124019049901,-1.0170200835884618e-05,0.0,0.0,0.0,0.0,2.9677012204606985,1415188782.887519,326.6775486903547,49.763167725663855,2.5925798458322564,100.0,IMRPhenomXP,20.0,14.123678392833625,8.49013147823708,5.633546914596544,49.78037115267602,-0.0005161649889813269,(11.645460465018674+0.9439234586233397j),12.403546849978522,(0.5723063957848764+0.2345625962773631j),1.3025176343217495,0.23977322881321783,1.8076510162781376,0,0,0.001600306796183823,0,0,0.23584973797047862,0.0,0.0,0.09503596311270963,0.0,0.0,0.0,1.0,1.0,0.07013205471135067,305.2684442357105,7.933723170760588,5.2643474137554875,5.602616057083772,13.198070584516076
6.024228950359056,0.8636163066808977,0.19167586885527507,0.0028166160215798044,-0.7713863364361324,4.198394500050354,1.393206133592555,2.7446401321591347,0.00015111321551698574,0.0,0.0,0.0,0.0,4.794619323027607,1415188782.8863962,397.46371916346004,49.93393112108771,2.4371050267634686,100.0,IMRPhenomXP,20.0,13.884708634528332,7.450411645762539,6.4342969887657935,52.781116064559285,-0.003111893718386785,(11.741031706020117-1.7071246821168387j),10.85937384296341,(-1.8343618021119623+0.7544554255798546j),1.096305715616782,0.2486610884155587,1.393206133592555,0,0,0.19167586885527507,0,0,0.0028166160215798044,0.0,0.0,0.10415681794868879,0.0,0.0,0.0,1.0,1.0,0.08449232261253878,366.49749458123614,6.869953332462991,5.933003724051814,5.55488390719697,12.802957056514805
6.017955303938036,0.7947693010487351,0.17170492983838342,0.0077037123907502504,1.3441515242631248,1.255335595683589,0.8698301363893326,0.952579726513762,-0.00010489384725206625,0.0,0.0,0.0,0.0,0.9825726759969957,1415188782.9215426,548.2042957200571,49.950718199119635,1.0238664248340026,100.0,IMRPhenomXP,20.0,13.935246863073555,7.764366626357377,6.170880236716179,52.64605853896481,-0.009372507444621703,(11.88936929026674-0.4716806753386433j),10.15387223276105,(-0.05560629403885075+0.8312402405011872j),2.1637808186966905,0.24673105666682174,0.8698301363893326,0,0,0.17170492983838342,0,0,0.0077037123907502504,0.0,0.0,0.09908103723790612,0.0,0.0,0.0,1.0,1.0,0.11425422868396722,491.9921185919349,6.968218227475592,5.538125930205833,5.400881727903132,12.506344157681426
6.003868408759214,0.7064370361909792,0.11227745627827744,0.05630733325995734,-0.34477609541415055,5.060790513867291,1.662985893303281,0.8356984715526552,-7.693559082868923e-05,0.0,0.0,0.0,0.0,3.0377429628045522,1415188782.884736,357.5579380040952,49.95738475163637,2.720807030148415,100.0,IMRPhenomXP,20.0,14.044148439941932,8.230100579210678,5.814047860731252,52.187439228126266,-0.0019200902140217718,(11.745659346706555+1.2747240493560745j),11.681881262305184,(-0.5720195898266498-0.16538912218873586j),1.6723335778418944,0.2426011878808341,1.662985893303281,0,0,0.11227745627827744,0,0,0.05630733325995734,0.0,0.0,0.08910674034693296,0.0,0.0,0.0,1.0,1.0,0.0764288221868109,332.17053340092815,7.6457452732368125,5.401237630296602,5.577580500457151,13.046982903533415
6.020676411639555,0.6992250331535463,0.19441531677309903,0.044925986865763524,0.5071904848058921,1.7394460908318232,0.521136159275037,0.3532268910980089,-3.0303328628199656e-05,0.0,0.0,0.0,0.0,5.50146704938262,1415188782.9247127,689.5857984912559,50.07906078370296,1.9537432473269902,100.0,IMRPhenomXP,20.0,14.098606271494699,8.29708013736678,5.801526134127918,50.59753976571778,-0.002103904913543869,(11.5264871788957-0.2396160729210437j),12.17813432609841,(-0.3269174983637109+0.7665115757769484j),0.8280572653277744,0.2421671179143577,0.521136159275037,0,0,0.19441531677309903,0,0,0.044925986865763524,0.0,0.0,0.13290099134760208,0.0,0.0,0.0,1.0,1.0,0.14126357284839197,604.2300964369531,7.27008233221598,5.08342355977273,5.275447806165417,12.353505891988712
5.983850978081315,0.5110346986933318,0.1582902852348039,0.006239004776377378,0.684832772110885,1.733555922380346,2.127735402621604,1.3958123610736393,7.566781879126891e-05,0.0,0.0,0.0,0.0,4.891710725305782,1415188782.9235992,470.6831980811113,50.13805544666732,2.366367583393834,100.0,IMRPhenomXP,20.0,14.690611055431415,9.722219528204832,4.968391527226583,49.79366897903311,-0.0015957545350419253,(11.440279673697452-2.3466208114472553j),11.484360728336396,(1.5502351913338566+0.14137958783845467j),0.25255179065441224,0.22382135184237675,2.127735402621604,0,0,0.1582902852348039,0,0,0.006239004776377378,0.0,0.0,0.1068662640907485,0.0,0.0,0.0,1.0,1.0,0.09908140698238499,428.2514398959585,8.845768353863754,4.520494565427773,5.444411069158608,13.366262919291527
5.998073335973597,0.6344781096954545,0.1345498232656587,0.019886924621935243,-0.01693819349435806,1.8886580224951122,0.30707006226787936,2.79983898557307,7.912020042784605e-05,0.0,0.0,0.0,0.0,2.659765258424882,1415188782.9178755,603.8753650720232,50.15562530687421,1.5891262145236649,100.0,IMRPhenomXP,20.0,14.210740725556542,8.694359772248262,5.516380953308279,51.783072626242735,-0.0363190533404294,(11.703107423482697-0.16440898275670313j),10.837840983764368,(0.9293786951361919-0.2760414005628588j),2.8951634238334853,0.23749716287422692,0.30707006226787936,0,0,0.1345498232656587,0,0,0.019886924621935243,0.0,0.0,0.09003953049873595,0.0,0.0,0.0,1.0,1.0,0.12498770572385878,536.7839676464207,7.728404255452719,4.903503322961948,5.331679008984559,12.631907578414667
5.994536015278695,0.9628326529933975,0.02596852347066686,0.0950671672478307,1.0113641586216426,1.921602894512062,2.6524847440073374,2.3506017876461858,-2.493122762831936e-05,0.0,0.0,0.0,0.0,6.0727785427001155,1415188782.9245276,728.7402714207193,50.28545744449462,1.3967990126419059,100.0,IMRPhenomXP,20.0,13.774790949503386,7.017812205485925,6.756978744017459,52.026326397784885,-0.005839740346827327,(11.695238801567825-0.6823456088863501j),12.11026925313508,(-0.8844930706985621-0.0570368716056618j),1.2599863584777486,0.24991036108622794,2.6524847440073374,0,0,0.02596852347066686,0,0,0.0950671672478307,0.0,0.0,0.059863634398616236,0.0,0.0,0.0,1.0,1.0,0.14860327743292248,634.4577648246583,6.109866081150687,5.882778568348689,5.218978678762103,11.992644649499377
5.992804264098648,0.9745008560642332,0.01643522539707643,0.0941526978953392,0.6209847743927513,1.0409032265907343,0.5397075043334572,0.5926252643179669,0.00010910834034446443,0.0,0.0,0.0,0.0,1.1802166590084433,1415188782.9202528,596.6794214524133,50.33788724861297,1.9133104397495062,100.0,IMRPhenomXP,20.0,13.769226681370943,6.973522771125611,6.795703910245332,51.239560664029405,-0.013097258740944362,(11.64991957410769+0.9075408584144367j),11.513880287186643,(0.22602751332580884+1.9266884378347258j),1.834381993963914,0.24995830571249306,0.5397075043334572,0,0,0.01643522539707643,0,0,0.0941526978953392,0.0,0.0,0.05479213126931262,0.0,0.0,0.0,1.0,1.0,0.12360768598102678,531.038929653829,6.206367986026188,6.048110915432171,5.333537976706081,12.25447890145836
5.962731091127424,0.6425687763320864,0.08873816425417086,0.010479011145252754,0.5553756038161168,1.9732715000462047,1.147399873873239,2.5273896702699834,0.000116565936868661,0.0,0.0,0.0,0.0,3.0241657691830124,1415188782.9240093,498.58156882907883,50.35525884508377,2.5303993282732957,100.0,IMRPhenomXP,20.0,14.103331962629799,8.586143950771445,5.517188011858353,50.716100295953716,-0.0034355666437254143,(11.59283806453296+0.8124544572097285j),11.34568743806017,(0.21058407056079834-1.6973156481471467j),0.9138239645278164,0.23816201300674647,1.147399873873239,0,0,0.08873816425417086,0,0,0.010479011145252754,0.0,0.0,0.058123380280086505,0.0,0.0,0.0,1.0,1.0,0.10457318483242446,451.3793874890686,7.773268506490183,4.994859632316142,5.398221840802729,12.768128138806325
5.970146020314793,0.5269770468523223,0.006285224970914428,0.263846567290792,-1.3253735315943114,4.510838559304498,1.8704212545938534,2.48980592965736,6.999221583309993e-05,0.0,0.0,0.0,0.0,0.8719089705433459,1415188782.8845572,456.552595288298,50.42206332214404,1.3253065155694221,100.0,IMRPhenomXP,20.0,14.57165715305491,9.542813484389049,5.028843668665861,49.59019575576831,-0.01147288007462216,(11.693599737483051+1.0567979607071243j),9.56106737346396,(1.5299447247687556-0.18828766483318882j),2.0010263512714705,0.22600949327861777,1.8704212545938534,0,0,0.006285224970914428,0,0,0.263846567290792,0.0,0.0,0.09517255686554756,0.0,0.0,0.0,1.0,1.0,0.09628596328256273,416.4539276306976,8.704675425940332,4.587164149770016,5.445792631001711,13.291839575710348
5.9531297391767275,0.6462438981753731,0.07023521661300901,0.00034019439444570314,-0.8181450253039616,5.295547293353149,0.6621780081025403,2.528010125608844,-1.3747198115393003e-05,0.0,0.0,0.0,0.0,0.9677834410843661,1415188782.8823771,763.0586722514339,50.44389906130893,1.9188973269923508,100.0,IMRPhenomXP,20.0,14.07020703967287,8.54685448205317,5.5233525576197,52.22459126558561,-0.00754796253026685,(11.569003887324794-0.9419063104721337j),10.26885754482545,(-0.7557305893073567-0.24649965797760773j),1.14603263273932,0.23845591458731333,0.6621780081025403,0,0,0.07023521661300901,0,0,0.00034019439444570314,0.0,0.0,0.04279746472725118,0.0,0.0,0.0,1.0,1.0,0.1549893431192288,660.6629598044276,7.399942287753978,4.782167550310919,5.154272439518249,12.182109838064896
6.013704468670157,0.7211461684377742,0.09662563055219918,0.08373008269001687,-0.6978587938036358,4.395845077872935,1.8109975366223785,2.5589816181751956,4.7060170106110865e-05,0.0,0.0,0.0,0.0,4.460356144643857,1415188782.8847644,427.37574104138207,50.59163690323466,2.490297821791736,100.0,IMRPhenomXP,20.0,14.03813474887281,8.156271097889814,5.881863650982997,50.213611120494996,-0.00205312694227394,(11.579882729046501-0.7111024923323316j),10.91821624513908,(0.9797570312915952+0.40712352723022627j),0.6142046981043005,0.24343767504023703,1.8109975366223785,0,0,0.09662563055219918,0,0,0.08373008269001687,0.0,0.0,0.0912225014622628,0.0,0.0,0.0,1.0,1.0,0.090483809132105,391.9138783556866,7.479497659283206,5.393811078831385,5.514712294037953,12.873308738114591
6.026494962416577,0.5892483860970843,0.120206970494935,0.19389447954605418,-0.9327446660205709,5.018068660142888,1.913238738975145,1.435050412594508,-0.00012157421856084423,0.0,0.0,0.0,0.0,0.5674069186963873,1415188782.8826125,342.2383949723064,50.74483705827847,2.207764519754978,100.0,IMRPhenomXP,20.0,14.431646810767965,9.0808000417163,5.350846769051666,50.4104947307946,-0.000871476042191878,(11.680548398187982+0.9531101086482842j),9.897444245682285,(1.0345802511991147-0.6323672274140859j),1.215068065740051,0.23330005627934589,1.913238738975145,0,0,0.120206970494935,0,0,0.19389447954605418,0.0,0.0,0.14752821628868962,0.0,0.0,0.0,1.0,1.0,0.07331136898788815,318.8621711986344,8.460545843541487,4.9853629838072155,5.6148617601055,13.445908827348703
6.0326175142019585,0.5886149436559236,0.06150587625851241,0.35602350021050844,-1.2751645424569995,4.496353543318007,2.2208632840673177,0.3603730575031204,-2.875113853434503e-05,0.0,0.0,0.0,0.0,5.476908637177399,1415188782.8855848,490.63741672760926,50.86112377163314,1.3243627123533965,100.0,IMRPhenomXP,20.0,14.44872058641305,9.095168495118022,5.353552091295026,52.19917117524655,-0.010940410823494257,(11.768097275378075-0.42868034380464043j),10.929616382639146,(0.4257347768345105-0.4862790889607496j),2.0216062097190433,0.23323514717394145,2.2208632840673177,0,0,0.06150587625851241,0,0,0.35602350021050844,0.0,0.0,0.17063079373488227,0.0,0.0,0.0,1.0,1.0,0.10301303894076087,444.81560730846945,8.245748847948564,4.853570993536141,5.469216864376478,13.099319841484704
6.017712939017624,0.500349389351479,0.16441170705892777,0.16058855841878378,-0.6044119472052291,5.648260496363961,0.23261428197465164,0.30543775117869526,-7.472532442739073e-05,0.0,0.0,0.0,0.0,2.7855915399382485,1415188782.88479,796.9246137928945,50.87512944594994,1.1233079866474789,100.0,IMRPhenomXP,20.0,14.835368196336558,9.887942303058555,4.947425893278004,53.98311580366028,-0.024716834800421694,(11.646932242049992+1.9423098605808238j),10.883547828650261,(-0.4662551118283397-0.10181926655488059j),1.9768327340852896,0.22227394745190965,0.23261428197465164,0,0,0.16441170705892777,0,0,0.16058855841878378,0.0,0.0,0.16313673064271925,0.0,0.0,0.0,1.0,1.0,0.161249326910473,686.2648663928542,8.514917575337263,4.260433809198176,5.1821024129485345,12.775351384535439
6.019360429757598,0.9664892176327166,0.08000252878962325,0.11709156107095962,-0.3755795408341537,2.9001480166602227,0.9991555134446779,1.5583148894739163,-1.967293704390995e-05,0.0,0.0,0.0,0.0,1.018271507515699,1415188782.9058914,212.11145272307098,50.96684117627517,2.5403142265221703,100.0,IMRPhenomXP,20.0,13.831268888956327,7.033483206994939,6.797785681961389,50.59924518367761,0.0008367083281440851,(11.860287126073512+0.9731114957772371j),11.847702735798874,(0.8831782935750324+0.27086133972881815j),0.5845751058734195,0.24992740177469566,0.9991555134446779,0,0,0.08000252878962325,0,0,0.11709156107095962,0.0,0.0,0.09823102934326239,0.0,0.0,0.0,1.0,1.0,0.046308103230819256,202.72370191774283,6.722191279295988,6.496925390304249,5.752952128699806,13.219116669600236
5.983155115216971,0.5317381337031984,0.012369349955622947,0.26254834106894614,0.3657598070175209,1.7049799580079716,0.7936818734252826,0.19211049193187169,-9.372361696436104e-05,0.0,0.0,0.0,0.0,1.608391667203876,1415188782.9213166,584.444430527783,50.97461505633461,2.378918906450421,100.0,IMRPhenomXP,20.0,14.5791769640684,9.518060981364439,5.06111598270396,50.35431850101389,-0.004861696271763347,(11.515868158295163-0.9911296778870013j),10.742573705862062,(1.1410784085262944-0.04909828330939529j),1.2164707277812572,0.22663592762027568,0.7936818734252826,0,0,0.012369349955622947,0,0,0.26254834106894614,0.0,0.0,0.09921820936524604,0.0,0.0,0.0,1.0,1.0,0.12125631982353977,521.240698973182,8.488746786160693,4.51379037355211,5.336117183409574,13.002537159712805
6.04257335052853,0.6862569298406664,0.19727718356373813,0.09675966305377032,0.6038697598320306,1.63273831383373,2.409481233722266,1.1663396377089703,2.4588082141909786e-05,0.0,0.0,0.0,0.0,2.1756873673113977,1415188782.9248295,785.8617374288095,50.99284372364479,2.1882840568772703,100.0,IMRPhenomXP,20.0,14.17876426892521,8.408424610753093,5.7703396581721185,50.42629651043926,-0.002070950955954675,(11.458225166224185-1.0517112277112388j),9.48653800654937,(1.701236745378995+0.3586815544354421j),0.3272144936318845,0.24134552360218206,2.409481233722266,0,0,0.19727718356373813,0,0,0.09675966305377032,0.0,0.0,0.1563695117851055,0.0,0.0,0.0,1.0,1.0,0.15920890311026328,677.9293463968861,7.2535887088103985,4.977825517635148,5.212669894369991,12.231414226445546
6.012927753827593,0.5704422720109975,0.10640059810923333,0.20679665905652073,-0.8788772645030266,3.9914807799851277,1.2152294093172316,1.3579600807536956,8.474888941072025e-06,0.0,0.0,0.0,0.0,3.1460429075400214,1415188782.887336,445.2985827322996,51.06382372506099,2.271729628110573,100.0,IMRPhenomXP,20.0,14.473892319647279,9.216443404260275,5.257448915387004,52.18528792157092,-0.005768902278139615,(11.844325905334214-0.720797867106405j),9.838561975080259,(0.14989892899193497-0.9482156969628189j),1.5573630558553773,0.23129580039755393,1.2152294093172316,0,0,0.10640059810923333,0,0,0.20679665905652073,0.0,0.0,0.14286813220992273,0.0,0.0,0.0,1.0,1.0,0.09405282056408198,407.0174438248982,8.424130198310145,4.805479970040495,5.496012295573984,13.229610168350641
6.025372424204664,0.9170199202083669,0.0820854169274412,0.1456461986933296,-0.5368267534021952,5.4178957552876446,1.3567275685388045,0.12808934430209482,0.00012009443131393184,0.0,0.0,0.0,0.0,0.15378789353102526,1415188782.8844154,368.31485485774925,51.073607640962805,2.611028694185827,100.0,IMRPhenomXP,20.0,13.858256154572668,7.229062154485265,6.629194000087403,51.78772938373786,-0.00227617842623069,(11.762920812722239-0.002623467201927134j),11.852204008477704,(-0.6068178773394177+2.021041050577119j),0.7945130737853474,0.24953158105311346,1.3567275685388045,0,0,0.0820854169274412,0,0,0.1456461986933296,0.0,0.0,0.11249016254792545,0.0,0.0,0.0,1.0,1.0,0.0786104606599669,341.4716143672435,6.702199188817468,6.146050165349975,5.586235850631314,12.848249354167443
6.0141933986399145,0.5454535046692595,0.0491131399710156,0.38535833467129277,-0.6323121030511027,5.117839176595856,1.7784401758353652,2.1076348992650806,-5.628922404058334e-05,0.0,0.0,0.0,0.0,1.6254278775056317,1415188782.882951,439.9924314116921,51.26826904624668,2.549150276203102,100.0,IMRPhenomXP,20.0,14.587802677497585,9.439172795185128,5.148629882312457,51.68578181827208,0.00038629300478957435,(11.613240682737555-2.090656963063661j),11.736247832198288,(-0.7571380138417553-1.2240720391204434j),0.5748372510376576,0.22837357425677693,1.7784401758353652,0,0,0.0491131399710156,0,0,0.38535833467129277,0.0,0.0,0.16778776804836704,0.0,0.0,0.0,1.0,1.0,0.0929978133552994,402.5556364371849,8.636039962613125,4.71055826407111,5.50247523385016,13.346598226684236
6.010107744302224,0.8499545381522526,0.08556555646873523,0.10325346643183989,1.0938204760910344,1.2746187970288023,0.4295906476186802,0.700621619581983,0.0002311849870165958,0.0,0.0,0.0,0.0,4.394339914928863,1415188782.9229429,780.4029766739751,51.274077346223145,1.1313432046203342,100.0,IMRPhenomXP,20.0,13.86238979726759,7.49336781600776,6.36902198125983,53.776171340984384,-0.00907831473017845,(11.737510069057532+0.7018396104650808j),10.745640449496921,(-0.899544547642453-0.4667603145374662j),1.4518708476944289,0.2483553873512762,0.4295906476186802,0,0,0.08556555646873523,0,0,0.10325346643183989,0.0,0.0,0.09369219906103657,0.0,0.0,0.0,1.0,1.0,0.1582004941007581,673.8064647967244,6.469836487011438,5.4990668832384,5.189177327167823,11.968903370249837
5.946442208911563,0.5559877162991922,0.008110286516279656,0.11371082349243047,0.6890191492286233,2.5438734880859606,2.0012530993169446,2.9880257901191074,0.00011733108729175345,0.0,0.0,0.0,0.0,2.488875864937569,1415188782.921256,571.9906576422698,51.33789594779105,2.4311174197034333,100.0,IMRPhenomXP,20.0,14.375583497495477,9.238879810495417,5.13670368700006,51.73446266180728,-0.0058750947114447755,(11.641512575614886+2.341181313360426j),9.05339098967251,(0.3515613911168125+0.38793785912866924j),1.2278966943238283,0.22964281840933143,2.0012530993169446,0,0,0.008110286516279656,0,0,0.11371082349243047,0.0,0.0,0.04584361871313164,0.0,0.0,0.0,1.0,1.0,0.1188564212014753,511.22793482856474,8.257431101458325,4.591030260597736,5.3147500396217255,12.84846136205606
6.030919361642107,0.9627176821846477,0.1536885620204228,0.09239882816720153,-0.920158801031268,5.872829993195802,0.4314076539420635,1.3846069932269665,0.00019305338558227948,0.0,0.0,0.0,0.0,1.930856681813628,1415188782.8862646,667.3438930803845,51.609129684632926,1.412418050799631,100.0,IMRPhenomXP,20.0,13.858414748943616,7.0608294176665245,6.797585331277093,51.915683164239155,-0.038320006508009485,(11.641110957391714+0.8409206735518708j),12.19857292247642,(1.1864882460428186-1.3188310101924505j),2.7076517642141846,0.24990979509631195,0.4314076539420635,0,0,0.1536885620204228,0,0,0.09239882816720153,0.0,0.0,0.12362580207666432,0.0,0.0,0.0,1.0,1.0,0.13706802357562525,586.8988273960163,6.209680750200884,5.97816945894002,5.303921345600127,12.187850209140903
5.9881178215121835,0.7398567100739729,0.0850892214884415,0.04898200383094034,0.6057304495104954,1.7960704177228473,1.0306606411161703,2.4686503713734593,0.00010177804866717436,0.0,0.0,0.0,0.0,3.058829841153879,1415188782.9244409,582.8402361371371,51.61741113718657,2.4362321796347093,100.0,IMRPhenomXP,20.0,13.944981601826388,8.01501728336783,5.9299643184585555,50.90980680021631,-0.0022371934588705997,(11.602561201590069+0.052296854649311206j),10.678522944055755,(1.6137370316929291-0.2169707651468024j),0.4960042081610185,0.2444109460680199,1.0306606411161703,0,0,0.0850892214884415,0,0,0.04898200383094034,0.0,0.0,0.06973498736598444,0.0,0.0,0.0,1.0,1.0,0.12094755348133962,519.9531721593615,7.150216134979287,5.290135385943613,5.342014265444282,12.440351520922901
5.9944797855948835,0.7522645596523583,0.02792144923727718,0.09070252589717448,-0.4697506807884409,4.668504792672993,0.7646709498924813,0.38620829422244096,-0.00021169141005407188,0.0,0.0,0.0,0.0,0.006511757014447448,1415188782.88372,588.7098625035879,51.63157095357492,2.3033309213585236,100.0,IMRPhenomXP,20.0,13.939549920346028,7.955162845450446,5.984387074895581,52.60528557768128,-0.0018703657110359095,(11.77664750114057-0.6407336012002445j),11.36551579601906,(-0.3174830137823073-0.03794185327819771j),1.0110035091922165,0.2450029127291103,0.7646709498924813,0,0,0.02792144923727718,0,0,0.09070252589717448,0.0,0.0,0.054873988297605154,0.0,0.0,0.0,1.0,1.0,0.12207678096530754,524.6609461209679,7.089677801377127,5.333313349330064,5.342308019632946,12.422991150707192
6.014122972454819,0.6190794370368018,0.18427894523277324,0.007711221886553304,-0.6888735014824762,5.7048319248665464,0.3876984616952751,0.4455680275060666,0.00013191755552062847,0.0,0.0,0.0,0.0,5.788722381232253,1415188782.8848712,665.8992320595851,51.780951663096985,1.5541890328121282,100.0,IMRPhenomXP,20.0,14.297044374641315,8.830353871214252,5.4666905034270625,54.81704020263144,-0.0291193684832301,(11.720152639698009+1.84030307434617j),12.501349321316365,(-0.35017316917214536+0.04991023688508441j),2.3701089690217585,0.23616202538848957,0.3876984616952751,0,0,0.18427894523277324,0,0,0.007711221886553304,0.0,0.0,0.11676561372625804,0.0,0.0,0.0,1.0,1.0,0.13679484567158753,585.7690437363385,7.7677638184553155,4.808862851764155,5.290420690552867,12.57662667021947
6.023251103826174,0.595793785540796,0.017100541551047826,0.41133522638304465,0.23732108698146095,5.8250744017042955,2.5451740102040232,2.4801331835184888,0.00021849554064530167,0.0,0.0,0.0,0.0,2.1590396481537972,1415188782.897445,384.71211552438245,51.85308808304568,2.1804674359131475,100.0,IMRPhenomXP,20.0,14.399436960999441,9.023369492643837,5.376067468355604,52.27674415407211,-0.0021747037716858403,(11.741307767715272-1.5590387506940546j),11.609397160688935,(0.5986386554345372+0.40170118036159824j),1.6078089101327058,0.23396044030255517,2.5451740102040232,0,0,0.017100541551047826,0,0,0.41133522638304465,0.0,0.0,0.16428909272587208,0.0,0.0,0.0,1.0,1.0,0.08192453981620883,355.581281688376,8.340109832592093,4.968985608986057,5.567163773593092,13.309095441578151
6.00529248615279,0.6932439591383748,0.16399432924848031,0.01751687057398525,-1.2482123648445018,4.875475037034407,3.081077661276953,1.7374421928044117,0.000108400230982356,0.0,0.0,0.0,0.0,4.096054361399622,1415188782.884964,939.6401866824949,51.8561327168468,-1.1685563037551168,100.0,IMRPhenomXP,20.0,14.075568672820546,8.312782453381997,5.762786219438548,52.62875797138657,-0.027965574903757562,(11.385641003250376+2.2123603763136974j),9.748346380000887,(0.6478252729669797-0.2988546886149545j),1.6354510839414,0.24179483749520633,3.081077661276953,0,0,0.16399432924848031,0,0,0.01751687057398525,0.0,0.0,0.10402387264179813,0.0,0.0,0.0,1.0,1.0,0.18719728664532034,791.4777134768049,7.002022786685725,4.854109998619128,5.058377873421549,11.856132785304853
6.015331778684692,0.6058270136779339,0.07184497916935462,0.22332169489897924,-0.9532306092329819,5.423441561237985,1.887526095786678,0.5804215275558874,0.00021766287467742433,0.0,0.0,0.0,0.0,3.129349356799492,1415188782.883106,513.800725240415,51.98707367794786,2.1883307951706588,100.0,IMRPhenomXP,20.0,14.344615665874267,8.9328523830346,5.411763282839667,52.17291787372967,-0.0017840110382974714,(11.754949064917934-1.007108756208359j),9.648221047804913,(0.4089078462830715+0.1698309114349006j),0.9132529277470869,0.2349368359806115,1.887526095786678,0,0,0.07184497916935462,0,0,0.22332169489897924,0.0,0.0,0.12899228429659607,0.0,0.0,0.0,1.0,1.0,0.10755404105149828,463.9057827853337,8.065387377896124,4.886229549306511,5.431185798368636,12.951616927202634
6.007256532578561,0.668310755327177,0.15443846508264325,0.015419421902026343,-0.3978844591277947,5.673327874674749,2.2736210787752573,2.1006798192284717,4.568072202641997e-05,0.0,0.0,0.0,0.0,4.953839113361944,1415188782.8868408,488.4007627905575,52.00294985384051,2.433904980374032,100.0,IMRPhenomXP,20.0,14.13908963387157,8.475093497253583,5.663996136617988,53.49447266401313,-0.013545941607406853,(11.727254956518932-1.5566027314239534j),11.59513929535889,(0.5376218665827922+0.594089341535219j),2.2838610352438367,0.24011790810558828,2.2736210787752573,0,0,0.15443846508264325,0,0,0.015419421902026343,0.0,0.0,0.09874864742952917,0.0,0.0,0.0,1.0,1.0,0.1025732616760218,442.9644507364742,7.68664885303911,5.137070100909346,5.4483967110239275,12.823718953948456
6.0120051355191695,0.7688447864387964,0.1259804674474659,0.06174249745282459,-1.0714882801097922,5.522470442735959,0.6011202540092966,1.7674178800923253,-8.274307154446813e-05,0.0,0.0,0.0,0.0,4.735903588221447,1415188782.8840744,623.8963949585265,52.09418329543766,1.4793526688371212,100.0,IMRPhenomXP,20.0,13.955448862910483,7.889583625371052,6.065865237539431,54.90793720666955,-0.02083382803276379,(11.841284578465338-0.6200177321786652j),12.769140749722762,(-0.5193960771152696-0.5941236864152228j),2.1763320834881834,0.2457305892115554,0.6011202540092966,0,0,0.1259804674474659,0,0,0.06174249745282459,0.0,0.0,0.09805883820082838,0.0,0.0,0.0,1.0,1.0,0.1288160292996046,552.6997972725502,6.989255485915003,5.373652641434506,5.3259388416458195,12.36290812734951
5.944854141926205,0.679614099049656,0.00413663946860656,0.05453512850833373,0.4397801215789347,1.2562526778412166,0.9148582402568081,1.4804432146992226,-0.00021050368334362242,0.0,0.0,0.0,0.0,3.277835200730957,1415188782.9197843,439.5478965988998,52.12618922988718,2.453129863213423,100.0,IMRPhenomXP,20.0,13.964815087088773,8.314299751943151,5.650515335145623,52.23196333226731,-0.006723444071449564,(11.430248931876552+3.0181286612770526j),11.44152868366996,(0.8650939979681015+0.18905333752284526j),1.8496698789834969,0.24090363711068744,0.9148582402568081,0,0,0.00413663946860656,0,0,0.05453512850833373,0.0,0.0,0.024529135424420475,0.0,0.0,0.0,1.0,1.0,0.09290936653015024,402.181471320097,7.607492447740665,5.1701591258983335,5.439475883348287,12.777651573638998
6.00617859336042,0.9807619020237933,0.09061078409091602,0.05392901156303809,0.11123917939733163,6.148109274262795,2.8062009647543267,0.6629722513262195,-0.00022956099269170007,0.0,0.0,0.0,0.0,3.2949886025918818,1415188782.898758,312.29505789063086,52.141574709401596,1.6682392198742644,100.0,IMRPhenomXP,20.0,13.799355988479963,6.966690935634829,6.832665052845135,51.70768540221378,-0.002941728020348186,(11.813848083858078+1.137778785705329j),10.459625739996305,(1.270008518925861+0.3182237453900559j),2.0122733361483283,0.2499764169634193,2.8062009647543267,0,0,0.09061078409091602,0,0,0.05392901156303809,0.0,0.0,0.07244803320334693,0.0,0.0,0.0,1.0,1.0,0.06718188531815689,292.6352671194326,6.528119556262766,6.402530952638992,5.62807397313515,12.930650508901758
6.009682091919298,0.6745990846788316,0.07123798099714028,0.15412816667124915,-0.7258900999948236,5.3440832499674515,0.24265443437418016,0.15893080058690026,-1.0902607562393243e-05,0.0,0.0,0.0,0.0,0.08882603031261391,1415188782.882973,836.3328365548697,52.144264262196806,1.069290110782788,100.0,IMRPhenomXP,20.0,14.129183632927043,8.43735301314634,5.691830619780703,54.44302137002754,-0.011934901235358453,(11.785516399645674+1.139988906050498j),11.474969847155984,(-1.0597564639151906+0.6941928860664776j),1.3589792362452133,0.24056035090914787,0.24265443437418016,0,0,0.07123798099714028,0,0,0.15412816667124915,0.0,0.0,0.10462964106444324,0.0,0.0,0.0,1.0,1.0,0.1684828908254292,715.7424734828714,7.220775827694063,4.871128764033448,5.143149411177079,12.091904591727511
5.9963856346797115,0.8643571231287461,0.09378214787830134,0.03896128156291524,-0.7639835295760854,3.30262432494293,2.6433264346482406,2.552888026101502,-0.00012307169809765156,0.0,0.0,0.0,0.0,3.492325979511185,1415188782.8950555,441.4016275950374,52.23985144177665,1.7217560059747985,100.0,IMRPhenomXP,20.0,13.820016244299486,7.412751598313347,6.40726464598614,50.2249668642405,-0.012693519456933477,(11.668179798528579+1.0282651778297387j),11.05023965291077,(2.1234492636216+0.525085033060842j),2.7471731768202083,0.2486766467741694,2.6433264346482406,0,0,0.09378214787830134,0,0,0.03896128156291524,0.0,0.0,0.06836598393205483,0.0,0.0,0.0,1.0,1.0,0.0932781323127212,403.7413860731017,6.780298058859376,5.860598924111112,5.48477597552871,12.640896982970487
5.962710296669676,0.5208712511488003,0.056107378255063824,0.18980870260539792,-1.133266124102064,5.957105962233608,0.5023599926426487,2.9523530670831897,0.00023074769607974024,0.0,0.0,0.0,0.0,5.864474692983155,1415188782.885027,677.7607202680801,52.25198023893428,1.1961341244102162,100.0,IMRPhenomXP,20.0,14.585335293681565,9.590118350034189,4.995216943647376,52.47947693181729,-0.03677148161075727,(11.327572137240217+2.8225891998850594j),11.014624239375054,(0.8757581108460967+1.2701522811102508j),2.699650372179984,0.22518812593340434,0.5023599926426487,0,0,0.056107378255063824,0,0,0.18980870260539792,0.0,0.0,0.10189769485287324,0.0,0.0,0.0,1.0,1.0,0.1390353743721195,595.0304430490493,8.419508792973733,4.385480079054554,5.234877187160717,12.804988872028288
6.016414945425197,0.894286607481888,0.13462867397943973,0.06638856526227369,-0.7628467716881462,4.992902883290926,2.487361118396368,0.018113181899648556,4.000145642044816e-05,0.0,0.0,0.0,0.0,2.510071230345507,1415188782.8828578,707.8169567613543,52.263295389839776,1.9645139550450992,100.0,IMRPhenomXP,20.0,13.847984598289003,7.310395662194644,6.537588936094358,53.05200492348615,-0.0029349222756884508,(11.660025111621529+1.0537705193146525j),11.435174159990465,(-1.0333280319768592-1.4796301278771056j),0.5613009668649974,0.2492214103045744,2.487361118396368,0,0,0.13462867397943973,0,0,0.06638856526227369,0.0,0.0,0.1024127383982908,0.0,0.0,0.0,1.0,1.0,0.14468833017631882,618.3490650701544,6.386363405197471,5.711239263780525,5.255941540435269,12.097602668977997
6.008945052983566,0.5926470330980076,0.18096545934405484,0.0029274450825830787,-0.6702571662911816,5.354952629862985,1.5238900780390425,1.8561040735151493,-0.00010077409966428985,0.0,0.0,0.0,0.0,1.518328764235474,1415188782.8830976,474.7159569998895,52.307157295701366,2.5408359954142004,100.0,IMRPhenomXP,20.0,14.376858829223728,9.027021386689773,5.349837442533956,52.34725390358743,0.0008965439889635743,(11.660012012873427-2.024648542375701j),9.928088933910763,(0.16214165125907548+1.6360617196063016j),0.18414109968831377,0.23364529546911997,1.5238900780390425,0,0,0.18096545934405484,0,0,0.0029274450825830787,0.0,0.0,0.11471493506719897,0.0,0.0,0.0,1.0,1.0,0.09987748486738163,431.6080344211559,8.207297186175433,4.8640303271404965,5.463285807426177,13.071327513315929
6.01800454581275,0.6825702106405107,0.16671742862764882,0.027570800448546304,-0.35725456743551093,6.07934316471759,0.21082629433686892,0.5752717118270283,0.0002248614209023667,0.0,0.0,0.0,0.0,2.5309308765713396,1415188782.89137,529.1044022692901,52.31090611918821,1.1563533976151277,100.0,IMRPhenomXP,20.0,14.129667687614942,8.397668993697533,5.731998693917411,53.7813153718163,-0.031728252881206676,(11.846335245239493-0.5461699193372294j),11.059332946935962,(1.1758275066660475-0.028731993424569377j),3.20290591058288,0.2411020701133979,0.21082629433686892,0,0,0.16671742862764882,0,0,0.027570800448546304,0.0,0.0,0.1102696544393899,0.0,0.0,0.0,1.0,1.0,0.11054094742710714,476.4384453371717,7.561782402668888,5.16144740740741,5.418984828749645,12.723229810076297
6.004045048365963,0.7805391360013254,0.016187428142562663,0.1706867237098439,0.2629143197769238,2.039268180468703,2.175065999630818,2.167332302539882,-0.00010303744380183328,0.0,0.0,0.0,0.0,5.807143064548183,1415188782.9217658,516.9803614662195,52.319412070948864,2.5558467828068565,100.0,IMRPhenomXP,20.0,13.920952791739808,7.8183919186426944,6.102560873097113,53.00841467523809,-0.007334518728246253,(11.831626296948139-0.048099834241623576j),10.251033727480563,(0.6274250335716264+1.688059604904676j),1.7832800372544866,0.24620203349516293,2.175065999630818,0,0,0.016187428142562663,0,0,0.1706867237098439,0.0,0.0,0.08391564834092471,0.0,0.0,0.0,1.0,1.0,0.10817549061455173,466.5148830128352,7.0551929589301,5.506854216485934,5.417955097559818,12.562047175416033
6.0069328147252925,0.8956855570644775,0.005756612690070617,0.14108540451547,0.8999977841393387,1.015313379119094,2.2890089344479234,3.046098898656421,-3.3019341438685014e-06,0.0,0.0,0.0,0.0,1.0152616903576983,1415188782.9211464,546.446385785384,52.33724877195869,2.0265619061910387,100.0,IMRPhenomXP,20.0,13.825441003865532,7.293108792406804,6.532332211458727,52.19492103797002,-0.005579444227081176,(11.705765876271675-0.07372872371291776j),10.839962181587458,(0.9465337194456069-0.04663381081800638j),1.6128239352548535,0.24924299928020535,2.2890089344479234,0,0,0.005756612690070617,0,0,0.14108540451547,0.0,0.0,0.069697620122071,0.0,0.0,0.0,1.0,1.0,0.11391313515793293,490.5646316565989,6.547286823557181,5.864310245818727,5.392640256346036,12.411597069375908
6.009845568331804,0.6034795067164035,0.09371832318989085,0.14904758694507714,0.3889594700275065,1.9060178611225826,0.6605367510302472,0.769381387722973,-0.00012115771031062032,0.0,0.0,0.0,0.0,4.450150759189426,1415188782.9222794,721.7332638070529,52.341480587044146,2.2195727407356722,100.0,IMRPhenomXP,20.0,14.339760334354052,8.942902153903377,5.396858180450672,52.66619162053571,-0.00670021850891972,(11.655618029831118-0.41719323011533366j),10.349154270771486,(0.644454344466243+1.273766037493773j),1.2266446172359062,0.2347122188629141,0.6605367510302472,0,0,0.09371832318989085,0,0,0.14904758694507714,0.0,0.0,0.1145418364671747,0.0,0.0,0.0,1.0,1.0,0.14729403379237654,629.074362477459,7.794777877770919,4.703988708641129,5.23827841104192,12.49876658641205
6.025673154147661,0.6072989952147273,0.0728097926173276,0.3148637791038926,-0.5099054768237726,5.05656632079467,2.619616875578945,0.16911463895175288,-0.00021262998456578,0.0,0.0,0.0,0.0,6.019714302718029,1415188782.8839931,666.9765115404631,52.38308082460318,1.953690910876559,100.0,IMRPhenomXP,20.0,14.364153622389592,8.936827351447832,5.4273262709417605,53.24978308980565,-0.0037181330887016972,(11.68558172701758-1.0081029275170907j),12.685065583158837,(-0.41257095878126315-0.4231145646683577j),1.1223225956735174,0.23507650009322636,2.619616875578945,0,0,0.0728097926173276,0,0,0.3148637791038926,0.0,0.0,0.16426704059586675,0.0,0.0,0.0,1.0,1.0,0.13699856302224497,586.6115742380267,7.860016399398902,4.773380061726232,5.299631283729046,12.633396461125134
5.961881259572233,0.5306986291989929,0.005252550961703695,0.25645132498038914,0.45615557986662403,5.865479195704389,2.087855934193555,0.3296068908868276,-6.889075223128572e-05,0.0,0.0,0.0,0.0,2.543302296801749,1415188782.9002345,269.6362627248045,52.49063633002155,2.537759206414419,100.0,IMRPhenomXP,20.0,14.53256166796536,9.49407113245419,5.038490535511169,51.96272076727527,-0.00030808367781708784,(11.866535129084506-0.425062298780269j),11.197555243700318,(1.027575629856721+0.9007168498886199j),1.4127224703327028,0.22650019450673067,2.087855934193555,0,0,0.005252550961703695,0,0,0.25645132498038914,0.0,0.0,0.09234405446552853,0.0,0.0,0.0,1.0,1.0,0.05836434597919578,254.76695582791723,8.97051300766401,4.760638956379026,5.633108562492548,13.731151964043038
5.96533303941248,0.5027977569014653,0.09237640623519006,0.10736437352083597,0.4051514524115889,1.7293550410708176,2.2870696209681847,0.30960038293127745,0.00014466322113311692,0.0,0.0,0.0,0.0,0.5067618576126305,1415188782.921844,613.1279113969002,52.51160437159606,2.419270349384491,100.0,IMRPhenomXP,20.0,14.691946622730859,9.776396428101785,4.915550194629075,53.144442133272634,-0.005487590066353812,(11.72629739801283+1.4912940348627288j),9.92242658842409,(-0.14539298589222477-0.7132934688969739j),0.9888312703495514,0.22263439267443122,2.2870696209681847,0,0,0.09237640623519006,0,0,0.10736437352083597,0.0,0.0,0.0973909973850153,0.0,0.0,0.0,1.0,1.0,0.12675898185388373,544.1517855521994,8.676564008406167,4.362556921038608,5.2942405034993145,13.039120929444774
6.020871302483718,0.7725868582609042,0.003745695847226893,0.25301119854331416,-1.285201789351743,4.36640717264398,0.6191875081531307,1.269469430605136,0.00020607825043640236,0.0,0.0,0.0,0.0,6.178044510439616,1415188782.8860052,581.3034712201478,52.52981617628333,0.974817602175575,100.0,IMRPhenomXP,20.0,13.970758468243611,7.881564958656192,6.089193509587421,54.68737503385109,-0.020622767889824922,(11.866787054376504+0.9076880722289944j),12.447925942710283,(0.07561453448704215-0.7350582940382192j),2.351118794611241,0.24588513042412327,0.6191875081531307,0,0,0.003745695847226893,0,0,0.25301119854331416,0.0,0.0,0.1123887508847305,0.0,0.0,0.0,1.0,1.0,0.12065166337880665,518.7191451311166,7.033019461991409,5.433618410227738,5.372651912486853,12.466637872219145
5.957923386569331,0.5820943784851202,0.0009527424262085638,0.13835032783662501,-0.9320276220152562,4.923531146060465,3.0690140727312336,1.6768967124383216,-0.00015142551848175076,0.0,0.0,0.0,0.0,0.38547995190848383,1415188782.8815145,849.2277599276518,52.53286655635431,-0.35541621501983833,100.0,IMRPhenomXP,20.0,14.294788565217244,9.035357662356859,5.259430902860385,52.34128106088053,-0.004582847159688777,(11.728485030192829+0.6956760374205497j),11.568400542831009,(0.6293575161161986-1.2135551944924574j),0.8354380949543009,0.23255657910076208,3.0690140727312336,0,0,0.0009527424262085638,0,0,0.13835032783662501,0.0,0.0,0.05150494915449054,0.0,0.0,0.0,1.0,1.0,0.17083819665015057,725.3160692305115,7.716999401119338,4.492021970164607,5.08859670244391,12.209021371283946
6.021523511537107,0.7178333083398567,0.1883529401480474,0.019263917727668573,-0.6177132287435736,6.038371945644026,1.0887238406390256,0.018795544509683338,-0.00021540524848982063,0.0,0.0,0.0,0.0,3.128351142062694,1415188782.8884904,438.8904389810761,52.55531838868707,2.4604006957497297,100.0,IMRPhenomXP,20.0,14.062723762328462,8.186314524264823,5.876409238063638,52.84277862427379,-0.011646890237879487,(11.8322755308664-0.8115612385287057j),10.386881670816717,(1.1163476496370677-0.4971080963185089j),2.310794955313699,0.24325488338706094,1.0887238406390256,0,0,0.1883529401480474,0,0,0.019263917727668573,0.0,0.0,0.11769548358418892,0.0,0.0,0.0,1.0,1.0,0.09277853815220005,401.62798474131733,7.491284133477966,5.377493273248365,5.510287127087081,12.86877740672633
6.030612567699225,0.7331201022635037,0.08585288489201368,0.19869994177125855,-0.2873338497115521,5.538838783232314,2.0306413658228877,2.2109792792075234,6.734285758421384e-05,0.0,0.0,0.0,0.0,4.873088385721177,1415188782.8871696,405.35905240365537,52.56653953590657,2.6341733057079164,100.0,IMRPhenomXP,20.0,14.055643814593944,8.110022955845286,5.945620858748659,51.88189965419047,-0.00846807665493568,(11.736092933006695+0.7054271150857963j),11.44095518573187,(1.4097995765029099+0.7722997821750667j),2.231696243706747,0.24407191510434093,2.0306413658228877,0,0,0.08585288489201368,0,0,0.19869994177125855,0.0,0.0,0.13358786054165223,0.0,0.0,0.0,1.0,1.0,0.08607809946821127,373.23195424940366,7.467255770847684,5.474395314351592,5.552650928742659,12.941651085199275
6.027585525540756,0.8586287201889842,0.19516444474775746,0.017432125745931566,1.0350795352658666,1.3182139916158433,2.6628134988931174,0.5755432133354591,0.00022317211291015968,0.0,0.0,0.0,0.0,1.6605317431015516,1415188782.9235106,728.7323108841023,52.655541073465585,1.338249226414037,100.0,IMRPhenomXP,20.0,13.896048050108144,7.476505608228846,6.4195424418792975,53.42753105201234,-0.006356742281465377,(11.691367990170988+1.4144803501133674j),11.513813482801254,(0.15387418033602893-0.47726510753337964j),1.3490213753850007,0.24855363767602343,2.6628134988931174,0,0,0.19516444474775746,0,0,0.017432125745931566,0.0,0.0,0.11305763560233484,0.0,0.0,0.0,1.0,1.0,0.14860179210279156,634.4516594884501,6.509223352804723,5.5890061168429686,5.24775911633031,12.098229469647691
6.026770403664097,0.5189050865978834,0.09223464384902982,0.36347331635885666,0.7588426067975763,1.9985344589680127,0.9145892217110833,2.3298392692189296,-0.00020881209879553643,0.0,0.0,0.0,0.0,0.1508968489974556,1415188782.9250205,592.1302787456964,52.6658074559907,2.2322029880419905,100.0,IMRPhenomXP,20.0,14.752602946660163,9.712656226403029,5.039946720257134,53.66463686305057,-0.0010733654756267183,(11.849206013902077-0.008512218171538407j),11.438073847956751,(-0.7358875241059717+0.7949568793556491j),0.851589264935428,0.2249192646265179,0.9145892217110833,0,0,0.09223464384902982,0,0,0.36347331635885666,0.0,0.0,0.18489818687702694,0.0,0.0,0.0,1.0,1.0,0.12273414791607584,527.4002564863173,8.650895890563978,4.488993881242374,5.367940767500907,13.139889771806352
6.016223946024652,0.5431035166127546,0.1825494436207142,0.0946554839377993,-0.8920946313040892,5.86036793597762,1.3686708152952896,0.05779518849128846,-0.0001675124027299985,0.0,0.0,0.0,0.0,3.072066191946167,1415188782.885588,387.50611452410766,52.67026393759695,2.2995852912741377,100.0,IMRPhenomXP,20.0,14.603888154066059,9.463971792458132,5.139916361607926,53.05487894883551,-0.001096355872011262,(11.83543724453441+0.9303086265273703j),11.803674846962096,(0.26113211031484734-2.0104485216944212j),1.0335284820682293,0.22808277744971622,1.3686708152952896,0,0,0.1825494436207142,0,0,0.0946554839377993,0.0,0.0,0.15161469551153073,0.0,0.0,0.0,1.0,1.0,0.08248786969573473,357.97732612560117,8.74279708567844,4.748243842263703,5.557774931663381,13.491040927942143
6.013346561810361,0.6050028629377983,0.011967732129983949,0.34366144456807146,0.8661168834525355,1.1151932465517167,1.0461151456772868,1.4636272961371235,0.00024252037952795515,0.0,0.0,0.0,0.0,0.2366459168322962,1415188782.9219766,437.25351033093614,52.689073381617504,2.20705805944701,100.0,IMRPhenomXP,20.0,14.34276060614774,8.936283502880949,5.40647710326679,52.75770693184051,-0.0028292370690030932,(11.861843805538351+0.30362978111508726j),11.13133225242145,(0.7123938184455936+0.02222045053523079j),1.518337603781021,0.23485824267291638,1.0461151456772868,0,0,0.011967732129983949,0,0,0.34366144456807146,0.0,0.0,0.13699906402193637,0.0,0.0,0.0,1.0,1.0,0.09245271096853742,400.2493709696884,8.180018606899969,4.948934676058941,5.50444564001228,13.12895328295891
6.016304392805231,0.9238728906160976,0.002875622328084887,0.18750839120388685,-0.13450632276142108,2.1452685568097456,1.9281674784026663,0.09656500453441111,6.0616989606150705e-05,0.0,0.0,0.0,0.0,3.5360225270965233,1415188782.9161043,235.8913337655107,52.697555333408296,2.7113761831736465,100.0,IMRPhenomXP,20.0,13.834839236175913,7.191139967539887,6.643699268636025,51.39180472015041,-0.006788428703767627,(11.590550289646233+2.557373606085175j),10.344416643282825,(1.6730559981605861+1.5385523128277478j),2.8465172303079114,0.24960855933754236,1.9281674784026663,0,0,0.002875622328084887,0,0,0.18750839120388685,0.0,0.0,0.09153907338857344,0.0,0.0,0.0,1.0,1.0,0.05131570738657881,224.37725548451323,6.840133669662405,6.319414065591501,5.72264292308626,13.159547735253907
6.001278369809511,0.7245278405246531,0.0032943435988704766,0.19342037187735217,-1.3510985611700495,4.842780679849402,0.8369706990849609,0.4495724485947096,-0.0002294867188459502,0.0,0.0,0.0,0.0,3.253060343114327,1415188782.8852315,510.72682863528007,52.70102534633138,0.9645802523903013,100.0,IMRPhenomXP,20.0,14.002802938425209,8.119789434170652,5.883013504254558,52.076313183242114,-0.018636410582916818,(11.656976580288653-0.4028606793625246j),11.881585788923914,(1.4582119811343754-1.0404483390652646j),2.501022000768878,0.24362096454680668,0.8369706990849609,0,0,0.0032943435988704766,0,0,0.19342037187735217,0.0,0.0,0.08317220782298722,0.0,0.0,0.0,1.0,1.0,0.10695282513409053,461.3808416828238,7.335262397642883,5.314601824645888,5.421440041116971,12.64986422228877
6.010250189333835,0.5381508979636225,0.13819640898222638,0.1570200687424369,0.6784842209845154,2.2919335919999795,2.8334610964950575,2.6240107765432605,6.254794564834043e-05,0.0,0.0,0.0,0.0,2.742432604986561,1415188782.9238112,925.5291327187064,52.70949292170961,1.342256771803478,100.0,IMRPhenomXP,20.0,14.613318208595523,9.500575156795266,5.112743051800256,54.82842757134125,-0.013842767100171127,(11.605261143460776+2.3074699688117124j),9.928331584844152,(-0.5877771411067476-0.08376794818902239j),1.364251865605141,0.22746060113272565,2.8334610964950575,0,0,0.13819640898222638,0,0,0.1570200687424369,0.0,0.0,0.14478221887664583,0.0,0.0,0.0,1.0,1.0,0.18466152552658335,781.2603941976612,8.019653674978809,4.3157838265471105,5.0733902130081185,12.33543750152592
5.949567844513057,0.5634438146641262,0.04248185777326985,0.07686949056416598,0.44013159454667616,5.871925189009725,2.350362296418426,3.1086989213982648,-0.00021325921381338446,0.0,0.0,0.0,0.0,5.341920475198283,1415188782.9000692,350.6332394049461,52.72989733584788,2.3447820230824705,100.0,IMRPhenomXP,20.0,14.350723150288019,9.17891836961917,5.171804780668847,52.367721959292105,-0.0011862705210813826,(11.975001940235371-0.4700483707388095j),10.060589053493244,(0.9595071623022116+1.167300142321368j),1.3943710602725616,0.23050802960295577,2.350362296418426,0,0,0.04248185777326985,0,0,0.07686949056416598,0.0,0.0,0.0548746913469753,0.0,0.0,0.0,1.0,1.0,0.07502121068526245,326.1640204208788,8.538360246648672,4.8108862683482565,5.534372517841355,13.34924651499693
5.986931680958307,0.738179013596679,0.03113363377731332,0.11802162689549396,-0.3286428215744574,5.467224663992112,2.8924091306685042,1.1514907951824056,0.00012009132951155537,0.0,0.0,0.0,0.0,3.7955327217286157,1415188782.8858373,686.4886607200006,52.73573654400169,1.33077407558224,100.0,IMRPhenomXP,20.0,13.945069668054071,8.022804071945743,5.922265596108328,51.63225292321032,-0.01982120789112307,(11.54994639785227-0.8913746769428857j),12.029447450026913,(1.498508826079769-0.8457955680677649j),2.1125971479533785,0.24432769056968445,2.8924091306685042,0,0,0.03113363377731332,0,0,0.11802162689549396,0.0,0.0,0.06803368408953978,0.0,0.0,0.0,1.0,1.0,0.14068050271683566,601.823789685558,7.033348998985509,5.191870626352313,5.248561421624046,12.225219625337822
6.036448321766225,0.7311338020633924,0.16737167045211296,0.08607798647187204,-0.6162506977975081,5.288635133900349,0.25966181590400694,1.9509235522807709,0.00014873120269635448,0.0,0.0,0.0,0.0,4.744438392961257,1415188782.883418,836.4792957318978,52.74510733617672,1.2227979283448125,100.0,IMRPhenomXP,20.0,14.072787603791827,8.129231597822208,5.943556005969618,52.04671636186368,-0.011843347686458783,(11.57442327980313-0.21102378188954382j),11.430040251657243,(1.1982459052381365+1.4490658016834923j),1.3010942051932075,0.2439695301936281,0.25966181590400694,0,0,0.16737167045211296,0,0,0.08607798647187204,0.0,0.0,0.13303777888268653,0.0,0.0,0.0,1.0,1.0,0.1685096730540838,715.8514028275798,6.956922809697573,5.086441424515725,5.165937827445637,12.043364234213298
6.009991320460372,0.9876691357588305,0.002892673158326864,0.14860108617577947,-0.5608931942581266,5.544481535038995,1.610073088187338,0.22166333870510135,-7.341796784586827e-05,0.0,0.0,0.0,0.0,6.1995172949066575,1415188782.884712,395.41672878034916,52.751386380257486,2.618628533480025,100.0,IMRPhenomXP,20.0,13.807653127089697,6.946655697714179,6.8609974293755185,52.63471796310685,0.00037393372310080483,(11.827194076306167-0.016887098212808826j),11.414229822533285,(0.535408860519525+0.3549719358333519j),0.6013208859084624,0.2499903785870897,1.610073088187338,0,0,0.002892673158326864,0,0,0.14860108617577947,0.0,0.0,0.07529491544740739,0.0,0.0,0.0,1.0,1.0,0.08408067439611816,364.74843384190456,6.407877072048885,6.328862409799347,5.543859845862678,12.736739481848232
6.022318358015078,0.756042479129689,0.13058903904744243,0.07466739794442855,-0.40309656387995424,4.8100947769856015,2.6131151842721607,2.6302138180996093,-5.6869970853058185e-05,0.0,0.0,0.0,0.0,1.8031623535457193,1415188782.8847594,739.870187982959,52.80191918003268,2.0174257897664534,100.0,IMRPhenomXP,20.0,13.998387528498636,7.971554045455874,6.02683348304276,54.112795093031096,-0.0039485867545102915,(11.795087625138306-0.6699554329262382j),10.805362976320088,(-0.6276480078487047-0.5519527923191627j),1.0810761133741877,0.24517498801345017,2.6131151842721607,0,0,0.13058903904744243,0,0,0.07466739794442855,0.0,0.0,0.10651266465502039,0.0,0.0,0.0,1.0,1.0,0.15067911752773852,642.9856713642616,6.9276950663560735,5.237631752622361,5.233707874141467,12.165326818978436
5.960811972696137,0.6106405730224795,0.07060306665257667,4.0339162737611237e-05,-1.164524610047835,3.5545495287463282,1.0371456724312191,1.8478475695753238,6.0745477799343075e-05,0.0,0.0,0.0,0.0,2.641866833840678,1415188782.8880165,432.216447032485,52.83136900362897,1.707606427816219,100.0,IMRPhenomXP,20.0,14.198170613259016,8.815232182196402,5.382938431062613,51.18361784420673,-0.014951490037322268,(11.724923270973655+1.6597477441509623j),10.582429235632159,(1.8006561691920864+1.341338523234874j),2.49023569720234,0.23539020484305873,1.0371456724312191,0,0,0.07060306665257667,0,0,4.0339162737611237e-05,0.0,0.0,0.04385068932511007,0.0,0.0,0.0,1.0,1.0,0.0914492824569439,396.00231788238074,8.076630150282911,4.931918063059391,5.461373302915046,13.008548213342303
6.01197686959239,0.7982144498964076,0.07533937488225989,0.12796127815475422,-0.6171639185943784,4.792126377277108,1.0270418644888215,1.6197559017538332,-0.00023227674574423395,0.0,0.0,0.0,0.0,5.385267155389445,1415188782.8834374,445.0461315835626,52.863994932659885,2.426037543954714,100.0,IMRPhenomXP,20.0,13.917310915939042,7.739516783852337,6.1777941320867065,53.09474969159864,0.0007657675614469285,(11.778772161933798+1.287181327197025j),11.401154053674643,(-0.41118283965861424-0.5076400515522876j),0.3524428876852421,0.24685198227861013,1.0270418644888215,0,0,0.07533937488225989,0,0,0.12796127815475422,0.0,0.0,0.0986978589471476,0.0,0.0,0.0,1.0,1.0,0.09400265713329882,406.80534798269764,7.074495416796154,5.646964467412599,5.495395125772405,12.721459884208752
5.955436531891185,0.5064616776034319,0.10229920291756188,0.04382290115845108,-0.8064153051639574,5.671252926166961,2.6424214810161892,1.6695494329458802,6.343609021094488e-05,0.0,0.0,0.0,0.0,1.064811560443374,1415188782.8832178,589.2959234495977,52.93782854062784,1.6809899285462881,100.0,IMRPhenomXP,20.0,14.646550490146229,9.722484619354423,4.924065870791805,54.568456958271256,-0.025505277532197113,(11.938366466691122-0.4133540649866432j),13.648331068448158,(0.1468459634852504+0.24508696600758653j),2.4606165224454157,0.22316722474071024,2.6424214810161892,0,0,0.10229920291756188,0,0,0.04382290115845108,0.0,0.0,0.08263988709873624,0.0,0.0,0.0,1.0,1.0,0.12218945022649404,525.1305158078982,8.6638531643584,4.387909608130757,5.306979610875139,13.051762772489157
6.014972191641925,0.7027429929695335,0.1193031785020635,0.11026594384615947,0.869437713714115,1.8973366380672354,2.501434013283561,2.067434802054884,9.916783953257881e-05,0.0,0.0,0.0,0.0,5.887181191551757,1415188782.9251738,599.7075266305468,52.96504092412796,1.8323084265688676,100.0,IMRPhenomXP,20.0,14.077794833482487,8.267715616278197,5.810079217204291,53.07943821641451,-0.00413103930646018,(11.848084946989886-0.27309969246628196j),13.720966777279868,(0.34076694544057434-0.7445513251223139j),0.964775609368111,0.24238085907242626,2.501434013283561,0,0,0.1193031785020635,0,0,0.11026594384615947,0.0,0.0,0.11557340051649546,0.0,0.0,0.0,1.0,1.0,0.12418867108116957,533.4580782616274,7.3543843920138965,5.168242099092268,5.350500628917677,12.522626491106164
6.009338842025244,0.9134514022719196,0.036100620001015875,0.1329889532001293,-1.0801499241807144,5.091621179745308,1.219167278301059,2.419672661430609,9.278519091470311e-05,0.0,0.0,0.0,0.0,4.506095002304481,1415188782.8833773,433.73466207838624,52.99588226387034,1.9700940815304913,100.0,IMRPhenomXP,20.0,13.82281031824338,7.224019539681535,6.598790778561845,53.72081589616819,-0.0036724042107659227,(11.897662515994677-0.3388625401987011j),11.697260793997065,(-0.2707705421783712-0.6699388606949148j),0.9971200332698366,0.24948852406233732,1.219167278301059,0,0,0.036100620001015875,0,0,0.1329889532001293,0.0,0.0,0.08235357616151001,0.0,0.0,0.0,1.0,1.0,0.09175185384433132,397.2831907806167,6.616906135074518,6.044222187785486,5.504308347052362,12.661128322860005
5.972888429384347,0.525357971168836,0.08484638009804243,0.09216027439879387,-1.1311093451460525,4.607348324139873,3.0369728528654965,2.7797684681763135,0.00021160290411323873,0.0,0.0,0.0,0.0,4.3570423998400605,1415188782.8829985,783.7026873370448,52.99702264725201,-0.32765649145006304,100.0,IMRPhenomXP,20.0,14.586709632602712,9.562810768560349,5.023898864042362,53.17405829645554,-0.015546439854135952,(11.697869860692245+0.4013322309833742j),11.698246389660534,(0.6758931960558285-0.4634573418207251j),1.5536248497146046,0.22579367609787612,3.0369728528654965,0,0,0.08484638009804243,0,0,0.09216027439879387,0.0,0.0,0.08736540366091257,0.0,0.0,0.0,1.0,1.0,0.15881018461972254,676.2994492644856,8.252266760753832,4.335394122973656,5.154328559292411,12.58766088372749
5.992261028796518,0.9978290295275057,0.03555065506508507,0.062068756013117524,0.7293829775144862,1.6859104565076846,2.820135395491954,0.7744105353353103,6.32146274260803e-05,0.0,0.0,0.0,0.0,1.293285598023676,1415188782.9244666,724.4164067652242,53.020109591095476,1.3399560284359637,100.0,IMRPhenomXP,20.0,13.766610526686836,6.890785108845222,6.875825417841615,52.859546308967715,-0.0015613597368050731,(11.339903406342113+2.608244336509319j),13.05143086168653,(1.207824897325777+1.3016584205308395j),0.14215558932388525,0.24999970478990596,2.820135395491954,0,0,0.03555065506508507,0,0,0.062068756013117524,0.0,0.0,0.048795297395738194,0.0,0.0,0.0,1.0,1.0,0.14779559035428935,631.137122732663,6.003495018410245,5.99046160799351,5.2206691497628865,11.993956626403753
6.02663603499742,0.5372322720032876,0.1610204630068079,0.1833453545469451,0.35783617724590266,1.7838291980214749,2.249330493205756,0.2874538951513352,-9.41127915283892e-05,0.0,0.0,0.0,0.0,4.105160546772314,1415188782.9227767,496.4136487828041,53.02815273168381,2.469881278769474,100.0,IMRPhenomXP,20.0,14.657675406582303,9.53510778659411,5.122567619988193,53.237482900011315,-0.0038331735207851048,(11.763864974111403-1.3097819814087743j),11.686437666433092,(0.47957620254754907-0.47312905354762125j),1.3845824117139487,0.22734379570977942,2.249330493205756,0,0,0.1610204630068079,0,0,0.1833453545469451,0.0,0.0,0.16882257100490827,0.0,0.0,0.0,1.0,1.0,0.10414771563733081,449.5898897122374,8.635717532676598,4.639386150458474,5.4581791454585895,13.27510368313507
6.029709308911909,0.5597956942843242,0.022952614198757746,0.4986972097086733,1.3454643682381502,1.9462305065002032,2.6311011568342044,2.9070020242453607,0.0001746662627545833,0.0,0.0,0.0,0.0,3.6254946311197487,1415188782.9225023,766.0284006517827,53.03017258498231,0.5708581109512414,100.0,IMRPhenomXP,20.0,14.559950676384638,9.334524213483697,5.225426462900941,53.302137697342445,-0.018966737352620833,(11.758691297369833+0.3308756353088382j),10.030235214433683,(1.0658396648685864-0.029611493491018746j),2.0846100824815528,0.23008807963788955,2.6311011568342044,0,0,0.022952614198757746,0,0,0.4986972097086733,0.0,0.0,0.19369278044064675,0.0,0.0,0.0,1.0,1.0,0.155539931621051,662.9181538531977,8.078062867449976,4.522064811356578,5.218088223444707,12.600127678806553
6.031633264970713,0.8542395642530499,0.21775942525007982,0.0036357357479670526,0.41005164558377705,2.0034753081309065,2.2246839237015488,0.8676303858435518,0.00011653834209476247,0.0,0.0,0.0,0.0,4.543201488855458,1415188782.923612,613.5845876167618,53.077426206880034,2.468157398787815,100.0,IMRPhenomXP,20.0,13.90868689672852,7.501019374662846,6.407667522065674,51.51118402652014,-0.007032901440535366,(11.57449997344803+1.7145270357411435j),10.438658478557661,(1.7656219394912795+1.2376953013277074j),1.29107333727824,0.2484551453030123,2.2246839237015488,0,0,0.21775942525007982,0,0,0.0036357357479670526,0.0,0.0,0.1191136349526305,0.0,0.0,0.0,1.0,1.0,0.12684631509802563,544.5148825428599,6.656648093143317,5.686372166472642,5.352667159803433,12.34302025961596
6.011688769564693,0.5019446060851059,0.1753642002185669,0.09448501572843808,0.6174879144507238,1.2447846162195662,2.899483082428886,2.7843043521276396,0.0002372973342145199,0.0,0.0,0.0,0.0,3.63996219161945,1415188782.921626,708.8941695577487,53.094040906799044,1.1534048966957844,100.0,IMRPhenomXP,20.0,14.811113579586648,9.861291501417325,4.949822078169322,53.47837214022992,-0.007190896228225829,(11.661826376009769-1.2316274753209289j),11.931966019594809,(0.08189094034937974-1.5831221514773688j),1.2908065299242992,0.22250919398681282,2.899483082428886,0,0,0.1753642002185669,0,0,0.09448501572843808,0.0,0.0,0.14833466115640395,0.0,0.0,0.0,1.0,1.0,0.14489028953528468,619.1808730291792,8.613306961857509,4.323402970059667,5.250886329034078,12.936709931917177
5.939004383159629,0.5654282226955971,0.022438934459468752,0.06123896644091401,0.6947300679182715,2.109751298752639,1.5046204916986143,2.6159692217404538,-0.00018809781484432995,0.0,0.0,0.0,0.0,5.825933608208418,1415188782.9233325,411.2897810209334,53.13157877336522,2.519852200261141,100.0,IMRPhenomXP,20.0,14.316832626839021,9.145633392367284,5.171199234471738,53.91643556099152,0.000531621925529531,(11.961001325103489-0.9683679741077182j),11.871356185943332,(-1.235156632129742+0.32008032867369096j),0.5292130977384125,0.23073377062799724,1.5046204916986143,0,0,0.022438934459468752,0,0,0.06123896644091401,0.0,0.0,0.03645339568211336,0.0,0.0,0.0,1.0,1.0,0.08726724106462418,378.2784643373696,8.411578172273556,4.756143696013716,5.462322563258972,13.167721868287272
5.9392199705536814,0.5967561624456371,0.014751816974447827,0.06984450076314487,0.7396058279758537,1.3054943726332027,2.4554391949127954,0.19130937534244344,-9.53860047665498e-05,0.0,0.0,0.0,0.0,3.958531388444971,1415188782.9217849,665.36882739546,53.15127596330706,2.02650572603335,100.0,IMRPhenomXP,20.0,14.195071491943029,8.88994313959713,5.305128352345902,54.83999882703223,-0.0026130644745678416,(11.918545480945008+0.20891254042062768j),10.695263393144467,(-1.3421261008775203+0.4908083717832747j),0.878293846659165,0.23405596330917708,2.4554391949127954,0,0,0.014751816974447827,0,0,0.06984450076314487,0.0,0.0,0.03534162231217618,0.0,0.0,0.0,1.0,1.0,0.13669452829085235,585.3541199430243,7.820872642858725,4.66715394532844,5.224992135295984,12.488026588187163
5.9590369365977605,0.5850329274952648,0.0657714451371982,0.013141161503365263,-0.603025705470499,4.286272588527381,2.507513051642604,1.223098463234609,-0.0002100325884730564,0.0,0.0,0.0,0.0,2.6389391831213893,1415188782.8850627,595.2061253634035,53.15399037024882,2.0681601869638184,100.0,IMRPhenomXP,20.0,14.286104996046538,9.013128212182972,5.272976783863566,53.3486193783722,-0.006119549522104889,(11.78351345218001+0.67410080247037j),11.349169610071517,(0.6461028220079214-0.09487483131374104j),1.5301970984231315,0.232864739736289,2.507513051642604,0,0,0.0657714451371982,0,0,0.013141161503365263,0.0,0.0,0.04634569796495253,0.0,0.0,0.0,1.0,1.0,0.12332487455794132,529.8610749922645,8.02361669034515,4.694079961452491,5.304820601380168,12.717696651797642
6.021175635670598,0.6871871412084984,0.1437839212600121,0.0780234505143852,0.3410721942863112,1.7455338326630472,1.8874601677934533,2.5230499748547475,-0.00013018921128582056,0.0,0.0,0.0,0.0,6.190096893136436,1415188782.9225483,456.11362449610533,53.18488727441506,2.6753858826440053,100.0,IMRPhenomXP,20.0,14.126422434785638,8.372765587027391,5.753656847758248,52.85735618500807,-0.0028759306755296865,(11.810802269359856+1.0173427912644983j),10.653036281416105,(0.8892515561629667-0.008076956547389652j),1.3243723441549555,0.24140625051156214,1.8874601677934533,0,0,0.1437839212600121,0,0,0.0780234505143852,0.0,0.0,0.11699984450143514,0.0,0.0,0.0,1.0,1.0,0.0961989714511831,416.08653038755017,7.63799803236748,5.248734032418744,5.492776213518586,12.886732064786223
6.027790872340603,0.6232391568252552,0.12382608672961166,0.21398134258760299,0.6028276745558697,1.4749323293692589,2.4412011374237452,2.6220117383079993,3.78279276611721e-05,0.0,0.0,0.0,0.0,3.758437676175491,1415188782.9241562,628.8556563061749,53.255453565285904,2.1525545346539214,100.0,IMRPhenomXP,20.0,14.316087703276862,8.819456851494628,5.496630851782232,52.45713141636912,-0.003053723770143943,(11.708125236715725-0.2572747846746333j),11.702412173062852,(1.2876140109698966+0.0053545212262381915j),0.6538879886995186,0.23653189455197027,2.4412011374237452,0,0,0.12382608672961166,0,0,0.21398134258760299,0.0,0.0,0.15844100185659343,0.0,0.0,0.0,1.0,1.0,0.12976178059559232,556.6267767313224,7.80647478342306,4.8653007617982045,5.335452991835896,12.671775545221267
6.022763135249133,0.6463129335880855,0.13241505497807318,0.10991114039088266,0.39766513886857296,2.057761202432182,2.17429695290927,0.7036673764262602,-4.9048076262719876e-05,0.0,0.0,0.0,0.0,1.1083398726757836,1415188782.9229605,534.7369940922491,53.30793838505589,2.510099891004958,100.0,IMRPhenomXP,20.0,14.234589370458435,8.646344859500442,5.588244510957994,51.14056515253593,-0.004961548859072212,(11.709079117737193-0.3656867417872719j),10.8994038793996,(2.257681815828275+0.29350438561462106j),1.5289737017126124,0.2384613875644684,2.17429695290927,0,0,0.13241505497807318,0,0,0.10991114039088266,0.0,0.0,0.12358042168489762,0.0,0.0,0.0,1.0,1.0,0.11163767016283456,481.03533198989135,7.778024343340138,5.027037730863707,5.4179192527425855,12.805062074203844
6.023322291093231,0.612998349089616,0.11480041586966008,0.2038078389749896,1.1805467311010203,1.1582776958248957,3.047754858613828,0.8763140216794807,-4.421981703391358e-05,0.0,0.0,0.0,0.0,5.370751116084402,1415188782.9222589,797.7890750188535,53.311182262244664,-0.5484228763320589,100.0,IMRPhenomXP,20.0,14.33907796786153,8.889704057015665,5.449373910845865,54.777008479891094,-0.015003525299358278,(11.784872541021416-1.3934816505144711j),11.057167051503512,(0.22665915585974145+0.5413300559237857j),1.8277993188310948,0.23560877383921291,3.047754858613828,0,0,0.11480041586966008,0,0,0.2038078389749896,0.0,0.0,0.1486264910488955,0.0,0.0,0.0,1.0,1.0,0.16140858441400174,686.9150831678453,7.654243456019431,4.692038602069909,5.186221603599002,12.34628205808934
6.019406579563002,0.8373305964244424,0.0100719422080794,0.23131326106640504,0.6566678726089206,1.8526665952374255,2.151683163156686,0.7315791572532611,5.2881206836120616e-05,0.0,0.0,0.0,0.0,4.608604051086102,1415188782.9249976,485.7359895868576,53.33065820748363,2.3734040772647917,100.0,IMRPhenomXP,20.0,13.894415146257554,7.562283659400728,6.332131486856826,52.402179737179786,-0.0023718477012232633,(11.804255615577611-0.13915943264664996j),13.267633023474026,(1.866325349245069-0.725344096593017j),0.6610910411849446,0.24804035617725692,2.151683163156686,0,0,0.0100719422080794,0,0,0.23131326106640504,0.0,0.0,0.11089872092383365,0.0,0.0,0.0,1.0,1.0,0.10204900656181713,440.75715873033795,6.862021211736864,5.745780313900804,5.46201352546236,12.607801525637667
6.021979725004224,0.5401054331962528,0.16829921577553952,0.1631209207243793,-0.6861403033038961,5.346272020764851,1.8177152698954469,0.16460755089049078,0.0001700459330224184,0.0,0.0,0.0,0.0,6.118007975494905,1415188782.8835156,445.89276672789117,53.34077999890555,2.4983398423331584,100.0,IMRPhenomXP,20.0,14.632303644563562,9.500845415626163,5.131458228937401,52.71400004689673,-0.00239372525981886,(11.568672479336758+2.4204680906721214j),10.462436204411917,(1.3972144318445274-0.8522986384028511j),0.6816079206952379,0.22770765988789302,1.8177152698954469,0,0,0.16829921577553952,0,0,0.1631209207243793,0.0,0.0,0.16648321978491407,0.0,0.0,0.0,1.0,1.0,0.094170875942632,407.5165721355535,8.68314595509696,4.689814307583934,5.503692208784361,13.372960262680891
6.014741336775708,0.7587751335264262,0.08504803886907975,0.12334880644487417,-1.0841128820776096,3.4097712928692845,1.940579772868702,2.0957560339264174,0.00022800269230845746,0.0,0.0,0.0,0.0,6.249346581942244,1415188782.8907404,375.8410924144032,53.36471154814663,1.9557920833736784,100.0,IMRPhenomXP,20.0,13.9765982397724,7.946779536135849,6.0298187036365505,53.04857299025244,-0.00925636384483608,(11.879146617857657-0.7624194652964087j),10.561671139465824,(1.6296673860191382+1.1308073249670691j),2.6000121259337408,0.24529712403592208,1.940579772868702,0,0,0.08504803886907975,0,0,0.12334880644487417,0.0,0.0,0.10157185108219537,0.0,0.0,0.0,1.0,1.0,0.08013331480803723,347.9580614555365,7.357221027432305,5.582476367473379,5.568517565671656,12.939697394905684
6.011991633311011,0.9710422375612471,0.11462372879054167,0.06275824025336575,-1.315333779728763,5.218689896447462,2.1640007731489304,0.1865823915771882,4.8068780896963915e-05,0.0,0.0,0.0,0.0,2.8693271596843544,1415188782.8854978,594.7203830887283,53.370995086074565,1.2227840913731978,100.0,IMRPhenomXP,20.0,13.813718833530173,7.008332226620249,6.805386606909924,52.41171465117815,-0.017975877219548575,(11.813351514925548+1.0591278602049832j),9.397359802475286,(1.6090709752350543+1.050525690830352j),1.9777423904808087,0.24994603922869044,2.1640007731489304,0,0,0.11462372879054167,0,0,0.06275824025336575,0.0,0.0,0.08907197800530181,0.0,0.0,0.0,1.0,1.0,0.12323161276927391,529.4726199090182,6.239436414491167,6.058756297048627,5.352406008667022,12.298192711539794
6.016040020436896,0.9144644226952738,0.1332117744665627,0.028956656459143505,0.39349328798303496,1.4138140978981208,2.3007104596541397,0.449198562162979,0.00022751041678620282,0.0,0.0,0.0,0.0,1.3584533324691728,1415188782.9216378,525.8037240640667,53.37338252572585,2.412150957515572,100.0,IMRPhenomXP,20.0,13.837810802380313,7.228032361603662,6.60977844077665,53.260538077397065,-0.005183607892452383,(11.694631077848452-1.589486640445866j),11.75596332127474,(0.6868828270631863-0.6241599048227385j),1.4126093191293574,0.24950095582546564,2.3007104596541397,0,0,0.1332117744665627,0,0,0.028956656459143505,0.0,0.0,0.08341320147064281,0.0,0.0,0.0,1.0,1.0,0.10989761860128389,473.74074413718307,6.512341535350422,5.955304642518677,5.420355823466344,12.4676461778691
6.038339343712753,0.6118647776464946,0.015589173166651949,0.4676106184214705,-0.7159043417543454,5.338916639435465,2.476789499796206,0.7957635618551575,0.00013128554833813572,0.0,0.0,0.0,0.0,0.5757695886485227,1415188782.883837,735.1767334603666,53.374867041141385,2.020972579494699,100.0,IMRPhenomXP,20.0,14.378665153592415,8.920515760997581,5.4581493925948354,52.21235726594419,-0.009806669838594045,(11.66182393685013-0.11393539994376299j),10.824984843365174,(1.4412734123992064-0.2914509669388354j),1.2805634233516898,0.2355039756555373,2.476789499796206,0,0,0.015589173166651949,0,0,0.4676106184214705,0.0,0.0,0.18717676843386724,0.0,0.0,0.0,1.0,1.0,0.14980430239436487,639.3929203561335,7.758290469448934,4.7470246730062895,5.251623542491926,12.505315142455222
5.938862191417459,0.5952327470506423,0.024103624639903534,0.06895526662691952,0.8352552652909147,1.001883037256408,0.12696449537696267,2.342923765311906,-0.0002351157381312856,0.0,0.0,0.0,0.0,5.395814833646894,1415188782.9201243,701.2536027076184,53.4413889459585,0.3201747591791282,100.0,IMRPhenomXP,20.0,14.199728007388961,8.901351877111495,5.298376130277466,52.98841992621195,-0.013268876031428456,(11.718461363509725+0.5983162644401976j),11.582741227131967,(1.1518400156502313-0.634350544131451j),1.7161730356234097,0.23390456810408372,0.12696449537696267,0,0,0.024103624639903534,0,0,0.06895526662691952,0.0,0.0,0.04083921768676312,0.0,0.0,0.0,1.0,1.0,0.14345685506261024,613.2750884876131,7.784597938873783,4.63364761584061,5.19377899141833,12.418245554714394
6.018041420540335,0.8466764127647461,0.07301629699184752,0.12546026161278043,-0.43873254588775296,5.0004539695358625,0.6355066011024488,2.2655003745010758,-9.247294843800195e-05,0.0,0.0,0.0,0.0,4.624680683768255,1415188782.8840096,662.7177964069876,53.45244947880548,2.1646406060998533,100.0,IMRPhenomXP,20.0,13.883330371328322,7.518009259967172,6.365321111361149,54.76780523314322,-0.003828003938605745,(11.851922051282907-0.8312092733778149j),11.786845826415746,(-0.5318552671942347-0.4593187095903679j),1.1695664112563289,0.24827663865344549,0.6355066011024488,0,0,0.07301629699184752,0,0,0.12546026161278043,0.0,0.0,0.09706115267391843,0.0,0.0,0.0,1.0,1.0,0.1361929625959871,583.2792620811057,6.616841951555426,5.60232400737423,5.296671972681685,12.219165958929658
6.016896626459587,0.6655312407723726,0.1329475515771697,0.09982718570014554,-1.0616260668327986,3.361832420655736,2.7626253126125073,2.4292451332153453,-0.00022685429910187138,0.0,0.0,0.0,0.0,0.2693196794625488,1415188782.8913786,532.4200953345897,53.45463949218471,1.0727955589340548,100.0,IMRPhenomXP,20.0,14.16885716174807,8.507109812709015,5.661747349039056,54.48532561467596,-0.0249900811980186,(11.907624970035062+0.3406628387510416j),12.005135430561277,(1.0062282984461046+1.4004031926233989j),3.014672121455699,0.23991802629739256,2.7626253126125073,0,0,0.1329475515771697,0,0,0.09982718570014554,0.0,0.0,0.1197129525151018,0.0,0.0,0.0,1.0,1.0,0.1111867162480435,479.1454829030869,7.655877890111515,5.095225911407691,5.414838513167099,12.751103801519205
6.006821628089247,0.7516685735670472,0.07708899733376257,0.09986572807671529,-0.8420101839535792,4.859737226108022,0.5142395743961152,1.1127604156321143,0.00015545860233778813,0.0,0.0,0.0,0.0,5.815256191203864,1415188782.8827002,733.8022725531085,53.4550957751492,1.669660392422017,100.0,IMRPhenomXP,20.0,13.969190050964588,7.97479058639394,5.994399464570649,53.962109444249705,-0.0028076023162829887,(11.823384074822064+0.6250170474939082j),11.997640731265113,(-0.8244312155469163+1.7013243570772845j),0.5076244455737856,0.2449754230913671,0.5142395743961152,0,0,0.07708899733376257,0,0,0.09986572807671529,0.0,0.0,0.08686285122737451,0.0,0.0,0.0,1.0,1.0,0.14954796255715447,638.3398518203455,6.9373274070741004,5.214570996442972,5.2253771253938375,12.151898403517071
5.961128698086975,0.9794145771118146,8.725654069786093e-05,0.005758763173436087,-1.1359108926861134,5.592739771746071,2.126153628477616,1.900174752559606,-0.00019620693124742605,0.0,0.0,0.0,0.0,4.510138669073534,1415188782.8835256,425.8874554306713,53.463219130977436,1.7584616841479432,100.0,IMRPhenomXP,20.0,13.695966249287196,6.919200458385594,6.7767657909016,52.782712960030686,-0.009382798317466329,(11.633327521214676-2.312768526850913j),13.46905508203279,(1.4302451774351244+0.9344747827991398j),2.181945474851621,0.24997296128385504,2.126153628477616,0,0,8.725654069786093e-05,0,0,0.005758763173436087,0.0,0.0,0.0028935187227189544,0.0,0.0,0.0,1.0,1.0,0.09018674344530787,390.6555086980101,6.346802967461248,6.216151344388068,5.467988611976762,12.562954311849317
6.019800792440529,0.9423256643573761,0.13675310617631461,0.0500093114581249,0.7177444618543808,1.1099017524374037,0.9000890998223581,0.7284597996298301,-2.2156923202819567e-05,0.0,0.0,0.0,0.0,4.299512536311634,1415188782.9217546,517.2670882779014,53.476818488096626,2.2582760195400873,100.0,IMRPhenomXP,20.0,13.837191982476819,7.124032924239248,6.71315905823757,52.791179060374695,-0.0033149629235134787,(11.806512845609051+1.4232171280539774j),10.954736329246911,(0.9678736487745739+1.2962029448337946j),1.334260188128477,0.24977957486650618,0.9000890998223581,0,0,0.13675310617631461,0,0,0.0500093114581249,0.0,0.0,0.09466906976229639,0.0,0.0,0.0,1.0,1.0,0.10823150899459211,466.75003036338444,6.428289456146487,6.0575421324447545,5.431898248319795,12.485831588591243
6.000733833875521,0.5575087610968834,0.15676016889802394,0.06110030712105651,-1.1831546862224884,5.363241378807306,2.8485749708536248,2.112718078863567,-0.0001647805285319279,0.0,0.0,0.0,0.0,1.6035047985835338,1415188782.8841913,1028.572865928969,53.48965127277543,0.5709956818917306,100.0,IMRPhenomXP,20.0,14.500064823373833,9.309780583938474,5.190284239435359,53.53225953086556,-0.02711332099414343,(11.6516769986856+1.3386389789054662j),8.644448750188358,(0.9911197513134575+0.009915562196708264j),1.5150082170916457,0.22982152390041022,2.8485749708536248,0,0,0.15676016889802394,0,0,0.06110030712105651,0.0,0.0,0.12251881349889447,0.0,0.0,0.0,1.0,1.0,0.20303629976942672,854.9807413169323,7.738569971432103,4.314320557434656,4.98799066580586,12.05289052886676
5.952093193811942,0.5588592135014445,0.032836870351874894,0.1287963524227824,-0.10771770777381763,2.1676213940345157,2.537001388559778,1.070889469625276,8.609509984569563e-05,0.0,0.0,0.0,0.0,1.16944864319828,1415188782.9151778,496.25229762650355,53.49975536104337,2.2150168201886213,100.0,IMRPhenomXP,20.0,14.376611811929667,9.222520986765394,5.154090825164274,53.89296081274983,-0.02413696620762923,(11.895089325004719+0.4132088653319089j),10.80053835355277,(1.4008835006312115-0.4120092896877692j),2.848663056661369,0.22997923598572062,2.537001388559778,0,0,0.032836870351874894,0,0,0.1287963524227824,0.0,0.0,0.06723884855085331,0.0,0.0,0.0,1.0,1.0,0.1041160400607375,449.4566485988367,8.352854819732592,4.668069875047506,5.3908221399306155,13.020924694780096
5.946673660126391,0.5694765659083031,0.038693700203163164,0.09379693055158367,-0.9402179055279726,5.933623564154757,0.5755846523123548,0.7294047449258562,-0.00022265635416628406,0.0,0.0,0.0,0.0,5.126514895270197,1415188782.8847566,577.475462233822,53.568225709755076,1.6492153537719023,100.0,IMRPhenomXP,20.0,14.318396819398929,9.123039572822448,5.19535724657648,51.8073254128066,-0.0327482521500429,(11.79599485096877-0.24223345924000944j),12.374624405183221,(2.1131537385175196+0.07636713285282748j),2.9660344410628574,0.23118847824668562,0.5755846523123548,0,0,0.038693700203163164,0,0,0.09379693055158367,0.0,0.0,0.058687626248890484,0.0,0.0,0.0,1.0,1.0,0.11991417947905743,515.6426035407818,8.14619525316319,4.639067297989893,5.309936930071341,12.785262551153085
6.021387968536793,0.5305560414047236,0.044213260818395786,0.41111283257302794,0.8431814523039252,2.064734023306132,0.7065635022028477,0.4854682115917951,-0.00017790744794411555,0.0,0.0,0.0,0.0,5.138186726769118,1415188782.9246461,727.5442597546104,53.590255444535515,1.945903988587669,100.0,IMRPhenomXP,20.0,14.678339725422079,9.590200769094674,5.0881389563274055,53.62414740202965,-0.0034331690577903834,(11.68394138629232-1.5471443470136412j),10.587641471956426,(0.6208826272464246+0.5896747984090991j),1.0319977039630348,0.22648153106418456,0.7065635022028477,0,0,0.044213260818395786,0,0,0.41111283257302794,0.0,0.0,0.17139631006144668,0.0,0.0,0.0,1.0,1.0,0.14837993655501933,633.53968546023,8.351069592755119,4.430710424627512,5.24337614831562,12.78178001738263
6.021275133000492,0.5805515073513864,0.13721989102356255,0.16978991529224252,0.8683999470071512,2.286161363480356,2.492402422647855,1.4829442149136252,0.00019654091577739411,0.0,0.0,0.0,0.0,1.7810993234290082,1415188782.9244714,688.9976078817939,53.597404660303184,1.8455487793563972,100.0,IMRPhenomXP,20.0,14.45288016685347,9.14420067908633,5.30867948776714,54.74340637051944,-0.00792943590849951,(11.886036022843964+0.4609847510550687j),11.588838612371086,(0.0015943479111136087+0.8385874663745737j),1.5667383275066766,0.23239321835869106,2.492402422647855,0,0,0.13721989102356255,0,0,0.16978991529224252,0.0,0.0,0.14918316877547808,0.0,0.0,0.0,1.0,1.0,0.1411528679981344,603.7732786405227,8.013125090880706,4.65203185010601,5.276484248392859,12.665156940986716
6.0109148990143435,0.784755098772815,0.14890957774779395,0.03584712907416151,0.6606632846384983,1.6009221443772783,0.618377239491046,2.874605926583264,0.00014874368405866275,0.0,0.0,0.0,0.0,2.5328620840321086,1415188782.9243846,724.3758632723408,53.626826538026734,2.0042457691616544,100.0,IMRPhenomXP,20.0,13.931389972720133,7.805771213260161,6.125618759459973,53.492857153750876,-0.0016859136094964254,(11.668573663020824+1.3704922042546361j),11.066647747722591,(0.49188712708212445+1.9183948724491577j),0.2147260186774369,0.24636379389921975,0.618377239491046,0,0,0.14890957774779395,0,0,0.03584712907416151,0.0,0.0,0.09919612790956105,0.0,0.0,0.0,1.0,1.0,0.14778801326322383,631.1059643580553,6.800708077677103,5.336890339222576,5.2369556307919485,12.137598416899678
6.004977526551637,0.5039214139698538,0.13919452192565362,0.16519554933932312,0.6523666497403405,1.685798564696212,0.2092748689720488,2.162677507095882,6.016447547252878e-05,0.0,0.0,0.0,0.0,3.179552364037813,1415188782.9242136,802.7731255526111,53.64027049193923,0.9844429148242755,100.0,IMRPhenomXP,20.0,14.783044011480051,9.829665216653654,4.953378794826398,53.22315325658806,-0.001826119317138197,(11.730246078360096-0.19892533989270345j),11.95458461906701,(1.7335497581322052+0.30420055269818913j),0.24749139817138083,0.22279863592730695,0.2092748689720488,0,0,0.13919452192565362,0,0,0.16519554933932312,0.0,0.0,0.1479067288117695,0.0,0.0,0.0,1.0,1.0,0.16232627108448144,690.6607421747052,8.456889826195113,4.261607879003512,5.166344146165459,12.718497705198624
6.017007275622144,0.8925567945207167,0.08379116579930898,0.10492588624396171,-0.6225113383779457,5.9774262790996815,1.3856994519826313,1.1674862801916523,4.762058147126974e-05,0.0,0.0,0.0,0.0,1.68603921046605,1415188782.8876915,245.4272213712168,53.68385326557767,2.5607430230984196,100.0,IMRPhenomXP,20.0,13.850253615709915,7.318276342252356,6.531977273457558,52.39325838689213,-0.005213054043597724,(11.896084381601463-0.3402529538586278j),12.393563495215327,(1.6798896934404086+0.28973601780442637j),2.2018523548379165,0.24919425043553625,1.3856994519826313,0,0,0.08379116579930898,0,0,0.10492588624396171,0.0,0.0,0.09375860159187548,0.0,0.0,0.0,1.0,1.0,0.053314310048279766,233.00473554064973,6.947856183513651,6.201356243947885,5.712451846729727,13.149212427461537
6.01780121904339,0.549073031923343,0.1706264890221468,0.13583472557511456,-0.7327963937806456,4.798040120533235,2.697776494922689,1.6253981830434878,0.00020708455799474894,0.0,0.0,0.0,0.0,4.1311661877843395,1415188782.8832328,823.5489279316362,53.68905651898501,1.6436755192032404,100.0,IMRPhenomXP,20.0,14.579614527847038,9.41183160986597,5.167782917981067,53.74201191155046,0.0009397422333735753,(11.506440086901836-2.5922662432544046j),10.90639363833214,(-0.456717623252222+1.052698905168147j),0.07745444400175416,0.2288159671631038,2.697776494922689,0,0,0.1706264890221468,0,0,0.13583472557511456,0.0,0.0,0.15829445647872115,0.0,0.0,0.0,1.0,1.0,0.16614224796054572,706.2165293864193,8.070912126137465,4.4315201914851725,5.160434955141932,12.502432317622638
5.965627818454431,0.5284856305217772,0.013188368111472566,0.2494941032400534,0.2852903608289071,1.7962646032138891,2.8056890739063896,2.8075448873805215,0.000134301991109787,0.0,0.0,0.0,0.0,3.0284361107739355,1415188782.92087,657.6331191250961,53.698576416225876,1.634646861288644,100.0,IMRPhenomXP,20.0,14.552911138274778,9.521130488683017,5.031780649591761,53.754760159031015,-0.01640081088895251,(11.837033242464228-0.35587477811837276j),12.32415398398104,(0.6824207679819168-0.3690871380833297j),1.7775631287049463,0.22620930369350653,2.8056890739063896,0,0,0.013188368111472566,0,0,0.2494941032400534,0.0,0.0,0.09489288854108795,0.0,0.0,0.0,1.0,1.0,0.13523018560196431,579.2949576930657,8.386960291788194,4.432387997966792,5.254994003961507,12.819348289754986
6.014312885802088,0.7119652747015043,0.029718449613359444,0.19753662912626135,-0.5980649431620388,5.190172263329606,0.5134603564480368,0.9285454777308966,-9.321415768426614e-05,0.0,0.0,0.0,0.0,2.5456318760820027,1415188782.8829339,802.6928052997795,53.752308748443774,1.8841545165155011,100.0,IMRPhenomXP,20.0,14.057389301415231,8.211258434471608,5.846130866943622,52.369479764710334,-0.005299711895070558,(11.651461773282039+0.18477302368119297j),10.761958766354162,(1.9716225345477287-0.3423175128182753j),1.051000919662237,0.24292315302887868,0.5134603564480368,0,0,0.029718449613359444,0,0,0.19753662912626135,0.0,0.0,0.0995100032403114,0.0,0.0,0.0,1.0,1.0,0.16231148966157533,690.6004243479953,7.064593706169454,5.029745398667454,5.1744415669101285,12.094339104836909
6.02262787348263,0.9177766938466162,0.02169740750056507,0.19743933109427209,-0.5278819612201009,5.428225815272244,1.497135099060318,0.4991172875456953,0.00016594838166977892,0.0,0.0,0.0,0.0,0.045684545938750924,1415188782.8844764,461.92001672750234,53.755767041738466,2.6366724130200225,100.0,IMRPhenomXP,20.0,13.851648379926749,7.2227639559763075,6.628884423950442,52.97797426029051,-0.003864774322807671,(11.801185480168568-1.2638221514615184j),10.014295334368903,(1.3907062988749994+1.4286027921554387j),1.094526011642981,0.24954044890338145,1.497135099060318,0,0,0.02169740750056507,0,0,0.19743933109427209,0.0,0.0,0.10580096456411608,0.0,0.0,0.0,1.0,1.0,0.0973489045490182,420.94179464796935,6.582012271607156,6.040817461493472,5.4883436330195945,12.622829733100629
5.950516927779299,0.506633995249691,0.03476897020411417,0.1718876892421098,0.4923545757048775,1.0592198784595361,2.26156896953573,1.270348683144312,-0.000233194576045788,0.0,0.0,0.0,0.0,1.953752229488557,1415188782.9182801,396.5461521888378,53.785442549341504,2.3988826109691637,100.0,IMRPhenomXP,20.0,14.633473094114445,9.71269275766559,4.920780336448856,54.450427633550014,-0.009707280748860653,(11.962224080249367+0.25243102746896484j),12.023582902247812,(0.8575513424630763-0.42147985158511536j),2.4423519736783543,0.2231920918922088,2.26156896953573,0,0,0.03476897020411417,0,0,0.1718876892421098,0.0,0.0,0.080877716368591,0.0,0.0,0.0,1.0,1.0,0.08430782703131874,365.71363216041357,8.95750497739887,4.538176534168582,5.487848357667003,13.49568151156745
6.001298098968248,0.6076874294802959,0.10624902912831385,0.113234448451331,-0.7532496144757653,4.724883257528477,0.3915863298354609,2.597467529383434,9.64206396661639e-05,0.0,0.0,0.0,0.0,4.445264085055232,1415188782.8830395,738.997532700086,53.79522569235315,1.5070390992750573,100.0,IMRPhenomXP,20.0,14.304707681467917,8.897692063246451,5.4070156182214655,53.85172541909248,-0.0017395463407069442,(11.738485270062272-0.13640547443738527j),12.309699278259167,(-0.18631944630077954+1.4099099844731846j),0.23618431715699487,0.2351132044232154,0.3915863298354609,0,0,0.10624902912831385,0,0,0.113234448451331,0.0,0.0,0.10888943760225366,0.0,0.0,0.0,1.0,1.0,0.1505165253197942,642.3180520801327,7.733649945421926,4.699641855833881,5.2161772272676785,12.433291801255807
5.999327840146717,0.9278054508351508,0.07933956569253535,0.04853955898074125,0.7192679788235221,2.2645060262884082,0.4284148255884741,0.46816861050382264,-0.00012143190261872222,0.0,0.0,0.0,0.0,5.389341303085182,1415188782.924239,866.4063166565425,53.79764658208411,1.6226357039316728,100.0,IMRPhenomXP,20.0,13.794446780111066,7.155518091379569,6.638928688731498,54.04763676935901,-0.009819418915504807,(11.760342279406501-0.7948149960039886j),10.264506435145263,(0.6087709086813975+0.18916558363048308j),1.3464995909986155,0.24964939151814028,0.4284148255884741,0,0,0.07933956569253535,0,0,0.04853955898074125,0.0,0.0,0.06451627836311001,0.0,0.0,0.0,1.0,1.0,0.17396718537049394,738.015788765888,6.095160223001761,5.655122878614627,5.110302838876524,11.750283101616388
6.005801012568471,0.609022415938899,0.11810122944897812,0.11474692941085192,-0.5953019098413896,4.986881918212301,2.8092266854780297,1.9269211097931236,0.000235225059015406,0.0,0.0,0.0,0.0,4.221912992297793,1415188782.8828976,856.9613109716562,53.835357800943704,1.4769487768457488,100.0,IMRPhenomXP,20.0,14.310851841212333,8.894128322545242,5.416723518667091,54.419087473392196,-0.0017156451607079348,(11.74265758900906+1.2986670456989529j),10.899385436452553,(-0.46007372715114403-0.45963046347815734j),0.6445366443885253,0.23523887230980925,2.8092266854780297,0,0,0.11810122944897812,0,0,0.11474692941085192,0.0,0.0,0.11683161139222066,0.0,0.0,0.0,1.0,1.0,0.17224805383351263,731.0409343575312,7.587240851848257,4.6207997539029355,5.123319243677275,12.208040605751192
5.941256570356897,0.6138651451568875,0.003285474727013206,0.07565434804862946,1.0080613028697658,2.165520474884933,1.1638033118394848,1.0673867661841305,-0.00022543354898143668,0.0,0.0,0.0,0.0,1.2264418644989177,1415188782.923156,522.4082873141895,53.886291911057455,2.072206095701823,100.0,IMRPhenomXP,20.0,14.140840154773404,8.762095269985362,5.378744884788042,54.97523718982137,-0.0014536950040826488,(11.979737350388149-0.6798702380772589j),10.598451680958135,(-0.4810418059888964-0.478318197927154j),0.9967959144665057,0.2356885533769502,1.1638033118394848,0,0,0.003285474727013206,0,0,0.07565434804862946,0.0,0.0,0.030812389884534455,0.0,0.0,0.0,1.0,1.0,0.10923531516126062,470.9625458633713,7.899221337639732,4.849056653056597,5.356173292673392,12.748277990696328
5.951825893314791,0.5218310703532777,0.028654400452061208,0.15318903900795322,-1.2015504710935399,5.677515213306264,1.2925061883988718,2.9646646345119274,-0.00023233485843673134,0.0,0.0,0.0,0.0,5.964309499313111,1415188782.88387,470.80649409751305,53.918968655987854,1.7273604474065403,100.0,IMRPhenomXP,20.0,14.553652267631326,9.563250843769962,4.990401423861366,51.57104953775518,-0.009076825608465039,(11.85423806168556-1.1241256345237671j),8.980925027453866,(2.3454995724727117+0.2661680326421606j),1.9430161037597125,0.2253185982154473,1.2925061883988718,0,0,0.028654400452061208,0,0,0.15318903900795322,0.0,0.0,0.07135693491838266,0.0,0.0,0.0,1.0,1.0,0.09910575803216304,428.35413417113136,8.700937806833066,4.540419688816999,5.415153045846043,13.241357495650062
5.942597553749982,0.612199350120259,0.023037426321754748,0.036772854248421485,0.4008891868202278,1.3322284101349964,0.4420413339715491,0.9118932452007444,0.00021398948759198533,0.0,0.0,0.0,0.0,0.8448634838948664,1415188782.9198403,572.347549483226,53.93534012785,1.8539751843231072,100.0,IMRPhenomXP,20.0,14.149565092853065,8.776560474235152,5.373004618617912,54.50984809691466,-0.012221726389864573,(11.98469256851672-1.008986631338933j),13.070230601947824,(0.3758037141309462+0.8216938041902087j),1.859687505859766,0.23553496162176984,0.4420413339715491,0,0,0.023037426321754748,0,0,0.036772854248421485,0.0,0.0,0.028253170919159402,0.0,0.0,0.0,1.0,1.0,0.11892528714577828,511.5154277120354,7.843741289128365,4.801933319715827,5.310986910402853,12.645674608844192
5.9482252200437005,0.6194947474594483,0.055724681877469665,0.0020029955442098847,0.8961086800076641,1.941865718708113,3.0283965890515234,1.3190792369533937,-0.0001902988390749595,0.0,0.0,0.0,0.0,1.5068294359525152,1415188782.9237409,784.3139144061321,53.94523164307087,0.13438539795189097,100.0,IMRPhenomXP,20.0,14.139051602632197,8.73053254714939,5.408519055482806,54.82558756905583,-0.004950092063753464,(11.938571126167146-0.4474743798763894j),12.573308162070914,(-0.5630638851915641-0.9312344446026919j),1.0314312651845288,0.23619926446602676,3.0283965890515234,0,0,0.055724681877469665,0,0,0.0020029955442098847,0.0,0.0,0.03517487610605465,0.0,0.0,0.0,1.0,1.0,0.15892307879038292,676.7609775349574,7.5333149429225434,4.666849038098289,5.132545316339818,12.200163981020832
5.924011538850358,0.5508487426135511,0.010081639405721148,0.03323611841573925,-0.6333277349562495,5.336051909481043,2.638613545612473,1.0929736172717723,-0.00024299845236258643,0.0,0.0,0.0,0.0,0.04428278068715095,1415188782.8818045,776.129689311926,53.96102184386807,1.8403873704414897,100.0,IMRPhenomXP,20.0,14.344314844886227,9.249331963033756,5.094982881852473,53.57480764173591,-0.011036219776044548,(11.804735277868875+0.9282909886973791j),10.723331161481596,(0.9727381549506134-0.21123246480788654j),1.3172763580808122,0.22903058263507334,2.638613545612473,0,0,0.010081639405721148,0,0,0.03323611841573925,0.0,0.0,0.018305920277268788,0.0,0.0,0.0,1.0,1.0,0.157410334652125,670.5743538070242,7.991402604689688,4.4020540765119724,5.118333024588811,12.39345668120166
6.016016686139463,0.9547794096198341,0.06871997866158171,0.10962266514049479,-0.5744630642356269,4.0251036330186745,2.582266674643555,1.592626962566509,8.694157771448421e-06,0.0,0.0,0.0,0.0,0.20176321338499922,1415188782.8891766,680.523698752169,53.98516389467986,1.9770278533839605,100.0,IMRPhenomXP,20.0,13.825616698988846,7.072724743748787,6.7528919552400595,54.42774175705087,-0.014044162337751187,(11.922564548208765+0.11265254745277448j),8.887169238432875,(1.0158620394783968+1.3306098000817657j),1.8926856890030777,0.24986621206420967,2.582266674643555,0,0,0.06871997866158171,0,0,0.10962266514049479,0.0,0.0,0.08869821388137915,0.0,0.0,0.0,1.0,1.0,0.13955648738919849,597.1829465663495,6.206559150001314,5.925894881008833,5.279261495779438,12.132454031010147
6.017829584951863,0.5220587763808952,0.1621961600158072,0.1654363862600247,-1.01056780808453,3.4337014955516896,2.4126313205534298,0.42461093496175095,-9.778155045500037e-05,0.0,0.0,0.0,0.0,4.606610877776771,1415188782.891307,453.7104246996612,54.022084960835855,1.7471132355050862,100.0,IMRPhenomXP,20.0,14.713837411329635,9.667062560038417,5.04677485129122,52.94653585222887,-0.01558735921954263,(11.792620028933692+1.2992565497267274j),11.72187191063996,(1.9463681480161936-0.24141147084982809j),2.8348650392499333,0.2253494766777529,2.4126313205534298,0,0,0.1621961600158072,0,0,0.1654363862600247,0.0,0.0,0.16330754189836214,0.0,0.0,0.0,1.0,1.0,0.09572255880536315,414.0741839173004,8.82254589207158,4.605887512979182,5.492110695898185,13.428433405050761
5.993325536090685,0.9770762748132797,0.07205813295438404,0.05387757872738302,0.4756320834537284,1.9055080348040199,0.09054344129154858,1.5574395217557773,9.14260985898543e-05,0.0,0.0,0.0,0.0,4.068536931531331,1415188782.9239066,890.8718775095374,54.037578618157475,0.2647676457769954,100.0,IMRPhenomXP,20.0,13.770157141659947,6.964909405409984,6.805247736249963,52.8444482788173,-0.009150369801852937,(11.658969989165229+0.27396964185385736j),10.697176241857985,(1.6463826390124898+0.7506327531827489j),1.020440326874464,0.24996639038431875,0.09054344129154858,0,0,0.07205813295438404,0,0,0.05387757872738302,0.0,0.0,0.06307325542362886,0.0,0.0,0.0,1.0,1.0,0.17840647104295804,755.99710401235,5.910447351197618,5.774957880388186,5.08595776021685,11.685405231585804
6.0116278819360005,0.5235482533613111,0.009403949961230576,0.5011759073918739,-0.14985795803297797,5.5016206441291144,2.5596559443306597,1.3825867365069329,0.00021578115490923628,0.0,0.0,0.0,0.0,1.057233895868817,1415188782.8884983,643.8113594534831,54.07488315095526,2.1759565612386558,100.0,IMRPhenomXP,20.0,14.69080240316957,9.642492366591052,5.04831003657852,52.90392729841065,-0.012536542379093352,(11.612695631372342-1.7956089796586436j),9.985300577609005,(1.519519595465814-1.1912438906707319j),1.9772473670018533,0.22555075636981364,2.5596559443306597,0,0,0.009403949961230576,0,0,0.5011759073918739,0.0,0.0,0.17839521676020076,0.0,0.0,0.0,1.0,1.0,0.1326078628998545,568.4327110188741,8.51353118978271,4.457244384347783,5.307775161073159,12.970775574130494
6.032047147459701,0.5478493188638206,0.046331137042286114,0.4572425427074833,0.7821037925952931,1.7478600837312663,2.4681896574099884,0.2882546737275364,-2.5699872691634085e-05,0.0,0.0,0.0,0.0,1.0506934405028818,1415188782.9252129,810.8582079963638,54.07658413185681,1.9702575940223657,100.0,IMRPhenomXP,20.0,14.619834901116437,9.445257185530142,5.174577715586295,53.61162108789735,0.0004408208212131944,(11.768567095174923+0.8911734133729352j),9.8012700852729,(1.467442108791591+0.17843365932056054j),0.3090785064979907,0.22866714277729705,2.4681896574099884,0,0,0.046331137042286114,0,0,0.4572425427074833,0.0,0.0,0.19177005733221336,0.0,0.0,0.0,1.0,1.0,0.16381307905591375,696.7254610408372,8.11578539157864,4.446227498821303,5.183003401502329,12.562012890399943
5.94520168987688,0.6656028997776218,0.0020602627858000823,0.06517941892426152,-0.6635102268057875,3.2741605916039,2.6015229321511186,3.080736074615033,0.00016190414667444276,0.0,0.0,0.0,0.0,3.721393174921757,1415188782.8956952,344.23272369839054,54.08632146588285,1.882096512853387,100.0,IMRPhenomXP,20.0,13.999845125261634,8.405271825073541,5.594573300188092,52.711102328978974,-0.012319463066133296,(11.857876520219197+0.48970693310481694j),12.05978975218929,(1.8817633225127415+1.0641502146583148j),2.9839099743554405,0.2399232130249005,2.6015229321511186,0,0,0.0020602627858000823,0,0,0.06517941892426152,0.0,0.0,0.02728373793878256,0.0,0.0,0.0,1.0,1.0,0.07371790663725789,320.5988465349727,7.828193767763208,5.2104684718442975,5.537023880412373,13.038662239607508
6.043175087336096,0.5203623483875588,0.006526710403562817,0.6941694306856029,0.25565754405036595,2.135888274095729,2.8708331156093814,0.2870072876178574,-2.1611205509634287e-05,0.0,0.0,0.0,0.0,1.088983715605719,1415188782.9222171,638.727432599585,54.101173541736976,1.4338987020790235,100.0,IMRPhenomXP,20.0,14.78489297533117,9.72458505764201,5.06030791768916,51.92038421414632,-0.016813754252315682,(11.540455096955856-1.4688834417887182j),12.981616363793618,(2.131966790012334-0.37715633850358055j),2.2322638985426027,0.22511874209406998,2.8708331156093814,0,0,0.006526710403562817,0,0,0.6941694306856029,0.0,0.0,0.24188072397609447,0.0,0.0,0.0,1.0,1.0,0.13164139898517738,564.4256513882468,8.593345088260937,4.471653230632155,5.340185585959861,13.06499831889309
5.930643203140072,0.5697062955738811,0.004685303230437347,0.05023543400413814,-0.8303321682223959,4.5363961112757,2.3399602849036554,0.1254070547821989,-1.205351150982423e-05,0.0,0.0,0.0,0.0,4.73280729490579,1415188782.8823578,573.3486308031161,54.11537679832513,2.0615239268710708,100.0,IMRPhenomXP,20.0,14.278851135575264,9.096511351096384,5.182339784478881,54.75841310532332,-0.0011405649776770124,(11.7259114604967+2.231894471277562j),11.292404992933388,(-0.630439412956945+1.0576436381377843j),0.7698129628761178,0.2312140486834324,2.3399602849036554,0,0,0.004685303230437347,0,0,0.05023543400413814,0.0,0.0,0.021217183327473965,0.0,0.0,0.0,1.0,1.0,0.11911842917317367,512.3216782132184,8.128283043124455,4.630734021874426,5.299388383338254,12.759017064998881
6.012304487725623,0.9436131983563998,0.07580762287457675,0.07990631904089843,0.7312466869846286,1.980144446914906,2.3575778974688504,2.418686743317014,2.0367881700284374e-05,0.0,0.0,0.0,0.0,2.906969177997278,1415188782.9249854,657.1596834813627,54.115896346478266,2.1425010569379275,100.0,IMRPhenomXP,20.0,13.819628558739785,7.1102771736815935,6.709351385058191,53.90819959237652,-0.0038329060755713865,(11.798942346255242+0.2106846517808053j),11.52022982499068,(0.5791782111983639-0.9739058455367258j),0.8194083490534204,0.2497895856996723,2.3575778974688504,0,0,0.07580762287457675,0,0,0.07990631904089843,0.0,0.0,0.0777975166465806,0.0,0.0,0.0,1.0,1.0,0.13514048830216494,578.923657106829,6.2637860660899065,5.910591203643349,5.29652897564975,12.174377269733254
5.961522011533791,0.5910371087635548,0.08950991581664061,0.0007585844088007096,-1.2493503509820363,5.6370748212224635,1.263247067730839,0.4562815971153157,-0.0001555313436216494,0.0,0.0,0.0,0.0,2.55453043719825,1415188782.8843482,342.87766287691574,54.14816658152792,1.5854491103852215,100.0,IMRPhenomXP,20.0,14.269365858394796,8.968593994318569,5.3007718640762285,51.72246851779346,-0.0031138701333536523,(11.806450338741161-0.3807358588640285j),11.78667016894141,(2.2265017354856895-0.6861566590668706j),1.67925563690285,0.23348239046608252,1.263247067730839,0,0,0.08950991581664061,0,0,0.0007585844088007096,0.0,0.0,0.056540646888041925,0.0,0.0,0.0,1.0,1.0,0.0734417053245001,319.41898914603183,8.354989329958421,4.938108737328975,5.5536523147585655,13.293098067287394
6.019604165378685,0.5992499541159954,0.10553298569933067,0.1965094672385782,0.6075806155340208,2.4233860732585386,0.7753744968136183,1.4572083500950044,0.0001823317222056554,0.0,0.0,0.0,0.0,1.2250935154520974,1415188782.9229896,628.6187384530027,54.14923786939174,2.231821959130153,100.0,IMRPhenomXP,20.0,14.37814121376703,8.990552838073846,5.387588375693184,54.36323905620581,-0.010576884229785394,(11.801571529326434+1.3033748651422803j),10.993244731181575,(0.8152215615257484-0.16985960206171982j),1.735609192093751,0.2343016330573316,0.7753744968136183,0,0,0.10553298569933067,0,0,0.1965094672385782,0.0,0.0,0.1396224988787536,0.0,0.0,0.0,1.0,1.0,0.1297166218562839,556.4393110761242,7.958237193413246,4.768973272997095,5.32841957790054,12.727210466410341
6.012071267538865,0.8769662116500029,0.0628273196553071,0.10776961399017795,0.45844248244111324,1.120777925596784,2.716132819685079,1.1572761126507178,-0.00010761037663573763,0.0,0.0,0.0,0.0,5.2973390022049145,1415188782.9198182,648.6488825481623,54.15900634293574,1.7917896903144719,100.0,IMRPhenomXP,20.0,13.847843578278695,7.3777798941331705,6.470063684145526,54.582089131938176,-0.015835139132391096,(11.887649894583912+0.3809027301165459j),10.99980888332832,(0.7923358982977546+0.32899883414532927j),1.95099607489585,0.24892582289268703,2.716132819685079,0,0,0.0628273196553071,0,0,0.10776961399017795,0.0,0.0,0.08382549925016727,0.0,0.0,0.0,1.0,1.0,0.13352652480510577,572.2397063381997,6.508696296632033,5.707906734037797,5.30386465245933,12.216603030669829
6.01882817188749,0.8547937425002199,0.12430673956401948,0.06121654399594047,-0.6623992370058723,5.000517800874027,0.38726113896208025,2.183194822408169,-0.00014299660796115546,0.0,0.0,0.0,0.0,1.5823028269325086,1415188782.8829246,716.7881549111531,54.17752899320561,1.5743378098020067,100.0,IMRPhenomXP,20.0,13.878735240902957,7.482629967359463,6.396105273543493,53.840900798959076,-0.0010825346861395233,(11.89580942415054-0.17291968405835784j),13.05079482468936,(0.9425991879153001-1.05896997955919j),0.6704919024792324,0.24846778599029956,0.38726113896208025,0,0,0.12430673956401948,0,0,0.06121654399594047,0.0,0.0,0.09523121318661547,0.0,0.0,0.0,1.0,1.0,0.14636894259343866,625.2682934891297,6.527244143958973,5.5794474500273346,5.250341271694828,12.106691593986309
6.027014377922002,0.5444490858558193,0.16520536577555767,0.16726981649748168,-0.1583227369429235,5.550869734458903,2.876210034142002,0.7145495892049525,-0.00016844983415865248,0.0,0.0,0.0,0.0,0.29565916667024034,1415188782.8887994,629.1976644850668,54.19028637605019,1.4347799708441347,100.0,IMRPhenomXP,20.0,14.623663291129002,9.468530510363603,5.155132780765398,53.34217703554309,-0.01647859414416697,(11.834402390141333+0.15838611230893168j),11.716728120434254,(1.4489746738132432+0.292798592159158j),2.3141284204428483,0.22824962937703258,2.876210034142002,0,0,0.16520536577555767,0,0,0.16726981649748168,0.0,0.0,0.16593312580250805,0.0,0.0,0.0,1.0,1.0,0.12982696555891748,556.8973686719921,8.380513829991292,4.56276309374081,5.33445789633856,12.943276923732103
6.017101963176535,0.7086267685313103,0.10922540789810671,0.11368229309553797,-0.538398155851882,4.076126299316763,2.560684750152071,0.9817865131566273,-0.00023440135050978674,0.0,0.0,0.0,0.0,2.7813530500457007,1415188782.8889487,515.1464459509004,54.200222343027775,2.033129796178427,100.0,IMRPhenomXP,20.0,14.070628147368112,8.235050747485857,5.835577399882255,54.34276756500417,-0.01094136561313791,(11.908480322120965+0.40777982818917496j),11.790427974969079,(1.1384140362620097+0.22632333800727936j),2.4215818887957177,0.24272982445127006,2.560684750152071,0,0,0.10922540789810671,0,0,0.11368229309553797,0.0,0.0,0.11107383273455329,0.0,0.0,0.0,1.0,1.0,0.1078171129101325,465.0103677109202,7.433583261638869,5.26763608530359,5.431493965073503,12.701219346942459
6.009093774998532,0.8561199183476471,0.07191559070852009,0.10748412903256935,0.5429663696937789,1.6406004876553704,2.5651285891379514,0.23768227355904917,0.00018687266023197774,0.0,0.0,0.0,0.0,0.9492880234987182,1415188782.9240282,656.92094844185,54.261570444825225,2.02358496662824,100.0,IMRPhenomXP,20.0,13.855284827010511,7.464649611294914,6.390635215715597,54.50313204128304,-0.0032477008911841465,(11.516537443857+2.7651079704956443j),12.300089089933783,(-0.29386440855336426+0.7782397870971762j),0.6535531085188341,0.24849779467412367,2.5651285891379514,0,0,0.07191559070852009,0,0,0.10748412903256935,0.0,0.0,0.08832128401783935,0.0,0.0,0.0,1.0,1.0,0.13509525448159224,578.7364058039417,6.5762318905157295,5.630043109143519,5.293911459213119,12.206274999659248
6.019889579754769,0.5186786608107506,0.18722374726404734,0.1226957908247224,-0.9773641775086391,5.3445471285688155,2.7620223815499183,0.6994948135403739,0.0001616389972166409,0.0,0.0,0.0,0.0,0.37516361472434623,1415188782.883346,697.2073235262724,54.30435606642494,1.2116390386765037,100.0,IMRPhenomXP,20.0,14.736982422586717,9.70381872273055,5.03316369985617,54.53403793690757,-0.018117655266047916,(11.693557264479514-2.103581056078229j),13.124524134077692,(0.6068235721470084+0.039201097461647884j),1.7501308667038735,0.22488816436384804,2.7620223815499183,0,0,0.18722374726404734,0,0,0.1226957908247224,0.0,0.0,0.1651853299908792,0.0,0.0,0.0,1.0,1.0,0.14269683795451835,610.1419937303797,8.492032532531416,4.404636061534722,5.26814232769792,12.896668594066135
6.014545691879932,0.5028593448345164,0.07703616799042855,0.36253075675931173,-0.38644619360046223,5.340440513545844,0.8651146845362282,3.0611595586812648,0.00017024845011343834,0.0,0.0,0.0,0.0,0.35772464052325237,1415188782.8847241,433.81525732014154,54.36165048567794,2.4362085998239023,100.0,IMRPhenomXP,20.0,14.812791734054079,9.856405913811683,4.956385820242396,52.57738561885385,-0.00847629040557385,(11.825614176975602-0.059265256653986804j),13.742884455254949,(1.9637258727454856-0.24483456046942761j),2.078101673455511,0.222643414065279,0.8651146845362282,0,0,0.07703616799042855,0,0,0.36253075675931173,0.0,0.0,0.17256315283805473,0.0,0.0,0.0,1.0,1.0,0.09176791321342498,397.35116929830764,9.02793148115253,4.539779709823266,5.508996572519872,13.567711190975796
5.945556711676939,0.5810076035512068,0.026033597632697827,0.06841659786336271,-0.12298281599812386,5.479205299721398,1.6508438655540694,2.061007717470555,6.9319165506866e-05,0.0,0.0,0.0,0.0,4.2814328741415375,1415188782.887342,384.83484178703515,54.39731232418063,2.774925285005537,100.0,IMRPhenomXP,20.0,14.269349875465736,9.025478336356128,5.243871539109607,53.76976069062153,-0.004957559747384099,(11.972980709893557-1.029761163265343j),9.696373354652597,(1.305301104541987+0.17514814170461968j),1.5974613435561982,0.23244162277959038,1.6508438655540694,0,0,0.026033597632697827,0,0,0.06841659786336271,0.0,0.0,0.041609010008968085,0.0,0.0,0.0,1.0,1.0,0.08194929196102241,355.68657567185585,8.341868147995678,4.8466888218071125,5.4952267688078775,13.188556969802791
6.009988056382723,0.8008362214504746,0.15834032449049928,0.014271525330859503,0.35190980173091474,2.0027108462798555,0.2890935144253066,2.640729466467571,-7.44885709652158e-05,0.0,0.0,0.0,0.0,3.061846756448304,1415188782.9229093,800.4679261517123,54.41372264888873,1.4674986384496345,100.0,IMRPhenomXP,20.0,13.909657776040845,7.72399933450771,6.185658441533135,52.64597119005064,-0.012303027025932611,(11.785037081113327+0.0061669788376723525j),10.926417692768098,(2.0022664871660085+0.33980147358361423j),1.5040120111731217,0.2469421773850018,0.2890935144253066,0,0,0.15834032449049928,0,0,0.014271525330859503,0.0,0.0,0.09427258119789458,0.0,0.0,0.0,1.0,1.0,0.1619019355222939,688.928988094968,6.647720516134303,5.323735379399794,5.172543286694101,11.971455895534097
6.031994339339993,0.6084410212300924,0.010862200308373671,0.44195872160997357,-0.7052909415231211,4.563664474510232,2.9418463636429433,0.21980973402822637,4.223079043162454e-05,0.0,0.0,0.0,0.0,2.3617295512207983,1415188782.884195,937.1956664440672,54.46354135960475,0.8957818910173181,100.0,IMRPhenomXP,20.0,14.375269725648604,8.937393125334982,5.437876600313623,54.256741474193745,-0.0035748164400904933,(11.764917614169628+0.8486285587522036j),9.942623710908045,(0.5908716855422104+0.28498852943604824j),0.5335993601683757,0.2351842342926224,2.9418463636429433,0,0,0.010862200308373671,0,0,0.44195872160997357,0.0,0.0,0.1739373794460508,0.0,0.0,0.0,1.0,1.0,0.18675845763026486,789.7105455738858,7.530928528776856,4.582125844859828,5.082748136789991,12.113054373636684
5.945190612884382,0.5455974667506164,0.04828467633993694,0.09032208127019165,0.7311451152052044,1.6128842973373931,2.703089239181547,1.5407714834588484,-9.873336816850436e-05,0.0,0.0,0.0,0.0,2.0028839201237747,1415188782.923303,914.4024955564834,54.468275502846076,1.6339079125893274,100.0,IMRPhenomXP,20.0,14.419760692930877,9.329570604981795,5.0901900879490825,54.59762681414735,0.0009056146544770937,(11.86394763591697-0.48589205713342626j),9.581441022826228,(-1.102344844384851+1.0121327118429944j),0.09227672392156581,0.22839129692646506,2.703089239181547,0,0,0.04828467633993694,0,0,0.09032208127019165,0.0,0.0,0.06312392273630639,0.0,0.0,0.0,1.0,1.0,0.18265758465048004,773.176029569675,7.888649027468956,4.304026925471776,5.026975423864051,12.192675952940732
6.018108276903806,0.9569857880204812,0.08963209823311803,0.10283937159853347,0.6562663044131988,1.0175447075579627,0.7448885697541703,0.07221747419921332,0.00017597843887173358,0.0,0.0,0.0,0.0,1.8113009447683752,1415188782.9206464,510.3378015953828,54.494828943574916,2.1640980680623816,100.0,IMRPhenomXP,20.0,13.82999141120805,7.066986125227451,6.763005285980599,54.30752852902402,-0.010317795912214489,(11.900290740094981+0.1877176987547484j),11.950033833830554,(1.0570184356348482+1.2993810093959226j),1.92767063060321,0.2498792217848794,0.7448885697541703,0,0,0.08963209823311803,0,0,0.10283937159853347,0.0,0.0,0.09609058811412463,0.0,0.0,0.0,1.0,1.0,0.10687670605773232,461.06110714288667,6.384619069631818,6.109989711562197,5.437017731033464,12.494608781194017
6.022501774716474,0.8205791375337446,0.09741541398191678,0.11522671366823055,0.2789937452545155,2.0424792943881105,1.4777565347344472,2.4797625978024755,0.00021433717296273012,0.0,0.0,0.0,0.0,6.234088994127097,1415188782.9221225,410.7675265440498,54.57016051237842,2.7419452045330477,100.0,IMRPhenomXP,20.0,13.917336501475571,7.644455664986226,6.272880836489345,52.828510702366756,-0.0034457050249548787,(11.879807564992577+0.2569746924954116j),10.555917600286618,(1.8294943095569565+0.8352134660959829j),1.6593464821255453,0.24757189890311035,1.4777565347344472,0,0,0.09741541398191678,0,0,0.11522671366823055,0.0,0.0,0.10544339839282761,0.0,0.0,0.0,1.0,1.0,0.08716259662523956,377.8344927504283,7.031566104937823,5.7699564499013904,5.539651376354807,12.801522554839213
6.030508540256824,0.5608478374376155,0.10307835373099868,0.32536696473144283,0.726697467543289,1.8880945359151915,2.914364711302882,1.9725843789809236,-0.00012748274571873716,0.0,0.0,0.0,0.0,2.824715234768202,1415188782.9254467,826.3614167395879,54.58603203860979,1.0041008486444607,100.0,IMRPhenomXP,20.0,14.557258279714281,9.326506998665787,5.230751281048492,54.07457596538879,-0.0014264889840013284,(11.630250322625812-1.8165720474635771j),11.958028779155855,(0.9825436125059636-0.9315703565955563j),0.6515392904737379,0.23020985728363297,2.914364711302882,0,0,0.10307835373099868,0,0,0.32536696473144283,0.0,0.0,0.18295166602726745,0.0,0.0,0.0,1.0,1.0,0.16665767680295202,708.3152432993915,7.994210456167109,4.483535646362497,5.169047150816781,12.477746102529608
6.00642565455705,0.9120738191986963,0.0523127122562147,0.10023788795317863,0.8270816285293413,2.2319812543988706,0.5777020871478905,1.3147523097887037,-0.00021492368468892592,0.0,0.0,0.0,0.0,4.472776564317406,1415188782.9244707,886.3999806141082,54.625460584994215,1.7907166065471447,100.0,IMRPhenomXP,20.0,13.816679964396682,7.226018067747466,6.590661896649215,54.6975833488293,-0.007508162552911007,(11.865403676267952+0.1390302734425984j),9.511570983854005,(0.686107886620716-0.13898551813480312j),1.171793817465433,0.24947135136231713,0.5777020871478905,0,0,0.0523127122562147,0,0,0.10023788795317863,0.0,0.0,0.0751733871918805,0.0,0.0,0.0,1.0,1.0,0.17759652056055794,752.719599808461,6.136242712663372,5.59670632646905,5.100580334338861,11.732949039132423
6.023813379820538,0.5525427438938123,0.03079493240215014,0.45512894437189966,0.6437656337123048,1.8529582331461705,2.321821689870369,1.4049433483139886,-2.574530148333529e-05,0.0,0.0,0.0,0.0,5.1097466787320815,1415188782.9248452,564.6081237234206,54.77655882237572,2.2490159388095368,100.0,IMRPhenomXP,20.0,14.578211938661257,9.38989409212578,5.188317846535477,53.70549927419919,-0.00018113335349538573,(11.67583714966481+2.018283302129426j),12.343606710267398,(2.1486318309452406+0.2600039348588262j),0.6374095310813231,0.2292338499719678,2.321821689870369,0,0,0.03079493240215014,0,0,0.45512894437189966,0.0,0.0,0.18181343429099187,0.0,0.0,0.0,1.0,1.0,0.11743065338174434,505.2735220423273,8.403111247851136,4.643078146132624,5.390771554002324,13.04618939398376
6.012870889411179,0.7868188106791405,0.01946256348814952,0.2100377043174434,0.8300002915299418,1.9064171343890346,0.493727799686774,1.7052009088827969,-9.984976161440544e-05,0.0,0.0,0.0,0.0,4.007904804440932,1415188782.9250956,860.7892147615403,54.78608529400455,1.645752948157945,100.0,IMRPhenomXP,20.0,13.933289382572767,7.797818838316881,6.1354705442558855,55.04765158629771,-0.0018609826818685726,(11.653266044492684-2.119105882641106j),10.40616871583487,(0.06535360697936611+0.6010756279253661j),0.6893255628875199,0.24644141995955815,0.493727799686774,0,0,0.01946256348814952,0,0,0.2100377043174434,0.0,0.0,0.10338159588031573,0.0,0.0,0.0,1.0,1.0,0.17294514995205088,733.8699651388441,6.64806776227827,5.230824770030123,5.1263018476669435,11.878892532308393
6.017940016221324,0.6168955607762793,0.036225249481647945,0.318761812723474,1.0530493779504544,1.6281964498996833,0.23078175238626497,0.4476384990737403,-0.00018466464983925388,0.0,0.0,0.0,0.0,4.938726183388065,1415188782.9241366,957.9958834604165,54.86455683858579,0.6071869217712909,100.0,IMRPhenomXP,20.0,14.3132820710994,8.852323191627494,5.460958879471906,55.395498945550344,-0.006618914729575792,(11.887280822702564-0.27717202361246107j),9.885695120971674,(0.13861228352446192-0.6105485887624778j),1.0300004528533586,0.2359650638850988,0.23078175238626497,0,0,0.036225249481647945,0,0,0.318761812723474,0.0,0.0,0.14402166864998858,0.0,0.0,0.0,1.0,1.0,0.1904863981942704,804.7096400890831,7.435887722072841,4.587166126177576,5.055026269388155,12.023053848250417
5.947704098496365,0.5920088451813318,0.03058583254003,0.0371945541962724,0.7274227493181219,1.911105223821684,2.7382819852074363,1.472466729243091,-8.334042793643835e-05,0.0,0.0,0.0,0.0,1.4708114747264236,1415188782.9235554,824.2446409751014,54.882626217850934,1.5585709407923174,100.0,IMRPhenomXP,20.0,14.23269059402657,8.940082611416301,5.292607982610269,54.548797356222245,-0.0017381812520857742,(11.817025919688707+1.5898604658786961j),11.060807291271859,(1.05030811995277-0.8677761404333074j),0.6584090881305714,0.23358085449706664,2.7382819852074363,0,0,0.03058583254003,0,0,0.0371945541962724,0.0,0.0,0.0330433701898232,0.0,0.0,0.0,1.0,1.0,0.16626977261750667,706.7358357594235,7.665535728797729,4.538064954501782,5.099766999146081,12.203600683299511
6.024304151137042,0.7844288315082117,0.025270685315193542,0.23053490508188346,-1.2688533670671307,3.6970814109364225,2.856653808694386,2.261652053445594,-0.0002273437713454244,0.0,0.0,0.0,0.0,0.2960088699328805,1415188782.8883529,639.8994771041765,54.910206037304796,0.30390631435949356,100.0,IMRPhenomXP,20.0,13.962842507973685,7.824824538489547,6.138017969484137,54.15502168704845,-0.0334602079164108,(11.788982429481926+1.4044276775503508j),11.727843475336035,(1.4917375729970368+1.1679322015703935j),2.7326749431654473,0.24635142820115638,2.856653808694386,0,0,0.025270685315193542,0,0,0.23053490508188346,0.0,0.0,0.1155041366128495,0.0,0.0,0.0,1.0,1.0,0.13186429865958826,565.3499957170797,6.91321790762029,5.422927445236229,5.322461498495298,12.33614535285652
5.960163432587698,0.5107956603502619,0.06302576125768619,0.14551876200819697,0.8049091759381135,1.1191045318651642,2.6755373301819825,0.14234185001804747,-0.00012026989301455786,0.0,0.0,0.0,0.0,0.9690486212016525,1415188782.9208338,747.4642409213776,54.91216434917376,1.6193257371576752,100.0,IMRPhenomXP,20.0,14.63378680649086,9.686145645333779,4.947641161157081,55.01808749998182,-0.007500168316582401,(11.845218821652745-1.1144195457945536j),10.260622782067935,(0.7456212798793371+1.098959969597074j),1.2707392569693787,0.22378745716422263,2.6755373301819825,0,0,0.06302576125768619,0,0,0.14551876200819697,0.0,0.0,0.09091640715937138,0.0,0.0,0.0,1.0,1.0,0.15209285415274446,648.7881931550992,8.407434878551543,4.294481250641559,5.173335995535564,12.701916129193101
5.943259264241481,0.5040002291139573,0.08196093015363229,0.020853304192037094,0.8695911745997428,1.3585421141820389,2.7320225353344387,1.5190610520517096,6.422365316509067e-05,0.0,0.0,0.0,0.0,5.172725314324135,1415188782.9220552,787.0121671364165,54.95333578332295,1.4266613922062525,100.0,IMRPhenomXP,20.0,14.630653284689558,9.727826499939319,4.902826784750242,54.64564420296064,-0.005768468102436253,(11.916892334169768-1.0729928492226037j),10.764143657310859,(0.9329690011828905+0.5550684006514238j),0.8549413683316038,0.22281012846895135,2.7320225353344387,0,0,0.08196093015363229,0,0,0.020853304192037094,0.0,0.0,0.061483368455787356,0.0,0.0,0.0,1.0,1.0,0.1594212900019238,678.7974089523241,8.39024311855027,4.228684454071139,5.126056693535117,12.618927572621407
6.018926259827285,0.875409072629751,0.10390282632971254,0.07269829282894105,0.04426236083434737,2.1588756241957543,2.2742143610911585,2.5793134979663748,0.00020544112010631953,0.0,0.0,0.0,0.0,6.073672587963881,1415188782.9186907,447.3796611668234,54.957365913988674,2.5137594121351974,100.0,IMRPhenomXP,20.0,13.864608535605548,7.392844973371173,6.471763562234375,52.424384258980226,-0.012428392506840247,(11.7624920026857+0.7253006741613168j),11.808143389894648,(2.2588100270713802+0.30494272225819163j),2.572442076940903,0.24889663089259442,2.2742143610911585,0,0,0.10390282632971254,0,0,0.07269829282894105,0.0,0.0,0.08933708057726712,0.0,0.0,0.0,1.0,1.0,0.09446622646278348,408.76515882342903,6.75474929661757,5.913168817598449,5.499417080488553,12.66791811421602
6.019909982930821,0.6158407341388383,0.04494018168298017,0.3054014233383016,0.5749690883158853,1.5571359205687512,2.8000985042541324,3.1035600591187045,0.00024348516360235225,0.0,0.0,0.0,0.0,0.7871816628641896,1415188782.9237206,756.3501666559092,55.033044063302974,1.516481453618411,100.0,IMRPhenomXP,20.0,14.321457315283537,8.863161456884642,5.458295858398894,54.66566616651625,-0.000878324403464921,(11.880480156143818-0.7394363246137818j),11.868367557151258,(0.856763813905785+0.680803727568866j),0.5826350043342745,0.2358692396890818,2.8000985042541324,0,0,0.04494018168298017,0,0,0.3054014233383016,0.0,0.0,0.14420902599839042,0.0,0.0,0.0,1.0,1.0,0.1537444011787888,655.5612890017633,7.682084045503569,4.730940278299175,5.217715446142349,12.413024323802745
6.020705371211741,0.8246286433890937,0.13153845109865775,0.0687107535898649,-1.2900172574795161,3.865169937093627,2.219474620955611,3.0942716569858435,5.119286669884581e-05,0.0,0.0,0.0,0.0,1.4427082492041579,1415188782.8876808,433.62497843906255,55.060644887996155,1.2753052755981003,100.0,IMRPhenomXP,20.0,13.909185894492623,7.623022879141853,6.28616301535077,53.71045505173549,-0.018915618664238187,(11.79689761069232-1.6205623274246899j),12.50586009724007,(1.804727538776656-0.16056284657071798j),2.80627707962431,0.24769055111047855,2.219474620955611,0,0,0.13153845109865775,0,0,0.0687107535898649,0.0,0.0,0.10314389577275626,0.0,0.0,0.0,1.0,1.0,0.09172999897808295,397.190679322754,6.982516635319545,5.757983220425335,5.514830019187381,12.740499855744881
5.945120232642418,0.5964598349571048,0.03235229580111437,0.047674020723831353,-0.8433952906679516,4.9513469942240205,2.3037816879536734,0.37722737317373234,-2.654718043975903e-05,0.0,0.0,0.0,0.0,2.378893408897304,1415188782.8814807,655.7566647935101,55.069915706848334,2.08082491237208,100.0,IMRPhenomXP,20.0,14.210243364485729,8.901096697410834,5.309146667074896,55.45736807045779,-0.00059515749432619,(11.938505493752382+1.0437364764812302j),10.644949239167765,(-0.22497017282349824-1.261588941574928j),0.5700402064627575,0.2340265932823627,2.3037816879536734,0,0,0.03235229580111437,0,0,0.047674020723831353,0.0,0.0,0.03807670760187069,0.0,0.0,0.0,1.0,1.0,0.1348746216114029,577.8230038008551,7.8432423528620365,4.678179039316664,5.238570075874083,12.5214213921787
6.015241105739839,0.6874933984884688,0.10423679539883951,0.11432297299983446,-0.6492710987747268,5.189625481122388,0.9951635897378562,1.0732298401717448,4.487925301155675e-05,0.0,0.0,0.0,0.0,2.4560679318323095,1415188782.8828292,445.9485691749818,55.12643625983095,2.382491193133439,100.0,IMRPhenomXP,20.0,14.111800211485102,8.362580987946622,5.74921922353848,53.58121792496253,-0.0046976572235866015,(11.794609429248482+1.2412474419928272j),12.749098760891993,(1.8088396159650746+0.9174142340764536j),1.3302937577267977,0.24142618248876713,0.9951635897378562,0,0,0.10423679539883951,0,0,0.11432297299983446,0.0,0.0,0.10834595548377815,0.0,0.0,0.0,1.0,1.0,0.09418196243597962,407.56344337355705,7.642769918569111,5.254353865182516,5.497477853087703,12.897123783751626
6.012678447151167,0.7913531558483622,0.017355910765724278,0.1934556468636485,0.7414812128528295,1.0921930547905172,0.620322947043761,2.7211159043230286,0.00019439094708961736,0.0,0.0,0.0,0.0,2.181376644100708,1415188782.9214792,689.4594667918291,55.136918263066526,1.9386910010805138,100.0,IMRPhenomXP,20.0,13.92718137182395,7.774670966668331,6.1525104051556205,54.62070221307617,-0.008988368560091137,(11.81976298411486+1.223849617956673j),10.03307643111354,(0.9975669289911597+1.1488490049638271j),1.3420919481470779,0.2466084265811249,0.620322947043761,0,0,0.017355910765724278,0,0,0.1934556468636485,0.0,0.0,0.09515022030775219,0.0,0.0,0.0,1.0,1.0,0.14123979672687353,604.1319877484232,6.812477963848117,5.391075935838633,5.268549575992527,12.20355389968675
6.014009344366896,0.7564133238631531,0.16678906827908901,0.014475007270480546,-0.4870807262174302,5.497764721908882,2.8273081759002903,1.334974254852344,0.0001358835091856734,0.0,0.0,0.0,0.0,4.112139184710864,1415188782.884922,761.3081855688673,55.21451873043963,1.4881060546487044,100.0,IMRPhenomXP,20.0,13.978503000006617,7.958549852754203,6.019953147252414,54.33466288074571,-0.019273340985742016,(11.799258011494379-0.963868951212399j),11.351458413153955,(1.4548126777982666+0.34795472217510565j),1.8479703888169756,0.24519167713733725,2.8273081759002903,0,0,0.16678906827908901,0,0,0.014475007270480546,0.0,0.0,0.10119381026475553,0.0,0.0,0.0,1.0,1.0,0.15466465019972545,659.3327188799612,6.892520569827431,5.213594394018321,5.208446749735203,12.106114963845751
6.0214109153001445,0.8845802394992512,0.18858932802593853,0.0029376424975965905,0.7306505045532906,1.8307571990146976,2.389335098066057,1.3233655762397591,-0.00018625996546130794,0.0,0.0,0.0,0.0,5.183420282639394,1415188782.9252195,626.6026306461752,55.28431287769199,2.1101569281434953,100.0,IMRPhenomXP,20.0,13.864796035899905,7.356967745551603,6.507828290348304,54.71447879368128,0.00011528602918915026,(11.841940321062927-0.33593927566915377j),12.082641194911236,(1.4331400199493725-0.46000688814826374j),0.5068381083254941,0.2490622845315773,2.389335098066057,0,0,0.18858932802593853,0,0,0.0029376424975965905,0.0,0.0,0.10144853719830255,0.0,0.0,0.0,1.0,1.0,0.12933224362508774,554.843478826937,6.51444053517518,5.762545368808891,5.331832991832219,12.27698590398407
5.9514611160668345,0.5333317012846069,0.06019278724768382,0.09717245623522737,-0.6518332669325413,4.849874190679867,2.5915410823129332,1.8525914456716464,2.5399156473033537e-05,0.0,0.0,0.0,0.0,0.6733441585483575,1415188782.8817506,811.415478863989,55.29659125512405,1.9075789913605226,100.0,IMRPhenomXP,20.0,14.494008068765856,9.452624019070988,5.041384049694869,55.477902241587174,-0.0018445759098327918,(11.779044214592941-1.262402900566373j),10.240151617369614,(-0.5541058136623473-0.0013185019758521033j),0.24303230301869755,0.22684288892205615,2.5915410823129332,0,0,0.06019278724768382,0,0,0.09717245623522737,0.0,0.0,0.07305525513871158,0.0,0.0,0.0,1.0,1.0,0.16391547506333284,697.1429595667133,8.121400755975547,4.331400481998531,5.113310410915358,12.452801237974075
5.937132297098831,0.6297541896686657,0.01134269946612627,0.005007074553127167,0.329644962431514,1.5801234010517575,2.5756955883473736,1.5739911202305417,3.981849356347975e-05,0.0,0.0,0.0,0.0,4.932319428150718,1415188782.9205015,621.6909856334755,55.36606723496116,2.1070696923606453,100.0,IMRPhenomXP,20.0,14.080582273496063,8.639696932675896,5.440885340820166,55.56610599497135,-0.012209799003753519,(11.878948374385223+1.5799549901732493j),11.558286495280097,(0.5395372285515423+0.4910594666061741j),1.5266909087622471,0.23709743362505714,2.5756955883473736,0,0,0.01134269946612627,0,0,0.005007074553127167,0.0,0.0,0.008894547248802308,0.0,0.0,0.0,1.0,1.0,0.12839512772483586,550.9514945803998,7.656623748540968,4.821790884360278,5.261572078098007,12.478414632901247
6.012059233382132,0.6167085206086865,0.14409850919854816,0.06951128068896097,0.6465411222437895,1.8058406019386724,2.650150207700879,1.0326947364866383,0.00020770316998929516,0.0,0.0,0.0,0.0,1.454436157528558,1415188782.9244199,680.8033108127572,55.584050385897676,1.8092910774406805,100.0,IMRPhenomXP,20.0,14.299911647076792,8.845077182925289,5.454834464151504,54.638747322280906,-0.0002839268915407443,(11.663629380995737+1.8851441399341498j),12.998575754964804,(2.104297819797242+0.6759330722355514j),0.5507330069556394,0.23594810538127725,2.650150207700879,0,0,0.14409850919854816,0,0,0.06951128068896097,0.0,0.0,0.11564651629810177,0.0,0.0,0.0,1.0,1.0,0.1396092062512298,597.4006737521838,7.761500288350048,4.786583360532252,5.275544634426864,12.548083648882299
6.014787149949868,0.811788025448787,0.1398502358581294,0.04383694943443725,0.56687810329674,1.2366735717088841,2.656751979622634,3.0262811108630983,-6.25796219059977e-05,0.0,0.0,0.0,0.0,0.9787882810027644,1415188782.9218109,681.2070764666406,55.65732576119605,1.8521903204447918,100.0,IMRPhenomXP,20.0,13.908603950359746,7.676728047098407,6.231875903261338,55.015440273493994,-0.007284327756539227,(11.855903340693121-1.1560279476043434j),11.226502574485613,(1.072294357867734-0.966049730624914j),1.3498341137450625,0.24730213794042755,2.656751979622634,0,0,0.1398502358581294,0,0,0.04383694943443725,0.0,0.0,0.09683061374564125,0.0,0.0,0.0,1.0,1.0,0.13968533063329688,597.7150543568976,6.735831234076363,5.468067137267116,5.277585828544085,12.20389837134348
6.013295200221615,0.879997296152337,0.07112530903552389,0.09469846289285104,-0.5935289911143078,5.375284869731867,2.9133897941244027,0.6443090067990682,-7.849504096357266e-05,0.0,0.0,0.0,0.0,3.340561504614169,1415188782.8837655,864.141149181103,55.7709119125003,1.111930431514871,100.0,IMRPhenomXP,20.0,13.848807908073603,7.3663977796228854,6.482410128450718,54.49922256842354,-0.013242021837036433,(11.720990021967808-0.9284042459582386j),10.875158415628173,(1.5146182683618865-1.1277346186536013j),1.4364855245539707,0.24898139073439973,2.9133897941244027,0,0,0.07112530903552389,0,0,0.09469846289285104,0.0,0.0,0.08215953323291338,0.0,0.0,0.0,1.0,1.0,0.17355516326926332,736.3447198969635,6.276993199963214,5.523737043934235,5.123998759010112,11.800730243897448
5.94069757314817,0.5716087798006079,0.0596105370602122,0.006557406942792006,-0.5394163675222227,5.347632797628786,2.4550222237646575,0.35377611757448224,-0.0001839119374016391,0.0,0.0,0.0,0.0,2.6695294695852687,1415188782.8825712,691.7277672487648,55.82524841281126,2.1766905265978584,100.0,IMRPhenomXP,20.0,14.29523980535999,9.095927681934715,5.1993121234252735,55.664703687209084,-0.00907765157055726,(11.860325431054717-1.530239593403162j),10.766746787150675,(0.7557676373312803-0.9570869110594137j),1.3965415657610205,0.23142485387404196,2.4550222237646575,0,0,0.0596105370602122,0,0,0.006557406942792006,0.0,0.0,0.04031461853342152,0.0,0.0,0.0,1.0,1.0,0.1416666066336872,605.8929701360183,7.9672363447284535,4.554142245393286,5.203530994626254,12.521378590121742
5.9505560051667885,0.5540096299264532,0.028363050933384093,0.1240409894568657,-1.1050147591787125,4.926218390947225,2.3970296123367865,0.606435293862447,-2.4677079357626096e-05,0.0,0.0,0.0,0.0,2.5276524159298708,1415188782.882398,663.712534082761,55.884900153257874,1.5961281046473133,100.0,IMRPhenomXP,20.0,14.394334992712112,9.26270643084326,5.131628561868852,55.724688457159615,-0.00842405176557992,(11.831935084458712+1.7399946764808012j),10.990681795631389,(0.7386467683559559+0.23709206817436693j),1.3446827505459098,0.22940870976288966,2.3970296123367865,0,0,0.028363050933384093,0,0,0.1240409894568657,0.0,0.0,0.06247255597939119,0.0,0.0,0.0,1.0,1.0,0.13638119643620483,584.0580044717052,8.151055701987989,4.515763352968271,5.236408367041162,12.666819054956262
5.947549897585429,0.5170315431170626,0.07888436693898282,0.04620297505996937,0.6500082071004875,1.319720648708564,2.7108378497883687,1.0121852149835269,4.572483555406525e-05,0.0,0.0,0.0,0.0,4.762416016647575,1415188782.9214358,664.6276281856029,55.88909919969268,1.6843222229760961,100.0,IMRPhenomXP,20.0,14.568720245127748,9.6034392371257,4.965281008002047,56.07356825337417,-0.006523880307242574,(11.867798206438469-1.720676355021717j),12.165191367103734,(0.09430435474626096-1.4335940857922371j),1.0263974229295796,0.22466106708942887,2.7108378497883687,0,0,0.07888436693898282,0,0,0.04620297505996937,0.0,0.0,0.06774596276335133,0.0,0.0,0.0,1.0,1.0,0.13655432492723385,584.7741868230531,8.449608634185212,4.368714190868036,5.232965787153387,12.818322825053249
6.01859603470855,0.5657324627798348,0.16807787387590778,0.11628309613128421,-0.7071297277794495,5.342205322175675,2.5658532618594845,0.9678835364054195,1.0279710986528902e-05,0.0,0.0,0.0,0.0,0.5926079484013917,1415188782.8832185,718.2143866434092,55.91298465712029,1.9036096368849194,100.0,IMRPhenomXP,20.0,14.507400541192018,9.265567960081297,5.241832581110722,54.78855423910244,-0.011052115588117056,(11.73384107850436-1.8838031184572819j),11.572686480606572,(1.4798139406972708-0.5454352504523916j),1.38859132203785,0.23076821353864918,2.5658532618594845,0,0,0.16807787387590778,0,0,0.11628309613128421,0.0,0.0,0.14936331831219626,0.0,0.0,0.0,1.0,1.0,0.1466358454551981,626.3665926104418,8.0806543741034,4.57148849993416,5.248916697104697,12.65214287403756
6.018693484896204,0.8846241351013688,0.022728897179615428,0.17556076469827764,-0.7974390925558885,5.271780646612199,2.7235703532531574,2.2539547296162015,0.00010942165758178905,0.0,0.0,0.0,0.0,4.845863590361937,1415188782.8828988,918.6000151077548,55.96712691650385,1.5254375444211847,100.0,IMRPhenomXP,20.0,13.858513662925905,7.3534629026601595,6.505050760265744,55.2112860773713,-0.010771254586481621,(11.882730871134916+0.35011739026253197j),10.057284292764194,(1.2597156478702427-0.27923225261228074j),1.0495861929525554,0.24906304129392584,2.7235703532531574,0,0,0.022728897179615428,0,0,0.17556076469827764,0.0,0.0,0.09446668091141062,0.0,0.0,0.0,1.0,1.0,0.18341403790811936,776.2287655848226,6.213770216600291,5.496851103578678,5.085872984517949,11.71062132017897
5.933847255281189,0.5758021789742714,0.012646476966735449,0.06531031408696909,-0.8007527675412983,5.264193407887531,2.4767922303255023,1.4895983073195287,7.049961255912052e-05,0.0,0.0,0.0,0.0,3.7496483366468265,1415188782.8814924,632.0748676038602,56.15555786363925,1.9405026472032478,100.0,IMRPhenomXP,20.0,14.26180244966652,9.050503064382028,5.211299385284493,55.57545606748536,-0.009193508255987082,(11.934839072615008-0.8707853618469041j),12.272176707360742,(1.0761343055095525+0.26371139964602136j),1.2907437715218166,0.23188353405229145,2.4767922303255023,0,0,0.012646476966735449,0,0,0.06531031408696909,0.0,0.0,0.03188997882984067,0.0,0.0,0.0,1.0,1.0,0.13037516093051577,559.1726413513096,8.006636537317156,4.610238764442235,5.249449439774043,12.616875301759391
6.01134425283292,0.7465697910074013,0.04690453250840748,0.17472981268073118,0.4738803807515428,1.9806905899196903,2.661597768558149,0.24246077235053265,-2.4149452215445593e-05,0.0,0.0,0.0,0.0,0.8756843110708007,1415188782.9239142,751.9863184180938,56.2536905631796,1.896281911074122,100.0,IMRPhenomXP,20.0,13.987898907564553,8.00878326167344,5.979115645891113,54.904242934354464,-0.006322694482295499,(11.746466177259036-1.9167388851462166j),11.301305932239645,(1.7936247210825096+0.7299319522496219j),1.2075976324296485,0.24473637569504206,2.661597768558149,0,0,0.04690453250840748,0,0,0.17472981268073118,0.0,0.0,0.10154334121508447,0.0,0.0,0.0,1.0,1.0,0.15293369372507046,652.237267481793,6.946438728663975,5.186001309904382,5.213954874898808,12.132440038568356
5.940882150901592,0.5531492830326251,0.06154647431435028,0.015644194507790667,-0.4278780786222804,5.456781967791017,2.7767212156315195,2.3317460023760668,3.7832170313607523e-06,0.0,0.0,0.0,0.0,1.4531076964115979,1415188782.8838682,729.1244299070372,56.500707960172164,1.6607385668314647,100.0,IMRPhenomXP,20.0,14.374785263084885,9.255250232622314,5.11953503046257,56.07783973402679,-0.020225426025360482,(11.970801296428924+0.8837645291447627j),11.243529037284949,(1.1836682907498457+0.008319001601375815j),1.8357240860385786,0.22930628203475056,2.7767212156315195,0,0,0.06154647431435028,0,0,0.015644194507790667,0.0,0.0,0.0451985202303847,0.0,0.0,0.0,1.0,1.0,0.14867500341586476,634.7525833132123,8.057327098700306,4.456904707805416,5.171943441996154,12.514231806505723
6.010154530875459,0.8247580665056563,0.14432212050309348,0.014985625573335043,0.5375503867615686,1.9698756506614499,2.405970383614099,3.025674798063382,8.556053481937578e-06,0.0,0.0,0.0,0.0,3.515906846973836,1415188782.9244199,757.4528260651093,56.650642804615806,2.2347739218513905,100.0,IMRPhenomXP,20.0,13.884685468226525,7.609055536230719,6.275629931995808,54.884674906121816,-0.005369990643178266,(11.663796629551+2.092475721852906j),9.724090574479384,(2.1092437285655397+0.7261305601992399j),0.8818195550687795,0.24769428568016277,2.405970383614099,0,0,0.14432212050309348,0,0,0.014985625573335043,0.0,0.0,0.08586433399161485,0.0,0.0,0.0,1.0,1.0,0.15394914079337596,656.4005263897433,6.593926254842788,5.438393868625022,5.208335721575468,12.032320123467809
5.9347523646043765,0.5513474638128159,0.03895056266222037,0.02617871101738202,0.5112598597479403,2.070385898135456,2.612649775530122,1.516587301765299,7.852660756323105e-05,0.0,0.0,0.0,0.0,4.675614698587215,1415188782.9225147,805.8287092650721,56.709432836652745,1.9649481687412935,100.0,IMRPhenomXP,20.0,14.368064518575098,9.261667584940684,5.1063969336344135,55.85082407203849,-0.010038008685293531,(11.982369729253886-0.43937340198216945j),10.0986972413094,(1.2776624028826693-0.931536439164737j),1.1473692077594386,0.22909057438506056,2.612649775530122,0,0,0.03895056266222037,0,0,0.02617871101738202,0.0,0.0,0.034411458317879354,0.0,0.0,0.0,1.0,1.0,0.16288844838547387,692.9544391277474,7.964364593869136,4.391132219710336,5.103458008241498,12.355496813579473
6.0257435679527065,0.5222458439949141,0.052742975293082195,0.45043080914816624,-0.21234261869437862,5.393938500567183,0.16098808153930416,2.1755357108114715,-0.00013365449295569225,0.0,0.0,0.0,0.0,1.2182796404567278,1415188782.8869057,730.5580880263674,56.718791158664146,0.9322496538900369,100.0,IMRPhenomXP,20.0,14.732193238265229,9.677932967517728,5.0542602707475,54.85560484759036,-0.017215746399438236,(11.702642716524652+1.826410092338146j),11.086704378138306,(1.934850782889383-0.07167039608630245j),2.0692614505204108,0.22537482293117364,0.16098808153930416,0,0,0.052742975293082195,0,0,0.45043080914816624,0.0,0.0,0.18918008185998406,0.0,0.0,0.0,1.0,1.0,0.14894263424798615,635.852539718619,8.423338710772272,4.399053634262297,5.244599154331772,12.822392345034569
5.948318563610149,0.5171061721210441,0.04918429978141134,0.1148478368980219,-0.8633849213458962,5.197688158262009,2.9043764007306216,1.380839238333064,0.00011071375614658547,0.0,0.0,0.0,0.0,3.5268279199423236,1415188782.8813164,914.7277511476241,56.73330146909859,0.9065494549797108,100.0,IMRPhenomXP,20.0,14.570201454846913,9.603943166664813,4.9662582881821,56.33752004033816,-0.010975851020062294,(11.957387756226739-0.8851252475711172j),10.47930722543856,(1.0706530745605356+0.25623155683819054j),1.004933448088786,0.22467138940136994,2.9043764007306216,0,0,0.04918429978141134,0,0,0.1148478368980219,0.0,0.0,0.07156573949226992,0.0,0.0,0.0,1.0,1.0,0.18271622033740237,773.4127037631179,8.120243048603006,4.199027799555618,5.029370918675003,12.319270848158624
6.010348948507517,0.7696640669915968,0.11692104300515678,0.053820919329301345,0.5325589622403903,1.9577901592060492,3.1127075223030802,2.7489167576927254,-0.000181331608345162,0.0,0.0,0.0,0.0,0.01095444774254223,1415188782.9241726,895.0807442211374,57.02068042008842,-0.9079212351315968,100.0,IMRPhenomXP,20.0,13.950441727943925,7.883101650845786,6.067340077098139,55.30866825407133,-0.005898903751540563,(11.679978457974263+2.208165816387154j),10.90527489154445,(2.0049805560879164+0.9779527029060813j),0.9920487450978519,0.24576472385546355,3.1127075223030802,0,0,0.11692104300515678,0,0,0.053820919329301345,0.0,0.0,0.08947747406916491,0.0,0.0,0.0,1.0,1.0,0.1791681809391151,759.0780976795851,6.685307302447318,5.145440807490225,5.097109170399039,11.830748109937543
5.95381566316188,0.5365106763571893,0.03238584847653305,0.15580526262255986,-1.3321646904494253,5.259010697638761,0.49346373614169775,2.4673958897144366,3.753204080991334e-05,0.0,0.0,0.0,0.0,0.6958803877314592,1415188782.8842957,774.7308171874023,57.43404104560996,0.5961460109509424,100.0,IMRPhenomXP,20.0,14.484084899196555,9.42660869336483,5.057476205831725,55.490377186930615,-0.030101814001507965,(11.954111001028206-0.35999106584454954j),9.798839943532732,(2.0125587240680374-0.41953329915116944j),2.0509203348512557,0.2272517331780565,0.49346373614169775,0,0,0.03238584847653305,0,0,0.15580526262255986,0.0,0.0,0.07548078714372124,0.0,0.0,0.0,1.0,1.0,0.1571515321781817,669.5154394309037,8.146390884191728,4.370625683147745,5.145234221791699,12.517016567339471
6.015551376790617,0.7872269951132471,0.16203747154683237,0.016388131313572724,0.21437232387050897,2.1320477128061412,2.7453234641221718,0.10679440047440447,-0.00018293874434871242,0.0,0.0,0.0,0.0,0.5229339870490749,1415188782.921129,734.5299941377762,57.497124806853655,1.8105866729172737,100.0,IMRPhenomXP,20.0,13.938983759621227,7.799224048055511,6.139759711565715,55.16217726562968,-0.016845740532524967,(11.86608574670614+1.049427542527596j),10.549181300809291,(2.161975074531718+0.6486849685645153j),1.9055084257724684,0.2464566534367113,2.7453234641221718,0,0,0.16203747154683237,0,0,0.016388131313572724,0.0,0.0,0.09788272636585404,0.0,0.0,0.0,1.0,1.0,0.14968369314807548,638.8974638041927,6.7837998351525695,5.340390359676898,5.232353396540551,12.124190194829469
